id	source_verse	text	skip_space_after	exclude	id_range_end	source_verse_range_end
08001001001	08001001	न्यायी				
08001001002	08001001	लोगों				
08001001003	08001001	के				
08001001004	08001001	शासन				
08001001005	08001001	के				
08001001006	08001001	दिनों				
08001001007	08001001	में				
08001001008	08001001	ऐसा				
08001001009	08001001	हुआ				
08001001010	08001001	कि				
08001001011	08001001	देश				
08001001012	08001001	में				
08001001013	08001001	अकाल				
08001001014	08001001	पड़ा	y			
08001001015	08001001	।		y		
08001001016	08001001	और				
08001001017	08001001	यहूदा				
08001001018	08001001	के				
08001001019	08001001	बैतलहम				
08001001020	08001001	का				
08001001021	08001001	एक				
08001001022	08001001	पुरुष				
08001001023	08001001	अपनी				
08001001024	08001001	स्त्री				
08001001025	08001001	और				
08001001026	08001001	दोनों				
08001001027	08001001	पुत्रों				
08001001028	08001001	को				
08001001029	08001001	संग				
08001001030	08001001	लेकर				
08001001031	08001001	मोआब				
08001001032	08001001	के				
08001001033	08001001	देश				
08001001034	08001001	में				
08001001035	08001001	परदेशी				
08001001036	08001001	होकर				
08001001037	08001001	रहने				
08001001038	08001001	के				
08001001039	08001001	लिए				
08001001040	08001001	चला	y			
08001001041	08001001	।		y		
08001002001	08001002	और				
08001002002	08001002	उस				
08001002003	08001002	पुरुष				
08001002004	08001002	का				
08001002005	08001002	नाम				
08001002006	08001002	एलीमेलेक	y			
08001002007	08001002	,		y		
08001002008	08001002	और				
08001002009	08001002	उसकी				
08001002010	08001002	पत्नी				
08001002011	08001002	का				
08001002012	08001002	नाम				
08001002013	08001002	नाओमी	y			
08001002014	08001002	,		y		
08001002015	08001002	और				
08001002016	08001002	उसके				
08001002017	08001002	दो				
08001002018	08001002	बेटों				
08001002019	08001002	के				
08001002020	08001002	नाम				
08001002021	08001002	महलोन				
08001002022	08001002	और				
08001002023	08001002	किल्योन				
08001002024	08001002	थे	y			
08001002025	08001002	;		y		
08001002026	08001002	ये				
08001002027	08001002	एप्राती				
08001002028	08001002	अर्थात्				
08001002029	08001002	यहूदा				
08001002030	08001002	के				
08001002031	08001002	बैतलहम				
08001002032	08001002	के				
08001002033	08001002	रहनेवाले				
08001002034	08001002	थे	y			
08001002035	08001002	।		y		
08001002036	08001002	तो				
08001002037	08001002	उन्होंने				
08001002038	08001002	मोआब				
08001002039	08001002	प्रदेश				
08001002040	08001002	की				
08001002041	08001002	तरफ				
08001002042	08001002	यात्रा				
08001002043	08001002	की				
08001002044	08001002	और				
08001002045	08001002	वहां				
08001002046	08001002	रहने				
08001002047	08001002	लगे	y			
08001002048	08001002	।		y		
08001003001	08001003	तब				
08001003002	08001003	नाओमी				
08001003003	08001003	का				
08001003004	08001003	पति				
08001003005	08001003	एलीमेलेक				
08001003006	08001003	मर				
08001003007	08001003	गया	y			
08001003008	08001003	,		y		
08001003009	08001003	और				
08001003010	08001003	वह				
08001003011	08001003	और				
08001003012	08001003	उसके				
08001003013	08001003	दोनों				
08001003014	08001003	पुत्र				
08001003015	08001003	रह				
08001003016	08001003	गए	y			
08001003017	08001003	।		y		
08001004001	08001004	और				
08001004002	08001004	उन्होंने				
08001004003	08001004	एक-एक				
08001004004	08001004	मोआबिन				
08001004005	08001004	स्त्री				
08001004006	08001004	ब्याह				
08001004007	08001004	ली	y			
08001004008	08001004	:		y		
08001004009	08001004	पहली				
08001004010	08001004	स्त्री				
08001004011	08001004	का				
08001004012	08001004	नाम				
08001004013	08001004	ओर्पा				
08001004014	08001004	था				
08001004015	08001004	और				
08001004016	08001004	दूसरी				
08001004017	08001004	स्त्री				
08001004018	08001004	का				
08001004019	08001004	नाम				
08001004020	08001004	रूत				
08001004021	08001004	था	y			
08001004022	08001004	।		y		
08001004023	08001004	फिर				
08001004024	08001004	वे				
08001004025	08001004	वहाँ				
08001004026	08001004	कोई				
08001004027	08001004	दस				
08001004028	08001004	वर्ष				
08001004029	08001004	रहे	y			
08001004030	08001004	।		y		
08001005001	08001005	और				
08001005002	08001005	महलोन				
08001005003	08001005	और				
08001005004	08001005	किल्योन				
08001005005	08001005	दोनों				
08001005006	08001005	भी				
08001005007	08001005	मर				
08001005008	08001005	गए	y			
08001005009	08001005	,		y		
08001005010	08001005	और				
08001005011	08001005	वह				
08001005012	08001005	स्त्री				
08001005013	08001005	अपने				
08001005014	08001005	दोनों				
08001005015	08001005	पुत्रों				
08001005016	08001005	और				
08001005017	08001005	पति				
08001005018	08001005	से				
08001005019	08001005	वंचित				
08001005020	08001005	हो				
08001005021	08001005	गई	y			
08001005022	08001005	।		y		
08001006001	08001006	तब				
08001006002	08001006	वह				
08001006003	08001006	मोआब				
08001006004	08001006	के				
08001006005	08001006	देश				
08001006006	08001006	से				
08001006007	08001006	अपनी				
08001006008	08001006	दोनों				
08001006009	08001006	बहुओं				
08001006010	08001006	समेत				
08001006011	08001006	लौट				
08001006012	08001006	जाने				
08001006013	08001006	को				
08001006014	08001006	चली				
08001006015	08001006	क्योंकि				
08001006016	08001006	उसने				
08001006017	08001006	सुना				
08001006018	08001006	था				
08001006019	08001006	कि				
08001006020	08001006	यहोवा				
08001006021	08001006	ने				
08001006022	08001006	अपनी				
08001006023	08001006	प्रजा				
08001006024	08001006	के				
08001006025	08001006	लोगों				
08001006026	08001006	की				
08001006027	08001006	सुधि				
08001006028	08001006	ले				
08001006029	08001006	के				
08001006030	08001006	उन्हें				
08001006031	08001006	भोजनवस्तु				
08001006032	08001006	दी				
08001006033	08001006	है	y			
08001006034	08001006	।		y		
08001007001	08001007	अतः				
08001007002	08001007	वह				
08001007003	08001007	अपनी				
08001007004	08001007	दोनों				
08001007005	08001007	बहुओं				
08001007006	08001007	समेत				
08001007007	08001007	उस				
08001007008	08001007	स्थान				
08001007009	08001007	से				
08001007010	08001007	जहाँ				
08001007011	08001007	रहती				
08001007012	08001007	थी				
08001007013	08001007	निकली	y			
08001007014	08001007	,		y		
08001007015	08001007	और				
08001007016	08001007	उन्होंने				
08001007017	08001007	यहूदा				
08001007018	08001007	देश				
08001007019	08001007	को				
08001007020	08001007	लौट				
08001007021	08001007	जाने				
08001007022	08001007	का				
08001007023	08001007	मार्ग				
08001007024	08001007	लिया	y			
08001007025	08001007	।		y		
08001008001	08001008	तब				
08001008002	08001008	नाओमी				
08001008003	08001008	ने				
08001008004	08001008	अपनी				
08001008005	08001008	दोनों				
08001008006	08001008	बहुओं				
08001008007	08001008	से				
08001008008	08001008	कहा	y			
08001008009	08001008	,		y		
08001008010	08001008	“	y	y		
08001008011	08001008	तुम				
08001008012	08001008	अपने-अपने				
08001008013	08001008	मायके				
08001008014	08001008	लौट				
08001008015	08001008	जाओ	y			
08001008016	08001008	।		y		
08001008017	08001008	और				
08001008018	08001008	जैसे				
08001008019	08001008	तुम				
08001008020	08001008	ने				
08001008021	08001008	उनसे				
08001008022	08001008	जो				
08001008023	08001008	मर				
08001008024	08001008	गए				
08001008025	08001008	हैं				
08001008026	08001008	और				
08001008027	08001008	मुझसे				
08001008028	08001008	भी				
08001008029	08001008	प्रीति				
08001008030	08001008	की				
08001008031	08001008	है	y			
08001008032	08001008	,		y		
08001008033	08001008	वैसे				
08001008034	08001008	ही				
08001008035	08001008	यहोवा				
08001008036	08001008	तुम				
08001008037	08001008	पर				
08001008038	08001008	कृपा				
08001008039	08001008	करे	y			
08001008040	08001008	।		y		
08001009001	08001009	यहोवा				
08001009002	08001009	ऐसा				
08001009003	08001009	करे				
08001009004	08001009	कि				
08001009005	08001009	तुम				
08001009006	08001009	फिर				
08001009007	08001009	अपने-अपने				
08001009008	08001009	पति				
08001009009	08001009	के				
08001009010	08001009	घर				
08001009011	08001009	में				
08001009012	08001009	विश्राम				
08001009013	08001009	पाओ	y			
08001009014	08001009	।	y	y		
08001009015	08001009	”		y		
08001009016	08001009	तब				
08001009017	08001009	नाओमी				
08001009018	08001009	ने				
08001009019	08001009	उनको				
08001009020	08001009	चूमा	y			
08001009021	08001009	,		y		
08001009022	08001009	और				
08001009023	08001009	वे				
08001009024	08001009	चिल्ला				
08001009025	08001009	चिल्लाकर				
08001009026	08001009	रोने				
08001009027	08001009	लगीं	y			
08001009028	08001009	,		y		
08001010001	08001010	पर				
08001010002	08001010	उन्होंने				
08001010003	08001010	उससे				
08001010004	08001010	कहा	y			
08001010005	08001010	,		y		
08001010006	08001010	“	y	y		
08001010007	08001010	किन्तु	y			
08001010008	08001010	,		y		
08001010009	08001010	हम				
08001010010	08001010	तेरे				
08001010011	08001010	संग				
08001010012	08001010	तेरे				
08001010013	08001010	लोगों				
08001010014	08001010	के				
08001010015	08001010	पास				
08001010016	08001010	चलेंगी	y			
08001010017	08001010	।	y	y		
08001010018	08001010	”		y		
08001011001	08001011	पर				
08001011002	08001011	नाओमी				
08001011003	08001011	ने				
08001011004	08001011	कहा	y			
08001011005	08001011	,		y		
08001011006	08001011	“	y	y		
08001011007	08001011	हे				
08001011008	08001011	मेरी				
08001011009	08001011	बेटियों	y			
08001011010	08001011	,		y		
08001011011	08001011	लौट				
08001011012	08001011	जाओ	y			
08001011013	08001011	,		y		
08001011014	08001011	तुम				
08001011015	08001011	क्यों				
08001011016	08001011	मेरे				
08001011017	08001011	संग				
08001011018	08001011	चलोगी	y			
08001011019	08001011	?		y		
08001011020	08001011	क्या				
08001011021	08001011	मेरी				
08001011022	08001011	कोख				
08001011023	08001011	में				
08001011024	08001011	और				
08001011025	08001011	पुत्र				
08001011026	08001011	हैं				
08001011027	08001011	जो				
08001011028	08001011	तुम्हारे				
08001011029	08001011	पति				
08001011030	08001011	हों	y			
08001011031	08001011	?		y		
08001012001	08001012	हे				
08001012002	08001012	मेरी				
08001012003	08001012	बेटियों	y			
08001012004	08001012	,		y		
08001012005	08001012	लौटकर				
08001012006	08001012	चली				
08001012007	08001012	जाओ	y			
08001012008	08001012	,		y		
08001012009	08001012	क्योंकि				
08001012010	08001012	मैं				
08001012011	08001012	पति				
08001012012	08001012	करने				
08001012013	08001012	को				
08001012014	08001012	बूढ़ी				
08001012015	08001012	हो				
08001012016	08001012	चुकी				
08001012017	08001012	हूँ	y			
08001012018	08001012	।		y		
08001012019	08001012	और				
08001012020	08001012	चाहे				
08001012021	08001012	मैं				
08001012022	08001012	कहती				
08001012023	08001012	भी	y			
08001012024	08001012	,		y		
08001012025	08001012	कि				
08001012026	08001012	मुझे				
08001012027	08001012	आशा				
08001012028	08001012	है	y			
08001012029	08001012	,		y		
08001012030	08001012	और				
08001012031	08001012	आज				
08001012032	08001012	की				
08001012033	08001012	रात				
08001012034	08001012	मेरा				
08001012035	08001012	पति				
08001012036	08001012	होता				
08001012037	08001012	भी	y			
08001012038	08001012	,		y		
08001012039	08001012	और				
08001012040	08001012	मेरे				
08001012041	08001012	पुत्र				
08001012042	08001012	भी				
08001012043	08001012	होते	y			
08001012044	08001012	,		y		
08001013001	08001013	तो				
08001013002	08001013	भी				
08001013003	08001013	क्या				
08001013004	08001013	तुम				
08001013005	08001013	उनके				
08001013006	08001013	सयाने				
08001013007	08001013	होने				
08001013008	08001013	तक				
08001013009	08001013	आशा				
08001013010	08001013	लगाए				
08001013011	08001013	ठहरी				
08001013012	08001013	रहतीं	y			
08001013013	08001013	?		y		
08001013014	08001013	क्या				
08001013015	08001013	तुम				
08001013016	08001013	उनके				
08001013017	08001013	निमित्त				
08001013018	08001013	पति				
08001013019	08001013	करने				
08001013020	08001013	से				
08001013021	08001013	रुकी				
08001013022	08001013	रहतीं	y			
08001013023	08001013	?		y		
08001013024	08001013	नहीं				
08001013025	08001013	मेरी				
08001013026	08001013	बेटियों	y			
08001013027	08001013	,		y		
08001013028	08001013	क्योंकि				
08001013029	08001013	मेरा				
08001013030	08001013	दुःख				
08001013031	08001013	तुम्हारे				
08001013032	08001013	दुःख				
08001013033	08001013	से				
08001013034	08001013	बहुत				
08001013035	08001013	बढ़कर				
08001013036	08001013	है	y			
08001013037	08001013	;		y		
08001013038	08001013	देखो	y			
08001013039	08001013	,		y		
08001013040	08001013	यहोवा				
08001013041	08001013	का				
08001013042	08001013	हाथ				
08001013043	08001013	मेरे				
08001013044	08001013	विरुद्ध				
08001013045	08001013	उठा				
08001013046	08001013	है	y			
08001013047	08001013	।	y	y		
08001013048	08001013	”		y		
08001014001	08001014	तब				
08001014002	08001014	वे				
08001014003	08001014	चिल्ला				
08001014004	08001014	चिल्लाकर				
08001014005	08001014	फिर				
08001014006	08001014	से				
08001014007	08001014	रोने				
08001014008	08001014	लगीं	y			
08001014009	08001014	।		y		
08001014010	08001014	तब				
08001014011	08001014	ओर्पा				
08001014012	08001014	ने				
08001014013	08001014	तो				
08001014014	08001014	अपनी				
08001014015	08001014	सास				
08001014016	08001014	को				
08001014017	08001014	चूमा	y			
08001014018	08001014	,		y		
08001014019	08001014	परन्तु				
08001014020	08001014	रूत				
08001014021	08001014	उससे				
08001014022	08001014	लिपटी				
08001014023	08001014	रही	y			
08001014024	08001014	।		y		
08001015001	08001015	तब				
08001015002	08001015	नाओमी				
08001015003	08001015	ने				
08001015004	08001015	कहा	y			
08001015005	08001015	,		y		
08001015006	08001015	“	y	y		
08001015007	08001015	देख	y			
08001015008	08001015	,		y		
08001015009	08001015	तेरी				
08001015010	08001015	जिठानी				
08001015011	08001015	तो				
08001015012	08001015	अपने				
08001015013	08001015	लोगों				
08001015014	08001015	और				
08001015015	08001015	अपने				
08001015016	08001015	देवता				
08001015017	08001015	के				
08001015018	08001015	पास				
08001015019	08001015	लौट				
08001015020	08001015	गई				
08001015021	08001015	है	y			
08001015022	08001015	;		y		
08001015023	08001015	इसलिए				
08001015024	08001015	तू				
08001015025	08001015	अपनी				
08001015026	08001015	जिठानी				
08001015027	08001015	के				
08001015028	08001015	पीछे				
08001015029	08001015	लौट				
08001015030	08001015	जा	y			
08001015031	08001015	।	y	y		
08001015032	08001015	”		y		
08001016001	08001016	पर				
08001016002	08001016	रूत				
08001016003	08001016	बोली	y			
08001016004	08001016	,		y		
08001016005	08001016	“	y	y		
08001016006	08001016	तू				
08001016007	08001016	मुझसे				
08001016008	08001016	यह				
08001016009	08001016	विनती				
08001016010	08001016	न				
08001016011	08001016	कर	y			
08001016012	08001016	,		y		
08001016013	08001016	कि				
08001016014	08001016	मुझे				
08001016015	08001016	त्याग				
08001016016	08001016	या				
08001016017	08001016	छोड़कर				
08001016018	08001016	लौट				
08001016019	08001016	जा	y			
08001016020	08001016	;		y		
08001016021	08001016	क्योंकि				
08001016022	08001016	जिधर				
08001016023	08001016	तू				
08001016024	08001016	जाएगी				
08001016025	08001016	उधर				
08001016026	08001016	मैं				
08001016027	08001016	भी				
08001016028	08001016	जाऊँगी	y			
08001016029	08001016	;		y		
08001016030	08001016	जिस				
08001016031	08001016	जगह				
08001016032	08001016	तू				
08001016033	08001016	टिके				
08001016034	08001016	वहाँ				
08001016035	08001016	मैं				
08001016036	08001016	भी				
08001016037	08001016	टिकूँगी	y			
08001016038	08001016	;		y		
08001016039	08001016	तेरे				
08001016040	08001016	लोग				
08001016041	08001016	मेरे				
08001016042	08001016	लोग				
08001016043	08001016	हैं	y			
08001016044	08001016	,		y		
08001016045	08001016	और				
08001016046	08001016	तेरा				
08001016047	08001016	परमेश्वर				
08001016048	08001016	मेरा				
08001016049	08001016	परमेश्वर				
08001016050	08001016	है	y			
08001016051	08001016	।		y		
08001017001	08001017	जहाँ				
08001017002	08001017	तू				
08001017003	08001017	मरेगी				
08001017004	08001017	वहाँ				
08001017005	08001017	मैं				
08001017006	08001017	भी				
08001017007	08001017	मरूँगी	y			
08001017008	08001017	,		y		
08001017009	08001017	और				
08001017010	08001017	वहीं				
08001017011	08001017	मुझे				
08001017012	08001017	मिट्टी				
08001017013	08001017	दी				
08001017014	08001017	जाएगी	y			
08001017015	08001017	।		y		
08001017016	08001017	यहोवा				
08001017017	08001017	मुझसे				
08001017018	08001017	वैसा				
08001017019	08001017	ही				
08001017020	08001017	वरन्				
08001017021	08001017	उससे				
08001017022	08001017	भी				
08001017023	08001017	अधिक				
08001017024	08001017	करे				
08001017025	08001017	यदि				
08001017026	08001017	मृत्यु				
08001017027	08001017	छोड़				
08001017028	08001017	और				
08001017029	08001017	किसी				
08001017030	08001017	कारण				
08001017031	08001017	मैं				
08001017032	08001017	तुझ				
08001017033	08001017	से				
08001017034	08001017	अलग				
08001017035	08001017	होऊँ	y			
08001017036	08001017	।	y	y		
08001017037	08001017	”		y		
08001018001	08001018	तब				
08001018002	08001018	नाओमी				
08001018003	08001018	ने				
08001018004	08001018	देखा				
08001018005	08001018	कि				
08001018006	08001018	वह				
08001018007	08001018	उसके				
08001018008	08001018	साथ				
08001018009	08001018	जाने				
08001018010	08001018	के				
08001018011	08001018	लिए				
08001018012	08001018	दृढ़				
08001018013	08001018	थी	y			
08001018014	08001018	,		y		
08001018015	08001018	और				
08001018016	08001018	उसने				
08001018017	08001018	उससे				
08001018018	08001018	कोई				
08001018019	08001018	बात				
08001018020	08001018	नही				
08001018021	08001018	कही	y			
08001018022	08001018	।		y		
08001019001	08001019	तो				
08001019002	08001019	वे				
08001019003	08001019	दोनों				
08001019004	08001019	चल				
08001019005	08001019	पड़ी				
08001019006	08001019	और				
08001019007	08001019	बैतलहम				
08001019008	08001019	को				
08001019009	08001019	पहुँचीं	y			
08001019010	08001019	।		y		
08001019011	08001019	और				
08001019012	08001019	ऐसा				
08001019013	08001019	हुआ				
08001019014	08001019	कि				
08001019015	08001019	उनके				
08001019016	08001019	बैतलहम				
08001019017	08001019	में				
08001019018	08001019	पहुँचने				
08001019019	08001019	पर				
08001019020	08001019	सारे				
08001019021	08001019	नगर				
08001019022	08001019	में				
08001019023	08001019	उनके				
08001019024	08001019	कारण				
08001019025	08001019	हलचल				
08001019026	08001019	मच				
08001019027	08001019	गई	y			
08001019028	08001019	;		y		
08001019029	08001019	और				
08001019030	08001019	स्त्रियाँ				
08001019031	08001019	कहने				
08001019032	08001019	लगीं	y			
08001019033	08001019	,		y		
08001019034	08001019	“	y	y		
08001019035	08001019	क्या				
08001019036	08001019	यह				
08001019037	08001019	नाओमी				
08001019038	08001019	है	y			
08001019039	08001019	?	y	y		
08001019040	08001019	”		y		
08001020001	08001020	उसने				
08001020002	08001020	उनसे				
08001020003	08001020	कहा	y			
08001020004	08001020	,		y		
08001020005	08001020	“	y	y		
08001020006	08001020	मुझे				
08001020007	08001020	नाओमी				
08001020008	08001020	न				
08001020009	08001020	कहो	y			
08001020010	08001020	,		y		
08001020011	08001020	मुझे				
08001020012	08001020	मारा				
08001020013	08001020	कहो	y			
08001020014	08001020	,		y		
08001020015	08001020	क्योंकि				
08001020016	08001020	सर्वशक्तिमान				
08001020017	08001020	ने				
08001020018	08001020	मुझ				
08001020019	08001020	को				
08001020020	08001020	बड़ा				
08001020021	08001020	दुःख				
08001020022	08001020	दिया				
08001020023	08001020	है	y			
08001020024	08001020	।		y		
08001021001	08001021	मैं				
08001021002	08001021	भरी				
08001021003	08001021	पूरी				
08001021004	08001021	चली				
08001021005	08001021	गई				
08001021006	08001021	थी	y			
08001021007	08001021	,		y		
08001021008	08001021	परन्तु				
08001021009	08001021	यहोवा				
08001021010	08001021	ने				
08001021011	08001021	मुझे				
08001021012	08001021	खाली				
08001021013	08001021	हाथ				
08001021014	08001021	लौटाया				
08001021015	08001021	है	y			
08001021016	08001021	।		y		
08001021017	08001021	इसलिए				
08001021018	08001021	जबकि				
08001021019	08001021	यहोवा				
08001021020	08001021	ही				
08001021021	08001021	ने				
08001021022	08001021	मेरे				
08001021023	08001021	विरुद्ध				
08001021024	08001021	साक्षी				
08001021025	08001021	दी	y			
08001021026	08001021	,		y		
08001021027	08001021	और				
08001021028	08001021	सर्वशक्तिमान				
08001021029	08001021	ने				
08001021030	08001021	मुझे				
08001021031	08001021	दुःख				
08001021032	08001021	दिया				
08001021033	08001021	है	y			
08001021034	08001021	,		y		
08001021035	08001021	फिर				
08001021036	08001021	तुम				
08001021037	08001021	मुझे				
08001021038	08001021	क्यों				
08001021039	08001021	नाओमी				
08001021040	08001021	कहती				
08001021041	08001021	हो	y			
08001021042	08001021	?	y	y		
08001021043	08001021	”		y		
08001022001	08001022	इस				
08001022002	08001022	प्रकार				
08001022003	08001022	नाओमी				
08001022004	08001022	अपनी				
08001022005	08001022	मोआबिन				
08001022006	08001022	बहू				
08001022007	08001022	रूत				
08001022008	08001022	के				
08001022009	08001022	साथ				
08001022010	08001022	लौटी	y			
08001022011	08001022	,		y		
08001022012	08001022	जो				
08001022013	08001022	मोआब				
08001022014	08001022	देश				
08001022015	08001022	से				
08001022016	08001022	आई				
08001022017	08001022	थी	y			
08001022018	08001022	।		y		
08001022019	08001022	और				
08001022020	08001022	वे				
08001022021	08001022	जौ				
08001022022	08001022	कटने				
08001022023	08001022	के				
08001022024	08001022	आरम्भ				
08001022025	08001022	में				
08001022026	08001022	बैतलहम				
08001022027	08001022	पहुँचीं	y			
08001022028	08001022	।		y		
08002001001	08002001	नाओमी				
08002001002	08002001	के				
08002001003	08002001	पति				
08002001004	08002001	एलीमेलेक				
08002001005	08002001	के				
08002001006	08002001	कुल				
08002001007	08002001	में				
08002001008	08002001	उसका				
08002001009	08002001	एक				
08002001010	08002001	बड़ा				
08002001011	08002001	धनी				
08002001012	08002001	कुटुम्बी				
08002001013	08002001	था	y			
08002001014	08002001	,		y		
08002001015	08002001	जिसका				
08002001016	08002001	नाम				
08002001017	08002001	बोअज				
08002001018	08002001	था	y			
08002001019	08002001	।		y		
08002002001	08002002	और				
08002002002	08002002	मोआबिन				
08002002003	08002002	स्त्री				
08002002004	08002002	रूत				
08002002005	08002002	ने				
08002002006	08002002	नाओमी				
08002002007	08002002	से				
08002002008	08002002	कहा	y			
08002002009	08002002	,		y		
08002002010	08002002	“	y	y		
08002002011	08002002	कृप्या	y			
08002002012	08002002	,		y		
08002002013	08002002	मैं				
08002002014	08002002	किसी				
08002002015	08002002	खेत				
08002002016	08002002	में				
08002002017	08002002	जाना				
08002002018	08002002	और				
08002002019	08002002	सिला				
08002002020	08002002	बीनना				
08002002021	08002002	चाहती				
08002002022	08002002	हूँ				
08002002023	08002002	उसके				
08002002024	08002002	पीछे				
08002002025	08002002	जो				
08002002026	08002002	मुझ				
08002002027	08002002	पर				
08002002028	08002002	अनुग्रह				
08002002029	08002002	की				
08002002030	08002002	दृष्टि				
08002002031	08002002	करे	y			
08002002032	08002002	।	y	y		
08002002033	08002002	”		y		
08002002034	08002002	उसने				
08002002035	08002002	कहा	y			
08002002036	08002002	,		y		
08002002037	08002002	“	y	y		
08002002038	08002002	जा	y			
08002002039	08002002	,		y		
08002002040	08002002	मेरी				
08002002041	08002002	बेटी	y			
08002002042	08002002	।	y	y		
08002002043	08002002	”		y		
08002003001	08002003	इसलिए				
08002003002	08002003	वह				
08002003003	08002003	चली				
08002003004	08002003	गई				
08002003005	08002003	और				
08002003006	08002003	जाकर				
08002003007	08002003	एक				
08002003008	08002003	खेत				
08002003009	08002003	में				
08002003010	08002003	लवनेवालों				
08002003011	08002003	के				
08002003012	08002003	पीछे				
08002003013	08002003	बीनने				
08002003014	08002003	लगी	y			
08002003015	08002003	।		y		
08002003016	08002003	और				
08002003017	08002003	संयोग				
08002003018	08002003	से	y			
08002003019	08002003	,		y		
08002003020	08002003	वह				
08002003021	08002003	जिस				
08002003022	08002003	खेत				
08002003023	08002003	में				
08002003024	08002003	गई				
08002003025	08002003	थी				
08002003026	08002003	वह				
08002003027	08002003	बोअज				
08002003028	08002003	का				
08002003029	08002003	था	y			
08002003030	08002003	,		y		
08002003031	08002003	जो				
08002003032	08002003	एलीमेलेक				
08002003033	08002003	का				
08002003034	08002003	कुटुम्बी				
08002003035	08002003	था	y			
08002003036	08002003	।		y		
08002004001	08002004	तब				
08002004002	08002004	देखो	y			
08002004003	08002004	,		y		
08002004004	08002004	बोअज				
08002004005	08002004	बैतलहम				
08002004006	08002004	से				
08002004007	08002004	आया	y			
08002004008	08002004	!		y		
08002004009	08002004	और				
08002004010	08002004	उसने				
08002004011	08002004	लवनेवालों				
08002004012	08002004	से				
08002004013	08002004	कहा	y			
08002004014	08002004	,		y		
08002004015	08002004	“	y	y		
08002004016	08002004	यहोवा				
08002004017	08002004	तुम्हारे				
08002004018	08002004	संग				
08002004019	08002004	रहे	y			
08002004020	08002004	,	y	y		
08002004021	08002004	”		y		
08002004022	08002004	और				
08002004023	08002004	वे				
08002004024	08002004	उससे				
08002004025	08002004	बोले	y			
08002004026	08002004	,		y		
08002004027	08002004	“	y	y		
08002004028	08002004	यहोवा				
08002004029	08002004	तुझे				
08002004030	08002004	आशीष				
08002004031	08002004	दे	y			
08002004032	08002004	।	y	y		
08002004033	08002004	”		y		
08002005001	08002005	तब				
08002005002	08002005	बोअज				
08002005003	08002005	ने				
08002005004	08002005	अपने				
08002005005	08002005	उस				
08002005006	08002005	सेवक				
08002005007	08002005	से				
08002005008	08002005	जो				
08002005009	08002005	लवनेवालों				
08002005010	08002005	के				
08002005011	08002005	ऊपर				
08002005012	08002005	ठहराया				
08002005013	08002005	गया				
08002005014	08002005	था				
08002005015	08002005	पूछा	y			
08002005016	08002005	,		y		
08002005017	08002005	“	y	y		
08002005018	08002005	वह				
08002005019	08002005	किसकी				
08002005020	08002005	कन्या				
08002005021	08002005	है	y			
08002005022	08002005	?	y	y		
08002005023	08002005	”		y		
08002006001	08002006	जो				
08002006002	08002006	सेवक				
08002006003	08002006	लवनेवालों				
08002006004	08002006	के				
08002006005	08002006	ऊपर				
08002006006	08002006	ठहराया				
08002006007	08002006	गया				
08002006008	08002006	था				
08002006009	08002006	उसने				
08002006010	08002006	उत्तर				
08002006011	08002006	दिया				
08002006012	08002006	और				
08002006013	08002006	कहा				
08002006014	08002006	,		y		
08002006015	08002006	“	y	y		
08002006016	08002006	वह				
08002006017	08002006	मोआबिन				
08002006018	08002006	कन्या				
08002006019	08002006	है	y			
08002006020	08002006	,		y		
08002006021	08002006	जो				
08002006022	08002006	नाओमी				
08002006023	08002006	के				
08002006024	08002006	संग				
08002006025	08002006	मोआब				
08002006026	08002006	देश				
08002006027	08002006	से				
08002006028	08002006	लौट				
08002006029	08002006	आई				
08002006030	08002006	है	y			
08002006031	08002006	।		y		
08002007001	08002007	और				
08002007002	08002007	उसने				
08002007003	08002007	कहा				
08002007004	08002007	था	y			
08002007005	08002007	,		y		
08002007006	08002007	‘	y	y		
08002007007	08002007	मुझे				
08002007008	08002007	लवनेवालों				
08002007009	08002007	के				
08002007010	08002007	पीछे-पीछे				
08002007011	08002007	पूलों				
08002007012	08002007	के				
08002007013	08002007	बीच				
08002007014	08002007	बीनने				
08002007015	08002007	और				
08002007016	08002007	बालें				
08002007017	08002007	बटोरने				
08002007018	08002007	दे	y			
08002007019	08002007	।	y	y		
08002007020	08002007	’		y		
08002007021	08002007	तो				
08002007022	08002007	वह				
08002007023	08002007	आई				
08002007024	08002007	और				
08002007025	08002007	भोर				
08002007026	08002007	से				
08002007027	08002007	अब				
08002007028	08002007	तक				
08002007029	08002007	यहीं				
08002007030	08002007	है	y			
08002007031	08002007	।		y		
08002007032	08002007	केवल				
08002007033	08002007	थोड़ी				
08002007034	08002007	देर				
08002007035	08002007	तक				
08002007036	08002007	घर				
08002007037	08002007	में				
08002007038	08002007	रही				
08002007039	08002007	थी	y			
08002007040	08002007	।	y	y		
08002007041	08002007	”		y		
08002008001	08002008	तब				
08002008002	08002008	बोअज				
08002008003	08002008	ने				
08002008004	08002008	रूत				
08002008005	08002008	से				
08002008006	08002008	कहा	y			
08002008007	08002008	,		y		
08002008008	08002008	“	y	y		
08002008009	08002008	क्या				
08002008010	08002008	तू				
08002008011	08002008	मेरी				
08002008012	08002008	सुनती				
08002008013	08002008	है	y			
08002008014	08002008	,		y		
08002008015	08002008	मेरी				
08002008016	08002008	बेटी	y			
08002008017	08002008	?		y		
08002008018	08002008	किसी				
08002008019	08002008	दूसरे				
08002008020	08002008	के				
08002008021	08002008	खेत				
08002008022	08002008	में				
08002008023	08002008	बीनने				
08002008024	08002008	को				
08002008025	08002008	न				
08002008026	08002008	जाना	y			
08002008027	08002008	,		y		
08002008028	08002008	और				
08002008029	08002008	नाहि				
08002008030	08002008	यहाँ				
08002008031	08002008	से				
08002008032	08002008	जाना	y			
08002008033	08002008	।		y		
08002008034	08002008	परन्तु				
08002008035	08002008	यह				
08002008036	08002008	कर	y			
08002008037	08002008	:		y		
08002008038	08002008	मेरी				
08002008039	08002008	ही				
08002008040	08002008	दासियों				
08002008041	08002008	के				
08002008042	08002008	संग				
08002008043	08002008	रहना	y			
08002008044	08002008	।		y		
08002009001	08002009	जिस				
08002009002	08002009	खेत				
08002009003	08002009	को				
08002009004	08002009	वे				
08002009005	08002009	लवती				
08002009006	08002009	हों				
08002009007	08002009	उसी				
08002009008	08002009	पर				
08002009009	08002009	तेरा				
08002009010	08002009	ध्यान				
08002009011	08002009	लगा				
08002009012	08002009	रहे	y			
08002009013	08002009	,		y		
08002009014	08002009	और				
08002009015	08002009	उन्हीं				
08002009016	08002009	के				
08002009017	08002009	पीछे-पीछे				
08002009018	08002009	चला				
08002009019	08002009	करना	y			
08002009020	08002009	।		y		
08002009021	08002009	क्या				
08002009022	08002009	मैंने				
08002009023	08002009	जवानों				
08002009024	08002009	को				
08002009025	08002009	आज्ञा				
08002009026	08002009	नहीं				
08002009027	08002009	दी	y			
08002009028	08002009	,		y		
08002009029	08002009	कि				
08002009030	08002009	तुझे				
08002009031	08002009	न				
08002009032	08002009	छुएँ	y			
08002009033	08002009	?		y		
08002009034	08002009	और				
08002009035	08002009	जब				
08002009036	08002009	तुझे				
08002009037	08002009	प्यास				
08002009038	08002009	लगे	y			
08002009039	08002009	,		y		
08002009040	08002009	तू				
08002009041	08002009	बरतनों				
08002009042	08002009	के				
08002009043	08002009	पास				
08002009044	08002009	जाकर				
08002009045	08002009	जवानों				
08002009046	08002009	का				
08002009047	08002009	भरा				
08002009048	08002009	हुआ				
08002009049	08002009	पानी				
08002009050	08002009	पीना	y			
08002009051	08002009	।	y	y		
08002009052	08002009	”		y		
08002010001	08002010	तब				
08002010002	08002010	वह				
08002010003	08002010	भूमि				
08002010004	08002010	तक				
08002010005	08002010	झुककर				
08002010006	08002010	मुँह				
08002010007	08002010	के				
08002010008	08002010	बल				
08002010009	08002010	गिरी	y			
08002010010	08002010	,		y		
08002010011	08002010	और				
08002010012	08002010	उससे				
08002010013	08002010	कहने				
08002010014	08002010	लगी	y			
08002010015	08002010	,		y		
08002010016	08002010	“	y	y		
08002010017	08002010	क्या				
08002010018	08002010	कारण				
08002010019	08002010	है				
08002010020	08002010	कि				
08002010021	08002010	तूने				
08002010022	08002010	मुझ				
08002010023	08002010	पर				
08002010024	08002010	अनुग्रह				
08002010025	08002010	की				
08002010026	08002010	दृष्टि				
08002010027	08002010	करके				
08002010028	08002010	मेरी				
08002010029	08002010	सुधि				
08002010030	08002010	ली				
08002010031	08002010	है	y			
08002010032	08002010	,		y		
08002010033	08002010	जबकि				
08002010034	08002010	मैं				
08002010035	08002010	एक				
08002010036	08002010	परदेशिन				
08002010037	08002010	हूँ	y			
08002010038	08002010	?	y	y		
08002010039	08002010	”		y		
08002011001	08002011	तब				
08002011002	08002011	बोअज				
08002011003	08002011	ने				
08002011004	08002011	उत्तर				
08002011005	08002011	दिया	y			
08002011006	08002011	,		y		
08002011007	08002011	“	y	y		
08002011008	08002011	जो				
08002011009	08002011	कुछ				
08002011010	08002011	तूने				
08002011011	08002011	अपने				
08002011012	08002011	पति				
08002011013	08002011	की				
08002011014	08002011	मृत्यु				
08002011015	08002011	के				
08002011016	08002011	बाद				
08002011017	08002011	अपनी				
08002011018	08002011	सास				
08002011019	08002011	से				
08002011020	08002011	किया				
08002011021	08002011	है				
08002011022	08002011	मुझे				
08002011023	08002011	विस्तार				
08002011024	08002011	के				
08002011025	08002011	साथ				
08002011026	08002011	बताया				
08002011027	08002011	गया				
08002011028	08002011	है	y			
08002011029	08002011	।		y		
08002011030	08002011	तू				
08002011031	08002011	अपने				
08002011032	08002011	माता				
08002011033	08002011	पिता				
08002011034	08002011	और				
08002011035	08002011	जन्म-भूमि				
08002011036	08002011	को				
08002011037	08002011	छोड़कर				
08002011038	08002011	ऐसे				
08002011039	08002011	लोगों				
08002011040	08002011	में				
08002011041	08002011	आई				
08002011042	08002011	है				
08002011043	08002011	जिनको				
08002011044	08002011	पहले				
08002011045	08002011	तू				
08002011046	08002011	न				
08002011047	08002011	जानती				
08002011048	08002011	थी	y			
08002011049	08002011	।		y		
08002012001	08002012	यहोवा				
08002012002	08002012	तेरी				
08002012003	08002012	करनी				
08002012004	08002012	का				
08002012005	08002012	फल				
08002012006	08002012	दे	y			
08002012007	08002012	,		y		
08002012008	08002012	और				
08002012009	08002012	इस्राएल				
08002012010	08002012	का				
08002012011	08002012	परमेश्वर				
08002012012	08002012	यहोवा				
08002012013	08002012	जिसके				
08002012014	08002012	पंखों				
08002012015	08002012	के				
08002012016	08002012	तले				
08002012017	08002012	तू				
08002012018	08002012	शरण				
08002012019	08002012	लेने				
08002012020	08002012	आई				
08002012021	08002012	है	y			
08002012022	08002012	,		y		
08002012023	08002012	तुझे				
08002012024	08002012	पूरा				
08002012025	08002012	प्रतिफल				
08002012026	08002012	दे	y			
08002012027	08002012	।	y	y		
08002012028	08002012	”		y		
08002013001	08002013	उसने				
08002013002	08002013	कहा	y			
08002013003	08002013	,		y		
08002013004	08002013	“	y	y		
08002013005	08002013	हे				
08002013006	08002013	मेरे				
08002013007	08002013	प्रभु	y			
08002013008	08002013	,		y		
08002013009	08002013	तेरे				
08002013010	08002013	अनुग्रह				
08002013011	08002013	की				
08002013012	08002013	दृष्टि				
08002013013	08002013	मुझ				
08002013014	08002013	पर				
08002013015	08002013	बनी				
08002013016	08002013	रहे	y			
08002013017	08002013	,		y		
08002013018	08002013	क्योंकि				
08002013019	08002013	यद्यपि				
08002013020	08002013	मैं				
08002013021	08002013	तेरी				
08002013022	08002013	दासियों				
08002013023	08002013	में				
08002013024	08002013	से				
08002013025	08002013	किसी				
08002013026	08002013	के				
08002013027	08002013	भी				
08002013028	08002013	बराबर				
08002013029	08002013	नहीं				
08002013030	08002013	हूँ	y			
08002013031	08002013	,		y		
08002013032	08002013	तो				
08002013033	08002013	भी				
08002013034	08002013	तूने				
08002013035	08002013	अपनी				
08002013036	08002013	दासी				
08002013037	08002013	के				
08002013038	08002013	मन				
08002013039	08002013	में				
08002013040	08002013	पैठनेवाली				
08002013041	08002013	बातें				
08002013042	08002013	कहकर				
08002013043	08002013	मुझे				
08002013044	08002013	शान्ति				
08002013045	08002013	दी				
08002013046	08002013	है	y			
08002013047	08002013	।	y	y		
08002013048	08002013	”		y		
08002014001	08002014	फिर	y			
08002014002	08002014	,		y		
08002014003	08002014	खाने				
08002014004	08002014	के				
08002014005	08002014	समय				
08002014006	08002014	बोअज				
08002014007	08002014	ने				
08002014008	08002014	उससे				
08002014009	08002014	कहा	y			
08002014010	08002014	,		y		
08002014011	08002014	“	y	y		
08002014012	08002014	यहीं				
08002014013	08002014	आकर				
08002014014	08002014	रोटी				
08002014015	08002014	खा	y			
08002014016	08002014	,		y		
08002014017	08002014	और				
08002014018	08002014	अपना				
08002014019	08002014	कौर				
08002014020	08002014	सिरके				
08002014021	08002014	में				
08002014022	08002014	डूबा	y			
08002014023	08002014	।	y	y		
08002014024	08002014	”		y		
08002014025	08002014	तो				
08002014026	08002014	वह				
08002014027	08002014	लवनेवालों				
08002014028	08002014	के				
08002014029	08002014	पास				
08002014030	08002014	बैठ				
08002014031	08002014	गई	y			
08002014032	08002014	;		y		
08002014033	08002014	और				
08002014034	08002014	उसने				
08002014035	08002014	उसको				
08002014036	08002014	भुनी				
08002014037	08002014	हुई				
08002014038	08002014	बालें				
08002014039	08002014	दीं	y			
08002014040	08002014	।		y		
08002014041	08002014	और				
08002014042	08002014	उसने				
08002014043	08002014	खाया				
08002014044	08002014	और				
08002014045	08002014	तृप्त				
08002014046	08002014	हुई	y			
08002014047	08002014	,		y		
08002014048	08002014	वरन्				
08002014049	08002014	उसने				
08002014050	08002014	कुछ				
08002014051	08002014	बचा				
08002014052	08002014	भी				
08002014053	08002014	रखा	y			
08002014054	08002014	।		y		
08002015001	08002015	फिर				
08002015002	08002015	वह				
08002015003	08002015	बीनने				
08002015004	08002015	को				
08002015005	08002015	उठी	y			
08002015006	08002015	।		y		
08002015007	08002015	तब				
08002015008	08002015	बोअज				
08002015009	08002015	ने				
08002015010	08002015	अपने				
08002015011	08002015	जवानों				
08002015012	08002015	को				
08002015013	08002015	आज्ञा				
08002015014	08002015	दी				
08002015015	08002015	और				
08002015016	08002015	कहा	y			
08002015017	08002015	,		y		
08002015018	08002015	“	y	y		
08002015019	08002015	उसको				
08002015020	08002015	पूलों				
08002015021	08002015	के				
08002015022	08002015	बीच-बीच				
08002015023	08002015	में				
08002015024	08002015	भी				
08002015025	08002015	बीनने				
08002015026	08002015	दो	y			
08002015027	08002015	,		y		
08002015028	08002015	और				
08002015029	08002015	उस				
08002015030	08002015	पर				
08002015031	08002015	दोष				
08002015032	08002015	मत				
08002015033	08002015	लगाओ	y			
08002015034	08002015	।		y		
08002016001	08002016	वरन्				
08002016002	08002016	मुट्ठी				
08002016003	08002016	भर				
08002016004	08002016	जाने				
08002016005	08002016	पर				
08002016006	08002016	कुछ-कुछ				
08002016007	08002016	निकालकर				
08002016008	08002016	गिरा				
08002016009	08002016	भी				
08002016010	08002016	दिया				
08002016011	08002016	करो	y			
08002016012	08002016	,		y		
08002016013	08002016	और				
08002016014	08002016	उसके				
08002016015	08002016	बीनने				
08002016016	08002016	के				
08002016017	08002016	लिये				
08002016018	08002016	छोड़				
08002016019	08002016	दो	y			
08002016020	08002016	,		y		
08002016021	08002016	और				
08002016022	08002016	उसे				
08002016023	08002016	डाँटना				
08002016024	08002016	मत	y			
08002016025	08002016	।	y	y		
08002016026	08002016	”		y		
08002017001	08002017	अतः				
08002017002	08002017	वह				
08002017003	08002017	साँझ				
08002017004	08002017	तक				
08002017005	08002017	खेत				
08002017006	08002017	में				
08002017007	08002017	बीनती				
08002017008	08002017	रही	y			
08002017009	08002017	।		y		
08002017010	08002017	तब				
08002017011	08002017	जो				
08002017012	08002017	कुछ				
08002017013	08002017	वह				
08002017014	08002017	बीन				
08002017015	08002017	चुकी				
08002017016	08002017	उसने				
08002017017	08002017	उसे				
08002017018	08002017	फटका	y			
08002017019	08002017	,		y		
08002017020	08002017	और				
08002017021	08002017	वह				
08002017022	08002017	कोई				
08002017023	08002017	एपा				
08002017024	08002017	भर				
08002017025	08002017	जौ				
08002017026	08002017	निकला	y			
08002017027	08002017	।		y		
08002018001	08002018	और				
08002018002	08002018	वह				
08002018003	08002018	उसे				
08002018004	08002018	उठाकर				
08002018005	08002018	नगर				
08002018006	08002018	में				
08002018007	08002018	गई	y			
08002018008	08002018	,		y		
08002018009	08002018	और				
08002018010	08002018	उसकी				
08002018011	08002018	सास				
08002018012	08002018	ने				
08002018013	08002018	देखा				
08002018014	08002018	कि				
08002018015	08002018	उसने				
08002018016	08002018	क्या				
08002018017	08002018	बीना				
08002018018	08002018	है	y			
08002018019	08002018	,		y		
08002018020	08002018	फिर				
08002018021	08002018	उसने				
08002018022	08002018	तृप्त				
08002018023	08002018	होने				
08002018024	08002018	के				
08002018025	08002018	बाद				
08002018026	08002018	जो				
08002018027	08002018	कुछ				
08002018028	08002018	बचा				
08002018029	08002018	था	y			
08002018030	08002018	,		y		
08002018031	08002018	उसे				
08002018032	08002018	निकाल				
08002018033	08002018	लिया				
08002018034	08002018	और				
08002018035	08002018	उसने				
08002018036	08002018	उसे				
08002018037	08002018	दे				
08002018038	08002018	दिया	y			
08002018039	08002018	।		y		
08002019001	08002019	उसकी				
08002019002	08002019	सास				
08002019003	08002019	ने				
08002019004	08002019	उससे				
08002019005	08002019	कहा	y			
08002019006	08002019	,		y		
08002019007	08002019	“	y	y		
08002019008	08002019	आज				
08002019009	08002019	तू				
08002019010	08002019	कहाँ				
08002019011	08002019	बीनती	y			
08002019012	08002019	,		y		
08002019013	08002019	और				
08002019014	08002019	कहाँ				
08002019015	08002019	काम				
08002019016	08002019	करती				
08002019017	08002019	थी	y			
08002019018	08002019	?		y		
08002019019	08002019	धन्य				
08002019020	08002019	वह				
08002019021	08002019	हो				
08002019022	08002019	जिसने				
08002019023	08002019	तेरी				
08002019024	08002019	सुधि				
08002019025	08002019	ली				
08002019026	08002019	है	y			
08002019027	08002019	।	y	y		
08002019028	08002019	”		y		
08002019029	08002019	तब				
08002019030	08002019	उसने				
08002019031	08002019	अपनी				
08002019032	08002019	सास				
08002019033	08002019	को				
08002019034	08002019	बता				
08002019035	08002019	दिया	y			
08002019036	08002019	,		y		
08002019037	08002019	कि				
08002019038	08002019	उसने				
08002019039	08002019	किसके				
08002019040	08002019	पास				
08002019041	08002019	काम				
08002019042	08002019	किया	y			
08002019043	08002019	।		y		
08002019044	08002019	और				
08002019045	08002019	उसने				
08002019046	08002019	कहा	y			
08002019047	08002019	,		y		
08002019048	08002019	“	y	y		
08002019049	08002019	जिस				
08002019050	08002019	पुरुष				
08002019051	08002019	के				
08002019052	08002019	पास				
08002019053	08002019	मैंने				
08002019054	08002019	आज				
08002019055	08002019	काम				
08002019056	08002019	किया				
08002019057	08002019	उसका				
08002019058	08002019	नाम				
08002019059	08002019	बोअज				
08002019060	08002019	है	y			
08002019061	08002019	।	y	y		
08002019062	08002019	”		y		
08002020001	08002020	फिर				
08002020002	08002020	नाओमी				
08002020003	08002020	ने				
08002020004	08002020	अपनी				
08002020005	08002020	बहू				
08002020006	08002020	से				
08002020007	08002020	कहा	y			
08002020008	08002020	,		y		
08002020009	08002020	“	y	y		
08002020010	08002020	वह				
08002020011	08002020	यहोवा				
08002020012	08002020	की				
08002020013	08002020	ओर				
08002020014	08002020	से				
08002020015	08002020	आशीष				
08002020016	08002020	पाए	y			
08002020017	08002020	,		y		
08002020018	08002020	क्योंकि				
08002020019	08002020	उसने				
08002020020	08002020	न				
08002020021	08002020	तो				
08002020022	08002020	जीवित				
08002020023	08002020	पर				
08002020024	08002020	से				
08002020025	08002020	और				
08002020026	08002020	न				
08002020027	08002020	मरे				
08002020028	08002020	हुओं				
08002020029	08002020	पर				
08002020030	08002020	से				
08002020031	08002020	अपनी				
08002020032	08002020	करुणा				
08002020033	08002020	हटाई	y			
08002020034	08002020	!	y	y		
08002020035	08002020	”		y		
08002020036	08002020	फिर				
08002020037	08002020	नाओमी				
08002020038	08002020	ने				
08002020039	08002020	उससे				
08002020040	08002020	कहा	y			
08002020041	08002020	,		y		
08002020042	08002020	“	y	y		
08002020043	08002020	वह				
08002020044	08002020	पुरुष				
08002020045	08002020	तो				
08002020046	08002020	हमारा				
08002020047	08002020	एक				
08002020048	08002020	कुटुम्बी				
08002020049	08002020	है	y			
08002020050	08002020	,		y		
08002020051	08002020	वरन्				
08002020052	08002020	उनमें				
08002020053	08002020	से				
08002020054	08002020	है				
08002020055	08002020	जिनको				
08002020056	08002020	हमारी				
08002020057	08002020	भूमि				
08002020058	08002020	छुड़ाने				
08002020059	08002020	का				
08002020060	08002020	अधिकार				
08002020061	08002020	है	y			
08002020062	08002020	।	y	y		
08002020063	08002020	”		y		
08002021001	08002021	फिर				
08002021002	08002021	रूत				
08002021003	08002021	मोआबिन				
08002021004	08002021	बोली	y			
08002021005	08002021	,		y		
08002021006	08002021	“	y	y		
08002021007	08002021	उसने				
08002021008	08002021	मुझसे				
08002021009	08002021	यह				
08002021010	08002021	भी				
08002021011	08002021	कहा	y			
08002021012	08002021	,		y		
08002021013	08002021	‘	y	y		
08002021014	08002021	जब				
08002021015	08002021	तक				
08002021016	08002021	मेरे				
08002021017	08002021	सेवक				
08002021018	08002021	मेरी				
08002021019	08002021	सारी				
08002021020	08002021	कटनी				
08002021021	08002021	पूरी				
08002021022	08002021	न				
08002021023	08002021	कर				
08002021024	08002021	ले				
08002021025	08002021	तब				
08002021026	08002021	तक				
08002021027	08002021	उन्हीं				
08002021028	08002021	के				
08002021029	08002021	संग-संग				
08002021030	08002021	लगी				
08002021031	08002021	रह	y			
08002021032	08002021	।	y	y		
08002021033	08002021	’	y	y		
08002021034	08002021	”		y		
08002022001	08002022	नाओमी				
08002022002	08002022	ने				
08002022003	08002022	अपनी				
08002022004	08002022	बहू				
08002022005	08002022	रूत				
08002022006	08002022	से				
08002022007	08002022	कहा	y			
08002022008	08002022	,		y		
08002022009	08002022	“	y	y		
08002022010	08002022	मेरी				
08002022011	08002022	बेटी				
08002022012	08002022	यह				
08002022013	08002022	अच्छा				
08002022014	08002022	भी				
08002022015	08002022	है	y			
08002022016	08002022	,		y		
08002022017	08002022	कि				
08002022018	08002022	तू				
08002022019	08002022	उसी				
08002022020	08002022	की				
08002022021	08002022	दासियों				
08002022022	08002022	के				
08002022023	08002022	साथ				
08002022024	08002022	जाया				
08002022025	08002022	करे	y			
08002022026	08002022	,		y		
08002022027	08002022	ताकि				
08002022028	08002022	वे				
08002022029	08002022	तुझे				
08002022030	08002022	किसी				
08002022031	08002022	दूसरे				
08002022032	08002022	खेत				
08002022033	08002022	में				
08002022034	08002022	हानि				
08002022035	08002022	न				
08002022036	08002022	पहुँचा				
08002022037	08002022	सकें	y			
08002022038	08002022	।	y	y		
08002022039	08002022	”		y		
08002023001	08002023	इसलिए				
08002023002	08002023	रूत				
08002023003	08002023	जौ				
08002023004	08002023	और				
08002023005	08002023	गेहूँ				
08002023006	08002023	दोनों				
08002023007	08002023	की				
08002023008	08002023	कटनी				
08002023009	08002023	के				
08002023010	08002023	अन्त				
08002023011	08002023	तक				
08002023012	08002023	बीनने				
08002023013	08002023	के				
08002023014	08002023	लिये				
08002023015	08002023	बोअज				
08002023016	08002023	की				
08002023017	08002023	दासियों				
08002023018	08002023	के				
08002023019	08002023	साथ-साथ				
08002023020	08002023	लगी				
08002023021	08002023	रही	y			
08002023022	08002023	।		y		
08002023023	08002023	और				
08002023024	08002023	वह				
08002023025	08002023	अपनी				
08002023026	08002023	सास				
08002023027	08002023	के				
08002023028	08002023	यहाँ				
08002023029	08002023	रहती				
08002023030	08002023	थी	y			
08002023031	08002023	।		y		
08003001001	08003001	फिर				
08003001002	08003001	उसकी				
08003001003	08003001	सास				
08003001004	08003001	नाओमी				
08003001005	08003001	ने				
08003001006	08003001	उससे				
08003001007	08003001	कहा	y			
08003001008	08003001	,		y		
08003001009	08003001	“	y	y		
08003001010	08003001	हे				
08003001011	08003001	मेरी				
08003001012	08003001	बेटी	y			
08003001013	08003001	,		y		
08003001014	08003001	क्या				
08003001015	08003001	मैं				
08003001016	08003001	तेरे				
08003001017	08003001	लिये				
08003001018	08003001	आश्रय				
08003001019	08003001	न				
08003001020	08003001	ढूँढ़ूँ				
08003001021	08003001	कि				
08003001022	08003001	तेरा				
08003001023	08003001	भला				
08003001024	08003001	हो	y			
08003001025	08003001	?		y		
08003002001	08003002	तो				
08003002002	08003002	अब	y			
08003002003	08003002	,		y		
08003002004	08003002	क्या				
08003002005	08003002	बोअज				
08003002006	08003002	हमारा				
08003002007	08003002	कुटुम्बी				
08003002008	08003002	नहीं				
08003002009	08003002	है	y			
08003002010	08003002	,		y		
08003002011	08003002	जिसकी				
08003002012	08003002	दासियों				
08003002013	08003002	के				
08003002014	08003002	पास				
08003002015	08003002	तू				
08003002016	08003002	काम				
08003002017	08003002	करती				
08003002018	08003002	थी	y			
08003002019	08003002	?		y		
08003002020	08003002	वह				
08003002021	08003002	तो				
08003002022	08003002	आज				
08003002023	08003002	रात				
08003002024	08003002	को				
08003002025	08003002	खलिहान				
08003002026	08003002	में				
08003002027	08003002	जौ				
08003002028	08003002	फटकेगा	y			
08003002029	08003002	।		y		
08003003001	08003003	अब				
08003003002	08003003	तू				
08003003003	08003003	स्नान				
08003003004	08003003	कर				
08003003005	08003003	और				
08003003006	08003003	तू				
08003003007	08003003	तेल				
08003003008	08003003	लगा	y			
08003003009	08003003	,		y		
08003003010	08003003	और				
08003003011	08003003	वस्त्र				
08003003012	08003003	पहन				
08003003013	08003003	और				
08003003014	08003003	खलिहान				
08003003015	08003003	को				
08003003016	08003003	जा	y			
08003003017	08003003	।		y		
08003003018	08003003	जब				
08003003019	08003003	तक				
08003003020	08003003	वह				
08003003021	08003003	पुरुष				
08003003022	08003003	खा				
08003003023	08003003	पी				
08003003024	08003003	न				
08003003025	08003003	चुके				
08003003026	08003003	तब				
08003003027	08003003	तक				
08003003028	08003003	अपने				
08003003029	08003003	को				
08003003030	08003003	उस				
08003003031	08003003	पर				
08003003032	08003003	प्रगट				
08003003033	08003003	न				
08003003034	08003003	करना	y			
08003003035	08003003	।		y		
08003004001	08003004	और				
08003004002	08003004	यह				
08003004003	08003004	होने				
08003004004	08003004	दे				
08003004005	08003004	कि				
08003004006	08003004	जब				
08003004007	08003004	वह				
08003004008	08003004	लेट				
08003004009	08003004	जाए	y			
08003004010	08003004	,		y		
08003004011	08003004	तुझे				
08003004012	08003004	सही				
08003004013	08003004	जगह				
08003004014	08003004	का				
08003004015	08003004	पता				
08003004016	08003004	चल				
08003004017	08003004	जाए				
08003004018	08003004	जहाँ				
08003004019	08003004	वह				
08003004020	08003004	लेटता				
08003004021	08003004	है	y			
08003004022	08003004	;		y		
08003004023	08003004	तब				
08003004024	08003004	भीतर				
08003004025	08003004	जा				
08003004026	08003004	उसके				
08003004027	08003004	पाँव				
08003004028	08003004	उघाड़				
08003004029	08003004	के				
08003004030	08003004	लेट				
08003004031	08003004	जाना	y			
08003004032	08003004	;		y		
08003004033	08003004	तब				
08003004034	08003004	वह				
08003004035	08003004	स्वयं				
08003004036	08003004	तुझे				
08003004037	08003004	बताएगा				
08003004038	08003004	कि				
08003004039	08003004	तुझे				
08003004040	08003004	क्या				
08003004041	08003004	करना				
08003004042	08003004	चाहिए	y			
08003004043	08003004	।	y	y		
08003004044	08003004	”		y		
08003005001	08003005	और				
08003005002	08003005	उसने				
08003005003	08003005	उससे				
08003005004	08003005	कहा	y			
08003005005	08003005	,		y		
08003005006	08003005	“	y	y		
08003005007	08003005	जो				
08003005008	08003005	कुछ				
08003005009	08003005	तू				
08003005010	08003005	कहती				
08003005011	08003005	है				
08003005012	08003005	वह				
08003005013	08003005	सब				
08003005014	08003005	मैं				
08003005015	08003005	करूँगी	y			
08003005016	08003005	।	y	y		
08003005017	08003005	”		y		
08003006001	08003006	तब				
08003006002	08003006	वह				
08003006003	08003006	खलिहान				
08003006004	08003006	को				
08003006005	08003006	गई				
08003006006	08003006	और				
08003006007	08003006	अपनी				
08003006008	08003006	सास				
08003006009	08003006	के				
08003006010	08003006	कहे				
08003006011	08003006	अनुसार				
08003006012	08003006	ही				
08003006013	08003006	किया	y			
08003006014	08003006	।		y		
08003007001	08003007	और				
08003007002	08003007	बोअज				
08003007003	08003007	खा				
08003007004	08003007	पी				
08003007005	08003007	चुका	y			
08003007006	08003007	,		y		
08003007007	08003007	और				
08003007008	08003007	उसका				
08003007009	08003007	मन				
08003007010	08003007	आनन्दित				
08003007011	08003007	था	y			
08003007012	08003007	,		y		
08003007013	08003007	और				
08003007014	08003007	वह				
08003007015	08003007	जाकर				
08003007016	08003007	अनाज				
08003007017	08003007	के				
08003007018	08003007	ढेर				
08003007019	08003007	के				
08003007020	08003007	एक				
08003007021	08003007	सिरे				
08003007022	08003007	पर				
08003007023	08003007	लेट				
08003007024	08003007	गया	y			
08003007025	08003007	।		y		
08003007026	08003007	तब				
08003007027	08003007	वह				
08003007028	08003007	चुपचाप				
08003007029	08003007	आई	y			
08003007030	08003007	,		y		
08003007031	08003007	और				
08003007032	08003007	उसके				
08003007033	08003007	पाँव				
08003007034	08003007	उघाड़े				
08003007035	08003007	और				
08003007036	08003007	लेट				
08003007037	08003007	गई	y			
08003007038	08003007	।		y		
08003008001	08003008	फिर				
08003008002	08003008	ऐसा				
08003008003	08003008	हुआ				
08003008004	08003008	की				
08003008005	08003008	आधी				
08003008006	08003008	रात				
08003008007	08003008	को				
08003008008	08003008	कि				
08003008009	08003008	वह				
08003008010	08003008	पुरुष				
08003008011	08003008	चौंका	y			
08003008012	08003008	,		y		
08003008013	08003008	और				
08003008014	08003008	पलटा	y			
08003008015	08003008	,		y		
08003008016	08003008	और				
08003008017	08003008	देखो				
08003008018	08003008	एक				
08003008019	08003008	स्त्री				
08003008020	08003008	उसके				
08003008021	08003008	पाँवों				
08003008022	08003008	के				
08003008023	08003008	पास				
08003008024	08003008	लेटी				
08003008025	08003008	हुई				
08003008026	08003008	है	y			
08003008027	08003008	।		y		
08003009001	08003009	और				
08003009002	08003009	उसने				
08003009003	08003009	कहा	y			
08003009004	08003009	,		y		
08003009005	08003009	“	y	y		
08003009006	08003009	तू				
08003009007	08003009	कौन				
08003009008	08003009	है	y			
08003009009	08003009	?	y	y		
08003009010	08003009	”		y		
08003009011	08003009	तब				
08003009012	08003009	वह				
08003009013	08003009	बोली	y			
08003009014	08003009	,		y		
08003009015	08003009	“	y	y		
08003009016	08003009	मैं				
08003009017	08003009	रूत				
08003009018	08003009	हूँ	y			
08003009019	08003009	;		y		
08003009020	08003009	तेरी				
08003009021	08003009	दासी	y			
08003009022	08003009	।		y		
08003009023	08003009	तू				
08003009024	08003009	अपनी				
08003009025	08003009	दासी				
08003009026	08003009	को				
08003009027	08003009	अपनी				
08003009028	08003009	चद्दर				
08003009029	08003009	ओढ़ा				
08003009030	08003009	दे	y			
08003009031	08003009	,		y		
08003009032	08003009	क्योंकि				
08003009033	08003009	तू				
08003009034	08003009	हमारा				
08003009035	08003009	छुड़ानेवाला				
08003009036	08003009	कुटुम्बी				
08003009037	08003009	है	y			
08003009038	08003009	।	y	y		
08003009039	08003009	”		y		
08003010001	08003010	फिर				
08003010002	08003010	उसने				
08003010003	08003010	कहा	y			
08003010004	08003010	,		y		
08003010005	08003010	“	y	y		
08003010006	08003010	हे				
08003010007	08003010	मेरी				
08003010008	08003010	बेटी	y			
08003010009	08003010	,		y		
08003010010	08003010	यहोवा				
08003010011	08003010	की				
08003010012	08003010	ओर				
08003010013	08003010	से				
08003010014	08003010	तुझ				
08003010015	08003010	पर				
08003010016	08003010	आशीष				
08003010017	08003010	हो	y			
08003010018	08003010	;		y		
08003010019	08003010	क्योंकि				
08003010020	08003010	तूने				
08003010021	08003010	अपनी				
08003010022	08003010	पिछली				
08003010023	08003010	वाचा				
08003010024	08003010	के				
08003010025	08003010	प्रति				
08003010026	08003010	विश्वासयोग्यता				
08003010027	08003010	पहली				
08003010028	08003010	से				
08003010029	08003010	अधिक				
08003010030	08003010	दिखाई	y			
08003010031	08003010	,		y		
08003010032	08003010	क्योंकि				
08003010033	08003010	तू	y			
08003010034	08003010	,		y		
08003010035	08003010	क्या				
08003010036	08003010	धनी	y			
08003010037	08003010	,		y		
08003010038	08003010	क्या				
08003010039	08003010	कंगाल	y			
08003010040	08003010	,		y		
08003010041	08003010	किसी				
08003010042	08003010	जवान				
08003010043	08003010	के				
08003010044	08003010	पीछे				
08003010045	08003010	नहीं				
08003010046	08003010	लगी	y			
08003010047	08003010	।		y		
08003011001	08003011	इसलिए				
08003011002	08003011	अब	y			
08003011003	08003011	,		y		
08003011004	08003011	हे				
08003011005	08003011	मेरी				
08003011006	08003011	बेटी	y			
08003011007	08003011	,		y		
08003011008	08003011	मत				
08003011009	08003011	डर	y			
08003011010	08003011	,		y		
08003011011	08003011	जो				
08003011012	08003011	कुछ				
08003011013	08003011	तू				
08003011014	08003011	कहेगी	y			
08003011015	08003011	,		y		
08003011016	08003011	मैं				
08003011017	08003011	तेरे				
08003011018	08003011	लिए				
08003011019	08003011	करूँगा	y			
08003011020	08003011	;		y		
08003011021	08003011	क्योंकि				
08003011022	08003011	मेरे				
08003011023	08003011	फाटक				
08003011024	08003011	के				
08003011025	08003011	सब				
08003011026	08003011	लोग				
08003011027	08003011	जानते				
08003011028	08003011	हैं				
08003011029	08003011	कि				
08003011030	08003011	तू				
08003011031	08003011	योग्य				
08003011032	08003011	स्त्री				
08003011033	08003011	है	y			
08003011034	08003011	।		y		
08003012001	08003012	और				
08003012002	08003012	अब	y			
08003012003	08003012	,		y		
08003012004	08003012	यह				
08003012005	08003012	सच				
08003012006	08003012	है				
08003012007	08003012	कि				
08003012008	08003012	मैं				
08003012009	08003012	छुड़ानेवाला				
08003012010	08003012	कुटुम्बी				
08003012011	08003012	हूँ	y			
08003012012	08003012	,		y		
08003012013	08003012	पर				
08003012014	08003012	एक				
08003012015	08003012	और				
08003012016	08003012	छुड़ानेवाला				
08003012017	08003012	कुटुम्बी				
08003012018	08003012	है				
08003012019	08003012	जो				
08003012020	08003012	मुझसे				
08003012021	08003012	ज्यादा				
08003012022	08003012	निकटतर				
08003012023	08003012	है	y			
08003012024	08003012	।		y		
08003013001	08003013	आज				
08003013002	08003013	रात				
08003013003	08003013	यहीं				
08003013004	08003013	ठहर				
08003013005	08003013	जा	y			
08003013006	08003013	।		y		
08003013007	08003013	और				
08003013008	08003013	जब				
08003013009	08003013	सुबह				
08003013010	08003013	होगी	y			
08003013011	08003013	,		y		
08003013012	08003013	अगर				
08003013013	08003013	वह				
08003013014	08003013	तुझे				
08003013015	08003013	छुड़ाएगा	y			
08003013016	08003013	,		y		
08003013017	08003013	तो				
08003013018	08003013	भला	y			
08003013019	08003013	,		y		
08003013020	08003013	वही				
08003013021	08003013	तुझे				
08003013022	08003013	छुड़ाने				
08003013023	08003013	दे	y			
08003013024	08003013	।		y		
08003013025	08003013	लेकिन				
08003013026	08003013	अगर				
08003013027	08003013	वह				
08003013028	08003013	तुम्हें				
08003013029	08003013	छुड़ाना				
08003013030	08003013	नहीं				
08003013031	08003013	चाहता				
08003013032	08003013	है	y			
08003013033	08003013	,		y		
08003013034	08003013	तो				
08003013035	08003013	मैं				
08003013036	08003013	तुम्हें				
08003013037	08003013	स्वयं				
08003013038	08003013	छुड़ाऊँगा	y			
08003013039	08003013	,		y		
08003013040	08003013	जैसा				
08003013041	08003013	कि				
08003013042	08003013	यहोवा				
08003013043	08003013	रहता				
08003013044	08003013	है	y			
08003013045	08003013	।		y		
08003013046	08003013	भोर				
08003013047	08003013	तक				
08003013048	08003013	लेटी				
08003013049	08003013	रह	y			
08003013050	08003013	।	y	y		
08003013051	08003013	”		y		
08003014001	08003014	तो				
08003014002	08003014	वह				
08003014003	08003014	उसके				
08003014004	08003014	पाँवों				
08003014005	08003014	के				
08003014006	08003014	पास				
08003014007	08003014	भोर				
08003014008	08003014	तक				
08003014009	08003014	लेटी				
08003014010	08003014	रही	y			
08003014011	08003014	,		y		
08003014012	08003014	और				
08003014013	08003014	इससे				
08003014014	08003014	पहले				
08003014015	08003014	कि				
08003014016	08003014	कोई				
08003014017	08003014	अपने				
08003014018	08003014	मित्र				
08003014019	08003014	को				
08003014020	08003014	पहचान				
08003014021	08003014	पाए				
08003014022	08003014	वह				
08003014023	08003014	उठ				
08003014024	08003014	गई	y			
08003014025	08003014	;		y		
08003014026	08003014	और				
08003014027	08003014	उसने				
08003014028	08003014	कहा	y			
08003014029	08003014	,		y		
08003014030	08003014	“	y	y		
08003014031	08003014	कोई				
08003014032	08003014	यह				
08003014033	08003014	जानने				
08003014034	08003014	न				
08003014035	08003014	पाए				
08003014036	08003014	कि				
08003014037	08003014	खलिहान				
08003014038	08003014	में				
08003014039	08003014	कोई				
08003014040	08003014	स्त्री				
08003014041	08003014	आई				
08003014042	08003014	थी	y			
08003014043	08003014	।	y	y		
08003014044	08003014	”		y		
08003015001	08003015	तब				
08003015002	08003015	बोअज				
08003015003	08003015	ने				
08003015004	08003015	कहा	y			
08003015005	08003015	,		y		
08003015006	08003015	“	y	y		
08003015007	08003015	जो				
08003015008	08003015	चद्दर				
08003015009	08003015	तू				
08003015010	08003015	ओढ़े				
08003015011	08003015	है				
08003015012	08003015	उसे				
08003015013	08003015	फैला				
08003015014	08003015	और				
08003015015	08003015	पकड़				
08003015016	08003015	ले	y			
08003015017	08003015	।	y	y		
08003015018	08003015	”		y		
08003015019	08003015	इसलिए				
08003015020	08003015	उसने				
08003015021	08003015	उसे				
08003015022	08003015	पकड़ा	y			
08003015023	08003015	।		y		
08003015024	08003015	तब				
08003015025	08003015	उसने				
08003015026	08003015	छः				
08003015027	08003015	नपुए				
08003015028	08003015	जौ				
08003015029	08003015	नापकर				
08003015030	08003015	उसको				
08003015031	08003015	उठा				
08003015032	08003015	दिया	y			
08003015033	08003015	;		y		
08003015034	08003015	फिर				
08003015035	08003015	वह				
08003015036	08003015	नगर				
08003015037	08003015	में				
08003015038	08003015	चली				
08003015039	08003015	गई	y			
08003015040	08003015	।		y		
08003016001	08003016	तब				
08003016002	08003016	वह				
08003016003	08003016	अपनी				
08003016004	08003016	सास				
08003016005	08003016	के				
08003016006	08003016	पास				
08003016007	08003016	आई				
08003016008	08003016	और				
08003016009	08003016	उसने				
08003016010	08003016	पूछा	y			
08003016011	08003016	,		y		
08003016012	08003016	“	y	y		
08003016013	08003016	हे				
08003016014	08003016	बेटी	y			
08003016015	08003016	,		y		
08003016016	08003016	कौन				
08003016017	08003016	है	y			
08003016018	08003016	?	y	y		
08003016019	08003016	”		y		
08003016020	08003016	तब				
08003016021	08003016	उसने				
08003016022	08003016	उसको				
08003016023	08003016	सब				
08003016024	08003016	बताया				
08003016025	08003016	जो				
08003016026	08003016	कुछ				
08003016027	08003016	उस				
08003016028	08003016	पुरुष				
08003016029	08003016	ने				
08003016030	08003016	उसके				
08003016031	08003016	लिए				
08003016032	08003016	किया				
08003016033	08003016	था	y			
08003016034	08003016	।		y		
08003017001	08003017	और				
08003017002	08003017	उसने				
08003017003	08003017	कहा	y			
08003017004	08003017	,		y		
08003017005	08003017	“	y	y		
08003017006	08003017	उसने				
08003017007	08003017	मुझे				
08003017008	08003017	छः				
08003017009	08003017	नपुए				
08003017010	08003017	जौ				
08003017011	08003017	दिए	y			
08003017012	08003017	,		y		
08003017013	08003017	क्योंकि				
08003017014	08003017	उसने				
08003017015	08003017	कहा				
08003017016	08003017	‘	y	y		
08003017017	08003017	तुझे				
08003017018	08003017	अपनी				
08003017019	08003017	सास				
08003017020	08003017	के				
08003017021	08003017	पास				
08003017022	08003017	खाली				
08003017023	08003017	हाथ				
08003017024	08003017	नहीं				
08003017025	08003017	जाना				
08003017026	08003017	चाहिए	y			
08003017027	08003017	।	y	y		
08003017028	08003017	”	y	y		
08003017029	08003017	’		y		
08003018001	08003018	फिर				
08003018002	08003018	उसने				
08003018003	08003018	कहा	y			
08003018004	08003018	,		y		
08003018005	08003018	“	y	y		
08003018006	08003018	बैठ				
08003018007	08003018	जा	y			
08003018008	08003018	,		y		
08003018009	08003018	मेरी				
08003018010	08003018	बेटी	y			
08003018011	08003018	,		y		
08003018012	08003018	जब				
08003018013	08003018	तक				
08003018014	08003018	तू				
08003018015	08003018	न				
08003018016	08003018	जाने				
08003018017	08003018	कि				
08003018018	08003018	इस				
08003018019	08003018	बात				
08003018020	08003018	का				
08003018021	08003018	कैसा				
08003018022	08003018	फल				
08003018023	08003018	निकलेगा	y			
08003018024	08003018	,		y		
08003018025	08003018	क्योंकि				
08003018026	08003018	आज				
08003018027	08003018	जब				
08003018028	08003018	तक				
08003018029	08003018	वह				
08003018030	08003018	पुरुष				
08003018031	08003018	सब				
08003018032	08003018	बातें				
08003018033	08003018	निपटा				
08003018034	08003018	नहीं				
08003018035	08003018	लेगा				
08003018036	08003018	तब				
08003018037	08003018	तक				
08003018038	08003018	चैन				
08003018039	08003018	से				
08003018040	08003018	नहीं				
08003018041	08003018	बैठेगा	y			
08003018042	08003018	।	y	y		
08003018043	08003018	”		y		
08004001001	08004001	अब				
08004001002	08004001	बोअज				
08004001003	08004001	फाटक				
08004001004	08004001	के				
08004001005	08004001	पास				
08004001006	08004001	गया				
08004001007	08004001	और				
08004001008	08004001	बैठ				
08004001009	08004001	गया	y			
08004001010	08004001	;		y		
08004001011	08004001	और				
08004001012	08004001	देखो	y			
08004001013	08004001	,		y		
08004001014	08004001	वह				
08004001015	08004001	छुड़ानेवाले				
08004001016	08004001	कुटुम्बी				
08004001017	08004001	वहाँ				
08004001018	08004001	से				
08004001019	08004001	गुजर				
08004001020	08004001	रहा				
08004001021	08004001	था	y			
08004001022	08004001	,		y		
08004001023	08004001	वही				
08004001024	08004001	मनुष्य				
08004001025	08004001	जिसके				
08004001026	08004001	बारे				
08004001027	08004001	में				
08004001028	08004001	बोअज				
08004001029	08004001	ने				
08004001030	08004001	चर्चा				
08004001031	08004001	की				
08004001032	08004001	थी	y			
08004001033	08004001	।		y		
08004001034	08004001	और				
08004001035	08004001	उसने				
08004001036	08004001	कहा	y			
08004001037	08004001	,		y		
08004001038	08004001	“	y	y		
08004001039	08004001	इधर				
08004001040	08004001	आ				
08004001041	08004001	और				
08004001042	08004001	यहीं				
08004001043	08004001	बैठ				
08004001044	08004001	जा	y			
08004001045	08004001	,		y		
08004001046	08004001	महाशय	y			
08004001047	08004001	;	y	y		
08004001048	08004001	”		y		
08004001049	08004001	तो				
08004001050	08004001	वह				
08004001051	08004001	उधर				
08004001052	08004001	जाकर				
08004001053	08004001	बैठ				
08004001054	08004001	गया	y			
08004001055	08004001	।		y		
08004002001	08004002	तब				
08004002002	08004002	उसने				
08004002003	08004002	नगर				
08004002004	08004002	के				
08004002005	08004002	दस				
08004002006	08004002	वृद्ध				
08004002007	08004002	लोगों				
08004002008	08004002	को				
08004002009	08004002	लिया				
08004002010	08004002	और				
08004002011	08004002	कहा	y			
08004002012	08004002	,		y		
08004002013	08004002	“	y	y		
08004002014	08004002	यहाँ				
08004002015	08004002	बैठ				
08004002016	08004002	जाओ	y			
08004002017	08004002	।	y	y		
08004002018	08004002	”		y		
08004002019	08004002	तो				
08004002020	08004002	वे				
08004002021	08004002	बैठ				
08004002022	08004002	गए	y			
08004002023	08004002	।		y		
08004003001	08004003	तब				
08004003002	08004003	उसने				
08004003003	08004003	छुड़ानेवाले				
08004003004	08004003	कुटुम्बी				
08004003005	08004003	से				
08004003006	08004003	कहा	y			
08004003007	08004003	,		y		
08004003008	08004003	“	y	y		
08004003009	08004003	नाओमी				
08004003010	08004003	जो				
08004003011	08004003	मोआब				
08004003012	08004003	देश				
08004003013	08004003	से				
08004003014	08004003	लौट				
08004003015	08004003	के				
08004003016	08004003	आई				
08004003017	08004003	है	y			
08004003018	08004003	,		y		
08004003019	08004003	हमारे				
08004003020	08004003	भाई				
08004003021	08004003	एलीमेलेक				
08004003022	08004003	की				
08004003023	08004003	एक				
08004003024	08004003	टुकड़ा				
08004003025	08004003	भूमि				
08004003026	08004003	बेच				
08004003027	08004003	रही				
08004003028	08004003	है	y			
08004003029	08004003	।		y		
08004004001	08004004	अब				
08004004002	08004004	मेरे				
08004004003	08004004	लिए	y			
08004004004	08004004	,		y		
08004004005	08004004	मैंने				
08004004006	08004004	कहा	y			
08004004007	08004004	,		y		
08004004008	08004004	कि				
08004004009	08004004	मैं				
08004004010	08004004	तेरे				
08004004011	08004004	कानों				
08004004012	08004004	को				
08004004013	08004004	बेपर्दा				
08004004014	08004004	करूं	y			
08004004015	08004004	,		y		
08004004016	08004004	यह				
08004004017	08004004	कहते				
08004004018	08004004	हुए				
08004004019	08004004	‘	y	y		
08004004020	08004004	उसे				
08004004021	08004004	खरीद				
08004004022	08004004	ले	y			
08004004023	08004004	,	y	y		
08004004024	08004004	'		y		
08004004025	08004004	यहाँ				
08004004026	08004004	बैठे				
08004004027	08004004	हुओं				
08004004028	08004004	के				
08004004029	08004004	सामने				
08004004030	08004004	और				
08004004031	08004004	मेरे				
08004004032	08004004	लोगों				
08004004033	08004004	के				
08004004034	08004004	वृद्धों				
08004004035	08004004	के				
08004004036	08004004	सामने				
08004004037	08004004	मोल				
08004004038	08004004	ले	y			
08004004039	08004004	।		y		
08004004040	08004004	यदि				
08004004041	08004004	तू				
08004004042	08004004	उसको				
08004004043	08004004	छुड़ाएगा	y			
08004004044	08004004	,		y		
08004004045	08004004	तो				
08004004046	08004004	उसे				
08004004047	08004004	छुड़ा				
08004004048	08004004	ले	y			
08004004049	08004004	।		y		
08004004050	08004004	परन्तु				
08004004051	08004004	यदि				
08004004052	08004004	तू				
08004004053	08004004	न				
08004004054	08004004	छुड़ाए	y			
08004004055	08004004	,		y		
08004004056	08004004	तो				
08004004057	08004004	मुझे				
08004004058	08004004	बता				
08004004059	08004004	दे	y			
08004004060	08004004	,		y		
08004004061	08004004	कि				
08004004062	08004004	मैं				
08004004063	08004004	जान				
08004004064	08004004	लूँ	y			
08004004065	08004004	;		y		
08004004066	08004004	क्योंकि				
08004004067	08004004	तुझे				
08004004068	08004004	छोड़				
08004004069	08004004	उसको				
08004004070	08004004	छुड़ानेवाला				
08004004071	08004004	कोई				
08004004072	08004004	नहीं				
08004004073	08004004	है	y			
08004004074	08004004	,		y		
08004004075	08004004	और				
08004004076	08004004	तेरे				
08004004077	08004004	बाद				
08004004078	08004004	मैं				
08004004079	08004004	हूँ	y			
08004004080	08004004	।	y	y		
08004004081	08004004	”		y		
08004004082	08004004	फिर				
08004004083	08004004	उसने				
08004004084	08004004	कहा	y			
08004004085	08004004	,		y		
08004004086	08004004	“	y	y		
08004004087	08004004	मैं				
08004004088	08004004	स्वयं				
08004004089	08004004	उसे				
08004004090	08004004	छुड़ाऊँगा	y			
08004004091	08004004	।	y	y		
08004004092	08004004	”		y		
08004005001	08004005	फिर				
08004005002	08004005	बोअज				
08004005003	08004005	ने				
08004005004	08004005	कहा	y			
08004005005	08004005	,		y		
08004005006	08004005	“	y	y		
08004005007	08004005	जिस				
08004005008	08004005	दिन				
08004005009	08004005	तू				
08004005010	08004005	उस				
08004005011	08004005	भूमि				
08004005012	08004005	को				
08004005013	08004005	नाओमी				
08004005014	08004005	के				
08004005015	08004005	हाथ				
08004005016	08004005	से				
08004005017	08004005	मोल				
08004005018	08004005	ले	y			
08004005019	08004005	,		y		
08004005020	08004005	तू				
08004005021	08004005	रूत				
08004005022	08004005	मोआबिन				
08004005023	08004005	को				
08004005024	08004005	भी				
08004005025	08004005	जो				
08004005026	08004005	मरे				
08004005027	08004005	हुए				
08004005028	08004005	की				
08004005029	08004005	स्त्री				
08004005030	08004005	है				
08004005031	08004005	इस				
08004005032	08004005	मनसा				
08004005033	08004005	से				
08004005034	08004005	पाएगा	y			
08004005035	08004005	,		y		
08004005036	08004005	कि				
08004005037	08004005	मरे				
08004005038	08004005	हुए				
08004005039	08004005	का				
08004005040	08004005	नाम				
08004005041	08004005	उसके				
08004005042	08004005	भाग				
08004005043	08004005	में				
08004005044	08004005	स्थिर				
08004005045	08004005	कर				
08004005046	08004005	दे	y			
08004005047	08004005	।	y	y		
08004005048	08004005	”		y		
08004006001	08004006	फिर				
08004006002	08004006	छुड़ानेवाले				
08004006003	08004006	कुटुम्बी				
08004006004	08004006	ने				
08004006005	08004006	कहा	y			
08004006006	08004006	,		y		
08004006007	08004006	“		y		
08004006008	08004006	मैं				
08004006009	08004006	उसको				
08004006010	08004006	मेरा				
08004006011	08004006	निज				
08004006012	08004006	भाग				
08004006013	08004006	बिगाड़े				
08004006014	08004006	बिना				
08004006015	08004006	नहीं				
08004006016	08004006	छुड़ा				
08004006017	08004006	सकता	y			
08004006018	08004006	।		y		
08004006019	08004006	इसलिए				
08004006020	08004006	मेरा				
08004006021	08004006	छुड़ाने				
08004006022	08004006	का				
08004006023	08004006	अधिकार				
08004006024	08004006	तू				
08004006025	08004006	ले				
08004006026	08004006	ले	y			
08004006027	08004006	,		y		
08004006028	08004006	क्योंकि				
08004006029	08004006	मैं				
08004006030	08004006	उसे				
08004006031	08004006	छुड़ा				
08004006032	08004006	नहीं				
08004006033	08004006	सकता	y			
08004006034	08004006	।	y	y		
08004006035	08004006	”		y		
08004007001	08004007	अब	y			
08004007002	08004007	,		y		
08004007003	08004007	पुराने				
08004007004	08004007	समय				
08004007005	08004007	इस्राएल				
08004007006	08004007	में	y			
08004007007	08004007	,		y		
08004007008	08004007	छुड़ाने				
08004007009	08004007	और				
08004007010	08004007	सामानों				
08004007011	08004007	के				
08004007012	08004007	आदान-प्रदान				
08004007013	08004007	के				
08004007014	08004007	विषय				
08004007015	08004007	में				
08004007016	08004007	इस				
08004007017	08004007	प्रकार				
08004007018	08004007	पुष्टि				
08004007019	08004007	की				
08004007020	08004007	जाती				
08004007021	08004007	थी	y			
08004007022	08004007	:		y		
08004007023	08004007	एक				
08004007024	08004007	मनुष्य				
08004007025	08004007	अपनी				
08004007026	08004007	जूती				
08004007027	08004007	उतार				
08004007028	08004007	के				
08004007029	08004007	दूसरे				
08004007030	08004007	को				
08004007031	08004007	देता				
08004007032	08004007	था	y			
08004007033	08004007	।		y		
08004007034	08004007	इस्राएल				
08004007035	08004007	में				
08004007036	08004007	प्रमाणित				
08004007037	08004007	इसी				
08004007038	08004007	रीति				
08004007039	08004007	से				
08004007040	08004007	होता				
08004007041	08004007	था	y			
08004007042	08004007	।		y		
08004008001	08004008	इसलिए				
08004008002	08004008	छुड़ानेवाले				
08004008003	08004008	कुटुम्बी				
08004008004	08004008	ने				
08004008005	08004008	बोअज				
08004008006	08004008	से				
08004008007	08004008	कहा	y			
08004008008	08004008	;		y		
08004008009	08004008	“		y		
08004008010	08004008	तू				
08004008011	08004008	अपने				
08004008012	08004008	लिए				
08004008013	08004008	उसे				
08004008014	08004008	मोल				
08004008015	08004008	ले	y			
08004008016	08004008	,	y	y		
08004008017	08004008	”		y		
08004008018	08004008	और				
08004008019	08004008	उसने				
08004008020	08004008	अपनी				
08004008021	08004008	जूती				
08004008022	08004008	उतारी	y			
08004008023	08004008	।		y		
08004009001	08004009	तब				
08004009002	08004009	बोअज				
08004009003	08004009	ने				
08004009004	08004009	वृद्धों				
08004009005	08004009	और				
08004009006	08004009	सब				
08004009007	08004009	लोगों				
08004009008	08004009	से				
08004009009	08004009	कहा	y			
08004009010	08004009	,		y		
08004009011	08004009	“	y	y		
08004009012	08004009	तुम				
08004009013	08004009	आज				
08004009014	08004009	इस				
08004009015	08004009	बात				
08004009016	08004009	के				
08004009017	08004009	साक्षी				
08004009018	08004009	हो				
08004009019	08004009	कि				
08004009020	08004009	मैं				
08004009021	08004009	नाओमी				
08004009022	08004009	के				
08004009023	08004009	हाथ				
08004009024	08004009	से				
08004009025	08004009	वह				
08004009026	08004009	सब				
08004009027	08004009	कुछ				
08004009028	08004009	मोल				
08004009029	08004009	लेता				
08004009030	08004009	हूँ	y			
08004009031	08004009	,		y		
08004009032	08004009	जो				
08004009033	08004009	एलीमेलेक				
08004009034	08004009	और				
08004009035	08004009	वह				
08004009036	08004009	सब				
08004009037	08004009	जो				
08004009038	08004009	किल्योन				
08004009039	08004009	और				
08004009040	08004009	महलोन				
08004009041	08004009	का				
08004009042	08004009	था	y			
08004009043	08004009	।		y		
08004010001	08004010	और				
08004010002	08004010	महलोन				
08004010003	08004010	की				
08004010004	08004010	स्त्री				
08004010005	08004010	रूत				
08004010006	08004010	मोआबिन				
08004010007	08004010	को				
08004010008	08004010	भी				
08004010009	08004010	मैं				
08004010010	08004010	अपनी				
08004010011	08004010	पत्नी				
08004010012	08004010	करने				
08004010013	08004010	के				
08004010014	08004010	लिये				
08004010015	08004010	इस				
08004010016	08004010	मनसा				
08004010017	08004010	से				
08004010018	08004010	मोल				
08004010019	08004010	लेता				
08004010020	08004010	हूँ	y			
08004010021	08004010	,		y		
08004010022	08004010	कि				
08004010023	08004010	मरे				
08004010024	08004010	हुए				
08004010025	08004010	का				
08004010026	08004010	नाम				
08004010027	08004010	उसके				
08004010028	08004010	निज				
08004010029	08004010	भाग				
08004010030	08004010	पर				
08004010031	08004010	स्थिर				
08004010032	08004010	करूँ	y			
08004010033	08004010	,		y		
08004010034	08004010	ताकि				
08004010035	08004010	मरे				
08004010036	08004010	हुए				
08004010037	08004010	का				
08004010038	08004010	नाम				
08004010039	08004010	उसके				
08004010040	08004010	भाइयों				
08004010041	08004010	में				
08004010042	08004010	से				
08004010043	08004010	और				
08004010044	08004010	उसके				
08004010045	08004010	स्थान				
08004010046	08004010	के				
08004010047	08004010	फाटक				
08004010048	08004010	से				
08004010049	08004010	मिट				
08004010050	08004010	न				
08004010051	08004010	जाए	y			
08004010052	08004010	;		y		
08004010053	08004010	तुम				
08004010054	08004010	लोग				
08004010055	08004010	आज				
08004010056	08004010	साक्षी				
08004010057	08004010	ठहरे				
08004010058	08004010	हो	y			
08004010059	08004010	।	y	y		
08004010060	08004010	”		y		
08004011001	08004011	और				
08004011002	08004011	फाटक				
08004011003	08004011	के				
08004011004	08004011	पास				
08004011005	08004011	के				
08004011006	08004011	सब				
08004011007	08004011	लोगों				
08004011008	08004011	ने				
08004011009	08004011	और				
08004011010	08004011	वृद्धों				
08004011011	08004011	ने				
08004011012	08004011	कहा	y			
08004011013	08004011	,		y		
08004011014	08004011	“	y	y		
08004011015	08004011	हम				
08004011016	08004011	साक्षी				
08004011017	08004011	हैं	y			
08004011018	08004011	।		y		
08004011019	08004011	यह				
08004011020	08004011	जो				
08004011021	08004011	स्त्री				
08004011022	08004011	तेरे				
08004011023	08004011	घर				
08004011024	08004011	में				
08004011025	08004011	आती				
08004011026	08004011	है				
08004011027	08004011	उसको				
08004011028	08004011	यहोवा				
08004011029	08004011	राहेल				
08004011030	08004011	और				
08004011031	08004011	लिआ				
08004011032	08004011	के				
08004011033	08004011	समान				
08004011034	08004011	करे	y			
08004011035	08004011	,		y		
08004011036	08004011	जिन्होंने				
08004011037	08004011	इस्राएल				
08004011038	08004011	के				
08004011039	08004011	घराने				
08004011040	08004011	को				
08004011041	08004011	बनाया	y			
08004011042	08004011	।		y		
08004011043	08004011	एप्राता				
08004011044	08004011	में				
08004011045	08004011	सम्मान				
08004011046	08004011	पाना	y			
08004011047	08004011	,		y		
08004011048	08004011	और				
08004011049	08004011	बैतलहम				
08004011050	08004011	में				
08004011051	08004011	तेरा				
08004011052	08004011	बड़ा				
08004011053	08004011	नाम				
08004011054	08004011	हो	y			
08004011055	08004011	;		y		
08004012001	08004012	और				
08004012002	08004012	तेरा				
08004012003	08004012	घराना				
08004012004	08004012	पेरेस				
08004012005	08004012	के				
08004012006	08004012	समान				
08004012007	08004012	हो				
08004012008	08004012	जाए	y			
08004012009	08004012	,		y		
08004012010	08004012	जो				
08004012011	08004012	तामार				
08004012012	08004012	से				
08004012013	08004012	यहूदा				
08004012014	08004012	के				
08004012015	08004012	द्वारा				
08004012016	08004012	उत्पन्न				
08004012017	08004012	हुआ	y			
08004012018	08004012	,		y		
08004012019	08004012	उस				
08004012020	08004012	सन्तान				
08004012021	08004012	के				
08004012022	08004012	द्वारा				
08004012023	08004012	जो				
08004012024	08004012	यहोवा				
08004012025	08004012	इस				
08004012026	08004012	जवान				
08004012027	08004012	स्त्री				
08004012028	08004012	के				
08004012029	08004012	द्वारा				
08004012030	08004012	तुझे				
08004012031	08004012	दे	y			
08004012032	08004012	।	y	y		
08004012033	08004012	”		y		
08004012034	08004012	(	y	y		
08004012035	08004012	मत्ती				
08004012036	08004012	1:3	y			
08004012037	08004012	)		y		
08004013001	08004013	तो				
08004013002	08004013	बोअज				
08004013003	08004013	ने				
08004013004	08004013	रूत				
08004013005	08004013	को				
08004013006	08004013	ब्याह				
08004013007	08004013	लिया	y			
08004013008	08004013	,		y		
08004013009	08004013	और				
08004013010	08004013	वह				
08004013011	08004013	उसकी				
08004013012	08004013	पत्नी				
08004013013	08004013	हो				
08004013014	08004013	गई	y			
08004013015	08004013	;		y		
08004013016	08004013	और				
08004013017	08004013	वह				
08004013018	08004013	उसके				
08004013019	08004013	पास				
08004013020	08004013	गया	y			
08004013021	08004013	।		y		
08004013022	08004013	तब				
08004013023	08004013	तब				
08004013024	08004013	यहोवा				
08004013025	08004013	ने				
08004013026	08004013	उसे				
08004013027	08004013	गर्भधारण				
08004013028	08004013	दिया	y			
08004013029	08004013	,		y		
08004013030	08004013	और				
08004013031	08004013	उसने				
08004013032	08004013	एक				
08004013033	08004013	पुत्र				
08004013034	08004013	को				
08004013035	08004013	जन्म				
08004013036	08004013	दिया	y			
08004013037	08004013	।		y		
08004013038	08004013	(	y	y		
08004013039	08004013	मत्ती				
08004013040	08004013	1:4	y			
08004013041	08004013	,		y		
08004013042	08004013	5	y			
08004013043	08004013	)		y		
08004014001	08004014	तब				
08004014002	08004014	स्त्रियों				
08004014003	08004014	ने				
08004014004	08004014	नाओमी				
08004014005	08004014	से				
08004014006	08004014	कहा	y			
08004014007	08004014	,		y		
08004014008	08004014	“	y	y		
08004014009	08004014	यहोवा				
08004014010	08004014	धन्य				
08004014011	08004014	है	y			
08004014012	08004014	,		y		
08004014013	08004014	जिसने				
08004014014	08004014	तुझे				
08004014015	08004014	आज				
08004014016	08004014	छुड़ानेवाले				
08004014017	08004014	कुटुम्बी				
08004014018	08004014	के				
08004014019	08004014	बिना				
08004014020	08004014	नहीं				
08004014021	08004014	छोड़ा	y			
08004014022	08004014	;		y		
08004014023	08004014	इस्राएल				
08004014024	08004014	में				
08004014025	08004014	इसका				
08004014026	08004014	बड़ा				
08004014027	08004014	नाम				
08004014028	08004014	हो	y			
08004014029	08004014	।		y		
08004015001	08004015	अब				
08004015002	08004015	यह				
08004015003	08004015	तेरे				
08004015004	08004015	जी				
08004015005	08004015	में				
08004015006	08004015	जी				
08004015007	08004015	ले				
08004015008	08004015	आनेवाला				
08004015009	08004015	और				
08004015010	08004015	तेरा				
08004015011	08004015	बुढ़ापे				
08004015012	08004015	में				
08004015013	08004015	पालनेवाला				
08004015014	08004015	होगा	y			
08004015015	08004015	।		y		
08004015016	08004015	क्योंकि				
08004015017	08004015	तेरी				
08004015018	08004015	बहू				
08004015019	08004015	जो				
08004015020	08004015	तुझ				
08004015021	08004015	से				
08004015022	08004015	प्रेम				
08004015023	08004015	रखती				
08004015024	08004015	है	y			
08004015025	08004015	,		y		
08004015026	08004015	उसने				
08004015027	08004015	उसको				
08004015028	08004015	जन्म				
08004015029	08004015	दिया				
08004015030	08004015	है				
08004015031	08004015	-		y		
08004015032	08004015	जो				
08004015033	08004015	सात				
08004015034	08004015	बेटों				
08004015035	08004015	से				
08004015036	08004015	बेहतर				
08004015037	08004015	है	y			
08004015038	08004015	।	y	y		
08004015039	08004015	”		y		
08004016001	08004016	और				
08004016002	08004016	नाओमी				
08004016003	08004016	ने				
08004016004	08004016	उस				
08004016005	08004016	बच्चे				
08004016006	08004016	को				
08004016007	08004016	लिया				
08004016008	08004016	और				
08004016009	08004016	अपनी				
08004016010	08004016	गोद				
08004016011	08004016	में				
08004016012	08004016	रखा	y			
08004016013	08004016	,		y		
08004016014	08004016	और				
08004016015	08004016	वह				
08004016016	08004016	उसकी				
08004016017	08004016	दाई				
08004016018	08004016	बन				
08004016019	08004016	गई	y			
08004016020	08004016	।		y		
08004017001	08004017	इसलिए				
08004017002	08004017	उसकी				
08004017003	08004017	पड़ोसिनों				
08004017004	08004017	ने				
08004017005	08004017	पुकार				
08004017006	08004017	कर				
08004017007	08004017	उसका				
08004017008	08004017	नाम				
08004017009	08004017	यह				
08004017010	08004017	कहकर				
08004017011	08004017	रखा	y			
08004017012	08004017	,		y		
08004017013	08004017	कि				
08004017014	08004017	“	y	y		
08004017015	08004017	नाओमी				
08004017016	08004017	को				
08004017017	08004017	एक				
08004017018	08004017	बेटा				
08004017019	08004017	उत्पन्न				
08004017020	08004017	हुआ				
08004017021	08004017	है	y			
08004017022	08004017	”	y	y		
08004017023	08004017	,		y		
08004017024	08004017	और				
08004017025	08004017	उन्होंने				
08004017026	08004017	उसका				
08004017027	08004017	का				
08004017028	08004017	नाम				
08004017029	08004017	ओबेद				
08004017030	08004017	रखा	y			
08004017031	08004017	।		y		
08004017032	08004017	वह				
08004017033	08004017	यिशै				
08004017034	08004017	का				
08004017035	08004017	पिता				
08004017036	08004017	और				
08004017037	08004017	दाऊद				
08004017038	08004017	का				
08004017039	08004017	दादा				
08004017040	08004017	था	y			
08004017041	08004017	।		y		
08004017042	08004017	(	y	y		
08004017043	08004017	मत्ती				
08004017044	08004017	1:6	y			
08004017045	08004017	)		y		
08004018001	08004018	अब				
08004018002	08004018	पेरेस				
08004018003	08004018	की				
08004018004	08004018	पीढ़ियां				
08004018005	08004018	यह				
08004018006	08004018	हैं	y			
08004018007	08004018	,		y		
08004018008	08004018	अर्थात्				
08004018009	08004018	पेरेस				
08004018010	08004018	हेस्रोन				
08004018011	08004018	का				
08004018012	08004018	पिता				
08004018013	08004018	था	y			
08004018014	08004018	,		y		
08004019001	08004019	और				
08004019002	08004019	हेस्रोन				
08004019003	08004019	राम				
08004019004	08004019	का				
08004019005	08004019	पिता				
08004019006	08004019	था	y			
08004019007	08004019	,		y		
08004019008	08004019	और				
08004019009	08004019	राम				
08004019010	08004019	अम्मीनादाब				
08004019011	08004019	का				
08004019012	08004019	पिता				
08004019013	08004019	था	y			
08004019014	08004019	,		y		
08004020001	08004020	और				
08004020002	08004020	अम्मीनादाब				
08004020003	08004020	नहशोन				
08004020004	08004020	का				
08004020005	08004020	पिता				
08004020006	08004020	था	y			
08004020007	08004020	,		y		
08004020008	08004020	और				
08004020009	08004020	नहशोन				
08004020010	08004020	सलमोन				
08004020011	08004020	का				
08004020012	08004020	पिता				
08004020013	08004020	था	y			
08004020014	08004020	,		y		
08004021001	08004021	और				
08004021002	08004021	सलमोन				
08004021003	08004021	बोअज				
08004021004	08004021	का				
08004021005	08004021	पिता				
08004021006	08004021	था	y			
08004021007	08004021	,		y		
08004021008	08004021	और				
08004021009	08004021	बोअज				
08004021010	08004021	ओबेद				
08004021011	08004021	का				
08004021012	08004021	पिता				
08004021013	08004021	था	y			
08004021014	08004021	,		y		
08004022001	08004022	और				
08004022002	08004022	ओबेद				
08004022003	08004022	यिशै				
08004022004	08004022	का				
08004022005	08004022	पिता				
08004022006	08004022	था	y			
08004022007	08004022	,		y		
08004022008	08004022	और				
08004022009	08004022	यिशै				
08004022010	08004022	दाऊद				
08004022011	08004022	का				
08004022012	08004022	पिता				
08004022013	08004022	था	y			
08004022014	08004022	।		y		
08004022015	08004022	(	y	y		
08004022016	08004022	मत्ती				
08004022017	08004022	1:4-6	y			
08004022018	08004022	,		y		
08004022019	08004022	लूका				
08004022020	08004022	3:31	y			
08004022021	08004022	,		y		
08004022022	08004022	32	y			
08004022023	08004022	)		y		
15001001001	15001001	अब				
15001001002	15001001	कुस्रू				
15001001003	15001001	के				
15001001004	15001001	पहले				
15001001005	15001001	वर्ष				
15001001006	15001001	में	y			
15001001007	15001001	,		y		
15001001008	15001001	फारस				
15001001009	15001001	का				
15001001010	15001001	राजा	y			
15001001011	15001001	,		y		
15001001012	15001001	ताकि				
15001001013	15001001	यिर्मयाह				
15001001014	15001001	के				
15001001015	15001001	मुँह				
15001001016	15001001	से				
15001001017	15001001	यहोवा				
15001001018	15001001	का				
15001001019	15001001	वचन				
15001001020	15001001	पूरा				
15001001021	15001001	हो	y			
15001001022	15001001	,		y		
15001001023	15001001	यहोवा				
15001001024	15001001	ने				
15001001025	15001001	फारस				
15001001026	15001001	के				
15001001027	15001001	राजा	y			
15001001028	15001001	,		y		
15001001029	15001001	कुस्रू	y			
15001001030	15001001	,		y		
15001001031	15001001	की				
15001001032	15001001	आत्मा				
15001001033	15001001	को				
15001001034	15001001	उभारा	y			
15001001035	15001001	।		y		
15001001036	15001001	इसलिए				
15001001037	15001001	उसने				
15001001038	15001001	अपने				
15001001039	15001001	सारे				
15001001040	15001001	राज्य				
15001001041	15001001	में				
15001001042	15001001	एक				
15001001043	15001001	घोषणा				
15001001044	15001001	करवाई	y			
15001001045	15001001	,		y		
15001001046	15001001	और				
15001001047	15001001	लिखित				
15001001048	15001001	में				
15001001049	15001001	भी	y			
15001001050	15001001	,		y		
15001001051	15001001	यह				
15001001052	15001001	कहते				
15001001053	15001001	हुए	y			
15001001054	15001001	:		y		
15001002001	15001002	“	y	y		
15001002002	15001002	फारस				
15001002003	15001002	का				
15001002004	15001002	राजा				
15001002005	15001002	कुस्रू				
15001002006	15001002	यह				
15001002007	15001002	कहता				
15001002008	15001002	है	y			
15001002009	15001002	:		y		
15001002010	15001002	यहोवा	y			
15001002011	15001002	,		y		
15001002012	15001002	स्वर्ग				
15001002013	15001002	के				
15001002014	15001002	परमेश्वर	y			
15001002015	15001002	,		y		
15001002016	15001002	ने				
15001002017	15001002	मुझे				
15001002018	15001002	पृथ्वी				
15001002019	15001002	के				
15001002020	15001002	सभी				
15001002021	15001002	राज्य				
15001002022	15001002	दिए				
15001002023	15001002	हैं	y			
15001002024	15001002	,		y		
15001002025	15001002	और				
15001002026	15001002	उसी				
15001002027	15001002	ने				
15001002028	15001002	मुझे				
15001002029	15001002	उसके				
15001002030	15001002	लिए				
15001002031	15001002	यरूशलेम				
15001002032	15001002	में				
15001002033	15001002	एक				
15001002034	15001002	घर				
15001002035	15001002	बनाने				
15001002036	15001002	के				
15001002037	15001002	लिए				
15001002038	15001002	नियुक्‍त				
15001002039	15001002	किया				
15001002040	15001002	है	y			
15001002041	15001002	,		y		
15001002042	15001002	जो				
15001002043	15001002	यहूदा				
15001002044	15001002	में				
15001002045	15001002	है	y			
15001002046	15001002	।		y		
15001003001	15001003	तुम				
15001003002	15001003	में				
15001003003	15001003	से				
15001003004	15001003	कौन				
15001003005	15001003	उसके				
15001003006	15001003	सब				
15001003007	15001003	लोगों				
15001003008	15001003	में				
15001003009	15001003	से				
15001003010	15001003	है	y			
15001003011	15001003	?		y		
15001003012	15001003	उसका				
15001003013	15001003	परमेश्वर				
15001003014	15001003	उसके				
15001003015	15001003	साथ				
15001003016	15001003	रहे	y			
15001003017	15001003	,		y		
15001003018	15001003	और				
15001003019	15001003	वह				
15001003020	15001003	यरूशलेम				
15001003021	15001003	को				
15001003022	15001003	जाए	y			
15001003023	15001003	,		y		
15001003024	15001003	जो				
15001003025	15001003	यहूदा				
15001003026	15001003	में				
15001003027	15001003	है	y			
15001003028	15001003	,		y		
15001003029	15001003	और				
15001003030	15001003	वह				
15001003031	15001003	यहोवा				
15001003032	15001003	का				
15001003033	15001003	घर				
15001003034	15001003	बनाए	y			
15001003035	15001003	,		y		
15001003036	15001003	इस्राएल				
15001003037	15001003	का				
15001003038	15001003	परमेश्वर	y			
15001003039	15001003	।		y		
15001003040	15001003	वह				
15001003041	15001003	ऐसा				
15001003042	15001003	परमेश्वर				
15001003043	15001003	है				
15001003044	15001003	जो				
15001003045	15001003	यरूशलेम				
15001003046	15001003	में				
15001003047	15001003	है	y			
15001003048	15001003	।		y		
15001004001	15001004	और				
15001004002	15001004	हर				
15001004003	15001004	एक				
15001004004	15001004	जो				
15001004005	15001004	उन				
15001004006	15001004	सब				
15001004007	15001004	स्थानों				
15001004008	15001004	में				
15001004009	15001004	बचा				
15001004010	15001004	हुआ	y			
15001004011	15001004	,		y		
15001004012	15001004	जहाँ				
15001004013	15001004	वह				
15001004014	15001004	अस्थाई				
15001004015	15001004	निवास				
15001004016	15001004	में				
15001004017	15001004	रहता				
15001004018	15001004	है	y			
15001004019	15001004	,		y		
15001004020	15001004	उस				
15001004021	15001004	स्थान				
15001004022	15001004	के				
15001004023	15001004	लोग				
15001004024	15001004	उस				
15001004025	15001004	जन				
15001004026	15001004	की				
15001004027	15001004	सहायता				
15001004028	15001004	चाँदी				
15001004029	15001004	और				
15001004030	15001004	सोने				
15001004031	15001004	और				
15001004032	15001004	सामान	y			
15001004033	15001004	,		y		
15001004034	15001004	और				
15001004035	15001004	पशु				
15001004036	15001004	से				
15001004037	15001004	करें	y			
15001004038	15001004	,		y		
15001004039	15001004	और				
15001004040	15001004	परमेश्वर				
15001004041	15001004	का				
15001004042	15001004	घर				
15001004043	15001004	जो				
15001004044	15001004	यरूशलेम				
15001004045	15001004	में				
15001004046	15001004	है				
15001004047	15001004	उसके				
15001004048	15001004	लिए				
15001004049	15001004	स्वेच्छा				
15001004050	15001004	भेंट	y			
15001004051	15001004	।	y	y		
15001004052	15001004	”		y		
15001005001	15001005	तब				
15001005002	15001005	यहूदा				
15001005003	15001005	और				
15001005004	15001005	बिन्यामीन				
15001005005	15001005	के				
15001005006	15001005	पितरों				
15001005007	15001005	के				
15001005008	15001005	मुखिया	y			
15001005009	15001005	,		y		
15001005010	15001005	और				
15001005011	15001005	याजकों	y			
15001005012	15001005	,		y		
15001005013	15001005	और				
15001005014	15001005	लेवियों	y			
15001005015	15001005	,		y		
15001005016	15001005	यहाँ				
15001005017	15001005	तक				
15001005018	15001005	कि				
15001005019	15001005	वे				
15001005020	15001005	सभी				
15001005021	15001005	जिनकी				
15001005022	15001005	आत्मा				
15001005023	15001005	को				
15001005024	15001005	परमेश्वर				
15001005025	15001005	ने				
15001005026	15001005	उभारा				
15001005027	15001005	था	y			
15001005028	15001005	,		y		
15001005029	15001005	यहोवा				
15001005030	15001005	का				
15001005031	15001005	घर				
15001005032	15001005	बनाने				
15001005033	15001005	के				
15001005034	15001005	लिए				
15001005035	15001005	ऊपर				
15001005036	15001005	जाने				
15001005037	15001005	को				
15001005038	15001005	उठ				
15001005039	15001005	खड़े				
15001005040	15001005	हुए	y			
15001005041	15001005	,		y		
15001005042	15001005	जो				
15001005043	15001005	यरूशलेम				
15001005044	15001005	में				
15001005045	15001005	है	y			
15001005046	15001005	।		y		
15001006001	15001006	और				
15001006002	15001006	उनके				
15001006003	15001006	चारों				
15001006004	15001006	ओर				
15001006005	15001006	के				
15001006006	15001006	सब				
15001006007	15001006	लोगों				
15001006008	15001006	ने				
15001006009	15001006	चाँदी				
15001006010	15001006	के				
15001006011	15001006	पात्रों				
15001006012	15001006	से				
15001006013	15001006	उनके				
15001006014	15001006	हाथों				
15001006015	15001006	को				
15001006016	15001006	दृढ़				
15001006017	15001006	किया	y			
15001006018	15001006	,		y		
15001006019	15001006	सोने				
15001006020	15001006	के				
15001006021	15001006	साथ	y			
15001006022	15001006	,		y		
15001006023	15001006	माल				
15001006024	15001006	के				
15001006025	15001006	साथ	y			
15001006026	15001006	,		y		
15001006027	15001006	और				
15001006028	15001006	पशुओं				
15001006029	15001006	के				
15001006030	15001006	साथ	y			
15001006031	15001006	,		y		
15001006032	15001006	और				
15001006033	15001006	अनमोल				
15001006034	15001006	उपहारों				
15001006035	15001006	के				
15001006036	15001006	साथ	y			
15001006037	15001006	,		y		
15001006038	15001006	उन				
15001006039	15001006	सभी				
15001006040	15001006	के				
15001006041	15001006	अतिरिक्त				
15001006042	15001006	जो				
15001006043	15001006	मुफ्त				
15001006044	15001006	में				
15001006045	15001006	दी				
15001006046	15001006	गईं				
15001006047	15001006	थीं	y			
15001006048	15001006	।		y		
15001007001	15001007	और				
15001007002	15001007	राजा				
15001007003	15001007	कुस्रू				
15001007004	15001007	यहोवा				
15001007005	15001007	के				
15001007006	15001007	भवन				
15001007007	15001007	के				
15001007008	15001007	पात्रों				
15001007009	15001007	को				
15001007010	15001007	बाहर				
15001007011	15001007	ले				
15001007012	15001007	आया				
15001007013	15001007	जिसे				
15001007014	15001007	नबूकदनेस्सर				
15001007015	15001007	यरूशलेम				
15001007016	15001007	से				
15001007017	15001007	बाहर				
15001007018	15001007	निकाल				
15001007019	15001007	लाया				
15001007020	15001007	था				
15001007021	15001007	और				
15001007022	15001007	उन्हें				
15001007023	15001007	अपने				
15001007024	15001007	देवताओं				
15001007025	15001007	के				
15001007026	15001007	भवन				
15001007027	15001007	में				
15001007028	15001007	रखा				
15001007029	15001007	था	y			
15001007030	15001007	।		y		
15001008001	15001008	और				
15001008002	15001008	फारस				
15001008003	15001008	का				
15001008004	15001008	राजा				
15001008005	15001008	कुस्रू	y			
15001008006	15001008	,		y		
15001008007	15001008	उन्हें				
15001008008	15001008	खजांची				
15001008009	15001008	मिथ्रदात				
15001008010	15001008	के				
15001008011	15001008	हाथ				
15001008012	15001008	से				
15001008013	15001008	निकलवा				
15001008014	15001008	कर				
15001008015	15001008	लाया	y			
15001008016	15001008	।		y		
15001008017	15001008	और				
15001008018	15001008	उसने				
15001008019	15001008	उन्हें				
15001008020	15001008	यहूदा				
15001008021	15001008	के				
15001008022	15001008	शासक				
15001008023	15001008	शेशबस्सर				
15001008024	15001008	को				
15001008025	15001008	गिन				
15001008026	15001008	कर				
15001008027	15001008	दिया	y			
15001008028	15001008	।		y		
15001009001	15001009	और				
15001009002	15001009	उनकी				
15001009003	15001009	गिनती				
15001009004	15001009	यह				
15001009005	15001009	थी	y			
15001009006	15001009	:		y		
15001009007	15001009	सोने				
15001009008	15001009	के				
15001009009	15001009	30				
15001009010	15001009	परात	y			
15001009011	15001009	,		y		
15001009012	15001009	चाँदी				
15001009013	15001009	के				
15001009014	15001009	1000				
15001009015	15001009	परात	y			
15001009016	15001009	,		y		
15001009017	15001009	29				
15001009018	15001009	चाकू	y			
15001009019	15001009	,		y		
15001010001	15001010	सोने				
15001010002	15001010	के				
15001010003	15001010	30				
15001010004	15001010	कटोरे	y			
15001010005	15001010	,		y		
15001010006	15001010	हल्की				
15001010007	15001010	चाँदी				
15001010008	15001010	के				
15001010009	15001010	410				
15001010010	15001010	कटोरे	y			
15001010011	15001010	,		y		
15001010012	15001010	और				
15001010013	15001010	1000				
15001010014	15001010	अन्य				
15001010015	15001010	पात्र	y			
15001010016	15001010	।		y		
15001011001	15001011	सोने				
15001011002	15001011	और				
15001011003	15001011	चाँदी				
15001011004	15001011	के				
15001011005	15001011	सब				
15001011006	15001011	पात्र				
15001011007	15001011	5400				
15001011008	15001011	थे	y			
15001011009	15001011	।		y		
15001011010	15001011	शेशबस्सर				
15001011011	15001011	इन				
15001011012	15001011	सब				
15001011013	15001011	को				
15001011014	15001011	बंधुओं				
15001011015	15001011	के				
15001011016	15001011	साथ				
15001011017	15001011	बाबेल				
15001011018	15001011	से				
15001011019	15001011	यरूशलेम				
15001011020	15001011	जाने				
15001011021	15001011	के				
15001011022	15001011	समय				
15001011023	15001011	ले				
15001011024	15001011	आया				
15001011025	15001011	था	y			
15001011026	15001011	।		y		
15002001001	15002001	अब				
15002001002	15002001	प्रान्त				
15002001003	15002001	के				
15002001004	15002001	पुत्र				
15002001005	15002001	ये				
15002001006	15002001	हैं	y			
15002001007	15002001	,		y		
15002001008	15002001	वे				
15002001009	15002001	जो				
15002001010	15002001	बंधुओं				
15002001011	15002001	की				
15002001012	15002001	बन्धुवाई				
15002001013	15002001	से				
15002001014	15002001	निकल				
15002001015	15002001	गए				
15002001016	15002001	जिन्हें				
15002001017	15002001	बाबेल				
15002001018	15002001	के				
15002001019	15002001	राजा				
15002001020	15002001	नबूकदनेस्सर	y			
15002001021	15002001	,		y		
15002001022	15002001	ने				
15002001023	15002001	बाबेल				
15002001024	15002001	में				
15002001025	15002001	बन्दी				
15002001026	15002001	कर				
15002001027	15002001	दिया				
15002001028	15002001	था	y			
15002001029	15002001	।		y		
15002001030	15002001	और				
15002001031	15002001	वे				
15002001032	15002001	यरूशलेम				
15002001033	15002001	और				
15002001034	15002001	यहूदा				
15002001035	15002001	को				
15002001036	15002001	लौट				
15002001037	15002001	गए	y			
15002001038	15002001	,		y		
15002001039	15002001	एक				
15002001040	15002001	पुरुष				
15002001041	15002001	अपने				
15002001042	15002001	शहर				
15002001043	15002001	के				
15002001044	15002001	लिए	y			
15002001045	15002001	;		y		
15002002001	15002002	जो				
15002002002	15002002	जरुब्बाबेल	y			
15002002003	15002002	,		y		
15002002004	15002002	येशुअ	y			
15002002005	15002002	,		y		
15002002006	15002002	नहेम्याह	y			
15002002007	15002002	,		y		
15002002008	15002002	सरायाह	y			
15002002009	15002002	,		y		
15002002010	15002002	रेलायाह	y			
15002002011	15002002	,		y		
15002002012	15002002	मोर्दकै	y			
15002002013	15002002	,		y		
15002002014	15002002	बिलशान	y			
15002002015	15002002	,		y		
15002002016	15002002	मिस्पार	y			
15002002017	15002002	,		y		
15002002018	15002002	बिगवै	y			
15002002019	15002002	,		y		
15002002020	15002002	रहूम				
15002002021	15002002	और				
15002002022	15002002	बानाह				
15002002023	15002002	के				
15002002024	15002002	साथ				
15002002025	15002002	आए	y			
15002002026	15002002	।		y		
15002002027	15002002	यह				
15002002028	15002002	इस्राएल				
15002002029	15002002	के				
15002002030	15002002	लोगों				
15002002031	15002002	के				
15002002032	15002002	पुरुषों				
15002002033	15002002	की				
15002002034	15002002	गिनती				
15002002035	15002002	है	y			
15002002036	15002002	।		y		
15002003001	15002003	परोश				
15002003002	15002003	के				
15002003003	15002003	पुत्र				
15002003004	15002003	2	y			
15002003005	15002003	,		y		
15002003006	15002003	172				
15002003007	15002003	थे	y			
15002003008	15002003	।		y		
15002004001	15002004	शपत्याह				
15002004002	15002004	के				
15002004003	15002004	पुत्र				
15002004004	15002004	372				
15002004005	15002004	थे	y			
15002004006	15002004	।		y		
15002005001	15002005	आरह				
15002005002	15002005	के				
15002005003	15002005	पुत्र				
15002005004	15002005	775				
15002005005	15002005	थे	y			
15002005006	15002005	।		y		
15002006001	15002006	पहत्मोआब				
15002006002	15002006	के				
15002006003	15002006	पुत्र	y			
15002006004	15002006	,		y		
15002006005	15002006	येशुअ				
15002006006	15002006	और				
15002006007	15002006	योआब				
15002006008	15002006	के				
15002006009	15002006	पुत्र				
15002006010	15002006	2	y			
15002006011	15002006	,		y		
15002006012	15002006	812				
15002006013	15002006	थे	y			
15002006014	15002006	।		y		
15002007001	15002007	एलाम				
15002007002	15002007	के				
15002007003	15002007	पुत्र				
15002007004	15002007	1	y			
15002007005	15002007	,		y		
15002007006	15002007	254				
15002007007	15002007	थे	y			
15002007008	15002007	।		y		
15002008001	15002008	जत्तू				
15002008002	15002008	के				
15002008003	15002008	पुत्र				
15002008004	15002008	945				
15002008005	15002008	थे	y			
15002008006	15002008	।		y		
15002009001	15002009	जक्कई				
15002009002	15002009	के				
15002009003	15002009	पुत्र				
15002009004	15002009	760				
15002009005	15002009	थे	y			
15002009006	15002009	।		y		
15002010001	15002010	बानी				
15002010002	15002010	के				
15002010003	15002010	पुत्र				
15002010004	15002010	642				
15002010005	15002010	थे	y			
15002010006	15002010	।		y		
15002011001	15002011	बेबै				
15002011002	15002011	के				
15002011003	15002011	पुत्र				
15002011004	15002011	623				
15002011005	15002011	थे	y			
15002011006	15002011	।		y		
15002012001	15002012	अजगाद				
15002012002	15002012	के				
15002012003	15002012	पुत्र				
15002012004	15002012	1	y			
15002012005	15002012	,		y		
15002012006	15002012	222				
15002012007	15002012	थे	y			
15002012008	15002012	।		y		
15002013001	15002013	अदोनीकाम				
15002013002	15002013	के				
15002013003	15002013	पुत्र				
15002013004	15002013	666				
15002013005	15002013	थे	y			
15002013006	15002013	।		y		
15002014001	15002014	बिगवै				
15002014002	15002014	के				
15002014003	15002014	पुत्र				
15002014004	15002014	2	y			
15002014005	15002014	,		y		
15002014006	15002014	056				
15002014007	15002014	थे	y			
15002014008	15002014	।		y		
15002015001	15002015	आदीन				
15002015002	15002015	के				
15002015003	15002015	पुत्र				
15002015004	15002015	454				
15002015005	15002015	थे	y			
15002015006	15002015	।		y		
15002016001	15002016	आतेर				
15002016002	15002016	के				
15002016003	15002016	पुत्र	y			
15002016004	15002016	,		y		
15002016005	15002016	हिजकिय्याह				
15002016006	15002016	के				
15002016007	15002016	98				
15002016008	15002016	थे	y			
15002016009	15002016	।		y		
15002017001	15002017	बेसै				
15002017002	15002017	के				
15002017003	15002017	पुत्र				
15002017004	15002017	323				
15002017005	15002017	थे	y			
15002017006	15002017	।		y		
15002018001	15002018	योरा				
15002018002	15002018	के				
15002018003	15002018	पुत्र				
15002018004	15002018	112				
15002018005	15002018	थे	y			
15002018006	15002018	।		y		
15002019001	15002019	हाशूम				
15002019002	15002019	के				
15002019003	15002019	पुत्र				
15002019004	15002019	223				
15002019005	15002019	थे	y			
15002019006	15002019	।		y		
15002020001	15002020	गिब्बार				
15002020002	15002020	के				
15002020003	15002020	पुत्र				
15002020004	15002020	95				
15002020005	15002020	थे	y			
15002020006	15002020	।		y		
15002021001	15002021	बैतलहम				
15002021002	15002021	के				
15002021003	15002021	पुत्र				
15002021004	15002021	123				
15002021005	15002021	थे	y			
15002021006	15002021	।		y		
15002022001	15002022	नतोपा				
15002022002	15002022	के				
15002022003	15002022	पुत्र				
15002022004	15002022	56				
15002022005	15002022	थे	y			
15002022006	15002022	।		y		
15002023001	15002023	अनातोत				
15002023002	15002023	के				
15002023003	15002023	पुत्र				
15002023004	15002023	28				
15002023005	15002023	थे	y			
15002023006	15002023	।		y		
15002024001	15002024	अज्मावेत				
15002024002	15002024	के				
15002024003	15002024	पुत्र				
15002024004	15002024	42				
15002024005	15002024	थे	y			
15002024006	15002024	।		y		
15002025001	15002025	किर्यत्यारीम	y			
15002025002	15002025	,		y		
15002025003	15002025	कपीरा				
15002025004	15002025	के				
15002025005	15002025	पुत्र	y			
15002025006	15002025	,		y		
15002025007	15002025	और				
15002025008	15002025	बेरोत				
15002025009	15002025	के				
15002025010	15002025	743				
15002025011	15002025	थे	y			
15002025012	15002025	।		y		
15002026001	15002026	रामाह				
15002026002	15002026	और				
15002026003	15002026	गेबा				
15002026004	15002026	के				
15002026005	15002026	पुत्र				
15002026006	15002026	621				
15002026007	15002026	थे	y			
15002026008	15002026	।		y		
15002027001	15002027	मिकमाश				
15002027002	15002027	के				
15002027003	15002027	पुत्र				
15002027004	15002027	122				
15002027005	15002027	थे	y			
15002027006	15002027	।		y		
15002028001	15002028	बेतेल				
15002028002	15002028	और				
15002028003	15002028	आई				
15002028004	15002028	के				
15002028005	15002028	पुरुष				
15002028006	15002028	223				
15002028007	15002028	थे	y			
15002028008	15002028	।		y		
15002029001	15002029	नबो				
15002029002	15002029	के				
15002029003	15002029	पुत्र				
15002029004	15002029	52				
15002029005	15002029	थे	y			
15002029006	15002029	।		y		
15002030001	15002030	मग्बीस				
15002030002	15002030	के				
15002030003	15002030	पुत्र				
15002030004	15002030	156				
15002030005	15002030	थे	y			
15002030006	15002030	।		y		
15002031001	15002031	अन्य				
15002031002	15002031	एलाम				
15002031003	15002031	के				
15002031004	15002031	पुत्र				
15002031005	15002031	1	y			
15002031006	15002031	,		y		
15002031007	15002031	254				
15002031008	15002031	थे	y			
15002031009	15002031	।		y		
15002032001	15002032	हारीम				
15002032002	15002032	के				
15002032003	15002032	पुत्र				
15002032004	15002032	320				
15002032005	15002032	थे	y			
15002032006	15002032	।		y		
15002033001	15002033	लोद				
15002033002	15002033	के				
15002033003	15002033	पुत्र	y			
15002033004	15002033	,		y		
15002033005	15002033	हादीद				
15002033006	15002033	और				
15002033007	15002033	ओनो				
15002033008	15002033	के				
15002033009	15002033	725				
15002033010	15002033	थे	y			
15002033011	15002033	।		y		
15002034001	15002034	यरीहो				
15002034002	15002034	के				
15002034003	15002034	पुत्र				
15002034004	15002034	345				
15002034005	15002034	थे	y			
15002034006	15002034	।		y		
15002035001	15002035	सना				
15002035002	15002035	के				
15002035003	15002035	पुत्र				
15002035004	15002035	3	y			
15002035005	15002035	,		y		
15002035006	15002035	630				
15002035007	15002035	थे	y			
15002035008	15002035	।		y		
15002036001	15002036	याजकों	y			
15002036002	15002036	:		y		
15002036003	15002036	येशुअ				
15002036004	15002036	के				
15002036005	15002036	घराने				
15002036006	15002036	में				
15002036007	15002036	से				
15002036008	15002036	सदायाह				
15002036009	15002036	के				
15002036010	15002036	पुत्र				
15002036011	15002036	973				
15002036012	15002036	थे	y			
15002036013	15002036	।		y		
15002037001	15002037	इम्मेर				
15002037002	15002037	के				
15002037003	15002037	पुत्र				
15002037004	15002037	1	y			
15002037005	15002037	,		y		
15002037006	15002037	052				
15002037007	15002037	थे	y			
15002037008	15002037	।		y		
15002038001	15002038	पशहूर				
15002038002	15002038	के				
15002038003	15002038	पुत्र				
15002038004	15002038	1	y			
15002038005	15002038	,		y		
15002038006	15002038	247				
15002038007	15002038	थे	y			
15002038008	15002038	।		y		
15002039001	15002039	हारीम				
15002039002	15002039	के				
15002039003	15002039	पुत्र				
15002039004	15002039	1	y			
15002039005	15002039	,		y		
15002039006	15002039	017				
15002039007	15002039	थे	y			
15002039008	15002039	।		y		
15002040001	15002040	लेवीय	y			
15002040002	15002040	:		y		
15002040003	15002040	येशूअ				
15002040004	15002040	और				
15002040005	15002040	कदमीएल				
15002040006	15002040	के				
15002040007	15002040	पुत्र	y			
15002040008	15002040	,		y		
15002040009	15002040	होदव्याह				
15002040010	15002040	के				
15002040011	15002040	पुत्र				
15002040012	15002040	74				
15002040013	15002040	थे	y			
15002040014	15002040	।		y		
15002041001	15002041	जो				
15002041002	15002041	गाते				
15002041003	15002041	थे	y			
15002041004	15002041	:		y		
15002041005	15002041	आसाप				
15002041006	15002041	के				
15002041007	15002041	पुत्र				
15002041008	15002041	128				
15002041009	15002041	थे	y			
15002041010	15002041	।		y		
15002042001	15002042	द्वारपालों				
15002042002	15002042	के				
15002042003	15002042	पुत्र	y			
15002042004	15002042	:		y		
15002042005	15002042	शल्लूम				
15002042006	15002042	के				
15002042007	15002042	पुत्र	y			
15002042008	15002042	,		y		
15002042009	15002042	आतेर				
15002042010	15002042	के				
15002042011	15002042	पुत्र	y			
15002042012	15002042	,		y		
15002042013	15002042	तल्मोन				
15002042014	15002042	के				
15002042015	15002042	पुत्र	y			
15002042016	15002042	,		y		
15002042017	15002042	अक्कूब				
15002042018	15002042	के				
15002042019	15002042	पुत्र	y			
15002042020	15002042	,		y		
15002042021	15002042	हतीता				
15002042022	15002042	के				
15002042023	15002042	पुत्र	y			
15002042024	15002042	,		y		
15002042025	15002042	और				
15002042026	15002042	शोबै				
15002042027	15002042	के				
15002042028	15002042	पुत्र				
15002042029	15002042	सब				
15002042030	15002042	मिलाकर				
15002042031	15002042	139				
15002042032	15002042	थे	y			
15002042033	15002042	।		y		
15002043001	15002043	नतीन	y			
15002043002	15002043	:		y		
15002043003	15002043	सीहा				
15002043004	15002043	के				
15002043005	15002043	पुत्र	y			
15002043006	15002043	,		y		
15002043007	15002043	हसूपा				
15002043008	15002043	के				
15002043009	15002043	पुत्र	y			
15002043010	15002043	,		y		
15002043011	15002043	तब्बाओत				
15002043012	15002043	के				
15002043013	15002043	पुत्र	y			
15002043014	15002043	।		y		
15002044001	15002044	केरोस				
15002044002	15002044	के				
15002044003	15002044	पुत्र	y			
15002044004	15002044	,		y		
15002044005	15002044	सीअहा				
15002044006	15002044	के				
15002044007	15002044	पुत्र	y			
15002044008	15002044	,		y		
15002044009	15002044	पादोन				
15002044010	15002044	के				
15002044011	15002044	पुत्र	y			
15002044012	15002044	,		y		
15002045001	15002045	लबाना				
15002045002	15002045	के				
15002045003	15002045	पुत्र	y			
15002045004	15002045	,		y		
15002045005	15002045	हगाबा				
15002045006	15002045	के				
15002045007	15002045	पुत्र	y			
15002045008	15002045	,		y		
15002045009	15002045	अक्कूब				
15002045010	15002045	के				
15002045011	15002045	पुत्र	y			
15002045012	15002045	,		y		
15002046001	15002046	हागाब				
15002046002	15002046	के				
15002046003	15002046	पुत्र	y			
15002046004	15002046	,		y		
15002046005	15002046	शल्मै				
15002046006	15002046	के				
15002046007	15002046	पुत्र	y			
15002046008	15002046	,		y		
15002046009	15002046	हानान				
15002046010	15002046	के				
15002046011	15002046	पुत्र	y			
15002046012	15002046	,		y		
15002047001	15002047	गिद्देल				
15002047002	15002047	के				
15002047003	15002047	पुत्र	y			
15002047004	15002047	,		y		
15002047005	15002047	गहर				
15002047006	15002047	के				
15002047007	15002047	पुत्र	y			
15002047008	15002047	,		y		
15002047009	15002047	रायाह				
15002047010	15002047	के				
15002047011	15002047	पुत्र	y			
15002047012	15002047	,		y		
15002048001	15002048	रसीन				
15002048002	15002048	के				
15002048003	15002048	पुत्र	y			
15002048004	15002048	,		y		
15002048005	15002048	नकोदा				
15002048006	15002048	के				
15002048007	15002048	पुत्र	y			
15002048008	15002048	,		y		
15002048009	15002048	गज्जाम				
15002048010	15002048	के				
15002048011	15002048	पुत्र	y			
15002048012	15002048	,		y		
15002049001	15002049	उज्जा				
15002049002	15002049	के				
15002049003	15002049	पुत्र	y			
15002049004	15002049	,		y		
15002049005	15002049	पासेह				
15002049006	15002049	के				
15002049007	15002049	पुत्र	y			
15002049008	15002049	,		y		
15002049009	15002049	बेसै				
15002049010	15002049	के				
15002049011	15002049	पुत्र	y			
15002049012	15002049	,		y		
15002050001	15002050	अस्ना				
15002050002	15002050	के				
15002050003	15002050	पुत्र	y			
15002050004	15002050	,		y		
15002050005	15002050	मूनीम				
15002050006	15002050	के				
15002050007	15002050	पुत्र	y			
15002050008	15002050	,		y		
15002050009	15002050	नपीसीम				
15002050010	15002050	के				
15002050011	15002050	पुत्र	y			
15002050012	15002050	,		y		
15002051001	15002051	बकबूक				
15002051002	15002051	के				
15002051003	15002051	पुत्र	y			
15002051004	15002051	,		y		
15002051005	15002051	हकूपा				
15002051006	15002051	के				
15002051007	15002051	पुत्र	y			
15002051008	15002051	,		y		
15002051009	15002051	हर्हूर				
15002051010	15002051	के				
15002051011	15002051	पुत्र	y			
15002051012	15002051	।		y		
15002052001	15002052	बसलूत				
15002052002	15002052	के				
15002052003	15002052	पुत्र	y			
15002052004	15002052	,		y		
15002052005	15002052	महीदा				
15002052006	15002052	के				
15002052007	15002052	पुत्र	y			
15002052008	15002052	,		y		
15002052009	15002052	हर्शा				
15002052010	15002052	के				
15002052011	15002052	पुत्र	y			
15002052012	15002052	,		y		
15002053001	15002053	बर्कोस				
15002053002	15002053	के				
15002053003	15002053	पुत्र	y			
15002053004	15002053	,		y		
15002053005	15002053	सीसरा				
15002053006	15002053	के				
15002053007	15002053	पुत्र	y			
15002053008	15002053	,		y		
15002053009	15002053	तेमह				
15002053010	15002053	के				
15002053011	15002053	पुत्र	y			
15002053012	15002053	,		y		
15002054001	15002054	नसीह				
15002054002	15002054	के				
15002054003	15002054	पुत्र	y			
15002054004	15002054	,		y		
15002054005	15002054	और				
15002054006	15002054	हतीपा				
15002054007	15002054	के				
15002054008	15002054	पुत्र				
15002054009	15002054	।		y		
15002055001	15002055	सुलैमान				
15002055002	15002055	के				
15002055003	15002055	सेवकों				
15002055004	15002055	के				
15002055005	15002055	पुत्र	y			
15002055006	15002055	,		y		
15002055007	15002055	सोतै				
15002055008	15002055	के				
15002055009	15002055	पुत्र	y			
15002055010	15002055	,		y		
15002055011	15002055	हस्सोपेरेत				
15002055012	15002055	के				
15002055013	15002055	पुत्र	y			
15002055014	15002055	,		y		
15002055015	15002055	परूदा				
15002055016	15002055	के				
15002055017	15002055	पुत्र	y			
15002055018	15002055	,		y		
15002056001	15002056	याला				
15002056002	15002056	के				
15002056003	15002056	पुत्र	y			
15002056004	15002056	,		y		
15002056005	15002056	दर्कोन				
15002056006	15002056	के				
15002056007	15002056	पुत्र	y			
15002056008	15002056	,		y		
15002056009	15002056	गिद्देल				
15002056010	15002056	के				
15002056011	15002056	पुत्र	y			
15002056012	15002056	,		y		
15002057001	15002057	शपत्याह				
15002057002	15002057	के				
15002057003	15002057	पुत्र	y			
15002057004	15002057	,		y		
15002057005	15002057	हत्तील				
15002057006	15002057	के				
15002057007	15002057	पुत्र	y			
15002057008	15002057	,		y		
15002057009	15002057	पोकरेत-सबायीम				
15002057010	15002057	के				
15002057011	15002057	पुत्र	y			
15002057012	15002057	,		y		
15002057013	15002057	और				
15002057014	15002057	आमी				
15002057015	15002057	के				
15002057016	15002057	पुत्र	y			
15002057017	15002057	।		y		
15002058001	15002058	सब				
15002058002	15002058	नतीन				
15002058003	15002058	और				
15002058004	15002058	सुलैमान				
15002058005	15002058	के				
15002058006	15002058	सेवकों				
15002058007	15002058	के				
15002058008	15002058	पुत्र	y			
15002058009	15002058	,		y		
15002058010	15002058	392				
15002058011	15002058	थे	y			
15002058012	15002058	।		y		
15002059001	15002059	और				
15002059002	15002059	ये				
15002059003	15002059	वे				
15002059004	15002059	थे				
15002059005	15002059	जो				
15002059006	15002059	तेल्मेलाह	y			
15002059007	15002059	,		y		
15002059008	15002059	तेलहर्शा	y			
15002059009	15002059	,		y		
15002059010	15002059	करूब	y			
15002059011	15002059	,		y		
15002059012	15002059	अद्दान				
15002059013	15002059	और				
15002059014	15002059	इम्मेर				
15002059015	15002059	से				
15002059016	15002059	ऊपर				
15002059017	15002059	गए				
15002059018	15002059	थे	y			
15002059019	15002059	;		y		
15002059020	15002059	परन्तु				
15002059021	15002059	वे				
15002059022	15002059	अपने				
15002059023	15002059	पितरों				
15002059024	15002059	के				
15002059025	15002059	घराने				
15002059026	15002059	वा				
15002059027	15002059	अपने				
15002059028	15002059	वंश				
15002059029	15002059	को				
15002059030	15002059	न				
15002059031	15002059	बता				
15002059032	15002059	सके	y			
15002059033	15002059	;		y		
15002059034	15002059	कि				
15002059035	15002059	वे				
15002059036	15002059	इस्राएल				
15002059037	15002059	से				
15002059038	15002059	थे				
15002059039	15002059	या				
15002059040	15002059	नहीं	y			
15002059041	15002059	।		y		
15002060001	15002060	दलायाह				
15002060002	15002060	के				
15002060003	15002060	पुत्र	y			
15002060004	15002060	,		y		
15002060005	15002060	तोबियाह				
15002060006	15002060	के				
15002060007	15002060	पुत्र				
15002060008	15002060	और				
15002060009	15002060	नकोदा				
15002060010	15002060	के				
15002060011	15002060	पुत्र				
15002060012	15002060	652				
15002060013	15002060	थे	y			
15002060014	15002060	।		y		
15002061001	15002061	और				
15002061002	15002061	याजकों				
15002061003	15002061	में				
15002061004	15002061	से				
15002061005	15002061	पुत्र	y			
15002061006	15002061	:		y		
15002061007	15002061	हबायाह				
15002061008	15002061	के				
15002061009	15002061	पुत्र	y			
15002061010	15002061	;		y		
15002061011	15002061	हक्कोस				
15002061012	15002061	के				
15002061013	15002061	पुत्र	y			
15002061014	15002061	;		y		
15002061015	15002061	और				
15002061016	15002061	बर्जिल्लै				
15002061017	15002061	के				
15002061018	15002061	पुत्र	y			
15002061019	15002061	,		y		
15002061020	15002061	जिस				
15002061021	15002061	ने				
15002061022	15002061	गिलादी				
15002061023	15002061	बर्जिल्लै				
15002061024	15002061	के				
15002061025	15002061	पुत्रियों				
15002061026	15002061	में				
15002061027	15002061	से				
15002061028	15002061	एक				
15002061029	15002061	पत्नी				
15002061030	15002061	को				
15002061031	15002061	ले				
15002061032	15002061	लिया				
15002061033	15002061	था	y			
15002061034	15002061	,		y		
15002061035	15002061	इसलिए				
15002061036	15002061	वह				
15002061037	15002061	उनके				
15002061038	15002061	नाम				
15002061039	15002061	से				
15002061040	15002061	पुकारा				
15002061041	15002061	गया	y			
15002061042	15002061	।		y		
15002062001	15002062	इन				
15002062002	15002062	लोगों				
15002062003	15002062	ने				
15002062004	15002062	अपने				
15002062005	15002062	लेखे				
15002062006	15002062	को				
15002062007	15002062	उन				
15002062008	15002062	लोगों				
15002062009	15002062	में				
15002062010	15002062	से				
15002062011	15002062	ढूँढ़ा				
15002062012	15002062	जो				
15002062013	15002062	वंशावली				
15002062014	15002062	के				
15002062015	15002062	अनुसार				
15002062016	15002062	लिखे				
15002062017	15002062	गए				
15002062018	15002062	थे	y			
15002062019	15002062	,		y		
15002062020	15002062	पर				
15002062021	15002062	वे				
15002062022	15002062	नहीं				
15002062023	15002062	मिले	y			
15002062024	15002062	।		y		
15002062025	15002062	और				
15002062026	15002062	वे				
15002062027	15002062	याजकपद				
15002062028	15002062	से				
15002062029	15002062	अपवित्र				
15002062030	15002062	हो				
15002062031	15002062	गए				
15002062032	15002062	थे	y			
15002062033	15002062	।		y		
15002063001	15002063	और				
15002063002	15002063	तिर्शाता				
15002063003	15002063	ने				
15002063004	15002063	उन				
15002063005	15002063	से				
15002063006	15002063	कहा				
15002063007	15002063	कि				
15002063008	15002063	जब				
15002063009	15002063	तक				
15002063010	15002063	कोई				
15002063011	15002063	याजक				
15002063012	15002063	ऊरीम				
15002063013	15002063	और				
15002063014	15002063	तुम्मीम				
15002063015	15002063	के				
15002063016	15002063	संग				
15002063017	15002063	खड़ा				
15002063018	15002063	नहीं				
15002063019	15002063	होता	y			
15002063020	15002063	,		y		
15002063021	15002063	उन्हें				
15002063022	15002063	तब				
15002063023	15002063	तक				
15002063024	15002063	परमपवित्र				
15002063025	15002063	पवित्र				
15002063026	15002063	भोजन				
15002063027	15002063	में				
15002063028	15002063	से				
15002063029	15002063	कुछ				
15002063030	15002063	न				
15002063031	15002063	खाना				
15002063032	15002063	चाहिए	y			
15002063033	15002063	।		y		
15002064001	15002064	सारी				
15002064002	15002064	मण्डली	y			
15002064003	15002064	,		y		
15002064004	15002064	एक				
15002064005	15002064	के				
15002064006	15002064	रूप				
15002064007	15002064	में	y			
15002064008	15002064	,		y		
15002064009	15002064	42	y			
15002064010	15002064	,		y		
15002064011	15002064	360				
15002064012	15002064	थी	y			
15002064013	15002064	:		y		
15002065001	15002065	अपने				
15002065002	15002065	पुरुष				
15002065003	15002065	सेवकों				
15002065004	15002065	के				
15002065005	15002065	अतिरिक्त				
15002065006	15002065	और				
15002065007	15002065	उनकी				
15002065008	15002065	सेविकाएँ	y			
15002065009	15002065	,		y		
15002065010	15002065	ये				
15002065011	15002065	7	y			
15002065012	15002065	,		y		
15002065013	15002065	337				
15002065014	15002065	थे	y			
15002065015	15002065	;		y		
15002065016	15002065	और				
15002065017	15002065	उनके				
15002065018	15002065	लिये				
15002065019	15002065	200				
15002065020	15002065	पुरुष				
15002065021	15002065	थे				
15002065022	15002065	जो				
15002065023	15002065	गाते				
15002065024	15002065	थे				
15002065025	15002065	और				
15002065026	15002065	स्त्रियाँ				
15002065027	15002065	जो				
15002065028	15002065	गाती				
15002065029	15002065	थीं	y			
15002065030	15002065	।		y		
15002066001	15002066	उनके				
15002066002	15002066	घोड़े				
15002066003	15002066	736				
15002066004	15002066	थे	y			
15002066005	15002066	।		y		
15002066006	15002066	उनके				
15002066007	15002066	खच्चर				
15002066008	15002066	245				
15002066009	15002066	थे	y			
15002066010	15002066	।		y		
15002067001	15002067	उनके				
15002067002	15002067	ऊँट				
15002067003	15002067	435				
15002067004	15002067	थे	y			
15002067005	15002067	।		y		
15002067006	15002067	उनके				
15002067007	15002067	गदहे				
15002067008	15002067	6	y			
15002067009	15002067	,		y		
15002067010	15002067	720				
15002067011	15002067	थे	y			
15002067012	15002067	।		y		
15002068001	15002068	और				
15002068002	15002068	जब				
15002068003	15002068	पितरों				
15002068004	15002068	के				
15002068005	15002068	प्रधानों				
15002068006	15002068	में				
15002068007	15002068	से				
15002068008	15002068	कोई				
15002068009	15002068	यहोवा				
15002068010	15002068	के				
15002068011	15002068	भवन				
15002068012	15002068	में				
15002068013	15002068	आया				
15002068014	15002068	जो				
15002068015	15002068	यरूशलेम				
15002068016	15002068	में				
15002068017	15002068	है	y			
15002068018	15002068	,		y		
15002068019	15002068	उन्होंने				
15002068020	15002068	परमेश्वर				
15002068021	15002068	के				
15002068022	15002068	भवन				
15002068023	15002068	को				
15002068024	15002068	उसके				
15002068025	15002068	स्थान				
15002068026	15002068	पर				
15002068027	15002068	खड़ा				
15002068028	15002068	होने				
15002068029	15002068	के				
15002068030	15002068	लिए				
15002068031	15002068	स्वतंत्रता				
15002068032	15002068	से				
15002068033	15002068	दिया	y			
15002068034	15002068	।		y		
15002069001	15002069	उन्होंने				
15002069002	15002069	अपनी				
15002069003	15002069	योग्यता				
15002069004	15002069	के				
15002069005	15002069	अनुसार				
15002069006	15002069	काम				
15002069007	15002069	के				
15002069008	15002069	भण्डार				
15002069009	15002069	की				
15002069010	15002069	ओर				
15002069011	15002069	दिया	y			
15002069012	15002069	:		y		
15002069013	15002069	61000				
15002069014	15002069	दर्कमोन				
15002069015	15002069	सोना	y			
15002069016	15002069	,		y		
15002069017	15002069	और				
15002069018	15002069	5000				
15002069019	15002069	माने				
15002069020	15002069	चाँदी	y			
15002069021	15002069	,		y		
15002069022	15002069	और				
15002069023	15002069	याजकों				
15002069024	15002069	के				
15002069025	15002069	100				
15002069026	15002069	अंगरखे	y			
15002069027	15002069	।		y		
15002070001	15002070	इसलिए				
15002070002	15002070	याजक	y			
15002070003	15002070	,		y		
15002070004	15002070	और				
15002070005	15002070	लेवीय	y			
15002070006	15002070	,		y		
15002070007	15002070	और				
15002070008	15002070	लोगों				
15002070009	15002070	में				
15002070010	15002070	से				
15002070011	15002070	कुछ	y			
15002070012	15002070	,		y		
15002070013	15002070	और				
15002070014	15002070	जो				
15002070015	15002070	गाते				
15002070016	15002070	थे	y			
15002070017	15002070	,		y		
15002070018	15002070	और				
15002070019	15002070	द्वारपाल	y			
15002070020	15002070	,		y		
15002070021	15002070	और				
15002070022	15002070	नतीन				
15002070023	15002070	अपने				
15002070024	15002070	नगरों				
15002070025	15002070	में				
15002070026	15002070	वास				
15002070027	15002070	करने				
15002070028	15002070	लगे	y			
15002070029	15002070	।		y		
15002070030	15002070	इस				
15002070031	15002070	तरह				
15002070032	15002070	सारा				
15002070033	15002070	इस्राएल				
15002070034	15002070	उनके				
15002070035	15002070	अपने				
15002070036	15002070	नगरों				
15002070037	15002070	में				
15002070038	15002070	था	y			
15002070039	15002070	।		y		
15003001001	15003001	फिर				
15003001002	15003001	सातवाँ				
15003001003	15003001	महीना				
15003001004	15003001	आया				
15003001005	15003001	और				
15003001006	15003001	इस्राएल				
15003001007	15003001	के				
15003001008	15003001	पुत्र				
15003001009	15003001	उनके				
15003001010	15003001	अपने				
15003001011	15003001	नगरों				
15003001012	15003001	में				
15003001013	15003001	थे	y			
15003001014	15003001	।		y		
15003001015	15003001	और				
15003001016	15003001	लोग				
15003001017	15003001	यरूशलेम				
15003001018	15003001	में				
15003001019	15003001	एक				
15003001020	15003001	मनुष्य				
15003001021	15003001	के				
15003001022	15003001	समान				
15003001023	15003001	इकट्ठे				
15003001024	15003001	थे	y			
15003001025	15003001	।		y		
15003002001	15003002	तब				
15003002002	15003002	योसादाक				
15003002003	15003002	का				
15003002004	15003002	पुत्र				
15003002005	15003002	येशुअ				
15003002006	15003002	उठ				
15003002007	15003002	खड़ा				
15003002008	15003002	हुआ	y			
15003002009	15003002	,		y		
15003002010	15003002	और				
15003002011	15003002	उसके				
15003002012	15003002	भाई				
15003002013	15003002	याजक	y			
15003002014	15003002	,		y		
15003002015	15003002	और				
15003002016	15003002	शालतीएल				
15003002017	15003002	का				
15003002018	15003002	पुत्र				
15003002019	15003002	जरुब्बाबेल	y			
15003002020	15003002	,		y		
15003002021	15003002	और				
15003002022	15003002	उसके				
15003002023	15003002	भाई	y			
15003002024	15003002	,		y		
15003002025	15003002	और				
15003002026	15003002	उन्होंने				
15003002027	15003002	इस्राएल				
15003002028	15003002	के				
15003002029	15003002	परमेश्वर				
15003002030	15003002	की				
15003002031	15003002	वेदी				
15003002032	15003002	बनाई				
15003002033	15003002	ताकि				
15003002034	15003002	उस				
15003002035	15003002	पर				
15003002036	15003002	होमबलि				
15003002037	15003002	चढ़ाएँ	y			
15003002038	15003002	,		y		
15003002039	15003002	जैसा				
15003002040	15003002	परमेश्वर				
15003002041	15003002	के				
15003002042	15003002	जन				
15003002043	15003002	मूसा				
15003002044	15003002	की				
15003002045	15003002	व्यवस्था				
15003002046	15003002	में				
15003002047	15003002	लिखा				
15003002048	15003002	है	y			
15003002049	15003002	।		y		
15003003001	15003003	और				
15003003002	15003003	उन्होंने				
15003003003	15003003	वेदी				
15003003004	15003003	को				
15003003005	15003003	उसकी				
15003003006	15003003	नींव				
15003003007	15003003	पर				
15003003008	15003003	खड़ा				
15003003009	15003003	किया	y			
15003003010	15003003	,		y		
15003003011	15003003	क्योंकि				
15003003012	15003003	उन				
15003003013	15003003	पर				
15003003014	15003003	देशों				
15003003015	15003003	के				
15003003016	15003003	लोगों				
15003003017	15003003	के				
15003003018	15003003	कारण				
15003003019	15003003	भय				
15003003020	15003003	छा				
15003003021	15003003	गया				
15003003022	15003003	था	y			
15003003023	15003003	।		y		
15003003024	15003003	तब				
15003003025	15003003	उन्होंने				
15003003026	15003003	उस				
15003003027	15003003	पर				
15003003028	15003003	यहोवा				
15003003029	15003003	को				
15003003030	15003003	प्रात	y			
15003003031	15003003	:		y		
15003003032	15003003	और				
15003003033	15003003	शाम				
15003003034	15003003	को				
15003003035	15003003	होमबलियाँ				
15003003036	15003003	चढ़ाईं	y			
15003003037	15003003	,		y		
15003004001	15003004	तब				
15003004002	15003004	उन्होंने				
15003004003	15003004	झोंपडिय़ों				
15003004004	15003004	का				
15003004005	15003004	पर्व				
15003004006	15003004	मनाया				
15003004007	15003004	जैसा				
15003004008	15003004	लिखा				
15003004009	15003004	है	y			
15003004010	15003004	,		y		
15003004011	15003004	प्रति				
15003004012	15003004	दिन				
15003004013	15003004	होमबलि				
15003004014	15003004	के				
15003004015	15003004	साथ	y			
15003004016	15003004	,		y		
15003004017	15003004	दिन				
15003004018	15003004	के				
15003004019	15003004	ठहराए				
15003004020	15003004	हुए				
15003004021	15003004	विधान				
15003004022	15003004	की				
15003004023	15003004	सँख्या				
15003004024	15003004	के				
15003004025	15003004	अनुसार	y			
15003004026	15003004	,		y		
15003004027	15003004	उसके				
15003004028	15003004	दिन				
15003004029	15003004	पर	y			
15003004030	15003004	।		y		
15003005001	15003005	और				
15003005002	15003005	इसके				
15003005003	15003005	बाद				
15003005004	15003005	नित्य				
15003005005	15003005	होमबलि				
15003005006	15003005	चढ़ाना				
15003005007	15003005	आरम्भ				
15003005008	15003005	हुआ	y			
15003005009	15003005	,		y		
15003005010	15003005	और				
15003005011	15003005	नए				
15003005012	15003005	चाँदों				
15003005013	15003005	के				
15003005014	15003005	लिए	y			
15003005015	15003005	,		y		
15003005016	15003005	और				
15003005017	15003005	यहोवा				
15003005018	15003005	के				
15003005019	15003005	ठहराए				
15003005020	15003005	हुए				
15003005021	15003005	सब				
15003005022	15003005	पवित्र				
15003005023	15003005	समयों				
15003005024	15003005	के				
15003005025	15003005	लिए	y			
15003005026	15003005	,		y		
15003005027	15003005	और				
15003005028	15003005	उन				
15003005029	15003005	सभों				
15003005030	15003005	के				
15003005031	15003005	लिए				
15003005032	15003005	जिन्होंने				
15003005033	15003005	यहोवा				
15003005034	15003005	के				
15003005035	15003005	लिए				
15003005036	15003005	स्वेच्छा				
15003005037	15003005	से				
15003005038	15003005	भेंट				
15003005039	15003005	चढ़ाई	y			
15003005040	15003005	।		y		
15003006001	15003006	सातवें				
15003006002	15003006	महीने				
15003006003	15003006	के				
15003006004	15003006	दिन				
15003006005	15003006	एक				
15003006006	15003006	से				
15003006007	15003006	वे				
15003006008	15003006	यहोवा				
15003006009	15003006	के				
15003006010	15003006	लिए				
15003006011	15003006	होमबलि				
15003006012	15003006	चढ़ाने				
15003006013	15003006	लगे	y			
15003006014	15003006	,		y		
15003006015	15003006	परन्तु				
15003006016	15003006	यहोवा				
15003006017	15003006	के				
15003006018	15003006	मन्दिर				
15003006019	15003006	की				
15003006020	15003006	स्थापना				
15003006021	15003006	नहीं				
15003006022	15003006	हुई				
15003006023	15003006	थी	y			
15003006024	15003006	।		y		
15003007001	15003007	और				
15003007002	15003007	उन्होंने				
15003007003	15003007	राजमिस्त्रियों				
15003007004	15003007	और				
15003007005	15003007	बढ़ईयों				
15003007006	15003007	को				
15003007007	15003007	चाँदी				
15003007008	15003007	दी	y			
15003007009	15003007	,		y		
15003007010	15003007	और				
15003007011	15003007	भोजन	y			
15003007012	15003007	,		y		
15003007013	15003007	और				
15003007014	15003007	पानी	y			
15003007015	15003007	,		y		
15003007016	15003007	और				
15003007017	15003007	सीदोनियों				
15003007018	15003007	को				
15003007019	15003007	तेल				
15003007020	15003007	और				
15003007021	15003007	सोरियों				
15003007022	15003007	को	y			
15003007023	15003007	,		y		
15003007024	15003007	देवदार				
15003007025	15003007	के				
15003007026	15003007	वृक्षों				
15003007027	15003007	को				
15003007028	15003007	लबानोन				
15003007029	15003007	से				
15003007030	15003007	याफा				
15003007031	15003007	के				
15003007032	15003007	समुद्र				
15003007033	15003007	में				
15003007034	15003007	ले				
15003007035	15003007	आएँ	y			
15003007036	15003007	,		y		
15003007037	15003007	कुस्रू				
15003007038	15003007	की				
15003007039	15003007	अनुमति				
15003007040	15003007	के				
15003007041	15003007	अनुसार	y			
15003007042	15003007	,		y		
15003007043	15003007	फारस				
15003007044	15003007	के				
15003007045	15003007	राजा	y			
15003007046	15003007	,		y		
15003007047	15003007	ने				
15003007048	15003007	उन्हें				
15003007049	15003007	दिया	y			
15003007050	15003007	।		y		
15003008001	15003008	और				
15003008002	15003008	यरूशलेम				
15003008003	15003008	में				
15003008004	15003008	परमेश्वर				
15003008005	15003008	के				
15003008006	15003008	भवन				
15003008007	15003008	में				
15003008008	15003008	आने				
15003008009	15003008	के				
15003008010	15003008	उनके				
15003008011	15003008	दूसरे				
15003008012	15003008	वर्ष				
15003008013	15003008	में	y			
15003008014	15003008	,		y		
15003008015	15003008	दूसरे				
15003008016	15003008	महीने				
15003008017	15003008	में	y			
15003008018	15003008	,		y		
15003008019	15003008	शालतीएल				
15003008020	15003008	का				
15003008021	15003008	पुत्र				
15003008022	15003008	जरुब्बाबेल	y			
15003008023	15003008	,		y		
15003008024	15003008	और				
15003008025	15003008	योसादाक				
15003008026	15003008	का				
15003008027	15003008	पुत्र				
15003008028	15003008	येशूअ	y			
15003008029	15003008	,		y		
15003008030	15003008	और				
15003008031	15003008	उनके				
15003008032	15003008	बाकी				
15003008033	15003008	भाई				
15003008034	15003008	याजकों				
15003008035	15003008	और				
15003008036	15003008	लेवीयों	y			
15003008037	15003008	,		y		
15003008038	15003008	और				
15003008039	15003008	जितने				
15003008040	15003008	बन्धुवाई				
15003008041	15003008	से				
15003008042	15003008	यरूशलेम				
15003008043	15003008	को				
15003008044	15003008	आए				
15003008045	15003008	वे				
15003008046	15003008	सब				
15003008047	15003008	आरम्भ				
15003008048	15003008	करने				
15003008049	15003008	लगे	y			
15003008050	15003008	,		y		
15003008051	15003008	और				
15003008052	15003008	उन्होंने				
15003008053	15003008	लेवियों				
15003008054	15003008	के				
15003008055	15003008	20				
15003008056	15003008	वर्ष				
15003008057	15003008	की				
15003008058	15003008	आयु				
15003008059	15003008	वाले				
15003008060	15003008	पुत्र				
15003008061	15003008	में				
15003008062	15003008	से				
15003008063	15003008	एक				
15003008064	15003008	और				
15003008065	15003008	उससे				
15003008066	15003008	ऊपर				
15003008067	15003008	वालों				
15003008068	15003008	को				
15003008069	15003008	यहोवा				
15003008070	15003008	के				
15003008071	15003008	भवन				
15003008072	15003008	के				
15003008073	15003008	काम				
15003008074	15003008	में				
15003008075	15003008	निरिक्षकों				
15003008076	15003008	के				
15003008077	15003008	रूप				
15003008078	15003008	में				
15003008079	15003008	कार्य				
15003008080	15003008	करने				
15003008081	15003008	के				
15003008082	15003008	लिए				
15003008083	15003008	नियुक्‍त				
15003008084	15003008	किया	y			
15003008085	15003008	।		y		
15003009001	15003009	और				
15003009002	15003009	येशूअ	y			
15003009003	15003009	,		y		
15003009004	15003009	उसका				
15003009005	15003009	पुत्र				
15003009006	15003009	और				
15003009007	15003009	उसके				
15003009008	15003009	भाई	y			
15003009009	15003009	,		y		
15003009010	15003009	कदमीएल				
15003009011	15003009	और				
15003009012	15003009	उसके				
15003009013	15003009	पुत्र	y			
15003009014	15003009	,		y		
15003009015	15003009	यहूदा				
15003009016	15003009	के				
15003009017	15003009	पुत्र	y			
15003009018	15003009	,		y		
15003009019	15003009	जो				
15003009020	15003009	उनके				
15003009021	15003009	लिए				
15003009022	15003009	निरिक्षक				
15003009023	15003009	के				
15003009024	15003009	रूप				
15003009025	15003009	में				
15003009026	15003009	काम				
15003009027	15003009	करने				
15003009028	15003009	के				
15003009029	15003009	लिए				
15003009030	15003009	एक				
15003009031	15003009	जैसे				
15003009032	15003009	खड़े				
15003009033	15003009	हुए				
15003009034	15003009	जो				
15003009035	15003009	परमेश्वर				
15003009036	15003009	के				
15003009037	15003009	भवन				
15003009038	15003009	का				
15003009039	15003009	काम				
15003009040	15003009	कर				
15003009041	15003009	रहे				
15003009042	15003009	थे	y			
15003009043	15003009	,		y		
15003009044	15003009	हेनादाद				
15003009045	15003009	के				
15003009046	15003009	पुत्र	y			
15003009047	15003009	,		y		
15003009048	15003009	उनके				
15003009049	15003009	पुत्र	y			
15003009050	15003009	,		y		
15003009051	15003009	और				
15003009052	15003009	उनके				
15003009053	15003009	भाई				
15003009054	15003009	लेवीय	y			
15003009055	15003009	।		y		
15003010001	15003010	और				
15003010002	15003010	जो				
15003010003	15003010	बना				
15003010004	15003010	रहे				
15003010005	15003010	थे				
15003010006	15003010	जब				
15003010007	15003010	उन्होंने				
15003010008	15003010	यहोवा				
15003010009	15003010	के				
15003010010	15003010	भवन				
15003010011	15003010	की				
15003010012	15003010	नेव				
15003010013	15003010	डाली	y			
15003010014	15003010	।		y		
15003010015	15003010	और				
15003010016	15003010	उन्होंने				
15003010017	15003010	वस्त्र				
15003010018	15003010	पहिने				
15003010019	15003010	हुए				
15003010020	15003010	याजकों				
15003010021	15003010	को				
15003010022	15003010	तुरहियों				
15003010023	15003010	के				
15003010024	15003010	साथ				
15003010025	15003010	खड़ा				
15003010026	15003010	किया	y			
15003010027	15003010	,		y		
15003010028	15003010	और				
15003010029	15003010	लेवीयों	y			
15003010030	15003010	,		y		
15003010031	15003010	आसाप				
15003010032	15003010	के				
15003010033	15003010	पुत्र	y			
15003010034	15003010	,		y		
15003010035	15003010	झाँझ				
15003010036	15003010	के				
15003010037	15003010	साथ	y			
15003010038	15003010	,		y		
15003010039	15003010	इस्राएल				
15003010040	15003010	के				
15003010041	15003010	राजा	y			
15003010042	15003010	,		y		
15003010043	15003010	दाऊद				
15003010044	15003010	के				
15003010045	15003010	हाथों				
15003010046	15003010	के				
15003010047	15003010	साथ				
15003010048	15003010	यहोवा				
15003010049	15003010	की				
15003010050	15003010	स्तुति				
15003010051	15003010	करने				
15003010052	15003010	के				
15003010053	15003010	लिए	y			
15003010054	15003010	।		y		
15003011001	15003011	फिर				
15003011002	15003011	उन्होंने				
15003011003	15003011	यहोवा				
15003011004	15003011	की				
15003011005	15003011	स्तुति				
15003011006	15003011	और				
15003011007	15003011	धन्यवाद				
15003011008	15003011	करते				
15003011009	15003011	हुए	y			
15003011010	15003011	,		y		
15003011011	15003011	प्रत्युत्तर				
15003011012	15003011	में				
15003011013	15003011	गाया	y			
15003011014	15003011	:		y		
15003011015	15003011	""""	y	y		
15003011016	15003011	क्योंकि				
15003011017	15003011	वह				
15003011018	15003011	भला				
15003011019	15003011	है	y			
15003011020	15003011	,		y		
15003011021	15003011	क्योंकि				
15003011022	15003011	उसकी				
15003011023	15003011	वाचा				
15003011024	15003011	की				
15003011025	15003011	विश्वासयोग्यता				
15003011026	15003011	इस्राएल				
15003011027	15003011	के				
15003011028	15003011	प्रति				
15003011029	15003011	अनन्त				
15003011030	15003011	की				
15003011031	15003011	है	y			
15003011032	15003011	!	y	y		
15003011033	15003011	”		y		
15003011034	15003011	और				
15003011035	15003011	सब				
15003011036	15003011	लोग				
15003011037	15003011	यहोवा				
15003011038	15003011	की				
15003011039	15003011	स्तुति				
15003011040	15003011	में				
15003011041	15003011	ऊँची				
15003011042	15003011	आवाज				
15003011043	15003011	में				
15003011044	15003011	चिल्लाए				
15003011045	15003011	क्योंकि				
15003011046	15003011	यहोवा				
15003011047	15003011	के				
15003011048	15003011	भवन				
15003011049	15003011	की				
15003011050	15003011	नींव				
15003011051	15003011	डाली				
15003011052	15003011	गई				
15003011053	15003011	थी	y			
15003011054	15003011	।		y		
15003012001	15003012	परन्तु				
15003012002	15003012	याजकों				
15003012003	15003012	और				
15003012004	15003012	लेवियों				
15003012005	15003012	और				
15003012006	15003012	पूर्वजों				
15003012007	15003012	के				
15003012008	15003012	प्रधान				
15003012009	15003012	में				
15003012010	15003012	से				
15003012011	15003012	बहुत				
15003012012	15003012	से	y			
15003012013	15003012	,		y		
15003012014	15003012	जिन				
15003012015	15003012	बुज़ुर्गों				
15003012016	15003012	ने				
15003012017	15003012	पहला				
15003012018	15003012	भवन				
15003012019	15003012	देखा				
15003012020	15003012	था	y			
15003012021	15003012	,		y		
15003012022	15003012	इस				
15003012023	15003012	भवन				
15003012024	15003012	की				
15003012025	15003012	स्थापना				
15003012026	15003012	को				
15003012027	15003012	अपनी				
15003012028	15003012	आँखों				
15003012029	15003012	से				
15003012030	15003012	देखा				
15003012031	15003012	तो	y			
15003012032	15003012	,		y		
15003012033	15003012	ऊँची				
15003012034	15003012	आवाज				
15003012035	15003012	से				
15003012036	15003012	रो				
15003012037	15003012	रहे				
15003012038	15003012	थे	y			
15003012039	15003012	।		y		
15003012040	15003012	फिर				
15003012041	15003012	भी				
15003012042	15003012	कई				
15003012043	15003012	चिल्लाते				
15003012044	15003012	हुए	y			
15003012045	15003012	,		y		
15003012046	15003012	आनन्द				
15003012047	15003012	के				
15003012048	15003012	साथ	y			
15003012049	15003012	,		y		
15003012050	15003012	आवाज				
15003012051	15003012	ऊँची				
15003012052	15003012	कर				
15003012053	15003012	रहे				
15003012054	15003012	थे	y			
15003012055	15003012	।		y		
15003013001	15003013	इसलिए				
15003013002	15003013	लोगों				
15003013003	15003013	की				
15003013004	15003013	आनन्द				
15003013005	15003013	से				
15003013006	15003013	चिल्लाने				
15003013007	15003013	की				
15003013008	15003013	आवाज				
15003013009	15003013	को				
15003013010	15003013	लोगों				
15003013011	15003013	के				
15003013012	15003013	रोने				
15003013013	15003013	की				
15003013014	15003013	आवाज				
15003013015	15003013	से				
15003013016	15003013	अलग				
15003013017	15003013	नहीं				
15003013018	15003013	कर				
15003013019	15003013	पाए	y			
15003013020	15003013	।		y		
15003013021	15003013	क्योंकि				
15003013022	15003013	लोग				
15003013023	15003013	ऊँची				
15003013024	15003013	आवाज				
15003013025	15003013	में				
15003013026	15003013	चिल्ला				
15003013027	15003013	रहे				
15003013028	15003013	थे	y			
15003013029	15003013	,		y		
15003013030	15003013	और				
15003013031	15003013	यह				
15003013032	15003013	आवाज				
15003013033	15003013	दूर				
15003013034	15003013	दूर				
15003013035	15003013	तक				
15003013036	15003013	सुनी				
15003013037	15003013	गई	y			
15003013038	15003013	।		y		
15004001001	15004001	अब				
15004001002	15004001	यहूदा				
15004001003	15004001	और				
15004001004	15004001	बिन्यामीन				
15004001005	15004001	के				
15004001006	15004001	शत्रुओं				
15004001007	15004001	ने				
15004001008	15004001	सुना				
15004001009	15004001	कि				
15004001010	15004001	बँधुआई				
15004001011	15004001	के				
15004001012	15004001	पुत्र				
15004001013	15004001	इस्राएल				
15004001014	15004001	के				
15004001015	15004001	परमेश्वर				
15004001016	15004001	यहोवा				
15004001017	15004001	के				
15004001018	15004001	लिए				
15004001019	15004001	मन्दिर				
15004001020	15004001	बना				
15004001021	15004001	रहे				
15004001022	15004001	हैं	y			
15004001023	15004001	,		y		
15004002001	15004002	तब				
15004002002	15004002	वे				
15004002003	15004002	जरुब्बाबेल				
15004002004	15004002	के				
15004002005	15004002	पास				
15004002006	15004002	आए				
15004002007	15004002	और				
15004002008	15004002	पूर्वजों				
15004002009	15004002	के				
15004002010	15004002	प्रधानों				
15004002011	15004002	के				
15004002012	15004002	पास				
15004002013	15004002	और				
15004002014	15004002	उन्होंने				
15004002015	15004002	उनसे				
15004002016	15004002	कहा	y			
15004002017	15004002	,		y		
15004002018	15004002	""""	y	y		
15004002019	15004002	हम				
15004002020	15004002	भी				
15004002021	15004002	तुम्हारे				
15004002022	15004002	साथ				
15004002023	15004002	निर्माण				
15004002024	15004002	करते				
15004002025	15004002	हैं	y			
15004002026	15004002	,		y		
15004002027	15004002	क्योंकि	y			
15004002028	15004002	,		y		
15004002029	15004002	तुम्हारी				
15004002030	15004002	ही				
15004002031	15004002	तरह	y			
15004002032	15004002	,		y		
15004002033	15004002	हम				
15004002034	15004002	तुम्हारे				
15004002035	15004002	परमेश्वर				
15004002036	15004002	की				
15004002037	15004002	खोज				
15004002038	15004002	करते				
15004002039	15004002	हैं				
15004002040	15004002	और				
15004002041	15004002	उसी				
15004002042	15004002	के				
15004002043	15004002	आगे				
15004002044	15004002	हम				
15004002045	15004002	अश्शूर				
15004002046	15004002	के				
15004002047	15004002	राजा				
15004002048	15004002	एसर्हद्दोन				
15004002049	15004002	के				
15004002050	15004002	दिनों				
15004002051	15004002	से				
15004002052	15004002	बलिदान				
15004002053	15004002	करते				
15004002054	15004002	आए				
15004002055	15004002	हैं	y			
15004002056	15004002	,		y		
15004002057	15004002	,		y		
15004002058	15004002	जिसने				
15004002059	15004002	हमें				
15004002060	15004002	यहाँ				
15004002061	15004002	आने				
15004002062	15004002	के				
15004002063	15004002	लिए				
15004002064	15004002	प्रेरित				
15004002065	15004002	किया				
15004002066	15004002	है	y			
15004002067	15004002	।	y	y		
15004002068	15004002	”		y		
15004003001	15004003	लेकिन				
15004003002	15004003	जरुब्बाबेल	y			
15004003003	15004003	,		y		
15004003004	15004003	और				
15004003005	15004003	येशूअ	y			
15004003006	15004003	,		y		
15004003007	15004003	और				
15004003008	15004003	इस्राएल				
15004003009	15004003	के				
15004003010	15004003	पूर्वजों				
15004003011	15004003	के				
15004003012	15004003	शेष				
15004003013	15004003	प्रधानों				
15004003014	15004003	ने				
15004003015	15004003	उनसे				
15004003016	15004003	कहा	y			
15004003017	15004003	,		y		
15004003018	15004003	""""	y	y		
15004003019	15004003	यह				
15004003020	15004003	तुम्हारे				
15004003021	15004003	और				
15004003022	15004003	हमारे				
15004003023	15004003	लिए				
15004003024	15004003	नहीं				
15004003025	15004003	है				
15004003026	15004003	कि				
15004003027	15004003	हम				
15004003028	15004003	अपने				
15004003029	15004003	परमेश्वर				
15004003030	15004003	के				
15004003031	15004003	लिए				
15004003032	15004003	एक				
15004003033	15004003	भवन				
15004003034	15004003	बनाएँ	y			
15004003035	15004003	,		y		
15004003036	15004003	परन्तु				
15004003037	15004003	हम				
15004003038	15004003	सब				
15004003039	15004003	मिलकर				
15004003040	15004003	इस्राएल				
15004003041	15004003	के				
15004003042	15004003	परमेश्वर	y			
15004003043	15004003	,		y		
15004003044	15004003	यहोवा				
15004003045	15004003	के				
15004003046	15004003	लिए				
15004003047	15004003	निर्माण				
15004003048	15004003	करेंगे	y			
15004003049	15004003	,		y		
15004003050	15004003	जैसे				
15004003051	15004003	फारस				
15004003052	15004003	के				
15004003053	15004003	राजा	y			
15004003054	15004003	,		y		
15004003055	15004003	कुस्रू				
15004003056	15004003	राजा	y			
15004003057	15004003	,		y		
15004003058	15004003	ने				
15004003059	15004003	हमें				
15004003060	15004003	आज्ञा				
15004003061	15004003	दी				
15004003062	15004003	है	y			
15004003063	15004003	।	y	y		
15004003064	15004003	""""		y		
15004004001	15004004	और				
15004004002	15004004	ऐसा				
15004004003	15004004	हुआ				
15004004004	15004004	कि				
15004004005	15004004	उस				
15004004006	15004004	देश				
15004004007	15004004	के				
15004004008	15004004	लोग				
15004004009	15004004	यहूदा				
15004004010	15004004	के				
15004004011	15004004	लोगों				
15004004012	15004004	के				
15004004013	15004004	हाथों				
15004004014	15004004	को				
15004004015	15004004	कमजोर				
15004004016	15004004	कर				
15004004017	15004004	रहे				
15004004018	15004004	थे	y			
15004004019	15004004	,		y		
15004004020	15004004	और				
15004004021	15004004	उन्हें				
15004004022	15004004	निर्माण				
15004004023	15004004	करने				
15004004024	15004004	से				
15004004025	15004004	डरा				
15004004026	15004004	रहे				
15004004027	15004004	थे	y			
15004004028	15004004	,		y		
15004005001	15004005	और				
15004005002	15004005	फारस				
15004005003	15004005	के				
15004005004	15004005	राजा				
15004005005	15004005	कुस्रू				
15004005006	15004005	और				
15004005007	15004005	दारा				
15004005008	15004005	के				
15004005009	15004005	शासन				
15004005010	15004005	तक				
15004005011	15004005	के				
15004005012	15004005	सभी				
15004005013	15004005	दिनों				
15004005014	15004005	में				
15004005015	15004005	उनकी				
15004005016	15004005	योजनाओं				
15004005017	15004005	को				
15004005018	15004005	विफल				
15004005019	15004005	करने				
15004005020	15004005	के				
15004005021	15004005	लिए				
15004005022	15004005	उनके				
15004005023	15004005	विरुद्ध				
15004005024	15004005	युक्ति				
15004005025	15004005	करनेवालों				
15004005026	15004005	को				
15004005027	15004005	वेतन				
15004005028	15004005	पर				
15004005029	15004005	रख				
15004005030	15004005	रहे				
15004005031	15004005	थे	y			
15004005032	15004005	,		y		
15004006001	15004006	अब				
15004006002	15004006	क्षयर्ष				
15004006003	15004006	के				
15004006004	15004006	शासन				
15004006005	15004006	में	y			
15004006006	15004006	,		y		
15004006007	15004006	उसके				
15004006008	15004006	शासन				
15004006009	15004006	के				
15004006010	15004006	आरम्भ				
15004006011	15004006	में	y			
15004006012	15004006	,		y		
15004006013	15004006	उन्होंने				
15004006014	15004006	यहूदा				
15004006015	15004006	और				
15004006016	15004006	यरूशलेम				
15004006017	15004006	में				
15004006018	15004006	रहने				
15004006019	15004006	वालों				
15004006020	15004006	पर				
15004006021	15004006	दोषारोपण				
15004006022	15004006	लिखा	y			
15004006023	15004006	।		y		
15004007001	15004007	और				
15004007002	15004007	अर्तक्षत्र				
15004007003	15004007	के				
15004007004	15004007	दिनों				
15004007005	15004007	में	y			
15004007006	15004007	,		y		
15004007007	15004007	बिशलाम	y			
15004007008	15004007	,		y		
15004007009	15004007	मिथ्रदात				
15004007010	15004007	और				
15004007011	15004007	ताबेल				
15004007012	15004007	और				
15004007013	15004007	उसके				
15004007014	15004007	सब				
15004007015	15004007	शेष				
15004007016	15004007	साथियों				
15004007017	15004007	ने				
15004007018	15004007	फारस				
15004007019	15004007	के				
15004007020	15004007	राजा				
15004007021	15004007	अर्तक्षत्र				
15004007022	15004007	को				
15004007023	15004007	लिखा	y			
15004007024	15004007	,		y		
15004007025	15004007	और				
15004007026	15004007	पत्र				
15004007027	15004007	की				
15004007028	15004007	लिपि				
15004007029	15004007	अरामी				
15004007030	15004007	भाषा				
15004007031	15004007	में				
15004007032	15004007	लिखी				
15004007033	15004007	गई				
15004007034	15004007	थी				
15004007035	15004007	और				
15004007036	15004007	अरामी				
15004007037	15004007	में				
15004007038	15004007	अनुवाद				
15004007039	15004007	की				
15004007040	15004007	गई				
15004007041	15004007	थी	y			
15004007042	15004007	।		y		
15004008001	15004008	रहूम	y			
15004008002	15004008	,		y		
15004008003	15004008	राजाज्ञा				
15004008004	15004008	का				
15004008005	15004008	स्वामी	y			
15004008006	15004008	,		y		
15004008007	15004008	और				
15004008008	15004008	शिमशै				
15004008009	15004008	शास्त्री				
15004008010	15004008	ने				
15004008011	15004008	यरूशलेम				
15004008012	15004008	के				
15004008013	15004008	विरुद्ध				
15004008014	15004008	राजा				
15004008015	15004008	अर्तक्षत्र				
15004008016	15004008	को				
15004008017	15004008	एक				
15004008018	15004008	चिट्ठी				
15004008019	15004008	लिखी				
15004008020	15004008	जो				
15004008021	15004008	इस				
15004008022	15004008	प्रकार				
15004008023	15004008	है	y			
15004008024	15004008	:		y		
15004009001	15004009	फिर				
15004009002	15004009	रहूम	y			
15004009003	15004009	,		y		
15004009004	15004009	राजाज्ञा				
15004009005	15004009	का				
15004009006	15004009	स्वामी	y			
15004009007	15004009	,		y		
15004009008	15004009	और				
15004009009	15004009	शिमशै				
15004009010	15004009	शास्त्री	y			
15004009011	15004009	,		y		
15004009012	15004009	और				
15004009013	15004009	उनके				
15004009014	15004009	शेष				
15004009015	15004009	साथी	y			
15004009016	15004009	,		y		
15004009017	15004009	न्यायी				
15004009018	15004009	और				
15004009019	15004009	शासक	y			
15004009020	15004009	,		y		
15004009021	15004009	अधिकारी	y			
15004009022	15004009	,		y		
15004009023	15004009	फारसी	y			
15004009024	15004009	,		y		
15004009025	15004009	एरेकी	y			
15004009026	15004009	,		y		
15004009027	15004009	बाबेली	y			
15004009028	15004009	,		y		
15004009029	15004009	शूशनी				
15004009030	15004009	(	y	y		
15004009031	15004009	अर्थात्	y			
15004009032	15004009	,		y		
15004009033	15004009	एलामी	y			
15004009034	15004009	)		y		
15004010001	15004010	और				
15004010002	15004010	शेष				
15004010003	15004010	राष्ट्र				
15004010004	15004010	जिनके				
15004010005	15004010	लिए				
15004010006	15004010	महान				
15004010007	15004010	ओस्नप्पर				
15004010008	15004010	और				
15004010009	15004010	कुलीन				
15004010010	15004010	बँधुवाई				
15004010011	15004010	का				
15004010012	15004010	कारण				
15004010013	15004010	बना				
15004010014	15004010	और				
15004010015	15004010	वह				
15004010016	15004010	उनके				
15004010017	15004010	लिए				
15004010018	15004010	सामरिया				
15004010019	15004010	के				
15004010020	15004010	नगरों				
15004010021	15004010	में				
15004010022	15004010	बसने				
15004010023	15004010	का				
15004010024	15004010	कारण				
15004010025	15004010	बना	y			
15004010026	15004010	,		y		
15004010027	15004010	और				
15004010028	15004010	शेष				
15004010029	15004010	को				
15004010030	15004010	नदी-के-पार	y			
15004010031	15004010	।		y		
15004010032	15004010	और				
15004010033	15004010	अब	y			
15004010034	15004010	:		y		
15004011001	15004011	(	y	y		
15004011002	15004011	यह				
15004011003	15004011	उस				
15004011004	15004011	पत्र				
15004011005	15004011	की				
15004011006	15004011	प्रति				
15004011007	15004011	है				
15004011008	15004011	जो				
15004011009	15004011	उन्होंने				
15004011010	15004011	उसे				
15004011011	15004011	भेजी				
15004011012	15004011	थी	y			
15004011013	15004011	।	y	y		
15004011014	15004011	)		y		
15004011015	15004011	“	y	y		
15004011016	15004011	राजा				
15004011017	15004011	अर्तक्षत्र				
15004011018	15004011	को	y			
15004011019	15004011	;		y		
15004011020	15004011	तेरे				
15004011021	15004011	सेवक	y			
15004011022	15004011	,		y		
15004011023	15004011	नदी-के-पार				
15004011024	15004011	के				
15004011025	15004011	पुरुष	y			
15004011026	15004011	;		y		
15004011027	15004011	और				
15004011028	15004011	अब	y			
15004011029	15004011	:		y		
15004012001	15004012	राजा				
15004012002	15004012	को				
15004012003	15004012	ज्ञात				
15004012004	15004012	हो				
15004012005	15004012	कि	y			
15004012006	15004012	,		y		
15004012007	15004012	वे				
15004012008	15004012	यहूदी				
15004012009	15004012	जो				
15004012010	15004012	तेरे				
15004012011	15004012	निकट				
15004012012	15004012	से				
15004012013	15004012	ऊपर				
15004012014	15004012	गए				
15004012015	15004012	हैं	y			
15004012016	15004012	,		y		
15004012017	15004012	यरूशलेम				
15004012018	15004012	में				
15004012019	15004012	हमारे				
15004012020	15004012	पास				
15004012021	15004012	आए				
15004012022	15004012	हैं	y			
15004012023	15004012	।		y		
15004012024	15004012	विद्रोही				
15004012025	15004012	और				
15004012026	15004012	दुष्ट				
15004012027	15004012	शहर				
15004012028	15004012	का				
15004012029	15004012	पुनर्निर्माण				
15004012030	15004012	कर				
15004012031	15004012	रहे				
15004012032	15004012	हैं	y			
15004012033	15004012	,		y		
15004012034	15004012	वे				
15004012035	15004012	दीवारों				
15004012036	15004012	को				
15004012037	15004012	पूरा				
15004012038	15004012	कर				
15004012039	15004012	रहे				
15004012040	15004012	हैं				
15004012041	15004012	और				
15004012042	15004012	नींवों				
15004012043	15004012	की				
15004012044	15004012	मरम्मत				
15004012045	15004012	कर				
15004012046	15004012	रहे				
15004012047	15004012	हैं	y			
15004012048	15004012	।		y		
15004013001	15004013	अब				
15004013002	15004013	राजा				
15004013003	15004013	को				
15004013004	15004013	यह				
15004013005	15004013	मालूम				
15004013006	15004013	हो				
15004013007	15004013	कि				
15004013008	15004013	यदि				
15004013009	15004013	वह				
15004013010	15004013	नगर				
15004013011	15004013	बन				
15004013012	15004013	जाता				
15004013013	15004013	है				
15004013014	15004013	और				
15004013015	15004013	दीवारें				
15004013016	15004013	पूरी				
15004013017	15004013	हो				
15004013018	15004013	जाती				
15004013019	15004013	हैं	y			
15004013020	15004013	,		y		
15004013021	15004013	वे				
15004013022	15004013	कर				
15004013023	15004013	नहीं				
15004013024	15004013	देंगे	y			
15004013025	15004013	,		y		
15004013026	15004013	श्रद्धांजलि	y			
15004013027	15004013	,		y		
15004013028	15004013	या				
15004013029	15004013	राहदारी	y			
15004013030	15004013	,		y		
15004013031	15004013	और				
15004013032	15004013	राजाओं				
15004013033	15004013	के				
15004013034	15004013	राजस्व				
15004013035	15004013	को				
15004013036	15004013	नुकसान				
15004013037	15004013	होगा	y			
15004013038	15004013	।		y		
15004014001	15004014	अब	y			
15004014002	15004014	,		y		
15004014003	15004014	क्योंकि				
15004014004	15004014	हम				
15004014005	15004014	ने				
15004014006	15004014	महल				
15004014007	15004014	का				
15004014008	15004014	नमक				
15004014009	15004014	खाया				
15004014010	15004014	है	y			
15004014011	15004014	,		y		
15004014012	15004014	और				
15004014013	15004014	राजा				
15004014014	15004014	का				
15004014015	15004014	अनादर				
15004014016	15004014	देखना				
15004014017	15004014	हमारे				
15004014018	15004014	लिए				
15004014019	15004014	उचित				
15004014020	15004014	नहीं	y			
15004014021	15004014	,		y		
15004014022	15004014	इस				
15004014023	15004014	कारण				
15004014024	15004014	हम				
15004014025	15004014	ने				
15004014026	15004014	भेजा				
15004014027	15004014	और				
15004014028	15004014	राजा				
15004014029	15004014	को				
15004014030	15004014	विदित				
15004014031	15004014	कराया				
15004014032	15004014	है	y			
15004014033	15004014	,		y		
15004015001	15004015	ताकि				
15004015002	15004015	वह				
15004015003	15004015	तेरे				
15004015004	15004015	पूर्वजों				
15004015005	15004015	के				
15004015006	15004015	अभिलेखों				
15004015007	15004015	की				
15004015008	15004015	पुस्तक				
15004015009	15004015	में				
15004015010	15004015	ढूंढे	y			
15004015011	15004015	।		y		
15004015012	15004015	और				
15004015013	15004015	तू				
15004015014	15004015	अभिलेखों				
15004015015	15004015	की				
15004015016	15004015	पुस्तक				
15004015017	15004015	में				
15004015018	15004015	पाएगा				
15004015019	15004015	और				
15004015020	15004015	जानेगा				
15004015021	15004015	कि				
15004015022	15004015	वह				
15004015023	15004015	नगर				
15004015024	15004015	एक				
15004015025	15004015	विद्रोही				
15004015026	15004015	नगर				
15004015027	15004015	है				
15004015028	15004015	और				
15004015029	15004015	एक				
15004015030	15004015	जिसने				
15004015031	15004015	राजाओं				
15004015032	15004015	और				
15004015033	15004015	प्रान्तों				
15004015034	15004015	की				
15004015035	15004015	हानि				
15004015036	15004015	की				
15004015037	15004015	है	y			
15004015038	15004015	,		y		
15004015039	15004015	और				
15004015040	15004015	वे				
15004015041	15004015	उसके				
15004015042	15004015	बीच				
15004015043	15004015	में				
15004015044	15004015	प्राचीनकाल				
15004015045	15004015	से				
15004015046	15004015	विद्रोह				
15004015047	15004015	करते				
15004015048	15004015	आए				
15004015049	15004015	हैं	y			
15004015050	15004015	।		y		
15004015051	15004015	इस				
15004015052	15004015	कारण	y			
15004015053	15004015	,		y		
15004015054	15004015	उस				
15004015055	15004015	नगर				
15004015056	15004015	को				
15004015057	15004015	नष्ट				
15004015058	15004015	कर				
15004015059	15004015	दिया				
15004015060	15004015	गया				
15004015061	15004015	था	y			
15004015062	15004015	।		y		
15004016001	15004016	हम				
15004016002	15004016	राजा				
15004016003	15004016	को				
15004016004	15004016	बता				
15004016005	15004016	रहे				
15004016006	15004016	हैं				
15004016007	15004016	कि				
15004016008	15004016	यदि				
15004016009	15004016	वह				
15004016010	15004016	नगर				
15004016011	15004016	बनता				
15004016012	15004016	है				
15004016013	15004016	और				
15004016014	15004016	दीवारें				
15004016015	15004016	पूरी				
15004016016	15004016	हो				
15004016017	15004016	जाती				
15004016018	15004016	हैं	y			
15004016019	15004016	,		y		
15004016020	15004016	इस				
15004016021	15004016	कारण				
15004016022	15004016	नदी-के-पार				
15004016023	15004016	तेरा				
15004016024	15004016	कोई				
15004016025	15004016	हिस्सा				
15004016026	15004016	न				
15004016027	15004016	होगा	y			
15004016028	15004016	।	y	y		
15004016029	15004016	”		y		
15004017001	15004017	राजा				
15004017002	15004017	ने				
15004017003	15004017	उत्तर				
15004017004	15004017	भेजा	y			
15004017005	15004017	:		y		
15004017006	15004017	""""	y	y		
15004017007	15004017	रहूम				
15004017008	15004017	को	y			
15004017009	15004017	,		y		
15004017010	15004017	राजज्ञा				
15004017011	15004017	का				
15004017012	15004017	स्वामी	y			
15004017013	15004017	,		y		
15004017014	15004017	और				
15004017015	15004017	शिमशै				
15004017016	15004017	शास्त्री	y			
15004017017	15004017	,		y		
15004017018	15004017	और				
15004017019	15004017	उनके				
15004017020	15004017	शेष				
15004017021	15004017	साथी				
15004017022	15004017	जो				
15004017023	15004017	सामरिया				
15004017024	15004017	में				
15004017025	15004017	रहते				
15004017026	15004017	हैं	y			
15004017027	15004017	,		y		
15004017028	15004017	और				
15004017029	15004017	नदी-के-पार				
15004017030	15004017	शेष	y			
15004017031	15004017	:		y		
15004017032	15004017	शांति	y			
15004017033	15004017	।		y		
15004017034	15004017	और				
15004017035	15004017	अब	y			
15004017036	15004017	:		y		
15004018001	15004018	जिस				
15004018002	15004018	पत्र				
15004018003	15004018	को				
15004018004	15004018	तुमने				
15004018005	15004018	हमे				
15004018006	15004018	भेजा				
15004018007	15004018	है				
15004018008	15004018	उसे				
15004018009	15004018	मेरे				
15004018010	15004018	आगे				
15004018011	15004018	ऊँची				
15004018012	15004018	आवाज				
15004018013	15004018	में				
15004018014	15004018	सावधानी				
15004018015	15004018	से				
15004018016	15004018	पढ़ा				
15004018017	15004018	गया				
15004018018	15004018	है	y			
15004018019	15004018	।		y		
15004019001	15004019	इसलिए				
15004019002	15004019	मेरी				
15004019003	15004019	ओर				
15004019004	15004019	से				
15004019005	15004019	एक				
15004019006	15004019	राजज्ञा				
15004019007	15004019	दी				
15004019008	15004019	गई				
15004019009	15004019	थी	y			
15004019010	15004019	,		y		
15004019011	15004019	और				
15004019012	15004019	उन्होंने				
15004019013	15004019	ढूंढा				
15004019014	15004019	और				
15004019015	15004019	पाया				
15004019016	15004019	कि				
15004019017	15004019	वह				
15004019018	15004019	नगर				
15004019019	15004019	प्राचीनकाल				
15004019020	15004019	से				
15004019021	15004019	राजाओं				
15004019022	15004019	के				
15004019023	15004019	विरुद्ध				
15004019024	15004019	उठ				
15004019025	15004019	खड़ा				
15004019026	15004019	होता				
15004019027	15004019	है				
15004019028	15004019	और				
15004019029	15004019	विद्रोह				
15004019030	15004019	और				
15004019031	15004019	उसमें				
15004019032	15004019	बलवा				
15004019033	15004019	किया				
15004019034	15004019	गया				
15004019035	15004019	है	y			
15004019036	15004019	।		y		
15004020001	15004020	और				
15004020002	15004020	यरूशलेम				
15004020003	15004020	के				
15004020004	15004020	ऊपर				
15004020005	15004020	शक्तिशाली				
15004020006	15004020	राजा				
15004020007	15004020	थे	y			
15004020008	15004020	,		y		
15004020009	15004020	यहाँ				
15004020010	15004020	तक				
15004020011	15004020	कि				
15004020012	15004020	नदी-के-पार				
15004020013	15004020	के				
15004020014	15004020	सारे				
15004020015	15004020	शासकों				
15004020016	15004020	पर				
15004020017	15004020	भी	y			
15004020018	15004020	;		y		
15004020019	15004020	और				
15004020020	15004020	कर	y			
15004020021	15004020	,		y		
15004020022	15004020	श्रद्धांजलि	y			
15004020023	15004020	,		y		
15004020024	15004020	और				
15004020025	15004020	राहदारी				
15004020026	15004020	उन्हें				
15004020027	15004020	भुगतान				
15004020028	15004020	की				
15004020029	15004020	जाती				
15004020030	15004020	थी	y			
15004020031	15004020	।		y		
15004021001	15004021	अब	y			
15004021002	15004021	,		y		
15004021003	15004021	इन				
15004021004	15004021	लोगों				
15004021005	15004021	को				
15004021006	15004021	रोकने				
15004021007	15004021	के				
15004021008	15004021	लिए				
15004021009	15004021	एक				
15004021010	15004021	राजाज्ञा				
15004021011	15004021	दे	y			
15004021012	15004021	,		y		
15004021013	15004021	ताकि				
15004021014	15004021	जब				
15004021015	15004021	तक				
15004021016	15004021	मेरी				
15004021017	15004021	ओर				
15004021018	15004021	से				
15004021019	15004021	राजज्ञा				
15004021020	15004021	न				
15004021021	15004021	दी				
15004021022	15004021	जाए				
15004021023	15004021	तब				
15004021024	15004021	तक				
15004021025	15004021	वह				
15004021026	15004021	नगर				
15004021027	15004021	फिर				
15004021028	15004021	से				
15004021029	15004021	न				
15004021030	15004021	बसाया				
15004021031	15004021	जाए	y			
15004021032	15004021	।		y		
15004022001	15004022	और				
15004022002	15004022	इस				
15004022003	15004022	संबंध				
15004022004	15004022	में				
15004022005	15004022	ढिलाई				
15004022006	15004022	से				
15004022007	15004022	सावधान				
15004022008	15004022	रहें	y			
15004022009	15004022	।		y		
15004022010	15004022	क्यों				
15004022011	15004022	नुकसान				
15004022012	15004022	राजाओं				
15004022013	15004022	की				
15004022014	15004022	हानि				
15004022015	15004022	के				
15004022016	15004022	लिए				
15004022017	15004022	बढ़ना				
15004022018	15004022	चाहिए	y			
15004022019	15004022	?	y	y		
15004022020	15004022	”		y		
15004023001	15004023	तब				
15004023002	15004023	जब				
15004023003	15004023	राजा				
15004023004	15004023	अर्तक्षत्र				
15004023005	15004023	के				
15004023006	15004023	पत्र				
15004023007	15004023	की				
15004023008	15004023	प्रति				
15004023009	15004023	रहूम				
15004023010	15004023	और				
15004023011	15004023	शिमशै				
15004023012	15004023	शास्त्री	y			
15004023013	15004023	,		y		
15004023014	15004023	और				
15004023015	15004023	उनके				
15004023016	15004023	साथी				
15004023017	15004023	के				
15004023018	15004023	आगे				
15004023019	15004023	ऊँची				
15004023020	15004023	आवाज				
15004023021	15004023	से				
15004023022	15004023	पढ़ी				
15004023023	15004023	गई	y			
15004023024	15004023	,		y		
15004023025	15004023	तब				
15004023026	15004023	वे				
15004023027	15004023	फुर्ती				
15004023028	15004023	से				
15004023029	15004023	यहूदियों				
15004023030	15004023	के				
15004023031	15004023	साम्हने				
15004023032	15004023	यरूशलेम				
15004023033	15004023	को				
15004023034	15004023	गए	y			
15004023035	15004023	,		y		
15004023036	15004023	और				
15004023037	15004023	उन्होंने				
15004023038	15004023	एक				
15004023039	15004023	हाथ				
15004023040	15004023	के				
15004023041	15004023	और				
15004023042	15004023	सामर्थ्य				
15004023043	15004023	द्वारा				
15004023044	15004023	उनको				
15004023045	15004023	रोक				
15004023046	15004023	लिया	y			
15004023047	15004023	।		y		
15004024001	15004024	उस				
15004024002	15004024	समय				
15004024003	15004024	परमेश्वर				
15004024004	15004024	के				
15004024005	15004024	भवन				
15004024006	15004024	का				
15004024007	15004024	जो				
15004024008	15004024	काम				
15004024009	15004024	यरूशलेम				
15004024010	15004024	में				
15004024011	15004024	है	y			
15004024012	15004024	,		y		
15004024013	15004024	रुक				
15004024014	15004024	गया	y			
15004024015	15004024	,		y		
15004024016	15004024	और				
15004024017	15004024	वह				
15004024018	15004024	फारस				
15004024019	15004024	के				
15004024020	15004024	राजा				
15004024021	15004024	दारा				
15004024022	15004024	के				
15004024023	15004024	शासन				
15004024024	15004024	के				
15004024025	15004024	दूसरे				
15004024026	15004024	वर्ष				
15004024027	15004024	तक				
15004024028	15004024	रुका				
15004024029	15004024	रहा	y			
15004024030	15004024	।		y		
15005001001	15005001	तब				
15005001002	15005001	भविष्यद्वक्ता	y			
15005001003	15005001	,		y		
15005001004	15005001	हाग्गै				
15005001005	15005001	भविष्यद्वक्ता				
15005001006	15005001	और				
15005001007	15005001	इद्दो				
15005001008	15005001	के				
15005001009	15005001	पुत्र	y			
15005001010	15005001	,		y		
15005001011	15005001	जकर्याह	y			
15005001012	15005001	,		y		
15005001013	15005001	ने				
15005001014	15005001	यहूदा				
15005001015	15005001	में				
15005001016	15005001	यहूदियों				
15005001017	15005001	से				
15005001018	15005001	भविष्यद्वाणी				
15005001019	15005001	की				
15005001020	15005001	और				
15005001021	15005001	यरूशलेम				
15005001022	15005001	में				
15005001023	15005001	इस्राएल				
15005001024	15005001	के				
15005001025	15005001	परमेश्वर				
15005001026	15005001	के				
15005001027	15005001	नाम				
15005001028	15005001	से				
15005001029	15005001	जो				
15005001030	15005001	उन				
15005001031	15005001	पर				
15005001032	15005001	प्रधान				
15005001033	15005001	थे	y			
15005001034	15005001	।		y		
15005002001	15005002	तब				
15005002002	15005002	जरुब्बाबेल	y			
15005002003	15005002	,		y		
15005002004	15005002	शालतीएल				
15005002005	15005002	का				
15005002006	15005002	पुत्र	y			
15005002007	15005002	,		y		
15005002008	15005002	और				
15005002009	15005002	येशूअ	y			
15005002010	15005002	,		y		
15005002011	15005002	योसादाक				
15005002012	15005002	का				
15005002013	15005002	पुत्र	y			
15005002014	15005002	,		y		
15005002015	15005002	खड़ा				
15005002016	15005002	हुआ				
15005002017	15005002	और				
15005002018	15005002	परमेश्वर				
15005002019	15005002	के				
15005002020	15005002	भवन				
15005002021	15005002	को				
15005002022	15005002	बनाने				
15005002023	15005002	लगा	y			
15005002024	15005002	,		y		
15005002025	15005002	जो				
15005002026	15005002	यरूशलेम				
15005002027	15005002	में				
15005002028	15005002	है	y			
15005002029	15005002	,		y		
15005002030	15005002	और				
15005002031	15005002	परमेश्वर				
15005002032	15005002	के				
15005002033	15005002	भविष्यद्वक्ता				
15005002034	15005002	उनके				
15005002035	15005002	साथ				
15005002036	15005002	थे	y			
15005002037	15005002	,		y		
15005002038	15005002	उनका				
15005002039	15005002	समर्थन				
15005002040	15005002	कर				
15005002041	15005002	रहे				
15005002042	15005002	थे	y			
15005002043	15005002	।		y		
15005003001	15005003	उस				
15005003002	15005003	समय	y			
15005003003	15005003	,		y		
15005003004	15005003	तत्तनै	y			
15005003005	15005003	,		y		
15005003006	15005003	नदी-के-पार				
15005003007	15005003	का				
15005003008	15005003	राज्यपाल	y			
15005003009	15005003	,		y		
15005003010	15005003	और				
15005003011	15005003	शतर्बोजनै	y			
15005003012	15005003	,		y		
15005003013	15005003	और				
15005003014	15005003	उनके				
15005003015	15005003	साथी				
15005003016	15005003	उनके				
15005003017	15005003	पास				
15005003018	15005003	आए				
15005003019	15005003	और				
15005003020	15005003	उनसे				
15005003021	15005003	इस				
15005003022	15005003	प्रकार				
15005003023	15005003	बात				
15005003024	15005003	की	y			
15005003025	15005003	,		y		
15005003026	15005003	“	y	y		
15005003027	15005003	किसने				
15005003028	15005003	तुम्हें				
15005003029	15005003	इस				
15005003030	15005003	घर				
15005003031	15005003	को				
15005003032	15005003	बनाने				
15005003033	15005003	और				
15005003034	15005003	इस				
15005003035	15005003	ढाँचे				
15005003036	15005003	को				
15005003037	15005003	पूरा				
15005003038	15005003	करने				
15005003039	15005003	की				
15005003040	15005003	आज्ञा				
15005003041	15005003	दी				
15005003042	15005003	है	y			
15005003043	15005003	?	y	y		
15005003044	15005003	""""		y		
15005004001	15005004	फिर				
15005004002	15005004	उसी				
15005004003	15005004	अनुसार				
15005004004	15005004	हमने				
15005004005	15005004	उन				
15005004006	15005004	से				
15005004007	15005004	कहा	y			
15005004008	15005004	,		y		
15005004009	15005004	""""	y	y		
15005004010	15005004	उन				
15005004011	15005004	लोगों				
15005004012	15005004	के				
15005004013	15005004	नाम				
15005004014	15005004	क्या				
15005004015	15005004	हैं				
15005004016	15005004	जो				
15005004017	15005004	इस				
15005004018	15005004	भवन				
15005004019	15005004	का				
15005004020	15005004	निर्माण				
15005004021	15005004	कर				
15005004022	15005004	रहे				
15005004023	15005004	हैं	y			
15005004024	15005004	?	y	y		
15005004025	15005004	""""		y		
15005005001	15005005	परन्तु				
15005005002	15005005	परमेश्वर				
15005005003	15005005	की				
15005005004	15005005	दृष्टि				
15005005005	15005005	यहूदियों				
15005005006	15005005	के				
15005005007	15005005	पुरनियों				
15005005008	15005005	पर				
15005005009	15005005	थी	y			
15005005010	15005005	,		y		
15005005011	15005005	और				
15005005012	15005005	जब				
15005005013	15005005	तक				
15005005014	15005005	दारा				
15005005015	15005005	तक				
15005005016	15005005	समाचार				
15005005017	15005005	नहीं				
15005005018	15005005	पहुँचा				
15005005019	15005005	तब				
15005005020	15005005	तक				
15005005021	15005005	उन्होंने				
15005005022	15005005	उन्हें				
15005005023	15005005	न				
15005005024	15005005	रोका				
15005005025	15005005	और				
15005005026	15005005	फिर				
15005005027	15005005	उन्होंने				
15005005028	15005005	इस				
15005005029	15005005	विषय				
15005005030	15005005	के				
15005005031	15005005	संबंध				
15005005032	15005005	में				
15005005033	15005005	पत्र				
15005005034	15005005	लौटा				
15005005035	15005005	दिया	y			
15005005036	15005005	।		y		
15005006001	15005006	पत्र				
15005006002	15005006	की				
15005006003	15005006	एक				
15005006004	15005006	प्रति				
15005006005	15005006	जिसे				
15005006006	15005006	तत्तनै	y			
15005006007	15005006	,		y		
15005006008	15005006	नदी-के-पार				
15005006009	15005006	का				
15005006010	15005006	राज्यपाल	y			
15005006011	15005006	,		y		
15005006012	15005006	और				
15005006013	15005006	शतर्बोजनै				
15005006014	15005006	और				
15005006015	15005006	उसके				
15005006016	15005006	साथी	y			
15005006017	15005006	,		y		
15005006018	15005006	अधिकारी				
15005006019	15005006	जो				
15005006020	15005006	नदी				
15005006021	15005006	के				
15005006022	15005006	पार				
15005006023	15005006	थे	y			
15005006024	15005006	,		y		
15005006025	15005006	दारा				
15005006026	15005006	राजा				
15005006027	15005006	के				
15005006028	15005006	पास				
15005006029	15005006	भेजा	y			
15005006030	15005006	।		y		
15005007001	15005007	उन्होंने				
15005007002	15005007	उसके				
15005007003	15005007	पास				
15005007004	15005007	समाचार				
15005007005	15005007	भेजा				
15005007006	15005007	और				
15005007007	15005007	उसमें				
15005007008	15005007	इस				
15005007009	15005007	प्रकार				
15005007010	15005007	लिखा				
15005007011	15005007	था	y			
15005007012	15005007	:		y		
15005007013	15005007	“	y	y		
15005007014	15005007	राजा				
15005007015	15005007	दारा				
15005007016	15005007	को	y			
15005007017	15005007	:		y		
15005007018	15005007	सारी				
15005007019	15005007	शांति	y			
15005007020	15005007	।		y		
15005008001	15005008	राजा				
15005008002	15005008	को				
15005008003	15005008	मालूम				
15005008004	15005008	हो				
15005008005	15005008	कि				
15005008006	15005008	हम				
15005008007	15005008	यहूदा				
15005008008	15005008	को				
15005008009	15005008	गए				
15005008010	15005008	थे	y			
15005008011	15005008	,		y		
15005008012	15005008	प्रान्त	y			
15005008013	15005008	,		y		
15005008014	15005008	महान				
15005008015	15005008	परमेश्वर				
15005008016	15005008	के				
15005008017	15005008	घर				
15005008018	15005008	में	y			
15005008019	15005008	,		y		
15005008020	15005008	और				
15005008021	15005008	यह				
15005008022	15005008	बड़े				
15005008023	15005008	पत्थरों				
15005008024	15005008	से				
15005008025	15005008	बनाया				
15005008026	15005008	जा				
15005008027	15005008	रहा				
15005008028	15005008	है	y			
15005008029	15005008	,		y		
15005008030	15005008	और				
15005008031	15005008	दीवारों				
15005008032	15005008	में				
15005008033	15005008	लकड़ी				
15005008034	15005008	लगाई				
15005008035	15005008	जा				
15005008036	15005008	रही				
15005008037	15005008	है	y			
15005008038	15005008	।		y		
15005008039	15005008	और				
15005008040	15005008	यह				
15005008041	15005008	काम				
15005008042	15005008	पूरी				
15005008043	15005008	लगन				
15005008044	15005008	से				
15005008045	15005008	किया				
15005008046	15005008	जा				
15005008047	15005008	रहा				
15005008048	15005008	है				
15005008049	15005008	और				
15005008050	15005008	उनके				
15005008051	15005008	हाथ				
15005008052	15005008	में				
15005008053	15005008	सफल				
15005008054	15005008	हो				
15005008055	15005008	रहा				
15005008056	15005008	है	y			
15005008057	15005008	।		y		
15005009001	15005009	फिर				
15005009002	15005009	हमने				
15005009003	15005009	इन				
15005009004	15005009	पुरनियों				
15005009005	15005009	से				
15005009006	15005009	पूछा	y			
15005009007	15005009	,		y		
15005009008	15005009	हमने				
15005009009	15005009	उनसे				
15005009010	15005009	ऐसा				
15005009011	15005009	कहा	y			
15005009012	15005009	,		y		
15005009013	15005009	'किसने				
15005009014	15005009	तुम्हें				
15005009015	15005009	इस				
15005009016	15005009	घर				
15005009017	15005009	को				
15005009018	15005009	बनाने				
15005009019	15005009	की				
15005009020	15005009	आज्ञा				
15005009021	15005009	दी				
15005009022	15005009	है'				
15005009023	15005009	और				
15005009024	15005009	इस				
15005009025	15005009	ढाँचे				
15005009026	15005009	को				
15005009027	15005009	पूरा				
15005009028	15005009	करने				
15005009029	15005009	की	y			
15005009030	15005009	?	y	y		
15005009031	15005009	'		y		
15005010001	15005010	और				
15005010002	15005010	हमने				
15005010003	15005010	उनसे				
15005010004	15005010	उनके				
15005010005	15005010	नाम				
15005010006	15005010	भी				
15005010007	15005010	पूछे	y			
15005010008	15005010	,		y		
15005010009	15005010	तुझे				
15005010010	15005010	बताने				
15005010011	15005010	के				
15005010012	15005010	लिए	y			
15005010013	15005010	,		y		
15005010014	15005010	ताकि				
15005010015	15005010	हम				
15005010016	15005010	उन				
15005010017	15005010	पुरुषों				
15005010018	15005010	के				
15005010019	15005010	नाम				
15005010020	15005010	लिख				
15005010021	15005010	सकें				
15005010022	15005010	जो				
15005010023	15005010	उनके				
15005010024	15005010	सिर				
15005010025	15005010	पर				
15005010026	15005010	थे	y			
15005010027	15005010	।		y		
15005011001	15005011	और				
15005011002	15005011	इस				
15005011003	15005011	प्रकार				
15005011004	15005011	का				
15005011005	15005011	उत्तर				
15005011006	15005011	देते				
15005011007	15005011	हुए	y			
15005011008	15005011	,		y		
15005011009	15005011	उन्होंने				
15005011010	15005011	हमें				
15005011011	15005011	लौटा				
15005011012	15005011	दिया				
15005011013	15005011	है	y			
15005011014	15005011	,		y		
15005011015	15005011	'हम				
15005011016	15005011	उसके				
15005011017	15005011	सेवक				
15005011018	15005011	हैं				
15005011019	15005011	जो				
15005011020	15005011	स्वर्ग				
15005011021	15005011	और				
15005011022	15005011	पृथ्वी				
15005011023	15005011	का				
15005011024	15005011	परमेश्वर				
15005011025	15005011	है	y			
15005011026	15005011	,		y		
15005011027	15005011	और				
15005011028	15005011	हम				
15005011029	15005011	भवन				
15005011030	15005011	को				
15005011031	15005011	बना				
15005011032	15005011	रहे				
15005011033	15005011	हैं				
15005011034	15005011	जिसे				
15005011035	15005011	इसके				
15005011036	15005011	बहुत				
15005011037	15005011	वर्षों				
15005011038	15005011	पहले				
15005011039	15005011	बनाया				
15005011040	15005011	था	y			
15005011041	15005011	,		y		
15005011042	15005011	और				
15005011043	15005011	इस्राएल				
15005011044	15005011	के				
15005011045	15005011	एक				
15005011046	15005011	महान				
15005011047	15005011	राजा				
15005011048	15005011	ने				
15005011049	15005011	उसे				
15005011050	15005011	बनाया				
15005011051	15005011	और				
15005011052	15005011	पूरा				
15005011053	15005011	किया				
15005011054	15005011	था	y			
15005011055	15005011	।		y		
15005012001	15005012	तौभी	y			
15005012002	15005012	,		y		
15005012003	15005012	इस				
15005012004	15005012	कारण				
15005012005	15005012	से	y			
15005012006	15005012	,		y		
15005012007	15005012	कि				
15005012008	15005012	हमारे				
15005012009	15005012	पूर्वजों				
15005012010	15005012	ने				
15005012011	15005012	स्वर्ग				
15005012012	15005012	के				
15005012013	15005012	परमेश्वर				
15005012014	15005012	को				
15005012015	15005012	क्रोधित				
15005012016	15005012	किया	y			
15005012017	15005012	,		y		
15005012018	15005012	उसने				
15005012019	15005012	उन्हें				
15005012020	15005012	नबूकदनेस्सर	y			
15005012021	15005012	,		y		
15005012022	15005012	बाबेल				
15005012023	15005012	के				
15005012024	15005012	राजा				
15005012025	15005012	के				
15005012026	15005012	हाथ				
15005012027	15005012	में				
15005012028	15005012	दे				
15005012029	15005012	दिया	y			
15005012030	15005012	,		y		
15005012031	15005012	कसदियों	y			
15005012032	15005012	,		y		
15005012033	15005012	और				
15005012034	15005012	उसने				
15005012035	15005012	इस				
15005012036	15005012	घर				
15005012037	15005012	को				
15005012038	15005012	नष्ट				
15005012039	15005012	कर				
15005012040	15005012	दिया				
15005012041	15005012	और				
15005012042	15005012	लोगों				
15005012043	15005012	को				
15005012044	15005012	बाबेल				
15005012045	15005012	की				
15005012046	15005012	बंधुआई				
15005012047	15005012	में				
15005012048	15005012	डाल				
15005012049	15005012	दिया	y			
15005012050	15005012	।		y		
15005013001	15005013	पर				
15005013002	15005013	बाबेल				
15005013003	15005013	के				
15005013004	15005013	राजा	y			
15005013005	15005013	,		y		
15005013006	15005013	कुस्रू				
15005013007	15005013	के				
15005013008	15005013	वर्ष				
15005013009	15005013	एक				
15005013010	15005013	में	y			
15005013011	15005013	,		y		
15005013012	15005013	राजा				
15005013013	15005013	कुस्रू				
15005013014	15005013	ने				
15005013015	15005013	परमेश्वर				
15005013016	15005013	के				
15005013017	15005013	इस				
15005013018	15005013	घर				
15005013019	15005013	को				
15005013020	15005013	बनाने				
15005013021	15005013	की				
15005013022	15005013	राजज्ञा				
15005013023	15005013	दी	y			
15005013024	15005013	।		y		
15005014001	15005014	और				
15005014002	15005014	परमेश्वर				
15005014003	15005014	के				
15005014004	15005014	घर				
15005014005	15005014	के				
15005014006	15005014	पात्र				
15005014007	15005014	भी	y			
15005014008	15005014	,		y		
15005014009	15005014	सोने				
15005014010	15005014	और				
15005014011	15005014	चाँदी				
15005014012	15005014	के	y			
15005014013	15005014	,		y		
15005014014	15005014	जिन्हें				
15005014015	15005014	नबूकदनेस्सर				
15005014016	15005014	ने				
15005014017	15005014	मन्दिर				
15005014018	15005014	में				
15005014019	15005014	से				
15005014020	15005014	निकाल				
15005014021	15005014	लिया				
15005014022	15005014	जो				
15005014023	15005014	यरूशलेम				
15005014024	15005014	में				
15005014025	15005014	था				
15005014026	15005014	और				
15005014027	15005014	उन्हें				
15005014028	15005014	बाबेल				
15005014029	15005014	के				
15005014030	15005014	मन्दिर				
15005014031	15005014	में				
15005014032	15005014	ले				
15005014033	15005014	आया				
15005014034	15005014	था	y			
15005014035	15005014	।		y		
15005014036	15005014	राजा				
15005014037	15005014	कुस्रू				
15005014038	15005014	ने				
15005014039	15005014	उन्हें				
15005014040	15005014	बाबेल				
15005014041	15005014	के				
15005014042	15005014	मन्दिर				
15005014043	15005014	से				
15005014044	15005014	लेते				
15005014045	15005014	हुए				
15005014046	15005014	बाहर				
15005014047	15005014	निकाला				
15005014048	15005014	और				
15005014049	15005014	उस				
15005014050	15005014	एक				
15005014051	15005014	को				
15005014052	15005014	दिए				
15005014053	15005014	गए	y			
15005014054	15005014	,		y		
15005014055	15005014	जिसका				
15005014056	15005014	नाम				
15005014057	15005014	शेशबस्सर				
15005014058	15005014	था	y			
15005014059	15005014	,		y		
15005014060	15005014	जिसे				
15005014061	15005014	उसे				
15005014062	15005014	राज्यपाल				
15005014063	15005014	ठहराया				
15005014064	15005014	था	y			
15005014065	15005014	।		y		
15005015001	15005015	तब				
15005015002	15005015	उसने				
15005015003	15005015	उससे				
15005015004	15005015	कहा	y			
15005015005	15005015	,		y		
15005015006	15005015	“	y	y		
15005015007	15005015	इन				
15005015008	15005015	पात्रों				
15005015009	15005015	को				
15005015010	15005015	ले				
15005015011	15005015	ले	y			
15005015012	15005015	।		y		
15005015013	15005015	जाकर				
15005015014	15005015	इन्हें				
15005015015	15005015	मन्दिर				
15005015016	15005015	में				
15005015017	15005015	जमा				
15005015018	15005015	कर	y			
15005015019	15005015	,		y		
15005015020	15005015	जो				
15005015021	15005015	यरूशलेम				
15005015022	15005015	में				
15005015023	15005015	है	y			
15005015024	15005015	,		y		
15005015025	15005015	और				
15005015026	15005015	परमेश्वर				
15005015027	15005015	का				
15005015028	15005015	घर				
15005015029	15005015	उसके				
15005015030	15005015	अपने				
15005015031	15005015	स्थान				
15005015032	15005015	पर				
15005015033	15005015	बने	y			
15005015034	15005015	।	y	y		
15005015035	15005015	”		y		
15005016001	15005016	तब				
15005016002	15005016	वही				
15005016003	15005016	शेशबस्सर				
15005016004	15005016	आया	y			
15005016005	15005016	;		y		
15005016006	15005016	उसने				
15005016007	15005016	परमेश्वर				
15005016008	15005016	के				
15005016009	15005016	घर				
15005016010	15005016	की				
15005016011	15005016	नेव				
15005016012	15005016	डाली				
15005016013	15005016	जो				
15005016014	15005016	यरूशलेम				
15005016015	15005016	में				
15005016016	15005016	है	y			
15005016017	15005016	।		y		
15005016018	15005016	और				
15005016019	15005016	तब				
15005016020	15005016	से				
15005016021	15005016	लेकर				
15005016022	15005016	यहाँ				
15005016023	15005016	तक				
15005016024	15005016	कि				
15005016025	15005016	अब				
15005016026	15005016	तक				
15005016027	15005016	बन				
15005016028	15005016	रहा				
15005016029	15005016	है	y			
15005016030	15005016	,		y		
15005016031	15005016	लेकिन				
15005016032	15005016	यह				
15005016033	15005016	पूरा				
15005016034	15005016	नहीं				
15005016035	15005016	है	y			
15005016036	15005016	।	y	y		
15005016037	15005016	'		y		
15005017001	15005017	और				
15005017002	15005017	अब	y			
15005017003	15005017	,		y		
15005017004	15005017	यदि				
15005017005	15005017	यह				
15005017006	15005017	राजा				
15005017007	15005017	को				
15005017008	15005017	अच्छा				
15005017009	15005017	लगे	y			
15005017010	15005017	,		y		
15005017011	15005017	तो				
15005017012	15005017	राजा				
15005017013	15005017	के				
15005017014	15005017	भण्डारों				
15005017015	15005017	के				
15005017016	15005017	घर				
15005017017	15005017	में				
15005017018	15005017	खोज				
15005017019	15005017	की				
15005017020	15005017	जाए				
15005017021	15005017	जो				
15005017022	15005017	वहाँ				
15005017023	15005017	बाबेल				
15005017024	15005017	में				
15005017025	15005017	है	y			
15005017026	15005017	,		y		
15005017027	15005017	यदि				
15005017028	15005017	राजा				
15005017029	15005017	कुस्रू				
15005017030	15005017	की				
15005017031	15005017	ओर				
15005017032	15005017	से				
15005017033	15005017	परमेश्वर				
15005017034	15005017	के				
15005017035	15005017	इस				
15005017036	15005017	घर				
15005017037	15005017	को				
15005017038	15005017	यरूशलेम				
15005017039	15005017	में				
15005017040	15005017	बनाने				
15005017041	15005017	की				
15005017042	15005017	राजज्ञा				
15005017043	15005017	दी				
15005017044	15005017	गई				
15005017045	15005017	थी	y			
15005017046	15005017	।		y		
15005017047	15005017	और				
15005017048	15005017	वह				
15005017049	15005017	इस				
15005017050	15005017	संबंध				
15005017051	15005017	में				
15005017052	15005017	राजा				
15005017053	15005017	की				
15005017054	15005017	इच्छा				
15005017055	15005017	को				
15005017056	15005017	हमारे				
15005017057	15005017	पास				
15005017058	15005017	भेजें	y			
15005017059	15005017	।	y	y		
15005017060	15005017	”		y		
15006001001	15006001	तब				
15006001002	15006001	दारा				
15006001003	15006001	राजा				
15006001004	15006001	ने				
15006001005	15006001	एक				
15006001006	15006001	राजज्ञा				
15006001007	15006001	दी				
15006001008	15006001	और				
15006001009	15006001	उन्होंने				
15006001010	15006001	बाबेल				
15006001011	15006001	में				
15006001012	15006001	पुस्तकों				
15006001013	15006001	के				
15006001014	15006001	घर				
15006001015	15006001	में				
15006001016	15006001	खोज				
15006001017	15006001	की				
15006001018	15006001	जहाँ				
15006001019	15006001	खजाना				
15006001020	15006001	जमा				
15006001021	15006001	किया				
15006001022	15006001	गया				
15006001023	15006001	था	y			
15006001024	15006001	।		y		
15006002001	15006002	और				
15006002002	15006002	अहमता				
15006002003	15006002	के				
15006002004	15006002	एक				
15006002005	15006002	गढ़				
15006002006	15006002	में				
15006002007	15006002	जो				
15006002008	15006002	मादे				
15006002009	15006002	के				
15006002010	15006002	प्रान्त				
15006002011	15006002	में				
15006002012	15006002	है				
15006002013	15006002	एक				
15006002014	15006002	चर्मपत्र				
15006002015	15006002	मिला	y			
15006002016	15006002	,		y		
15006002017	15006002	और				
15006002018	15006002	उसके				
15006002019	15006002	भीतर				
15006002020	15006002	अभिलेख				
15006002021	15006002	इस				
15006002022	15006002	प्रकार				
15006002023	15006002	लिखा				
15006002024	15006002	हुआ				
15006002025	15006002	था	y			
15006002026	15006002	:		y		
15006003001	15006003	“	y	y		
15006003002	15006003	कुस्रू				
15006003003	15006003	राजा				
15006003004	15006003	के				
15006003005	15006003	वर्ष				
15006003006	15006003	एक				
15006003007	15006003	में	y			
15006003008	15006003	,		y		
15006003009	15006003	राजा				
15006003010	15006003	कुस्रू				
15006003011	15006003	ने				
15006003012	15006003	यरूशलेम				
15006003013	15006003	में				
15006003014	15006003	परमेश्वर				
15006003015	15006003	के				
15006003016	15006003	घर				
15006003017	15006003	के				
15006003018	15006003	बारे				
15006003019	15006003	में				
15006003020	15006003	यह				
15006003021	15006003	राजज्ञा				
15006003022	15006003	दी	y			
15006003023	15006003	:		y		
15006003024	15006003	'घर				
15006003025	15006003	बनाया				
15006003026	15006003	जाए	y			
15006003027	15006003	,		y		
15006003028	15006003	वह				
15006003029	15006003	स्थान				
15006003030	15006003	जहाँ				
15006003031	15006003	बलिदानों				
15006003032	15006003	को				
15006003033	15006003	दिया				
15006003034	15006003	जाता				
15006003035	15006003	है	y			
15006003036	15006003	,		y		
15006003037	15006003	और				
15006003038	15006003	इसकी				
15006003039	15006003	नींव				
15006003040	15006003	को				
15006003041	15006003	संभाला				
15006003042	15006003	जाए	y			
15006003043	15006003	।		y		
15006003044	15006003	इसकी				
15006003045	15006003	ऊँचाई				
15006003046	15006003	60				
15006003047	15006003	हाथों				
15006003048	15006003	की				
15006003049	15006003	होगी	y			
15006003050	15006003	।		y		
15006003051	15006003	इसकी				
15006003052	15006003	चौड़ाई				
15006003053	15006003	60				
15006003054	15006003	हाथों				
15006003055	15006003	की				
15006003056	15006003	होगी	y			
15006003057	15006003	,		y		
15006004001	15006004	बड़े				
15006004002	15006004	पत्थर				
15006004003	15006004	की				
15006004004	15006004	तीन				
15006004005	15006004	परतों				
15006004006	15006004	और				
15006004007	15006004	नई				
15006004008	15006004	लकड़ी				
15006004009	15006004	की				
15006004010	15006004	एक				
15006004011	15006004	परत				
15006004012	15006004	के				
15006004013	15006004	साथ	y			
15006004014	15006004	।		y		
15006004015	15006004	और				
15006004016	15006004	खर्चा				
15006004017	15006004	राजा				
15006004018	15006004	के				
15006004019	15006004	घर				
15006004020	15006004	से				
15006004021	15006004	दिया				
15006004022	15006004	जाए	y			
15006004023	15006004	।		y		
15006005001	15006005	और				
15006005002	15006005	साथ				
15006005003	15006005	ही	y			
15006005004	15006005	,		y		
15006005005	15006005	परमेश्वर				
15006005006	15006005	के				
15006005007	15006005	घर				
15006005008	15006005	के				
15006005009	15006005	(	y	y		
15006005010	15006005	सोने				
15006005011	15006005	और				
15006005012	15006005	चाँदी				
15006005013	15006005	के	y			
15006005014	15006005	)		y		
15006005015	15006005	पात्रों				
15006005016	15006005	को				
15006005017	15006005	भी	y			
15006005018	15006005	,		y		
15006005019	15006005	जिन्हें				
15006005020	15006005	नबूकदनेस्सर				
15006005021	15006005	ने				
15006005022	15006005	मन्दिर				
15006005023	15006005	से				
15006005024	15006005	जो				
15006005025	15006005	यरूशलेम				
15006005026	15006005	में				
15006005027	15006005	था				
15006005028	15006005	निकाल				
15006005029	15006005	लिए				
15006005030	15006005	थे				
15006005031	15006005	और				
15006005032	15006005	बाबेल				
15006005033	15006005	ले				
15006005034	15006005	आया				
15006005035	15006005	था	y			
15006005036	15006005	,		y		
15006005037	15006005	लौटा				
15006005038	15006005	दिए				
15006005039	15006005	जाए	y			
15006005040	15006005	।		y		
15006005041	15006005	और				
15006005042	15006005	ये				
15006005043	15006005	उस				
15006005044	15006005	मन्दिर				
15006005045	15006005	में				
15006005046	15006005	जाएँ				
15006005047	15006005	जो				
15006005048	15006005	यरूशलेम				
15006005049	15006005	में				
15006005050	15006005	है	y			
15006005051	15006005	,		y		
15006005052	15006005	अपने				
15006005053	15006005	स्थान				
15006005054	15006005	पर	y			
15006005055	15006005	।		y		
15006005056	15006005	इसलिये				
15006005057	15006005	तुझे				
15006005058	15006005	उन्हें				
15006005059	15006005	परमेश्वर				
15006005060	15006005	के				
15006005061	15006005	घर				
15006005062	15006005	में				
15006005063	15006005	रखना				
15006005064	15006005	चाहिए	y			
15006005065	15006005	।	y	y		
15006005066	15006005	’	y	y		
15006005067	15006005	”		y		
15006006001	15006006	""""	y	y		
15006006002	15006006	अब				
15006006003	15006006	तत्तनै	y			
15006006004	15006006	,		y		
15006006005	15006006	नदी-के-पार				
15006006006	15006006	का				
15006006007	15006006	राज्यपाल	y			
15006006008	15006006	,		y		
15006006009	15006006	शतर्बोजनै	y			
15006006010	15006006	,		y		
15006006011	15006006	और				
15006006012	15006006	उनके				
15006006013	15006006	साथी	y			
15006006014	15006006	,		y		
15006006015	15006006	अधिकारी				
15006006016	15006006	जो				
15006006017	15006006	नदी-के-पार				
15006006018	15006006	हैं	y			
15006006019	15006006	:		y		
15006006020	15006006	वहाँ				
15006006021	15006006	से				
15006006022	15006006	दूर				
15006006023	15006006	हो	y			
15006006024	15006006	।		y		
15006007001	15006007	परमेश्वर				
15006007002	15006007	के				
15006007003	15006007	उस				
15006007004	15006007	घर				
15006007005	15006007	के				
15006007006	15006007	काम				
15006007007	15006007	को				
15006007008	15006007	रहने				
15006007009	15006007	दो	y			
15006007010	15006007	।		y		
15006007011	15006007	यहूदियों				
15006007012	15006007	के				
15006007013	15006007	राज्यपाल				
15006007014	15006007	और				
15006007015	15006007	यहूदियों				
15006007016	15006007	के				
15006007017	15006007	पुरनिये				
15006007018	15006007	परमेश्वर				
15006007019	15006007	के				
15006007020	15006007	उस				
15006007021	15006007	घर				
15006007022	15006007	को				
15006007023	15006007	उसी				
15006007024	15006007	स्थान				
15006007025	15006007	पर				
15006007026	15006007	बनाएँ	y			
15006007027	15006007	।		y		
15006008001	15006008	और				
15006008002	15006008	मेरी				
15006008003	15006008	ओर				
15006008004	15006008	से				
15006008005	15006008	यह				
15006008006	15006008	राजज्ञा				
15006008007	15006008	दी				
15006008008	15006008	गई				
15006008009	15006008	है				
15006008010	15006008	कि				
15006008011	15006008	परमेश्वर				
15006008012	15006008	के				
15006008013	15006008	उस				
15006008014	15006008	घर				
15006008015	15006008	को				
15006008016	15006008	बनाने				
15006008017	15006008	के				
15006008018	15006008	लिये				
15006008019	15006008	तुझे				
15006008020	15006008	यहूदियों				
15006008021	15006008	के				
15006008022	15006008	इन				
15006008023	15006008	पुरनियों				
15006008024	15006008	के				
15006008025	15006008	साथ				
15006008026	15006008	क्या				
15006008027	15006008	करना				
15006008028	15006008	है	y			
15006008029	15006008	।		y		
15006008030	15006008	और				
15006008031	15006008	राजा				
15006008032	15006008	के				
15006008033	15006008	भण्डारों				
15006008034	15006008	में				
15006008035	15006008	से				
15006008036	15006008	(	y	y		
15006008037	15006008	अर्थात्				
15006008038	15006008	नदी-के-पार				
15006008039	15006008	की				
15006008040	15006008	श्रद्धांजलि	y			
15006008041	15006008	)		y		
15006008042	15006008	उन				
15006008043	15006008	लोगों				
15006008044	15006008	को				
15006008045	15006008	लगन				
15006008046	15006008	से				
15006008047	15006008	खर्च				
15006008048	15006008	दिया				
15006008049	15006008	जाए	y			
15006008050	15006008	,		y		
15006008051	15006008	ताकि				
15006008052	15006008	यह				
15006008053	15006008	रुके				
15006008054	15006008	नहीं	y			
15006008055	15006008	।		y		
15006009001	15006009	और				
15006009002	15006009	जो				
15006009003	15006009	कुछ				
15006009004	15006009	आवश्यक				
15006009005	15006009	हो				
15006009006	15006009	(	y	y		
15006009007	15006009	चाहे				
15006009008	15006009	बैलों				
15006009009	15006009	के				
15006009010	15006009	बछड़े	y			
15006009011	15006009	,		y		
15006009012	15006009	या				
15006009013	15006009	मेढ़े	y			
15006009014	15006009	,		y		
15006009015	15006009	या				
15006009016	15006009	स्वर्ग				
15006009017	15006009	के				
15006009018	15006009	परमेश्वर				
15006009019	15006009	को				
15006009020	15006009	होमबलि				
15006009021	15006009	के				
15006009022	15006009	लिए				
15006009023	15006009	भेड़				
15006009024	15006009	के				
15006009025	15006009	मेम्ने	y			
15006009026	15006009	,		y		
15006009027	15006009	गेहूँ	y			
15006009028	15006009	,		y		
15006009029	15006009	नमक	y			
15006009030	15006009	,		y		
15006009031	15006009	दाखरस	y			
15006009032	15006009	,		y		
15006009033	15006009	या				
15006009034	15006009	तेल	y			
15006009035	15006009	,		y		
15006009036	15006009	याजकों				
15006009037	15006009	की				
15006009038	15006009	आज्ञा				
15006009039	15006009	के				
15006009040	15006009	अनुसार				
15006009041	15006009	जो				
15006009042	15006009	यरूशलेम				
15006009043	15006009	में				
15006009044	15006009	हैं	y			
15006009045	15006009	)	y	y		
15006009046	15006009	,		y		
15006009047	15006009	उन्हें				
15006009048	15006009	दिन				
15006009049	15006009	प्रति				
15006009050	15006009	दिन				
15006009051	15006009	दिया				
15006009052	15006009	जाए				
15006009053	15006009	(	y	y		
15006009054	15006009	अर्थात्	y			
15006009055	15006009	,		y		
15006009056	15006009	भूल				
15006009057	15006009	के				
15006009058	15006009	बिना	y			
15006009059	15006009	)	y	y		
15006009060	15006009	,		y		
15006010001	15006010	ताकि				
15006010002	15006010	वे				
15006010003	15006010	स्‍वर्ग				
15006010004	15006010	के				
15006010005	15006010	परमेश्वर				
15006010006	15006010	के				
15006010007	15006010	लिए				
15006010008	15006010	मीठे-सुगन्ध				
15006010009	15006010	वाले				
15006010010	15006010	बलिदानों				
15006010011	15006010	को				
15006010012	15006010	चढ़ाएँ				
15006010013	15006010	और				
15006010014	15006010	राजा				
15006010015	15006010	और				
15006010016	15006010	उसके				
15006010017	15006010	पुत्रों				
15006010018	15006010	के				
15006010019	15006010	जीवन				
15006010020	15006010	के				
15006010021	15006010	लिए				
15006010022	15006010	प्रार्थना				
15006010023	15006010	करते				
15006010024	15006010	हुए	y			
15006010025	15006010	।		y		
15006011001	15006011	और				
15006011002	15006011	मेरी				
15006011003	15006011	ओर				
15006011004	15006011	से				
15006011005	15006011	यह				
15006011006	15006011	राजज्ञा				
15006011007	15006011	दी				
15006011008	15006011	गई				
15006011009	15006011	है	y			
15006011010	15006011	,		y		
15006011011	15006011	क्योंकि				
15006011012	15006011	कोई				
15006011013	15006011	व्यक्ति				
15006011014	15006011	जो				
15006011015	15006011	इस				
15006011016	15006011	राजज्ञा				
15006011017	15006011	को				
15006011018	15006011	बदलता				
15006011019	15006011	है	y			
15006011020	15006011	,		y		
15006011021	15006011	उसके				
15006011022	15006011	घर				
15006011023	15006011	से				
15006011024	15006011	एक				
15006011025	15006011	कड़ी				
15006011026	15006011	खींच				
15006011027	15006011	ली				
15006011028	15006011	जाएगी	y			
15006011029	15006011	,		y		
15006011030	15006011	और	y			
15006011031	15006011	,		y		
15006011032	15006011	खड़ी				
15006011033	15006011	किए				
15006011034	15006011	जाने				
15006011035	15006011	के				
15006011036	15006011	बाद	y			
15006011037	15006011	,		y		
15006011038	15006011	उसे				
15006011039	15006011	इस				
15006011040	15006011	पर				
15006011041	15006011	लटका				
15006011042	15006011	दिया				
15006011043	15006011	जाएगा	y			
15006011044	15006011	।		y		
15006011045	15006011	और				
15006011046	15006011	इस				
15006011047	15006011	कारण				
15006011048	15006011	उसका				
15006011049	15006011	घर				
15006011050	15006011	कूड़ा				
15006011051	15006011	करकट				
15006011052	15006011	का				
15006011053	15006011	ढेर				
15006011054	15006011	हो				
15006011055	15006011	जाएगा	y			
15006011056	15006011	।		y		
15006012001	15006012	और				
15006012002	15006012	ऐसा				
15006012003	15006012	हो				
15006012004	15006012	कि				
15006012005	15006012	जिस				
15006012006	15006012	परमेश्वर				
15006012007	15006012	ने				
15006012008	15006012	अपना				
15006012009	15006012	नाम				
15006012010	15006012	वहाँ				
15006012011	15006012	बसाया				
15006012012	15006012	किसी				
15006012013	15006012	राजा				
15006012014	15006012	या				
15006012015	15006012	लोगों				
15006012016	15006012	को				
15006012017	15006012	उलट				
15006012018	15006012	दे				
15006012019	15006012	जो				
15006012020	15006012	बदलने				
15006012021	15006012	के				
15006012022	15006012	लिए				
15006012023	15006012	उसका				
15006012024	15006012	हाथ				
15006012025	15006012	फैलाते				
15006012026	15006012	हैं	y			
15006012027	15006012	,		y		
15006012028	15006012	परमेश्वर				
15006012029	15006012	के				
15006012030	15006012	उस				
15006012031	15006012	घर				
15006012032	15006012	को				
15006012033	15006012	नाश				
15006012034	15006012	करने				
15006012035	15006012	के				
15006012036	15006012	लिए				
15006012037	15006012	जो				
15006012038	15006012	यरूशलेम				
15006012039	15006012	में				
15006012040	15006012	है	y			
15006012041	15006012	।		y		
15006012042	15006012	मुझ	y			
15006012043	15006012	,		y		
15006012044	15006012	दारा	y			
15006012045	15006012	,		y		
15006012046	15006012	ने				
15006012047	15006012	एक				
15006012048	15006012	राजज्ञा				
15006012049	15006012	ठहराई				
15006012050	15006012	है	y			
15006012051	15006012	।		y		
15006012052	15006012	इसे				
15006012053	15006012	पूरी				
15006012054	15006012	लगन				
15006012055	15006012	से				
15006012056	15006012	किया				
15006012057	15006012	जाए	y			
15006012058	15006012	।	y	y		
15006012059	15006012	""""		y		
15006013001	15006013	तब				
15006013002	15006013	तत्तनै	y			
15006013003	15006013	,		y		
15006013004	15006013	नदी-के-पार				
15006013005	15006013	का				
15006013006	15006013	राज्यपाल	y			
15006013007	15006013	,		y		
15006013008	15006013	शतर्बोजनै	y			
15006013009	15006013	,		y		
15006013010	15006013	और				
15006013011	15006013	उनके				
15006013012	15006013	साथियों				
15006013013	15006013	ने				
15006013014	15006013	इसी				
15006013015	15006013	प्रकार				
15006013016	15006013	लगन				
15006013017	15006013	से				
15006013018	15006013	किया	y			
15006013019	15006013	,		y		
15006013020	15006013	उसके				
15006013021	15006013	अनुसार				
15006013022	15006013	जिसे				
15006013023	15006013	राजा				
15006013024	15006013	दारा				
15006013025	15006013	ने				
15006013026	15006013	जो				
15006013027	15006013	कुछ				
15006013028	15006013	भेजा				
15006013029	15006013	था	y			
15006013030	15006013	।		y		
15006014001	15006014	और				
15006014002	15006014	यहूदियों				
15006014003	15006014	के				
15006014004	15006014	पुरनिये				
15006014005	15006014	निर्माण				
15006014006	15006014	कर				
15006014007	15006014	रहे				
15006014008	15006014	थे				
15006014009	15006014	और				
15006014010	15006014	हाग्गै				
15006014011	15006014	भविष्यद्वक्ता				
15006014012	15006014	और				
15006014013	15006014	इद्दो				
15006014014	15006014	का				
15006014015	15006014	पुत्र				
15006014016	15006014	जकर्याह				
15006014017	15006014	की				
15006014018	15006014	भविष्यद्वाणी				
15006014019	15006014	से				
15006014020	15006014	फलते-फूलते				
15006014021	15006014	हुए	y			
15006014022	15006014	।		y		
15006014023	15006014	और				
15006014024	15006014	इस्राएल				
15006014025	15006014	के				
15006014026	15006014	परमेश्वर				
15006014027	15006014	की				
15006014028	15006014	राजज्ञा				
15006014029	15006014	के				
15006014030	15006014	द्वारा				
15006014031	15006014	पूरा				
15006014032	15006014	किया				
15006014033	15006014	और				
15006014034	15006014	उन्होंने				
15006014035	15006014	बनाया				
15006014036	15006014	और				
15006014037	15006014	कुस्रू				
15006014038	15006014	की				
15006014039	15006014	राजज्ञा	y			
15006014040	15006014	,		y		
15006014041	15006014	और				
15006014042	15006014	दारा	y			
15006014043	15006014	,		y		
15006014044	15006014	और				
15006014045	15006014	फारस				
15006014046	15006014	का				
15006014047	15006014	राजा				
15006014048	15006014	अर्तक्षत्र	y			
15006014049	15006014	।		y		
15006015001	15006015	और				
15006015002	15006015	यह				
15006015003	15006015	घर				
15006015004	15006015	अदार				
15006015005	15006015	के				
15006015006	15006015	महीने				
15006015007	15006015	के				
15006015008	15006015	तीसरे				
15006015009	15006015	दिन				
15006015010	15006015	तक				
15006015011	15006015	पूरा				
15006015012	15006015	हुआ	y			
15006015013	15006015	,		y		
15006015014	15006015	जो				
15006015015	15006015	राजा				
15006015016	15006015	दारा				
15006015017	15006015	के				
15006015018	15006015	शासन				
15006015019	15006015	का				
15006015020	15006015	छठवां				
15006015021	15006015	वर्ष				
15006015022	15006015	था	y			
15006015023	15006015	।		y		
15006016001	15006016	और				
15006016002	15006016	इस्राएल				
15006016003	15006016	के				
15006016004	15006016	पुत्र	y			
15006016005	15006016	,		y		
15006016006	15006016	याजक	y			
15006016007	15006016	,		y		
15006016008	15006016	और				
15006016009	15006016	लेवीय	y			
15006016010	15006016	,		y		
15006016011	15006016	और				
15006016012	15006016	शेष				
15006016013	15006016	बंधुआई				
15006016014	15006016	के				
15006016015	15006016	पुत्रों				
15006016016	15006016	ने				
15006016017	15006016	परमेश्वर				
15006016018	15006016	के				
15006016019	15006016	इस				
15006016020	15006016	घर				
15006016021	15006016	का				
15006016022	15006016	समर्पण				
15006016023	15006016	आनन्द				
15006016024	15006016	से				
15006016025	15006016	मनाया	y			
15006016026	15006016	।		y		
15006017001	15006017	और				
15006017002	15006017	उन्होंने				
15006017003	15006017	परमेश्वर				
15006017004	15006017	के				
15006017005	15006017	इस				
15006017006	15006017	घर				
15006017007	15006017	के				
15006017008	15006017	समर्पण				
15006017009	15006017	के				
15006017010	15006017	लिए				
15006017011	15006017	100				
15006017012	15006017	बैल	y			
15006017013	15006017	,		y		
15006017014	15006017	200				
15006017015	15006017	मेढ़े	y			
15006017016	15006017	,		y		
15006017017	15006017	400				
15006017018	15006017	मेम्ने				
15006017019	15006017	भेंट				
15006017020	15006017	चढ़ाए	y			
15006017021	15006017	,		y		
15006017022	15006017	और				
15006017023	15006017	एक				
15006017024	15006017	पापबलि				
15006017025	15006017	के				
15006017026	15006017	लिए				
15006017027	15006017	सारे				
15006017028	15006017	इस्राएल				
15006017029	15006017	के				
15006017030	15006017	लिए				
15006017031	15006017	12				
15006017032	15006017	नर				
15006017033	15006017	बकरे	y			
15006017034	15006017	,		y		
15006017035	15006017	इस्राएल				
15006017036	15006017	के				
15006017037	15006017	गोत्रों				
15006017038	15006017	की				
15006017039	15006017	गिनती				
15006017040	15006017	के				
15006017041	15006017	अनुसार	y			
15006017042	15006017	।		y		
15006018001	15006018	और				
15006018002	15006018	उन्होंने				
15006018003	15006018	याजकों				
15006018004	15006018	को				
15006018005	15006018	उनके				
15006018006	15006018	दल				
15006018007	15006018	में				
15006018008	15006018	खड़ा				
15006018009	15006018	किया	y			
15006018010	15006018	,		y		
15006018011	15006018	और				
15006018012	15006018	लेवीय				
15006018013	15006018	उनके				
15006018014	15006018	भागों				
15006018015	15006018	में	y			
15006018016	15006018	,		y		
15006018017	15006018	परमेश्वर				
15006018018	15006018	की				
15006018019	15006018	सेवा				
15006018020	15006018	के				
15006018021	15006018	लिए				
15006018022	15006018	जो				
15006018023	15006018	यरूशलेम				
15006018024	15006018	में				
15006018025	15006018	है	y			
15006018026	15006018	,		y		
15006018027	15006018	मूसा				
15006018028	15006018	की				
15006018029	15006018	पुस्तक				
15006018030	15006018	की				
15006018031	15006018	लिखित				
15006018032	15006018	के				
15006018033	15006018	अनुसार	y			
15006018034	15006018	।		y		
15006019001	15006019	इस				
15006019002	15006019	प्रकार				
15006019003	15006019	बंधुआई				
15006019004	15006019	के				
15006019005	15006019	पुत्रों				
15006019006	15006019	ने				
15006019007	15006019	पहले				
15006019008	15006019	महीने				
15006019009	15006019	के				
15006019010	15006019	14				
15006019011	15006019	वें				
15006019012	15006019	दिन				
15006019013	15006019	फसह				
15006019014	15006019	का				
15006019015	15006019	पर्व				
15006019016	15006019	मनाया	y			
15006019017	15006019	।		y		
15006020001	15006020	याजकों				
15006020002	15006020	के				
15006020003	15006020	लिए				
15006020004	15006020	और				
15006020005	15006020	लेवियों				
15006020006	15006020	ने				
15006020007	15006020	अपने				
15006020008	15006020	आप				
15006020009	15006020	को				
15006020010	15006020	एक				
15006020011	15006020	के				
15006020012	15006020	रूप				
15006020013	15006020	में				
15006020014	15006020	शुद्ध				
15006020015	15006020	किया				
15006020016	15006020	था	y			
15006020017	15006020	,		y		
15006020018	15006020	वे				
15006020019	15006020	सभी				
15006020020	15006020	शुद्ध				
15006020021	15006020	थे	y			
15006020022	15006020	।		y		
15006020023	15006020	और				
15006020024	15006020	उन्होंने				
15006020025	15006020	बंधुआई				
15006020026	15006020	के				
15006020027	15006020	सभी				
15006020028	15006020	पुत्रों				
15006020029	15006020	के				
15006020030	15006020	लिए				
15006020031	15006020	फसह				
15006020032	15006020	वध				
15006020033	15006020	किया	y			
15006020034	15006020	,		y		
15006020035	15006020	और				
15006020036	15006020	उनके				
15006020037	15006020	भाइयों				
15006020038	15006020	के				
15006020039	15006020	लिए	y			
15006020040	15006020	,		y		
15006020041	15006020	याजकों	y			
15006020042	15006020	,		y		
15006020043	15006020	और				
15006020044	15006020	अपने				
15006020045	15006020	लिए	y			
15006020046	15006020	।		y		
15006021001	15006021	और				
15006021002	15006021	इस्राएल				
15006021003	15006021	के				
15006021004	15006021	पुत्रों				
15006021005	15006021	ने				
15006021006	15006021	खाया	y			
15006021007	15006021	,		y		
15006021008	15006021	वे				
15006021009	15006021	जो				
15006021010	15006021	लोग				
15006021011	15006021	बँधुआई				
15006021012	15006021	से				
15006021013	15006021	लौटे				
15006021014	15006021	थे				
15006021015	15006021	और				
15006021016	15006021	हर				
15006021017	15006021	एक				
15006021018	15006021	उसने				
15006021019	15006021	जिसने				
15006021020	15006021	यहोवा				
15006021021	15006021	को				
15006021022	15006021	ढूंढ़ने				
15006021023	15006021	के				
15006021024	15006021	लिए				
15006021025	15006021	उस				
15006021026	15006021	देश				
15006021027	15006021	की				
15006021028	15006021	जातियों				
15006021029	15006021	की				
15006021030	15006021	अशुद्धता				
15006021031	15006021	से				
15006021032	15006021	अपने				
15006021033	15006021	आप				
15006021034	15006021	को				
15006021035	15006021	अलग				
15006021036	15006021	किया	y			
15006021037	15006021	,		y		
15006021038	15006021	इस्राएल				
15006021039	15006021	का				
15006021040	15006021	परमेश्वर	y			
15006021041	15006021	।		y		
15006022001	15006022	तब				
15006022002	15006022	उन्होंने				
15006022003	15006022	अख़मीरी				
15006022004	15006022	रोटी				
15006022005	15006022	का				
15006022006	15006022	पर्व				
15006022007	15006022	सात				
15006022008	15006022	दिन				
15006022009	15006022	तक				
15006022010	15006022	आनन्द				
15006022011	15006022	के				
15006022012	15006022	साथ				
15006022013	15006022	मनाया	y			
15006022014	15006022	,		y		
15006022015	15006022	क्योंकि				
15006022016	15006022	यहोवा				
15006022017	15006022	ने				
15006022018	15006022	उन्हें				
15006022019	15006022	आनन्दित				
15006022020	15006022	किया				
15006022021	15006022	था	y			
15006022022	15006022	,		y		
15006022023	15006022	और				
15006022024	15006022	अश्शूर				
15006022025	15006022	के				
15006022026	15006022	राजा				
15006022027	15006022	का				
15006022028	15006022	मन				
15006022029	15006022	उनकी				
15006022030	15006022	ओर				
15006022031	15006022	फेर				
15006022032	15006022	दिया				
15006022033	15006022	था	y			
15006022034	15006022	,		y		
15006022035	15006022	परमेश्वर				
15006022036	15006022	के				
15006022037	15006022	घर				
15006022038	15006022	के				
15006022039	15006022	काम				
15006022040	15006022	में				
15006022041	15006022	उनके				
15006022042	15006022	हाथों				
15006022043	15006022	को				
15006022044	15006022	मजबूत				
15006022045	15006022	करने				
15006022046	15006022	के				
15006022047	15006022	लिए	y			
15006022048	15006022	,		y		
15006022049	15006022	इस्राएल				
15006022050	15006022	का				
15006022051	15006022	परमेश्वर	y			
15006022052	15006022	।		y		
15007001001	15007001	अब				
15007001002	15007001	इन				
15007001003	15007001	बातों				
15007001004	15007001	के				
15007001005	15007001	बाद	y			
15007001006	15007001	,		y		
15007001007	15007001	फारस				
15007001008	15007001	के				
15007001009	15007001	राजा	y			
15007001010	15007001	,		y		
15007001011	15007001	अर्तक्षत्र				
15007001012	15007001	के				
15007001013	15007001	शासन				
15007001014	15007001	में	y			
15007001015	15007001	:		y		
15007001016	15007001	एज्रा				
15007001017	15007001	(	y	y		
15007001018	15007001	सरायाह				
15007001019	15007001	का				
15007001020	15007001	पुत्र	y			
15007001021	15007001	,		y		
15007001022	15007001	अजर्याह				
15007001023	15007001	का				
15007001024	15007001	पुत्र	y			
15007001025	15007001	,		y		
15007001026	15007001	हिल्किय्याह				
15007001027	15007001	का				
15007001028	15007001	पुत्र	y			
15007001029	15007001	,		y		
15007002001	15007002	शल्लूम				
15007002002	15007002	का				
15007002003	15007002	पुत्र	y			
15007002004	15007002	,		y		
15007002005	15007002	सादोक				
15007002006	15007002	का				
15007002007	15007002	पुत्र	y			
15007002008	15007002	,		y		
15007002009	15007002	अहीतूब				
15007002010	15007002	का				
15007002011	15007002	पुत्र	y			
15007002012	15007002	,		y		
15007003001	15007003	अमर्याह				
15007003002	15007003	का				
15007003003	15007003	पुत्र	y			
15007003004	15007003	,		y		
15007003005	15007003	अजर्याह				
15007003006	15007003	का				
15007003007	15007003	पुत्र	y			
15007003008	15007003	,		y		
15007003009	15007003	मरायोत				
15007003010	15007003	का				
15007003011	15007003	पुत्र	y			
15007003012	15007003	,		y		
15007004001	15007004	जरहयाह				
15007004002	15007004	का				
15007004003	15007004	पुत्र	y			
15007004004	15007004	,		y		
15007004005	15007004	उज्जी				
15007004006	15007004	का				
15007004007	15007004	पुत्र	y			
15007004008	15007004	,		y		
15007004009	15007004	बुक्की				
15007004010	15007004	का				
15007004011	15007004	पुत्र	y			
15007004012	15007004	,		y		
15007005001	15007005	अबीशू				
15007005002	15007005	का				
15007005003	15007005	पुत्र	y			
15007005004	15007005	,		y		
15007005005	15007005	पीनहास				
15007005006	15007005	का				
15007005007	15007005	पुत्र	y			
15007005008	15007005	,		y		
15007005009	15007005	एलीआजर				
15007005010	15007005	का				
15007005011	15007005	पुत्र	y			
15007005012	15007005	,		y		
15007005013	15007005	प्रधान				
15007005014	15007005	याजक				
15007005015	15007005	हारून				
15007005016	15007005	का				
15007005017	15007005	पुत्र	y			
15007005018	15007005	)	y	y		
15007005019	15007005	,		y		
15007006001	15007006	यही				
15007006002	15007006	एज्रा				
15007006003	15007006	बाबेल				
15007006004	15007006	से				
15007006005	15007006	गया	y			
15007006006	15007006	,		y		
15007006007	15007006	और				
15007006008	15007006	वह				
15007006009	15007006	मूसा				
15007006010	15007006	की				
15007006011	15007006	व्यवस्था				
15007006012	15007006	में				
15007006013	15007006	निपुण				
15007006014	15007006	शास्त्री				
15007006015	15007006	था				
15007006016	15007006	जिसे				
15007006017	15007006	यहोवा	y			
15007006018	15007006	,		y		
15007006019	15007006	इस्राएल				
15007006020	15007006	के				
15007006021	15007006	परमेश्वर	y			
15007006022	15007006	,		y		
15007006023	15007006	ने				
15007006024	15007006	दिया				
15007006025	15007006	था	y			
15007006026	15007006	।		y		
15007006027	15007006	और				
15007006028	15007006	राजा				
15007006029	15007006	ने				
15007006030	15007006	उस				
15007006031	15007006	पर				
15007006032	15007006	उसके				
15007006033	15007006	परमेश्वर				
15007006034	15007006	यहोवा				
15007006035	15007006	के				
15007006036	15007006	हाथ				
15007006037	15007006	के				
15007006038	15007006	अनुसार				
15007006039	15007006	उसकी				
15007006040	15007006	सब				
15007006041	15007006	विनती				
15007006042	15007006	पूरी				
15007006043	15007006	की	y			
15007006044	15007006	।		y		
15007007001	15007007	और				
15007007002	15007007	इस्राएलियों				
15007007003	15007007	के				
15007007004	15007007	पुत्रों				
15007007005	15007007	में				
15007007006	15007007	से				
15007007007	15007007	कुछ				
15007007008	15007007	और				
15007007009	15007007	याजकों				
15007007010	15007007	में				
15007007011	15007007	से	y			
15007007012	15007007	,		y		
15007007013	15007007	और				
15007007014	15007007	लेवीय	y			
15007007015	15007007	,		y		
15007007016	15007007	और				
15007007017	15007007	जो				
15007007018	15007007	गाते				
15007007019	15007007	थे	y			
15007007020	15007007	,		y		
15007007021	15007007	और				
15007007022	15007007	द्वारपाल	y			
15007007023	15007007	,		y		
15007007024	15007007	और				
15007007025	15007007	नतीन				
15007007026	15007007	अर्तक्षत्र				
15007007027	15007007	राजा				
15007007028	15007007	के				
15007007029	15007007	वर्ष				
15007007030	15007007	सात				
15007007031	15007007	में				
15007007032	15007007	यरूशलेम				
15007007033	15007007	को				
15007007034	15007007	गए	y			
15007007035	15007007	।		y		
15007008001	15007008	और				
15007008002	15007008	वह				
15007008003	15007008	पाँचवें				
15007008004	15007008	महीने				
15007008005	15007008	में				
15007008006	15007008	यरूशलेम				
15007008007	15007008	आया	y			
15007008008	15007008	,		y		
15007008009	15007008	जो				
15007008010	15007008	राजा				
15007008011	15007008	के				
15007008012	15007008	वर्ष				
15007008013	15007008	सातवें				
15007008014	15007008	में				
15007008015	15007008	था	y			
15007008016	15007008	।		y		
15007009001	15007009	क्योंकि				
15007009002	15007009	पहले				
15007009003	15007009	महीने				
15007009004	15007009	के				
15007009005	15007009	पहले				
15007009006	15007009	दिन				
15007009007	15007009	को				
15007009008	15007009	बाबेल				
15007009009	15007009	से				
15007009010	15007009	चलना				
15007009011	15007009	आरम्भ				
15007009012	15007009	हुआ	y			
15007009013	15007009	।		y		
15007009014	15007009	और				
15007009015	15007009	पाँचवें				
15007009016	15007009	महीने				
15007009017	15007009	के				
15007009018	15007009	पहले				
15007009019	15007009	दिन				
15007009020	15007009	को				
15007009021	15007009	वह				
15007009022	15007009	यरूशलेम				
15007009023	15007009	आया	y			
15007009024	15007009	,		y		
15007009025	15007009	उस				
15007009026	15007009	पर				
15007009027	15007009	उसके				
15007009028	15007009	परमेश्वर				
15007009029	15007009	के				
15007009030	15007009	भले				
15007009031	15007009	हाथ				
15007009032	15007009	के				
15007009033	15007009	अनुसार	y			
15007009034	15007009	।		y		
15007010001	15007010	क्योंकि				
15007010002	15007010	एज्रा				
15007010003	15007010	ने				
15007010004	15007010	यहोवा				
15007010005	15007010	की				
15007010006	15007010	व्यवस्था				
15007010007	15007010	की				
15007010008	15007010	खोज				
15007010009	15007010	करने				
15007010010	15007010	में				
15007010011	15007010	अपना				
15007010012	15007010	मन				
15007010013	15007010	दृढ़				
15007010014	15007010	किया				
15007010015	15007010	था	y			
15007010016	15007010	,		y		
15007010017	15007010	और				
15007010018	15007010	इसे				
15007010019	15007010	करने				
15007010020	15007010	के				
15007010021	15007010	लिए	y			
15007010022	15007010	,		y		
15007010023	15007010	और				
15007010024	15007010	इस्राएल				
15007010025	15007010	में				
15007010026	15007010	एक				
15007010027	15007010	विधि				
15007010028	15007010	और				
15007010029	15007010	एक				
15007010030	15007010	नियम				
15007010031	15007010	की				
15007010032	15007010	शिक्षा				
15007010033	15007010	देना	y			
15007010034	15007010	।		y		
15007011001	15007011	अब				
15007011002	15007011	पत्र				
15007011003	15007011	की				
15007011004	15007011	यह				
15007011005	15007011	प्रति				
15007011006	15007011	है				
15007011007	15007011	जिसे				
15007011008	15007011	अर्तक्षत्र				
15007011009	15007011	राजा				
15007011010	15007011	ने				
15007011011	15007011	एज्रा				
15007011012	15007011	याजक				
15007011013	15007011	को				
15007011014	15007011	दिया	y			
15007011015	15007011	,		y		
15007011016	15007011	शास्त्री	y			
15007011017	15007011	,		y		
15007011018	15007011	यहोवा				
15007011019	15007011	की				
15007011020	15007011	आज्ञाओं				
15007011021	15007011	के				
15007011022	15007011	शब्दों				
15007011023	15007011	का				
15007011024	15007011	एक				
15007011025	15007011	शास्त्री				
15007011026	15007011	और				
15007011027	15007011	इस्राएल				
15007011028	15007011	के				
15007011029	15007011	लिये				
15007011030	15007011	उसकी				
15007011031	15007011	विधियाँ	y			
15007011032	15007011	:		y		
15007012001	15007012	“	y	y		
15007012002	15007012	अर्तक्षत्र	y			
15007012003	15007012	,		y		
15007012004	15007012	राजाओं				
15007012005	15007012	का				
15007012006	15007012	राजा	y			
15007012007	15007012	,		y		
15007012008	15007012	एज्रा				
15007012009	15007012	याजक				
15007012010	15007012	को	y			
15007012011	15007012	,		y		
15007012012	15007012	स्वर्ग				
15007012013	15007012	के				
15007012014	15007012	परमेश्वर				
15007012015	15007012	की				
15007012016	15007012	व्यवस्था				
15007012017	15007012	का				
15007012018	15007012	शास्त्री	y			
15007012019	15007012	:		y		
15007012020	15007012	शांति	y			
15007012021	15007012	।		y		
15007012022	15007012	और				
15007012023	15007012	अब	y			
15007012024	15007012	:		y		
15007013001	15007013	मेरी				
15007013002	15007013	ओर				
15007013003	15007013	से				
15007013004	15007013	यह				
15007013005	15007013	राजाज्ञा				
15007013006	15007013	दी				
15007013007	15007013	गई				
15007013008	15007013	है				
15007013009	15007013	कि				
15007013010	15007013	मेरे				
15007013011	15007013	राज्य				
15007013012	15007013	में				
15007013013	15007013	हर				
15007013014	15007013	एक				
15007013015	15007013	जो				
15007013016	15007013	तेरे				
15007013017	15007013	साथ				
15007013018	15007013	स्वेच्छा				
15007013019	15007013	से				
15007013020	15007013	यरूशलेम				
15007013021	15007013	जाने				
15007013022	15007013	की				
15007013023	15007013	इच्छा				
15007013024	15007013	करे	y			
15007013025	15007013	,		y		
15007013026	15007013	'इस्राएल'				
15007013027	15007013	और				
15007013028	15007013	उसके				
15007013029	15007013	याजकों				
15007013030	15007013	और				
15007013031	15007013	लेवियों				
15007013032	15007013	के				
15007013033	15007013	लोगों				
15007013034	15007013	में				
15007013035	15007013	से	y			
15007013036	15007013	,		y		
15007013037	15007013	जा				
15007013038	15007013	सकता				
15007013039	15007013	है	y			
15007013040	15007013	।		y		
15007014001	15007014	क्योंकि				
15007014002	15007014	यह				
15007014003	15007014	राजा				
15007014004	15007014	के				
15007014005	15007014	आगे				
15007014006	15007014	से				
15007014007	15007014	भेजा				
15007014008	15007014	गया				
15007014009	15007014	था				
15007014010	15007014	और				
15007014011	15007014	उसके				
15007014012	15007014	सात				
15007014013	15007014	सलाहकार				
15007014014	15007014	यहूदा				
15007014015	15007014	के				
15007014016	15007014	बारे				
15007014017	15007014	में				
15007014018	15007014	जानने				
15007014019	15007014	के				
15007014020	15007014	लिए				
15007014021	15007014	और				
15007014022	15007014	यरूशलेम				
15007014023	15007014	के				
15007014024	15007014	बारे				
15007014025	15007014	में				
15007014026	15007014	अपने				
15007014027	15007014	परमेश्वर				
15007014028	15007014	की				
15007014029	15007014	व्यवस्था				
15007014030	15007014	के				
15007014031	15007014	द्वारा				
15007014032	15007014	जो				
15007014033	15007014	तुम्हारे				
15007014034	15007014	हाथ				
15007014035	15007014	में				
15007014036	15007014	है	y			
15007014037	15007014	,		y		
15007015001	15007015	और				
15007015002	15007015	चाँदी				
15007015003	15007015	और				
15007015004	15007015	सोना				
15007015005	15007015	को				
15007015006	15007015	लाने				
15007015007	15007015	के				
15007015008	15007015	लिए				
15007015009	15007015	जिसे				
15007015010	15007015	राजा				
15007015011	15007015	और				
15007015012	15007015	उसके				
15007015013	15007015	सलाहकारों				
15007015014	15007015	ने				
15007015015	15007015	इस्त्राएल				
15007015016	15007015	के				
15007015017	15007015	परमेश्वर				
15007015018	15007015	को				
15007015019	15007015	स्वेच्छा				
15007015020	15007015	से				
15007015021	15007015	चढ़ाया				
15007015022	15007015	है				
15007015023	15007015	जिसका				
15007015024	15007015	निवास				
15007015025	15007015	यरूशलेम				
15007015026	15007015	में				
15007015027	15007015	है	y			
15007015028	15007015	,		y		
15007016001	15007016	सारी				
15007016002	15007016	चाँदी				
15007016003	15007016	और				
15007016004	15007016	सोने				
15007016005	15007016	के				
15007016006	15007016	साथ				
15007016007	15007016	जिसे				
15007016008	15007016	तुम				
15007016009	15007016	बाबेल				
15007016010	15007016	के				
15007016011	15007016	सारे				
15007016012	15007016	प्रान्त				
15007016013	15007016	में				
15007016014	15007016	पाते				
15007016015	15007016	हो	y			
15007016016	15007016	,		y		
15007016017	15007016	लोगों				
15007016018	15007016	की				
15007016019	15007016	स्वेच्छा				
15007016020	15007016	भेंट				
15007016021	15007016	के				
15007016022	15007016	साथ				
15007016023	15007016	और				
15007016024	15007016	याजक				
15007016025	15007016	जो				
15007016026	15007016	परमेश्वर				
15007016027	15007016	के				
15007016028	15007016	घर				
15007016029	15007016	के				
15007016030	15007016	लिए				
15007016031	15007016	स्वेच्छा				
15007016032	15007016	से				
15007016033	15007016	देते				
15007016034	15007016	हैं	y			
15007016035	15007016	,		y		
15007016036	15007016	जो				
15007016037	15007016	यरूशलेम				
15007016038	15007016	में				
15007016039	15007016	है	y			
15007016040	15007016	:		y		
15007017001	15007017	इसलिए	y			
15007017002	15007017	,		y		
15007017003	15007017	बड़े				
15007017004	15007017	यत्न				
15007017005	15007017	से				
15007017006	15007017	तू				
15007017007	15007017	इस				
15007017008	15007017	धन				
15007017009	15007017	से				
15007017010	15007017	बैल				
15007017011	15007017	मोल				
15007017012	15007017	लेना	y			
15007017013	15007017	,		y		
15007017014	15007017	मेढ़े	y			
15007017015	15007017	,		y		
15007017016	15007017	मेम्ने	y			
15007017017	15007017	,		y		
15007017018	15007017	और				
15007017019	15007017	उनके				
15007017020	15007017	अन्नबलि				
15007017021	15007017	और				
15007017022	15007017	उनके				
15007017023	15007017	अर्घ				
15007017024	15007017	की				
15007017025	15007017	भेंट	y			
15007017026	15007017	;		y		
15007017027	15007017	और				
15007017028	15007017	उन्हें				
15007017029	15007017	तेरे				
15007017030	15007017	परमेश्वर				
15007017031	15007017	के				
15007017032	15007017	घर				
15007017033	15007017	की				
15007017034	15007017	वेदी				
15007017035	15007017	पर				
15007017036	15007017	चढ़ाना	y			
15007017037	15007017	,		y		
15007017038	15007017	जो				
15007017039	15007017	यरूशलेम				
15007017040	15007017	में				
15007017041	15007017	है	y			
15007017042	15007017	।		y		
15007018001	15007018	और				
15007018002	15007018	तुझे				
15007018003	15007018	जो				
15007018004	15007018	अच्छा				
15007018005	15007018	लगे				
15007018006	15007018	वह				
15007018007	15007018	कर				
15007018008	15007018	सकता				
15007018009	15007018	है				
15007018010	15007018	और				
15007018011	15007018	तेरे				
15007018012	15007018	भाइयों				
15007018013	15007018	को				
15007018014	15007018	शेष				
15007018015	15007018	चाँदी				
15007018016	15007018	के				
15007018017	15007018	साथ				
15007018018	15007018	और				
15007018019	15007018	सोना	y			
15007018020	15007018	,		y		
15007018021	15007018	तेरे				
15007018022	15007018	परमेश्वर				
15007018023	15007018	की				
15007018024	15007018	इच्छा				
15007018025	15007018	के				
15007018026	15007018	अनुसार	y			
15007018027	15007018	।		y		
15007019001	15007019	और				
15007019002	15007019	पात्र				
15007019003	15007019	जो				
15007019004	15007019	तुझे				
15007019005	15007019	तेरे				
15007019006	15007019	परमेश्वर				
15007019007	15007019	के				
15007019008	15007019	घर				
15007019009	15007019	की				
15007019010	15007019	सेवा				
15007019011	15007019	के				
15007019012	15007019	लिए				
15007019013	15007019	दिए				
15007019014	15007019	गए				
15007019015	15007019	थे	y			
15007019016	15007019	,		y		
15007019017	15007019	यरूशलेम				
15007019018	15007019	के				
15007019019	15007019	परमेश्वर				
15007019020	15007019	के				
15007019021	15007019	आगे				
15007019022	15007019	सारे				
15007019023	15007019	दे				
15007019024	15007019	देना	y			
15007019025	15007019	।		y		
15007020001	15007020	और				
15007020002	15007020	शेष				
15007020003	15007020	जो				
15007020004	15007020	कुछ				
15007020005	15007020	तेरे				
15007020006	15007020	परमेश्वर				
15007020007	15007020	के				
15007020008	15007020	घर				
15007020009	15007020	के				
15007020010	15007020	लिये				
15007020011	15007020	आवश्यक				
15007020012	15007020	है				
15007020013	15007020	जो				
15007020014	15007020	तुझे				
15007020015	15007020	देना				
15007020016	15007020	आवश्यक				
15007020017	15007020	लगे	y			
15007020018	15007020	,		y		
15007020019	15007020	तू				
15007020020	15007020	राजा				
15007020021	15007020	के				
15007020022	15007020	खजानों				
15007020023	15007020	के				
15007020024	15007020	घर				
15007020025	15007020	में				
15007020026	15007020	से				
15007020027	15007020	दे				
15007020028	15007020	सकता				
15007020029	15007020	है	y			
15007020030	15007020	।		y		
15007021001	15007021	और				
15007021002	15007021	मुझ				
15007021003	15007021	से				
15007021004	15007021	ही	y			
15007021005	15007021	,		y		
15007021006	15007021	अर्तक्षत्र				
15007021007	15007021	राजा	y			
15007021008	15007021	,		y		
15007021009	15007021	सभी				
15007021010	15007021	कोषाध्यक्षों				
15007021011	15007021	के				
15007021012	15007021	लिए				
15007021013	15007021	एक				
15007021014	15007021	राजज्ञा				
15007021015	15007021	ठहराई				
15007021016	15007021	गई				
15007021017	15007021	है				
15007021018	15007021	जो				
15007021019	15007021	नदी-के-पार				
15007021020	15007021	हैं	y			
15007021021	15007021	:		y		
15007021022	15007021	कि				
15007021023	15007021	सब				
15007021024	15007021	कुछ				
15007021025	15007021	जिसे				
15007021026	15007021	एज्रा				
15007021027	15007021	(	y	y		
15007021028	15007021	याजक	y			
15007021029	15007021	,		y		
15007021030	15007021	स्वर्ग				
15007021031	15007021	के				
15007021032	15007021	परमेश्वर				
15007021033	15007021	की				
15007021034	15007021	व्यवस्था				
15007021035	15007021	का				
15007021036	15007021	शास्त्री	y			
15007021037	15007021	)		y		
15007021038	15007021	तुझ				
15007021039	15007021	से				
15007021040	15007021	मांगे	y			
15007021041	15007021	,		y		
15007021042	15007021	इसे				
15007021043	15007021	बड़ी				
15007021044	15007021	यत्न				
15007021045	15007021	से				
15007021046	15007021	किया				
15007021047	15007021	जाए	y			
15007021048	15007021	;		y		
15007022001	15007022	100				
15007022002	15007022	किक्कर				
15007022003	15007022	जितना				
15007022004	15007022	चाँदी	y			
15007022005	15007022	,		y		
15007022006	15007022	और				
15007022007	15007022	100				
15007022008	15007022	कोर				
15007022009	15007022	जितनी				
15007022010	15007022	गेहूँ	y			
15007022011	15007022	,		y		
15007022012	15007022	और				
15007022013	15007022	100				
15007022014	15007022	बत				
15007022015	15007022	जितनी				
15007022016	15007022	दाखमधु	y			
15007022017	15007022	,		y		
15007022018	15007022	और				
15007022019	15007022	100				
15007022020	15007022	बत				
15007022021	15007022	जितना				
15007022022	15007022	तेल	y			
15007022023	15007022	,		y		
15007022024	15007022	और				
15007022025	15007022	नमक				
15007022026	15007022	जो				
15007022027	15007022	लिखा				
15007022028	15007022	नहीं				
15007022029	15007022	है	y			
15007022030	15007022	।		y		
15007023001	15007023	वह				
15007023002	15007023	सब				
15007023003	15007023	जो				
15007023004	15007023	स्वर्ग				
15007023005	15007023	के				
15007023006	15007023	परमेश्वर				
15007023007	15007023	की				
15007023008	15007023	राजज्ञा				
15007023009	15007023	से				
15007023010	15007023	है				
15007023011	15007023	सटीक				
15007023012	15007023	वैसे				
15007023013	15007023	ही				
15007023014	15007023	स्वर्ग				
15007023015	15007023	के				
15007023016	15007023	परमेश्वर				
15007023017	15007023	के				
15007023018	15007023	घर				
15007023019	15007023	के				
15007023020	15007023	लिए				
15007023021	15007023	किया				
15007023022	15007023	जाएगा	y			
15007023023	15007023	।		y		
15007023024	15007023	क्योंकि				
15007023025	15007023	राजा				
15007023026	15007023	के				
15007023027	15007023	राज्य				
15007023028	15007023	पर				
15007023029	15007023	कोप				
15007023030	15007023	क्यों				
15007023031	15007023	भड़के				
15007023032	15007023	और				
15007023033	15007023	उसके				
15007023034	15007023	पुत्रों	y			
15007023035	15007023	?		y		
15007024001	15007024	और				
15007024002	15007024	तुझे				
15007024003	15007024	विदित				
15007024004	15007024	किया				
15007024005	15007024	गया				
15007024006	15007024	है				
15007024007	15007024	कि				
15007024008	15007024	कर				
15007024009	15007024	लगाने				
15007024010	15007024	के				
15007024011	15007024	लिए				
15007024012	15007024	कोई				
15007024013	15007024	अधिकारी				
15007024014	15007024	नहीं				
15007024015	15007024	है	y			
15007024016	15007024	,		y		
15007024017	15007024	श्रद्धांजलि	y			
15007024018	15007024	,		y		
15007024019	15007024	या				
15007024020	15007024	सभी				
15007024021	15007024	याजकों				
15007024022	15007024	पर				
15007024023	15007024	राहदारी	y			
15007024024	15007024	,		y		
15007024025	15007024	और				
15007024026	15007024	लेवीयों	y			
15007024027	15007024	,		y		
15007024028	15007024	गायकों	y			
15007024029	15007024	,		y		
15007024030	15007024	द्वारपालों	y			
15007024031	15007024	,		y		
15007024032	15007024	नतीनों	y			
15007024033	15007024	,		y		
15007024034	15007024	और				
15007024035	15007024	परमेश्वर				
15007024036	15007024	के				
15007024037	15007024	उस				
15007024038	15007024	घर				
15007024039	15007024	के				
15007024040	15007024	सेवक	y			
15007024041	15007024	।		y		
15007025001	15007025	और				
15007025002	15007025	तेरे				
15007025003	15007025	लिए	y			
15007025004	15007025	,		y		
15007025005	15007025	एज्रा	y			
15007025006	15007025	,		y		
15007025007	15007025	तेरे				
15007025008	15007025	परमेश्वर				
15007025009	15007025	की				
15007025010	15007025	बुद्धि				
15007025011	15007025	के				
15007025012	15007025	अनुसार				
15007025013	15007025	जो				
15007025014	15007025	तेरे				
15007025015	15007025	हाथ				
15007025016	15007025	में				
15007025017	15007025	है	y			
15007025018	15007025	,		y		
15007025019	15007025	जनपदाधीश				
15007025020	15007025	की				
15007025021	15007025	नियुक्त				
15007025022	15007025	कर				
15007025023	15007025	और				
15007025024	15007025	न्यायियों				
15007025025	15007025	जो				
15007025026	15007025	सब				
15007025027	15007025	लोगों				
15007025028	15007025	का				
15007025029	15007025	न्याय				
15007025030	15007025	करें				
15007025031	15007025	जो				
15007025032	15007025	नदी-के-पार				
15007025033	15007025	हैं	y			
15007025034	15007025	,		y		
15007025035	15007025	वे				
15007025036	15007025	जो				
15007025037	15007025	तेरे				
15007025038	15007025	परमेश्वर				
15007025039	15007025	की				
15007025040	15007025	व्यवस्था				
15007025041	15007025	को				
15007025042	15007025	जानते				
15007025043	15007025	हैं	y			
15007025044	15007025	।		y		
15007025045	15007025	और				
15007025046	15007025	तुम				
15007025047	15007025	उनको				
15007025048	15007025	सिखाओगे				
15007025049	15007025	जो				
15007025050	15007025	नहीं				
15007025051	15007025	जानते	y			
15007025052	15007025	।		y		
15007026001	15007026	और				
15007026002	15007026	हर				
15007026003	15007026	कोई				
15007026004	15007026	जो				
15007026005	15007026	तेरे				
15007026006	15007026	परमेश्वर				
15007026007	15007026	की				
15007026008	15007026	व्यवस्था				
15007026009	15007026	पर				
15007026010	15007026	नहीं				
15007026011	15007026	चलेगा				
15007026012	15007026	और				
15007026013	15007026	राजा				
15007026014	15007026	की				
15007026015	15007026	व्यवस्था	y			
15007026016	15007026	,		y		
15007026017	15007026	उसका				
15007026018	15007026	न्याय				
15007026019	15007026	बड़े				
15007026020	15007026	यत्न				
15007026021	15007026	से				
15007026022	15007026	किया				
15007026023	15007026	जाएगा	y			
15007026024	15007026	,		y		
15007026025	15007026	चाहे				
15007026026	15007026	मौत				
15007026027	15007026	के				
15007026028	15007026	लिए	y			
15007026029	15007026	,		y		
15007026030	15007026	चाहे				
15007026031	15007026	निर्वासन				
15007026032	15007026	के				
15007026033	15007026	लिए	y			
15007026034	15007026	,		y		
15007026035	15007026	चाहे				
15007026036	15007026	माल				
15007026037	15007026	की				
15007026038	15007026	जब्ती				
15007026039	15007026	के				
15007026040	15007026	लिए	y			
15007026041	15007026	,		y		
15007026042	15007026	या				
15007026043	15007026	कारावास				
15007026044	15007026	के				
15007026045	15007026	लिए	y			
15007026046	15007026	।	y	y		
15007026047	15007026	""""		y		
15007027001	15007027	धन्य				
15007027002	15007027	हो				
15007027003	15007027	यहोवा	y			
15007027004	15007027	,		y		
15007027005	15007027	हमारे				
15007027006	15007027	पिताओं				
15007027007	15007027	का				
15007027008	15007027	परमेश्वर	y			
15007027009	15007027	,		y		
15007027010	15007027	जिसने				
15007027011	15007027	इसके				
15007027012	15007027	अनुसार				
15007027013	15007027	राजा				
15007027014	15007027	के				
15007027015	15007027	मन				
15007027016	15007027	में				
15007027017	15007027	डाला	y			
15007027018	15007027	,		y		
15007027019	15007027	यहोवा				
15007027020	15007027	के				
15007027021	15007027	घर				
15007027022	15007027	की				
15007027023	15007027	महिमा				
15007027024	15007027	करने				
15007027025	15007027	के				
15007027026	15007027	लिए	y			
15007027027	15007027	,		y		
15007027028	15007027	जो				
15007027029	15007027	यरूशलेम				
15007027030	15007027	में				
15007027031	15007027	है	y			
15007027032	15007027	,		y		
15007028001	15007028	और				
15007028002	15007028	राजा				
15007028003	15007028	के				
15007028004	15007028	मुँह				
15007028005	15007028	के				
15007028006	15007028	आगे				
15007028007	15007028	मेरे				
15007028008	15007028	लिये				
15007028009	15007028	वाचा				
15007028010	15007028	की				
15007028011	15007028	विश्वासयोग्यता				
15007028012	15007028	का				
15007028013	15007028	विस्तार				
15007028014	15007028	किया	y			
15007028015	15007028	,		y		
15007028016	15007028	और				
15007028017	15007028	उसके				
15007028018	15007028	सलाहकारों	y			
15007028019	15007028	,		y		
15007028020	15007028	और				
15007028021	15007028	राजा				
15007028022	15007028	के				
15007028023	15007028	सब				
15007028024	15007028	पराक्रमी				
15007028025	15007028	अधिकारियों				
15007028026	15007028	के				
15007028027	15007028	आगे	y			
15007028028	15007028	।		y		
15007028029	15007028	और				
15007028030	15007028	मेरे				
15007028031	15007028	लिए	y			
15007028032	15007028	,		y		
15007028033	15007028	और				
15007028034	15007028	मैंने				
15007028035	15007028	यहोवा				
15007028036	15007028	मेरे				
15007028037	15007028	परमेश्वर				
15007028038	15007028	के				
15007028039	15007028	हाथ				
15007028040	15007028	के				
15007028041	15007028	अनुसार				
15007028042	15007028	जो				
15007028043	15007028	मुझ				
15007028044	15007028	पर				
15007028045	15007028	है				
15007028046	15007028	अपने				
15007028047	15007028	आप				
15007028048	15007028	को				
15007028049	15007028	दृढ़				
15007028050	15007028	किया				
15007028051	15007028	है	y			
15007028052	15007028	,		y		
15007028053	15007028	और				
15007028054	15007028	मैंने				
15007028055	15007028	इस्राएल				
15007028056	15007028	से				
15007028057	15007028	प्रधानों				
15007028058	15007028	को				
15007028059	15007028	अपने				
15007028060	15007028	संग				
15007028061	15007028	चलने				
15007028062	15007028	के				
15007028063	15007028	लिए				
15007028064	15007028	इकट्ठा				
15007028065	15007028	किया	y			
15007028066	15007028	।		y		
15008001001	15008001	अब				
15008001002	15008001	ये				
15008001003	15008001	उनके				
15008001004	15008001	पूर्वजों				
15008001005	15008001	के				
15008001006	15008001	प्रधान				
15008001007	15008001	हैं				
15008001008	15008001	और				
15008001009	15008001	वंशावली				
15008001010	15008001	के				
15008001011	15008001	द्वारा				
15008001012	15008001	उनका				
15008001013	15008001	नामांकन	y			
15008001014	15008001	,		y		
15008001015	15008001	जो				
15008001016	15008001	अर्तक्षत्र				
15008001017	15008001	राजा				
15008001018	15008001	के				
15008001019	15008001	शासन				
15008001020	15008001	में				
15008001021	15008001	बाबेल				
15008001022	15008001	से				
15008001023	15008001	मेरे				
15008001024	15008001	साथ				
15008001025	15008001	ऊपर				
15008001026	15008001	गए	y			
15008001027	15008001	:		y		
15008002001	15008002	पीनहास				
15008002002	15008002	के				
15008002003	15008002	पुत्रों				
15008002004	15008002	से				
15008002005	15008002	गेर्शोम				
15008002006	15008002	था	y			
15008002007	15008002	।		y		
15008002008	15008002	ईतामार				
15008002009	15008002	के				
15008002010	15008002	पुत्रों				
15008002011	15008002	से				
15008002012	15008002	दानिय्येल				
15008002013	15008002	था	y			
15008002014	15008002	।		y		
15008002015	15008002	दाऊद				
15008002016	15008002	के				
15008002017	15008002	पुत्रों				
15008002018	15008002	से				
15008002019	15008002	हत्तूश				
15008002020	15008002	था	y			
15008002021	15008002	।		y		
15008003001	15008003	शकन्याह				
15008003002	15008003	के				
15008003003	15008003	पुत्र				
15008003004	15008003	परोश				
15008003005	15008003	के				
15008003006	15008003	पुत्रों				
15008003007	15008003	से	y			
15008003008	15008003	,		y		
15008003009	15008003	जकर्याह				
15008003010	15008003	,		y		
15008003011	15008003	और				
15008003012	15008003	उसके				
15008003013	15008003	साथ				
15008003014	15008003	150				
15008003015	15008003	पुरुष				
15008003016	15008003	वंशावली				
15008003017	15008003	के				
15008003018	15008003	अनुसार				
15008003019	15008003	नामांकित				
15008003020	15008003	किए				
15008003021	15008003	गए				
15008003022	15008003	थे	y			
15008003023	15008003	।		y		
15008004001	15008004	पहत्मोआब				
15008004002	15008004	के				
15008004003	15008004	पुत्रों				
15008004004	15008004	से				
15008004005	15008004	एल्यहोएनै				
15008004006	15008004	था	y			
15008004007	15008004	,		y		
15008004008	15008004	जरहयाह				
15008004009	15008004	का				
15008004010	15008004	पुत्र	y			
15008004011	15008004	,		y		
15008004012	15008004	और				
15008004013	15008004	उसके				
15008004014	15008004	साथ				
15008004015	15008004	200				
15008004016	15008004	पुरुष				
15008004017	15008004	थे	y			
15008004018	15008004	।		y		
15008005001	15008005	शकन्याह				
15008005002	15008005	के				
15008005003	15008005	पुत्रों				
15008005004	15008005	से				
15008005005	15008005	यहजीएल				
15008005006	15008005	का				
15008005007	15008005	पुत्र				
15008005008	15008005	था	y			
15008005009	15008005	,		y		
15008005010	15008005	और				
15008005011	15008005	उसके				
15008005012	15008005	संग				
15008005013	15008005	300				
15008005014	15008005	पुरुष				
15008005015	15008005	थे	y			
15008005016	15008005	।		y		
15008006001	15008006	और				
15008006002	15008006	आदीन				
15008006003	15008006	के				
15008006004	15008006	पुत्रों				
15008006005	15008006	से				
15008006006	15008006	एबेद				
15008006007	15008006	था	y			
15008006008	15008006	,		y		
15008006009	15008006	योनातान				
15008006010	15008006	का				
15008006011	15008006	पुत्र	y			
15008006012	15008006	,		y		
15008006013	15008006	और				
15008006014	15008006	उसके				
15008006015	15008006	साथ				
15008006016	15008006	50				
15008006017	15008006	पुरुष				
15008006018	15008006	थे	y			
15008006019	15008006	।		y		
15008007001	15008007	और				
15008007002	15008007	एलाम				
15008007003	15008007	के				
15008007004	15008007	पुत्रों				
15008007005	15008007	से				
15008007006	15008007	अतल्याह				
15008007007	15008007	था	y			
15008007008	15008007	,		y		
15008007009	15008007	यशायाह				
15008007010	15008007	का				
15008007011	15008007	पुत्र	y			
15008007012	15008007	,		y		
15008007013	15008007	और				
15008007014	15008007	उसके				
15008007015	15008007	साथ				
15008007016	15008007	70				
15008007017	15008007	पुरुष				
15008007018	15008007	थे	y			
15008007019	15008007	।		y		
15008008001	15008008	और				
15008008002	15008008	शपत्याह				
15008008003	15008008	के				
15008008004	15008008	पुत्रों				
15008008005	15008008	से				
15008008006	15008008	जबद्याह				
15008008007	15008008	था	y			
15008008008	15008008	,		y		
15008008009	15008008	मीकाएल				
15008008010	15008008	का				
15008008011	15008008	पुत्र	y			
15008008012	15008008	,		y		
15008008013	15008008	और				
15008008014	15008008	उसके				
15008008015	15008008	साथ				
15008008016	15008008	80				
15008008017	15008008	पुरुष				
15008008018	15008008	थे	y			
15008008019	15008008	।		y		
15008009001	15008009	योआब				
15008009002	15008009	के				
15008009003	15008009	पुत्रों				
15008009004	15008009	से				
15008009005	15008009	ओबद्याह				
15008009006	15008009	था	y			
15008009007	15008009	,		y		
15008009008	15008009	यहीएल				
15008009009	15008009	का				
15008009010	15008009	पुत्र	y			
15008009011	15008009	,		y		
15008009012	15008009	और				
15008009013	15008009	उसके				
15008009014	15008009	साथ				
15008009015	15008009	218				
15008009016	15008009	पुरुष				
15008009017	15008009	थे	y			
15008009018	15008009	।		y		
15008010001	15008010	और				
15008010002	15008010	शलोमीत				
15008010003	15008010	के				
15008010004	15008010	पुत्रों				
15008010005	15008010	से				
15008010006	15008010	योसिव्याह				
15008010007	15008010	था	y			
15008010008	15008010	,		y		
15008010009	15008010	और				
15008010010	15008010	उसके				
15008010011	15008010	साथ				
15008010012	15008010	160				
15008010013	15008010	पुरुष				
15008010014	15008010	थे	y			
15008010015	15008010	।		y		
15008011001	15008011	और				
15008011002	15008011	बेबै				
15008011003	15008011	के				
15008011004	15008011	पुत्रों				
15008011005	15008011	से				
15008011006	15008011	जकर्याह				
15008011007	15008011	था	y			
15008011008	15008011	,		y		
15008011009	15008011	बेबै				
15008011010	15008011	का				
15008011011	15008011	पुत्र	y			
15008011012	15008011	,		y		
15008011013	15008011	और				
15008011014	15008011	उसके				
15008011015	15008011	साथ				
15008011016	15008011	28				
15008011017	15008011	पुरुष				
15008011018	15008011	थे	y			
15008011019	15008011	।		y		
15008012001	15008012	और				
15008012002	15008012	अजगाद				
15008012003	15008012	के				
15008012004	15008012	पुत्रों				
15008012005	15008012	से				
15008012006	15008012	योहानान				
15008012007	15008012	था	y			
15008012008	15008012	,		y		
15008012009	15008012	हक्कातान				
15008012010	15008012	का				
15008012011	15008012	पुत्र	y			
15008012012	15008012	,		y		
15008012013	15008012	और				
15008012014	15008012	उसके				
15008012015	15008012	साथ				
15008012016	15008012	110				
15008012017	15008012	पुरुष				
15008012018	15008012	थे	y			
15008012019	15008012	।		y		
15008013001	15008013	और				
15008013002	15008013	अदोनीकाम				
15008013003	15008013	के				
15008013004	15008013	अंतिम				
15008013005	15008013	पुत्रों				
15008013006	15008013	से	y			
15008013007	15008013	,		y		
15008013008	15008013	और				
15008013009	15008013	उनके				
15008013010	15008013	नाम				
15008013011	15008013	ये				
15008013012	15008013	हैं	y			
15008013013	15008013	:		y		
15008013014	15008013	एलीपेलेत	y			
15008013015	15008013	,		y		
15008013016	15008013	यूएल	y			
15008013017	15008013	,		y		
15008013018	15008013	और				
15008013019	15008013	शमायाह	y			
15008013020	15008013	,		y		
15008013021	15008013	और				
15008013022	15008013	उनके				
15008013023	15008013	साथ				
15008013024	15008013	60				
15008013025	15008013	पुरुष				
15008013026	15008013	थे	y			
15008013027	15008013	।		y		
15008014001	15008014	और				
15008014002	15008014	बिगवै				
15008014003	15008014	के				
15008014004	15008014	पुत्रों				
15008014005	15008014	से				
15008014006	15008014	ऊतै				
15008014007	15008014	और				
15008014008	15008014	जक्कूर				
15008014009	15008014	थे	y			
15008014010	15008014	,		y		
15008014011	15008014	और				
15008014012	15008014	उसके				
15008014013	15008014	साथ				
15008014014	15008014	70				
15008014015	15008014	पुरुष				
15008014016	15008014	थे	y			
15008014017	15008014	।		y		
15008015001	15008015	और				
15008015002	15008015	मैंने				
15008015003	15008015	उन्हें				
15008015004	15008015	नदी				
15008015005	15008015	के				
15008015006	15008015	पास				
15008015007	15008015	इकट्ठा				
15008015008	15008015	किया	y			
15008015009	15008015	,		y		
15008015010	15008015	वह				
15008015011	15008015	जो				
15008015012	15008015	अहवा				
15008015013	15008015	को				
15008015014	15008015	जाती				
15008015015	15008015	है	y			
15008015016	15008015	,		y		
15008015017	15008015	और				
15008015018	15008015	हम				
15008015019	15008015	ने				
15008015020	15008015	वहाँ				
15008015021	15008015	तीन				
15008015022	15008015	दिन				
15008015023	15008015	तक				
15008015024	15008015	डेरे				
15008015025	15008015	डाले	y			
15008015026	15008015	।		y		
15008015027	15008015	और				
15008015028	15008015	मैंने				
15008015029	15008015	लोगों				
15008015030	15008015	की				
15008015031	15008015	जाँच				
15008015032	15008015	की				
15008015033	15008015	और				
15008015034	15008015	याजकों	y			
15008015035	15008015	,		y		
15008015036	15008015	परन्तु				
15008015037	15008015	लेवी				
15008015038	15008015	के				
15008015039	15008015	पुत्रों				
15008015040	15008015	में				
15008015041	15008015	से				
15008015042	15008015	मुझे				
15008015043	15008015	वहाँ				
15008015044	15008015	कोई				
15008015045	15008015	न				
15008015046	15008015	मिला	y			
15008015047	15008015	।		y		
15008016001	15008016	फिर				
15008016002	15008016	मैंने				
15008016003	15008016	भेजा	y			
15008016004	15008016	:		y		
15008016005	15008016	एलीएजेर				
15008016006	15008016	के				
15008016007	15008016	लिए	y			
15008016008	15008016	,		y		
15008016009	15008016	अरीएल				
15008016010	15008016	के				
15008016011	15008016	लिए	y			
15008016012	15008016	,		y		
15008016013	15008016	शमायाह				
15008016014	15008016	के				
15008016015	15008016	लिए	y			
15008016016	15008016	,		y		
15008016017	15008016	और				
15008016018	15008016	एलनातान				
15008016019	15008016	के				
15008016020	15008016	लिए	y			
15008016021	15008016	,		y		
15008016022	15008016	और				
15008016023	15008016	यारीब				
15008016024	15008016	के				
15008016025	15008016	लिए	y			
15008016026	15008016	,		y		
15008016027	15008016	और				
15008016028	15008016	एलनातान				
15008016029	15008016	के				
15008016030	15008016	लिए				
15008016031	15008016	और				
15008016032	15008016	नातान				
15008016033	15008016	के				
15008016034	15008016	लिए	y			
15008016035	15008016	,		y		
15008016036	15008016	और				
15008016037	15008016	जकर्याह				
15008016038	15008016	के				
15008016039	15008016	लिए	y			
15008016040	15008016	,		y		
15008016041	15008016	और				
15008016042	15008016	मशुल्लाम				
15008016043	15008016	के				
15008016044	15008016	लिए	y			
15008016045	15008016	,		y		
15008016046	15008016	प्रधानों	y			
15008016047	15008016	;		y		
15008016048	15008016	और				
15008016049	15008016	योयारीब				
15008016050	15008016	के				
15008016051	15008016	लिए	y			
15008016052	15008016	,		y		
15008016053	15008016	और				
15008016054	15008016	एलनातान				
15008016055	15008016	के				
15008016056	15008016	लिए	y			
15008016057	15008016	,		y		
15008016058	15008016	बुद्धिमान				
15008016059	15008016	पुरुष	y			
15008016060	15008016	।		y		
15008017001	15008017	और				
15008017002	15008017	मैंने				
15008017003	15008017	उन्हें				
15008017004	15008017	इद्दो				
15008017005	15008017	जाने				
15008017006	15008017	की				
15008017007	15008017	आज्ञा				
15008017008	15008017	दी	y			
15008017009	15008017	,		y		
15008017010	15008017	कासिप्या				
15008017011	15008017	स्थान				
15008017012	15008017	पर				
15008017013	15008017	प्रधान	y			
15008017014	15008017	।		y		
15008017015	15008017	और				
15008017016	15008017	मैंने				
15008017017	15008017	इद्दो				
15008017018	15008017	से				
15008017019	15008017	बातें				
15008017020	15008017	करने				
15008017021	15008017	के				
15008017022	15008017	लिए				
15008017023	15008017	उनके				
15008017024	15008017	मुँह				
15008017025	15008017	में				
15008017026	15008017	शब्दों				
15008017027	15008017	को				
15008017028	15008017	डाल				
15008017029	15008017	दिया				
15008017030	15008017	और				
15008017031	15008017	उसके				
15008017032	15008017	भाईयों	y			
15008017033	15008017	,		y		
15008017034	15008017	कासिप्या				
15008017035	15008017	के				
15008017036	15008017	स्थान				
15008017037	15008017	पर				
15008017038	15008017	नतीन	y			
15008017039	15008017	,		y		
15008017040	15008017	कि				
15008017041	15008017	उन				
15008017042	15008017	लोगों				
15008017043	15008017	को				
15008017044	15008017	हमारे				
15008017045	15008017	पास				
15008017046	15008017	लाए				
15008017047	15008017	जो				
15008017048	15008017	हमारे				
15008017049	15008017	परमेश्वर				
15008017050	15008017	के				
15008017051	15008017	घर				
15008017052	15008017	की				
15008017053	15008017	सेवकाई				
15008017054	15008017	करते				
15008017055	15008017	हैं	y			
15008017056	15008017	।		y		
15008018001	15008018	और				
15008018002	15008018	हमारे				
15008018003	15008018	परमेश्वर				
15008018004	15008018	के				
15008018005	15008018	हमारे				
15008018006	15008018	ऊपर				
15008018007	15008018	भले				
15008018008	15008018	हाथ				
15008018009	15008018	के				
15008018010	15008018	अनुसार	y			
15008018011	15008018	,		y		
15008018012	15008018	वे				
15008018013	15008018	हमारे				
15008018014	15008018	पास				
15008018015	15008018	लाए	y			
15008018016	15008018	:		y		
15008018017	15008018	महली				
15008018018	15008018	के				
15008018019	15008018	पुत्रों				
15008018020	15008018	से				
15008018021	15008018	परख				
15008018022	15008018	वाला				
15008018023	15008018	एक				
15008018024	15008018	व्यक्ति	y			
15008018025	15008018	,		y		
15008018026	15008018	लेवी				
15008018027	15008018	का				
15008018028	15008018	पुत्र	y			
15008018029	15008018	,		y		
15008018030	15008018	इस्राएल				
15008018031	15008018	का				
15008018032	15008018	पुत्र	y			
15008018033	15008018	,		y		
15008018034	15008018	यहाँ				
15008018035	15008018	तक				
15008018036	15008018	कि				
15008018037	15008018	शेरेब्याह	y			
15008018038	15008018	,		y		
15008018039	15008018	और				
15008018040	15008018	उसके				
15008018041	15008018	पुत्र				
15008018042	15008018	और				
15008018043	15008018	उसके				
15008018044	15008018	भाई				
15008018045	15008018	18				
15008018046	15008018	थे	y			
15008018047	15008018	;		y		
15008019001	15008019	और				
15008019002	15008019	हशब्याह	y			
15008019003	15008019	,		y		
15008019004	15008019	और				
15008019005	15008019	उसके				
15008019006	15008019	साथ	y			
15008019007	15008019	,		y		
15008019008	15008019	यशायाह	y			
15008019009	15008019	,		y		
15008019010	15008019	मरारी				
15008019011	15008019	के				
15008019012	15008019	पुत्रों				
15008019013	15008019	से	y			
15008019014	15008019	,		y		
15008019015	15008019	जिनके				
15008019016	15008019	भाई				
15008019017	15008019	और				
15008019018	15008019	उनके				
15008019019	15008019	पुत्र				
15008019020	15008019	20				
15008019021	15008019	थे	y			
15008019022	15008019	;		y		
15008020001	15008020	और				
15008020002	15008020	नतीनों				
15008020003	15008020	से				
15008020004	15008020	220				
15008020005	15008020	नतीन				
15008020006	15008020	जिसे				
15008020007	15008020	दाऊद				
15008020008	15008020	ने				
15008020009	15008020	अधिकारियों				
15008020010	15008020	समेत				
15008020011	15008020	लेवियों				
15008020012	15008020	की				
15008020013	15008020	सेवा				
15008020014	15008020	के				
15008020015	15008020	लिए				
15008020016	15008020	दे				
15008020017	15008020	दिया				
15008020018	15008020	था	y			
15008020019	15008020	।		y		
15008020020	15008020	सभी				
15008020021	15008020	को				
15008020022	15008020	उनके				
15008020023	15008020	नामों				
15008020024	15008020	से				
15008020025	15008020	नामित				
15008020026	15008020	किया				
15008020027	15008020	गया				
15008020028	15008020	था	y			
15008020029	15008020	।		y		
15008021001	15008021	तब				
15008021002	15008021	मैंने				
15008021003	15008021	वहाँ				
15008021004	15008021	अहवा				
15008021005	15008021	नदी				
15008021006	15008021	के				
15008021007	15008021	पास				
15008021008	15008021	उपवास				
15008021009	15008021	की				
15008021010	15008021	घोषणा				
15008021011	15008021	की	y			
15008021012	15008021	,		y		
15008021013	15008021	हमारे				
15008021014	15008021	परमेश्वर				
15008021015	15008021	के				
15008021016	15008021	आगे				
15008021017	15008021	अपने				
15008021018	15008021	आप				
15008021019	15008021	को				
15008021020	15008021	दु:ख				
15008021021	15008021	देना				
15008021022	15008021	ताकि				
15008021023	15008021	उससे				
15008021024	15008021	अपने				
15008021025	15008021	लिए				
15008021026	15008021	सीधा				
15008021027	15008021	मार्ग				
15008021028	15008021	ढूंढ़ें	y			
15008021029	15008021	,		y		
15008021030	15008021	और				
15008021031	15008021	हमारे				
15008021032	15008021	बच्चों				
15008021033	15008021	के				
15008021034	15008021	लिए	y			
15008021035	15008021	,		y		
15008021036	15008021	और				
15008021037	15008021	अपनी				
15008021038	15008021	सारी				
15008021039	15008021	संपत्ति				
15008021040	15008021	के				
15008021041	15008021	लिए	y			
15008021042	15008021	।		y		
15008022001	15008022	क्योंकि				
15008022002	15008022	मुझे				
15008022003	15008022	राजा				
15008022004	15008022	से				
15008022005	15008022	एक				
15008022006	15008022	सेना				
15008022007	15008022	माँगने				
15008022008	15008022	में				
15008022009	15008022	शर्म				
15008022010	15008022	आती				
15008022011	15008022	थी				
15008022012	15008022	और				
15008022013	15008022	मार्ग				
15008022014	15008022	में				
15008022015	15008022	एक				
15008022016	15008022	शत्रु				
15008022017	15008022	से				
15008022018	15008022	हमारी				
15008022019	15008022	सहायता				
15008022020	15008022	करने				
15008022021	15008022	के				
15008022022	15008022	लिए				
15008022023	15008022	घुड़सवार	y			
15008022024	15008022	।		y		
15008022025	15008022	क्योंकि				
15008022026	15008022	हम				
15008022027	15008022	ने				
15008022028	15008022	राजा				
15008022029	15008022	से				
15008022030	15008022	बात				
15008022031	15008022	की				
15008022032	15008022	थी	y			
15008022033	15008022	,		y		
15008022034	15008022	यह				
15008022035	15008022	कहते				
15008022036	15008022	हुए				
15008022037	15008022	""""	y	y		
15008022038	15008022	हमारे				
15008022039	15008022	परमेश्वर				
15008022040	15008022	का				
15008022041	15008022	हाथ				
15008022042	15008022	उन				
15008022043	15008022	सभों				
15008022044	15008022	पर				
15008022045	15008022	भले				
15008022046	15008022	के				
15008022047	15008022	लिए				
15008022048	15008022	है				
15008022049	15008022	जो				
15008022050	15008022	उसकी				
15008022051	15008022	खोज				
15008022052	15008022	करते				
15008022053	15008022	हैं	y			
15008022054	15008022	,		y		
15008022055	15008022	पर				
15008022056	15008022	उसकी				
15008022057	15008022	सामर्थ्य				
15008022058	15008022	और				
15008022059	15008022	उसकी				
15008022060	15008022	नाक				
15008022061	15008022	उन				
15008022062	15008022	सब				
15008022063	15008022	के				
15008022064	15008022	विरुद्ध				
15008022065	15008022	है				
15008022066	15008022	जो				
15008022067	15008022	उसे				
15008022068	15008022	त्याग				
15008022069	15008022	देता				
15008022070	15008022	है	y			
15008022071	15008022	।	y	y		
15008022072	15008022	""""		y		
15008023001	15008023	इसलिए				
15008023002	15008023	हमने				
15008023003	15008023	उपवास				
15008023004	15008023	किया				
15008023005	15008023	और				
15008023006	15008023	इस				
15008023007	15008023	संबंध				
15008023008	15008023	में				
15008023009	15008023	हमारे				
15008023010	15008023	परमेश्वर				
15008023011	15008023	से				
15008023012	15008023	खोज				
15008023013	15008023	की	y			
15008023014	15008023	,		y		
15008023015	15008023	और				
15008023016	15008023	हमने				
15008023017	15008023	उससे				
15008023018	15008023	गिड़गिड़ा				
15008023019	15008023	कर				
15008023020	15008023	बिनती				
15008023021	15008023	की				
15008023022	15008023	थी	y			
15008023023	15008023	।		y		
15008024001	15008024	तब				
15008024002	15008024	मैंने				
15008024003	15008024	12				
15008024004	15008024	को				
15008024005	15008024	याजकों				
15008024006	15008024	के				
15008024007	15008024	अगुवों				
15008024008	15008024	से				
15008024009	15008024	अलग				
15008024010	15008024	किया	y			
15008024011	15008024	:		y		
15008024012	15008024	शेरेब्याह	y			
15008024013	15008024	,		y		
15008024014	15008024	हशब्याह				
15008024015	15008024	और				
15008024016	15008024	उनके				
15008024017	15008024	साथ				
15008024018	15008024	उनके				
15008024019	15008024	भाइयों				
15008024020	15008024	से				
15008024021	15008024	दस				
15008024022	15008024	को	y			
15008024023	15008024	।		y		
15008025001	15008025	और				
15008025002	15008025	मैंने				
15008025003	15008025	उन्हें				
15008025004	15008025	चाँदी				
15008025005	15008025	तौल				
15008025006	15008025	कर				
15008025007	15008025	दी				
15008025008	15008025	और				
15008025009	15008025	सोना				
15008025010	15008025	और				
15008025011	15008025	पात्र	y			
15008025012	15008025	,		y		
15008025013	15008025	हमारे				
15008025014	15008025	परमेश्वर				
15008025015	15008025	के				
15008025016	15008025	घर				
15008025017	15008025	के				
15008025018	15008025	लिए				
15008025019	15008025	भेंट				
15008025020	15008025	जो				
15008025021	15008025	राजा	y			
15008025022	15008025	,		y		
15008025023	15008025	और				
15008025024	15008025	उसके				
15008025025	15008025	सलाहकारों	y			
15008025026	15008025	,		y		
15008025027	15008025	और				
15008025028	15008025	उसके				
15008025029	15008025	अधिकारियों	y			
15008025030	15008025	,		y		
15008025031	15008025	और				
15008025032	15008025	सारे				
15008025033	15008025	इस्राएलियों				
15008025034	15008025	ने				
15008025035	15008025	(	y	y		
15008025036	15008025	जो				
15008025037	15008025	पाए				
15008025038	15008025	गए				
15008025039	15008025	थे	y			
15008025040	15008025	)		y		
15008025041	15008025	चढ़ाई				
15008025042	15008025	थी	y			
15008025043	15008025	।		y		
15008026001	15008026	और				
15008026002	15008026	मैंने				
15008026003	15008026	उनके				
15008026004	15008026	हाथ				
15008026005	15008026	में				
15008026006	15008026	650				
15008026007	15008026	किक्कार				
15008026008	15008026	चाँदी				
15008026009	15008026	तौल				
15008026010	15008026	दी	y			
15008026011	15008026	,		y		
15008026012	15008026	और				
15008026013	15008026	100				
15008026014	15008026	किक्कार				
15008026015	15008026	चाँदी				
15008026016	15008026	के				
15008026017	15008026	पात्र	y			
15008026018	15008026	,		y		
15008026019	15008026	100				
15008026020	15008026	किक्कर				
15008026021	15008026	सोना	y			
15008026022	15008026	,		y		
15008027001	15008027	और				
15008027002	15008027	1000				
15008027003	15008027	दर्कमोन				
15008027004	15008027	के				
15008027005	15008027	सोने				
15008027006	15008027	के				
15008027007	15008027	20				
15008027008	15008027	कटोरे	y			
15008027009	15008027	,		y		
15008027010	15008027	और				
15008027011	15008027	दो				
15008027012	15008027	अच्छे	y			
15008027013	15008027	,		y		
15008027014	15008027	कांसे				
15008027015	15008027	के				
15008027016	15008027	जगमगाते				
15008027017	15008027	पात्र	y			
15008027018	15008027	,		y		
15008027019	15008027	सोने				
15008027020	15008027	की				
15008027021	15008027	जैसे				
15008027022	15008027	बहुमूल्य	y			
15008027023	15008027	।		y		
15008028001	15008028	और				
15008028002	15008028	मैंने				
15008028003	15008028	उनसे				
15008028004	15008028	कहा	y			
15008028005	15008028	,		y		
15008028006	15008028	“	y	y		
15008028007	15008028	तुम				
15008028008	15008028	यहोवा				
15008028009	15008028	के				
15008028010	15008028	लिए				
15008028011	15008028	पवित्र				
15008028012	15008028	हो	y			
15008028013	15008028	,		y		
15008028014	15008028	और				
15008028015	15008028	पात्र				
15008028016	15008028	पवित्र				
15008028017	15008028	हैं	y			
15008028018	15008028	।		y		
15008028019	15008028	और				
15008028020	15008028	चाँदी				
15008028021	15008028	और				
15008028022	15008028	सोना				
15008028023	15008028	यहोवा				
15008028024	15008028	के				
15008028025	15008028	लिए				
15008028026	15008028	स्वेच्छाबलि				
15008028027	15008028	है	y			
15008028028	15008028	,		y		
15008028029	15008028	तुम्हारे				
15008028030	15008028	पूर्वजों				
15008028031	15008028	का				
15008028032	15008028	परमेश्वर	y			
15008028033	15008028	।		y		
15008029001	15008029	देख				
15008029002	15008029	और				
15008029003	15008029	रख				
15008029004	15008029	जब				
15008029005	15008029	तक				
15008029006	15008029	तू				
15008029007	15008029	उन्हें				
15008029008	15008029	याजकों				
15008029009	15008029	के				
15008029010	15008029	अगुवों				
15008029011	15008029	के				
15008029012	15008029	मुँह				
15008029013	15008029	के				
15008029014	15008029	आगे				
15008029015	15008029	तौल				
15008029016	15008029	न				
15008029017	15008029	ले				
15008029018	15008029	और				
15008029019	15008029	लेवीय				
15008029020	15008029	और				
15008029021	15008029	इस्राएल				
15008029022	15008029	के				
15008029023	15008029	पिताओं				
15008029024	15008029	के				
15008029025	15008029	अगुवे	y			
15008029026	15008029	,		y		
15008029027	15008029	यरूशलेम				
15008029028	15008029	में	y			
15008029029	15008029	,		y		
15008029030	15008029	यहोवा				
15008029031	15008029	के				
15008029032	15008029	घर				
15008029033	15008029	की				
15008029034	15008029	कोठरियों				
15008029035	15008029	में	y			
15008029036	15008029	।	y	y		
15008029037	15008029	”		y		
15008030001	15008030	इसलिए				
15008030002	15008030	याजकों				
15008030003	15008030	और				
15008030004	15008030	लेवियों				
15008030005	15008030	ने				
15008030006	15008030	चाँदी				
15008030007	15008030	का				
15008030008	15008030	भार				
15008030009	15008030	प्राप्त				
15008030010	15008030	किया	y			
15008030011	15008030	,		y		
15008030012	15008030	और				
15008030013	15008030	सोना	y			
15008030014	15008030	,		y		
15008030015	15008030	और				
15008030016	15008030	पात्र	y			
15008030017	15008030	,		y		
15008030018	15008030	उन्हें				
15008030019	15008030	यरूशलेम				
15008030020	15008030	लाने				
15008030021	15008030	के				
15008030022	15008030	लिए	y			
15008030023	15008030	,		y		
15008030024	15008030	हमारे				
15008030025	15008030	परमेश्वर				
15008030026	15008030	के				
15008030027	15008030	घर				
15008030028	15008030	के				
15008030029	15008030	लिए	y			
15008030030	15008030	।		y		
15008031001	15008031	फिर				
15008031002	15008031	हम				
15008031003	15008031	पहले				
15008031004	15008031	महीने				
15008031005	15008031	के				
15008031006	15008031	दिन				
15008031007	15008031	12				
15008031008	15008031	को				
15008031009	15008031	अहवा				
15008031010	15008031	नदी				
15008031011	15008031	से				
15008031012	15008031	निकलकर				
15008031013	15008031	यरूशलेम				
15008031014	15008031	को				
15008031015	15008031	गए	y			
15008031016	15008031	।		y		
15008031017	15008031	और				
15008031018	15008031	हमारे				
15008031019	15008031	परमेश्वर				
15008031020	15008031	का				
15008031021	15008031	हाथ				
15008031022	15008031	हम				
15008031023	15008031	पर				
15008031024	15008031	था	y			
15008031025	15008031	,		y		
15008031026	15008031	और				
15008031027	15008031	उसने				
15008031028	15008031	हमें				
15008031029	15008031	शत्रु				
15008031030	15008031	की				
15008031031	15008031	हथेली				
15008031032	15008031	से				
15008031033	15008031	छुड़ाया				
15008031034	15008031	और				
15008031035	15008031	मार्ग				
15008031036	15008031	में				
15008031037	15008031	घात	y			
15008031038	15008031	।		y		
15008032001	15008032	इस				
15008032002	15008032	तरह				
15008032003	15008032	हम				
15008032004	15008032	यरूशलेम				
15008032005	15008032	आए	y			
15008032006	15008032	,		y		
15008032007	15008032	और				
15008032008	15008032	हम				
15008032009	15008032	वहाँ				
15008032010	15008032	तीन				
15008032011	15008032	दिनों				
15008032012	15008032	तक				
15008032013	15008032	रहे	y			
15008032014	15008032	।		y		
15008033001	15008033	और				
15008033002	15008033	चौथे				
15008033003	15008033	दिन				
15008033004	15008033	चाँदी				
15008033005	15008033	और				
15008033006	15008033	सोना				
15008033007	15008033	और				
15008033008	15008033	पात्रों				
15008033009	15008033	को				
15008033010	15008033	तौला				
15008033011	15008033	गया	y			
15008033012	15008033	:		y		
15008033013	15008033	हमारे				
15008033014	15008033	परमेश्वर				
15008033015	15008033	के				
15008033016	15008033	घर				
15008033017	15008033	में				
15008033018	15008033	मेरेमोत				
15008033019	15008033	के				
15008033020	15008033	हाथ				
15008033021	15008033	में	y			
15008033022	15008033	,		y		
15008033023	15008033	ऊरिय्याह				
15008033024	15008033	का				
15008033025	15008033	पुत्र	y			
15008033026	15008033	,		y		
15008033027	15008033	याजक	y			
15008033028	15008033	,		y		
15008033029	15008033	और				
15008033030	15008033	उसके				
15008033031	15008033	साथ				
15008033032	15008033	एलीआजर				
15008033033	15008033	था	y			
15008033034	15008033	,		y		
15008033035	15008033	पीनहास				
15008033036	15008033	का				
15008033037	15008033	पुत्र				
15008033038	15008033	(	y	y		
15008033039	15008033	और				
15008033040	15008033	उनके				
15008033041	15008033	साथ				
15008033042	15008033	योजाबाद				
15008033043	15008033	था	y			
15008033044	15008033	,		y		
15008033045	15008033	येशुअ				
15008033046	15008033	का				
15008033047	15008033	पुत्र	y			
15008033048	15008033	,		y		
15008033049	15008033	और				
15008033050	15008033	नोअद्याह	y			
15008033051	15008033	,		y		
15008033052	15008033	बिन्नूई				
15008033053	15008033	का				
15008033054	15008033	पुत्र	y			
15008033055	15008033	,		y		
15008033056	15008033	लेवियों	y			
15008033057	15008033	)	y	y		
15008033058	15008033	;		y		
15008034001	15008034	गिनती				
15008034002	15008034	द्वारा				
15008034003	15008034	और				
15008034004	15008034	हर				
15008034005	15008034	चीज				
15008034006	15008034	का				
15008034007	15008034	भार	y			
15008034008	15008034	।		y		
15008034009	15008034	और				
15008034010	15008034	सारा				
15008034011	15008034	भार				
15008034012	15008034	उस				
15008034013	15008034	समय				
15008034014	15008034	लिखा				
15008034015	15008034	हुआ				
15008034016	15008034	था	y			
15008034017	15008034	।		y		
15008035001	15008035	जो				
15008035002	15008035	बंधुआई				
15008035003	15008035	से				
15008035004	15008035	आए				
15008035005	15008035	थे	y			
15008035006	15008035	,		y		
15008035007	15008035	बँधुआई				
15008035008	15008035	के				
15008035009	15008035	पुत्रों	y			
15008035010	15008035	,		y		
15008035011	15008035	ने				
15008035012	15008035	इस्राएल				
15008035013	15008035	के				
15008035014	15008035	परमेश्वर				
15008035015	15008035	को				
15008035016	15008035	होमबलियाँ				
15008035017	15008035	चढ़ाईं	y			
15008035018	15008035	:		y		
15008035019	15008035	सारे				
15008035020	15008035	इस्राएल				
15008035021	15008035	के				
15008035022	15008035	लिए				
15008035023	15008035	12				
15008035024	15008035	बैल	y			
15008035025	15008035	,		y		
15008035026	15008035	96				
15008035027	15008035	मेढ़े	y			
15008035028	15008035	,		y		
15008035029	15008035	77				
15008035030	15008035	मेम्ने	y			
15008035031	15008035	,		y		
15008035032	15008035	पापबलि				
15008035033	15008035	के				
15008035034	15008035	12				
15008035035	15008035	बकरे	y			
15008035036	15008035	।		y		
15008035037	15008035	सब				
15008035038	15008035	कुछ				
15008035039	15008035	यहोवा				
15008035040	15008035	के				
15008035041	15008035	लिए				
15008035042	15008035	होमबलि				
15008035043	15008035	था	y			
15008035044	15008035	।		y		
15008036001	15008036	और				
15008036002	15008036	उन्होंने				
15008036003	15008036	राजा				
15008036004	15008036	के				
15008036005	15008036	कानून				
15008036006	15008036	राजा				
15008036007	15008036	के				
15008036008	15008036	अधिपतियों				
15008036009	15008036	को				
15008036010	15008036	दिए				
15008036011	15008036	और				
15008036012	15008036	नदी-के-पार				
15008036013	15008036	के				
15008036014	15008036	राज्यपालों	y			
15008036015	15008036	।		y		
15008036016	15008036	और				
15008036017	15008036	उन्होंने				
15008036018	15008036	लोगों				
15008036019	15008036	और				
15008036020	15008036	परमेश्वर				
15008036021	15008036	का				
15008036022	15008036	घर				
15008036023	15008036	ऊँचा				
15008036024	15008036	उठाया	y			
15008036025	15008036	।		y		
15009001001	15009001	अब				
15009001002	15009001	जब				
15009001003	15009001	ये				
15009001004	15009001	बातें				
15009001005	15009001	पूरी				
15009001006	15009001	हो				
15009001007	15009001	गईं	y			
15009001008	15009001	,		y		
15009001009	15009001	तो				
15009001010	15009001	अगुवे				
15009001011	15009001	मेरे				
15009001012	15009001	पास				
15009001013	15009001	आए	y			
15009001014	15009001	,		y		
15009001015	15009001	कहने				
15009001016	15009001	लगे	y			
15009001017	15009001	,		y		
15009001018	15009001	""""	y	y		
15009001019	15009001	इस्राएल				
15009001020	15009001	के				
15009001021	15009001	लोगों	y			
15009001022	15009001	,		y		
15009001023	15009001	और				
15009001024	15009001	याजकों	y			
15009001025	15009001	,		y		
15009001026	15009001	और				
15009001027	15009001	लेवियों				
15009001028	15009001	ने				
15009001029	15009001	देशों				
15009001030	15009001	के				
15009001031	15009001	लोगों				
15009001032	15009001	से				
15009001033	15009001	उनके				
15009001034	15009001	घिनौने				
15009001035	15009001	कामों				
15009001036	15009001	के				
15009001037	15009001	अनुसार				
15009001038	15009001	अलग				
15009001039	15009001	नहीं				
15009001040	15009001	किया				
15009001041	15009001	है	y			
15009001042	15009001	,		y		
15009001043	15009001	कनानियों				
15009001044	15009001	से	y			
15009001045	15009001	,		y		
15009001046	15009001	हित्तियों	y			
15009001047	15009001	,		y		
15009001048	15009001	परिज्जियों	y			
15009001049	15009001	,		y		
15009001050	15009001	यबूसियों	y			
15009001051	15009001	,		y		
15009001052	15009001	अम्मोनियों	y			
15009001053	15009001	,		y		
15009001054	15009001	मोआबियों	y			
15009001055	15009001	,		y		
15009001056	15009001	मिस्रियों				
15009001057	15009001	और				
15009001058	15009001	एमोरियों	y			
15009001059	15009001	।		y		
15009002001	15009002	क्योंकि				
15009002002	15009002	उन्‍होंने				
15009002003	15009002	उनकी				
15009002004	15009002	पुत्रियों				
15009002005	15009002	में				
15009002006	15009002	से				
15009002007	15009002	अपने				
15009002008	15009002	लिए				
15009002009	15009002	और				
15009002010	15009002	अपने				
15009002011	15009002	पुत्रों				
15009002012	15009002	के				
15009002013	15009002	लिए				
15009002014	15009002	उठा				
15009002015	15009002	लिया				
15009002016	15009002	है	y			
15009002017	15009002	,		y		
15009002018	15009002	इसलिए				
15009002019	15009002	उन्होंने				
15009002020	15009002	देशों				
15009002021	15009002	के				
15009002022	15009002	लोगों				
15009002023	15009002	के				
15009002024	15009002	साथ				
15009002025	15009002	पवित्रता				
15009002026	15009002	का				
15009002027	15009002	बीज				
15009002028	15009002	मिला				
15009002029	15009002	दिया				
15009002030	15009002	है	y			
15009002031	15009002	।		y		
15009002032	15009002	और				
15009002033	15009002	अगुवों				
15009002034	15009002	का				
15009002035	15009002	हाथ				
15009002036	15009002	और				
15009002037	15009002	शासक				
15009002038	15009002	इस				
15009002039	15009002	अविश्वासयोग्यता				
15009002040	15009002	में				
15009002041	15009002	पहले				
15009002042	15009002	हैं	y			
15009002043	15009002	।	y	y		
15009002044	15009002	”		y		
15009003001	15009003	और				
15009003002	15009003	जैसे				
15009003003	15009003	ही				
15009003004	15009003	मैंने				
15009003005	15009003	इस				
15009003006	15009003	विषय				
15009003007	15009003	को				
15009003008	15009003	सुना	y			
15009003009	15009003	,		y		
15009003010	15009003	मैंने				
15009003011	15009003	अपना				
15009003012	15009003	कपड़ा				
15009003013	15009003	और				
15009003014	15009003	मेरा				
15009003015	15009003	बागा				
15009003016	15009003	फाड़				
15009003017	15009003	दिया	y			
15009003018	15009003	।		y		
15009003019	15009003	और				
15009003020	15009003	मैंने				
15009003021	15009003	अपने				
15009003022	15009003	सिर				
15009003023	15009003	और				
15009003024	15009003	मेरी				
15009003025	15009003	दाढ़ी				
15009003026	15009003	के				
15009003027	15009003	बालों				
15009003028	15009003	से				
15009003029	15009003	कुछ				
15009003030	15009003	खींच				
15009003031	15009003	डाले	y			
15009003032	15009003	,		y		
15009003033	15009003	और				
15009003034	15009003	मैं				
15009003035	15009003	विस्मित				
15009003036	15009003	हो				
15009003037	15009003	बैठ				
15009003038	15009003	गया	y			
15009003039	15009003	।		y		
15009004001	15009004	और				
15009004002	15009004	वे				
15009004003	15009004	सब				
15009004004	15009004	जो				
15009004005	15009004	इस्राएल				
15009004006	15009004	के				
15009004007	15009004	परमेश्वर				
15009004008	15009004	के				
15009004009	15009004	शब्दों				
15009004010	15009004	से				
15009004011	15009004	बंधुओं				
15009004012	15009004	की				
15009004013	15009004	अविश्वासयोग्यता				
15009004014	15009004	के				
15009004015	15009004	लेखे				
15009004016	15009004	पर				
15009004017	15009004	कांपते				
15009004018	15009004	थे				
15009004019	15009004	मेरे				
15009004020	15009004	पास				
15009004021	15009004	इकट्ठे				
15009004022	15009004	हुए	y			
15009004023	15009004	।		y		
15009004024	15009004	और				
15009004025	15009004	मैं				
15009004026	15009004	सांझ				
15009004027	15009004	की				
15009004028	15009004	भेंट				
15009004029	15009004	तक				
15009004030	15009004	विस्मित				
15009004031	15009004	बैठा				
15009004032	15009004	रहा	y			
15009004033	15009004	।		y		
15009005001	15009005	और				
15009005002	15009005	सांझ				
15009005003	15009005	की				
15009005004	15009005	भेंट				
15009005005	15009005	पर				
15009005006	15009005	मैं				
15009005007	15009005	अपने				
15009005008	15009005	अपमान				
15009005009	15009005	से				
15009005010	15009005	उठा	y			
15009005011	15009005	,		y		
15009005012	15009005	और				
15009005013	15009005	जब				
15009005014	15009005	मैंने				
15009005015	15009005	अपना				
15009005016	15009005	वस्त्र				
15009005017	15009005	फाड़ा				
15009005018	15009005	और				
15009005019	15009005	मेरा				
15009005020	15009005	बागा	y			
15009005021	15009005	।		y		
15009005022	15009005	और				
15009005023	15009005	मैं				
15009005024	15009005	अपने				
15009005025	15009005	घुटनों				
15009005026	15009005	के				
15009005027	15009005	बल				
15009005028	15009005	झुक				
15009005029	15009005	गया	y			
15009005030	15009005	,		y		
15009005031	15009005	और				
15009005032	15009005	मेरी				
15009005033	15009005	हथेलियों				
15009005034	15009005	को				
15009005035	15009005	मेरे				
15009005036	15009005	परमेश्वर				
15009005037	15009005	यहोवा				
15009005038	15009005	की				
15009005039	15009005	ओर				
15009005040	15009005	फैला				
15009005041	15009005	दिया	y			
15009005042	15009005	।		y		
15009006001	15009006	और				
15009006002	15009006	मैंने				
15009006003	15009006	कहा	y			
15009006004	15009006	,		y		
15009006005	15009006	""""	y	y		
15009006006	15009006	हे				
15009006007	15009006	मेरे				
15009006008	15009006	परमेश्वर	y			
15009006009	15009006	,		y		
15009006010	15009006	मैं				
15009006011	15009006	तेरी				
15009006012	15009006	ओर				
15009006013	15009006	अपना				
15009006014	15009006	मुँह				
15009006015	15009006	उठाने				
15009006016	15009006	में				
15009006017	15009006	लज्जित				
15009006018	15009006	और				
15009006019	15009006	अपमानित				
15009006020	15009006	हूँ	y			
15009006021	15009006	,		y		
15009006022	15009006	मेरे				
15009006023	15009006	परमेश्वर	y			
15009006024	15009006	।		y		
15009006025	15009006	क्योंकि				
15009006026	15009006	हमारे				
15009006027	15009006	अधर्म				
15009006028	15009006	सिर				
15009006029	15009006	के				
15009006030	15009006	ऊपर				
15009006031	15009006	से				
15009006032	15009006	बढ़				
15009006033	15009006	गए				
15009006034	15009006	हैं	y			
15009006035	15009006	,		y		
15009006036	15009006	और				
15009006037	15009006	हमारा				
15009006038	15009006	दोष				
15009006039	15009006	स्वर्गों				
15009006040	15009006	तक				
15009006041	15009006	बढ़				
15009006042	15009006	गया				
15009006043	15009006	है	y			
15009006044	15009006	।		y		
15009007001	15009007	हमारे				
15009007002	15009007	पूर्वजों				
15009007003	15009007	के				
15009007004	15009007	दिनों				
15009007005	15009007	से				
15009007006	15009007	लेकर				
15009007007	15009007	आज				
15009007008	15009007	तक				
15009007009	15009007	हम				
15009007010	15009007	बड़े				
15009007011	15009007	दोष				
15009007012	15009007	में				
15009007013	15009007	पड़े				
15009007014	15009007	हैं	y			
15009007015	15009007	।		y		
15009007016	15009007	और				
15009007017	15009007	अपने				
15009007018	15009007	अधर्मों				
15009007019	15009007	में	y			
15009007020	15009007	,		y		
15009007021	15009007	हमने				
15009007022	15009007	अपने				
15009007023	15009007	आप				
15009007024	15009007	को	y			
15009007025	15009007	,		y		
15009007026	15009007	हमारे				
15009007027	15009007	राजाओं	y			
15009007028	15009007	,		y		
15009007029	15009007	और				
15009007030	15009007	हमारे				
15009007031	15009007	याजकों				
15009007032	15009007	को				
15009007033	15009007	तलवार				
15009007034	15009007	से				
15009007035	15009007	भूमियों				
15009007036	15009007	के				
15009007037	15009007	राजाओं				
15009007038	15009007	के				
15009007039	15009007	हाथ				
15009007040	15009007	में				
15009007041	15009007	कर				
15009007042	15009007	दिया				
15009007043	15009007	गया				
15009007044	15009007	है	y			
15009007045	15009007	,		y		
15009007046	15009007	कैद				
15009007047	15009007	द्वारा	y			
15009007048	15009007	,		y		
15009007049	15009007	और				
15009007050	15009007	लूट				
15009007051	15009007	द्वारा	y			
15009007052	15009007	,		y		
15009007053	15009007	और				
15009007054	15009007	मुँह				
15009007055	15009007	की				
15009007056	15009007	शर्म				
15009007057	15009007	द्वारा	y			
15009007058	15009007	,		y		
15009007059	15009007	जैसा				
15009007060	15009007	दिन				
15009007061	15009007	है	y			
15009007062	15009007	।		y		
15009008001	15009008	लेकिन				
15009008002	15009008	अब	y			
15009008003	15009008	,		y		
15009008004	15009008	एक				
15009008005	15009008	छोटे				
15009008006	15009008	से				
15009008007	15009008	क्षण				
15009008008	15009008	के				
15009008009	15009008	अनुसार	y			
15009008010	15009008	,		y		
15009008011	15009008	हमारे				
15009008012	15009008	परमेश्वर				
15009008013	15009008	यहोवा				
15009008014	15009008	की				
15009008015	15009008	ओर				
15009008016	15009008	से				
15009008017	15009008	ऐसी				
15009008018	15009008	कृपा				
15009008019	15009008	हुई				
15009008020	15009008	है				
15009008021	15009008	कि				
15009008022	15009008	एक				
15009008023	15009008	बचाव				
15009008024	15009008	आया				
15009008025	15009008	है				
15009008026	15009008	और				
15009008027	15009008	उसके				
15009008028	15009008	पवित्र				
15009008029	15009008	स्थान				
15009008030	15009008	में				
15009008031	15009008	हमें				
15009008032	15009008	एक				
15009008033	15009008	खूंटी				
15009008034	15009008	दे	y			
15009008035	15009008	,		y		
15009008036	15009008	हमारे				
15009008037	15009008	परमेश्वर				
15009008038	15009008	के				
15009008039	15009008	लिए				
15009008040	15009008	हमारी				
15009008041	15009008	आंखों				
15009008042	15009008	को				
15009008043	15009008	प्रकाशित				
15009008044	15009008	करने				
15009008045	15009008	के				
15009008046	15009008	लिए				
15009008047	15009008	और				
15009008048	15009008	हमें				
15009008049	15009008	हमारी				
15009008050	15009008	गुलामी				
15009008051	15009008	में				
15009008052	15009008	थोड़ा				
15009008053	15009008	सा				
15009008054	15009008	जिलाए	y			
15009008055	15009008	।		y		
15009009001	15009009	क्योंकि				
15009009002	15009009	हम				
15009009003	15009009	गुलाम				
15009009004	15009009	हैं	y			
15009009005	15009009	,		y		
15009009006	15009009	तौभी				
15009009007	15009009	हमारे				
15009009008	15009009	परमेश्वर				
15009009009	15009009	ने				
15009009010	15009009	हमें				
15009009011	15009009	हमारी				
15009009012	15009009	दासता				
15009009013	15009009	में				
15009009014	15009009	नहीं				
15009009015	15009009	छोड़ा	y			
15009009016	15009009	।		y		
15009009017	15009009	पर				
15009009018	15009009	उसने				
15009009019	15009009	हम				
15009009020	15009009	से				
15009009021	15009009	फारस				
15009009022	15009009	के				
15009009023	15009009	राजाओं				
15009009024	15009009	के				
15009009025	15009009	आगे				
15009009026	15009009	वाचा				
15009009027	15009009	की				
15009009028	15009009	विश्वासयोग्यता				
15009009029	15009009	को				
15009009030	15009009	बाँधा				
15009009031	15009009	कि				
15009009032	15009009	हम				
15009009033	15009009	को				
15009009034	15009009	जिलाए	y			
15009009035	15009009	,		y		
15009009036	15009009	हमारे				
15009009037	15009009	परमेश्वर				
15009009038	15009009	के				
15009009039	15009009	घर				
15009009040	15009009	को				
15009009041	15009009	ऊपर				
15009009042	15009009	उठाने				
15009009043	15009009	के				
15009009044	15009009	लिए				
15009009045	15009009	और				
15009009046	15009009	उसके				
15009009047	15009009	खण्डहरों				
15009009048	15009009	को				
15009009049	15009009	खड़ा				
15009009050	15009009	करने				
15009009051	15009009	के				
15009009052	15009009	लिए	y			
15009009053	15009009	,		y		
15009009054	15009009	और				
15009009055	15009009	हमें				
15009009056	15009009	यहूदा				
15009009057	15009009	में				
15009009058	15009009	एक				
15009009059	15009009	दीवार				
15009009060	15009009	देने				
15009009061	15009009	के				
15009009062	15009009	लिए				
15009009063	15009009	और				
15009009064	15009009	यरूशलेम				
15009009065	15009009	में	y			
15009009066	15009009	।		y		
15009010001	15009010	इसलिए				
15009010002	15009010	अब	y			
15009010003	15009010	,		y		
15009010004	15009010	हमारे				
15009010005	15009010	परमेश्वर	y			
15009010006	15009010	,		y		
15009010007	15009010	हम				
15009010008	15009010	इसके				
15009010009	15009010	बाद				
15009010010	15009010	क्या				
15009010011	15009010	कह				
15009010012	15009010	सकते				
15009010013	15009010	हैं	y			
15009010014	15009010	?		y		
15009010015	15009010	क्योंकि				
15009010016	15009010	हमने				
15009010017	15009010	तेरी				
15009010018	15009010	आज्ञाओं				
15009010019	15009010	को				
15009010020	15009010	त्याग				
15009010021	15009010	दिया				
15009010022	15009010	है	y			
15009010023	15009010	,		y		
15009011001	15009011	जिसे				
15009011002	15009011	तूने				
15009011003	15009011	तेरे				
15009011004	15009011	दासों				
15009011005	15009011	के				
15009011006	15009011	हाथ				
15009011007	15009011	से				
15009011008	15009011	आज्ञा				
15009011009	15009011	दी				
15009011010	15009011	थी	y			
15009011011	15009011	,		y		
15009011012	15009011	भविष्यद्वक्ताओं	y			
15009011013	15009011	,		y		
15009011014	15009011	यह				
15009011015	15009011	कहते				
15009011016	15009011	हुए	y			
15009011017	15009011	,		y		
15009011018	15009011	'जिस				
15009011019	15009011	भूमि				
15009011020	15009011	के				
15009011021	15009011	अधिकारी				
15009011022	15009011	होने				
15009011023	15009011	के				
15009011024	15009011	लिए				
15009011025	15009011	तुम				
15009011026	15009011	प्रवेश				
15009011027	15009011	कर				
15009011028	15009011	रहे				
15009011029	15009011	हो				
15009011030	15009011	वह				
15009011031	15009011	भूमि				
15009011032	15009011	के				
15009011033	15009011	लोगों				
15009011034	15009011	की				
15009011035	15009011	अशुद्धता				
15009011036	15009011	के				
15009011037	15009011	द्वारा				
15009011038	15009011	अशुद्ध				
15009011039	15009011	भूमि				
15009011040	15009011	है	y			
15009011041	15009011	,		y		
15009011042	15009011	उनके				
15009011043	15009011	घिनौने				
15009011044	15009011	कामों				
15009011045	15009011	द्वारा				
15009011046	15009011	जिन्होंने				
15009011047	15009011	उसे				
15009011048	15009011	मुँह				
15009011049	15009011	से				
15009011050	15009011	मुँह				
15009011051	15009011	तक				
15009011052	15009011	अपनी				
15009011053	15009011	अशुद्धता				
15009011054	15009011	से				
15009011055	15009011	भर				
15009011056	15009011	दिया				
15009011057	15009011	है	y			
15009011058	15009011	।		y		
15009012001	15009012	इसलिए				
15009012002	15009012	अब	y			
15009012003	15009012	,		y		
15009012004	15009012	न				
15009012005	15009012	तो				
15009012006	15009012	तुम				
15009012007	15009012	उनके				
15009012008	15009012	पुत्रों				
15009012009	15009012	के				
15009012010	15009012	लिए				
15009012011	15009012	अपनी				
15009012012	15009012	पुत्रियाँ				
15009012013	15009012	देना	y			
15009012014	15009012	,		y		
15009012015	15009012	और				
15009012016	15009012	न				
15009012017	15009012	ही				
15009012018	15009012	उनकी				
15009012019	15009012	पुत्रियाँ				
15009012020	15009012	अपने				
15009012021	15009012	पुत्रों				
15009012022	15009012	के				
15009012023	15009012	लिए				
15009012024	15009012	उठाना	y			
15009012025	15009012	,		y		
15009012026	15009012	न				
15009012027	15009012	ही				
15009012028	15009012	तू				
15009012029	15009012	उनकी				
15009012030	15009012	शान्ति				
15009012031	15009012	या				
15009012032	15009012	उनकी				
15009012033	15009012	भलाई				
15009012034	15009012	को				
15009012035	15009012	अनन्त				
15009012036	15009012	काल				
15009012037	15009012	तक				
15009012038	15009012	ढूंढ़ना	y			
15009012039	15009012	,		y		
15009012040	15009012	ताकि				
15009012041	15009012	तू				
15009012042	15009012	सामर्थी				
15009012043	15009012	हो				
15009012044	15009012	सकें				
15009012045	15009012	और				
15009012046	15009012	भूमि				
15009012047	15009012	की				
15009012048	15009012	अच्छी				
15009012049	15009012	वस्तुएँ				
15009012050	15009012	खाए				
15009012051	15009012	और				
15009012052	15009012	अपने				
15009012053	15009012	पुत्रों				
15009012054	15009012	को				
15009012055	15009012	अनन्तकाल				
15009012056	15009012	तक				
15009012057	15009012	उसका				
15009012058	15009012	वारिस				
15009012059	15009012	बना				
15009012060	15009012	दे	y			
15009012061	15009012	।	y	y		
15009012062	15009012	'		y		
15009013001	15009013	तौभी				
15009013002	15009013	जो				
15009013003	15009013	कुछ				
15009013004	15009013	हमारे				
15009013005	15009013	बुरे				
15009013006	15009013	कामों				
15009013007	15009013	में				
15009013008	15009013	हम				
15009013009	15009013	पर				
15009013010	15009013	आया				
15009013011	15009013	है				
15009013012	15009013	और				
15009013013	15009013	हमारे				
15009013014	15009013	बड़े				
15009013015	15009013	दोष				
15009013016	15009013	में				
15009013017	15009013	(	y	y		
15009013018	15009013	क्योंकि				
15009013019	15009013	तूने	y			
15009013020	15009013	,		y		
15009013021	15009013	हमारे				
15009013022	15009013	परमेश्वर	y			
15009013023	15009013	,		y		
15009013024	15009013	तूने				
15009013025	15009013	हमारे				
15009013026	15009013	अधर्मों				
15009013027	15009013	के				
15009013028	15009013	कामों				
15009013029	15009013	के				
15009013030	15009013	कारण				
15009013031	15009013	नीचे				
15009013032	15009013	गिराना				
15009013033	15009013	रोका				
15009013034	15009013	हुआ				
15009013035	15009013	है	y			
15009013036	15009013	,		y		
15009013037	15009013	और				
15009013038	15009013	तूने				
15009013039	15009013	इस				
15009013040	15009013	प्रकार				
15009013041	15009013	हमें				
15009013042	15009013	बचाव				
15009013043	15009013	का				
15009013044	15009013	मार्ग				
15009013045	15009013	दिया				
15009013046	15009013	है	y			
15009013047	15009013	)	y	y		
15009013048	15009013	,		y		
15009014001	15009014	यदि				
15009014002	15009014	हम				
15009014003	15009014	तेरी				
15009014004	15009014	आज्ञाओं				
15009014005	15009014	को				
15009014006	15009014	तोड़ने				
15009014007	15009014	लौट				
15009014008	15009014	जाएँ				
15009014009	15009014	और				
15009014010	15009014	इन				
15009014011	15009014	घिनौने				
15009014012	15009014	कामों				
15009014013	15009014	वाले				
15009014014	15009014	लोगों				
15009014015	15009014	के				
15009014016	15009014	साथ				
15009014017	15009014	विवाह				
15009014018	15009014	करें	y			
15009014019	15009014	?		y		
15009014020	15009014	क्या				
15009014021	15009014	तू				
15009014022	15009014	इनके				
15009014023	15009014	पूरा				
15009014024	15009014	होने				
15009014025	15009014	तक				
15009014026	15009014	हमसे				
15009014027	15009014	क्रोधित				
15009014028	15009014	नहीं				
15009014029	15009014	रहेगा	y			
15009014030	15009014	,		y		
15009014031	15009014	ताकि				
15009014032	15009014	न				
15009014033	15009014	कोई				
15009014034	15009014	बचा				
15009014035	15009014	रहे	y			
15009014036	15009014	,		y		
15009014037	15009014	और				
15009014038	15009014	न				
15009014039	15009014	कोई				
15009014040	15009014	बचाव				
15009014041	15009014	हो	y			
15009014042	15009014	?		y		
15009015001	15009015	यहोवा	y			
15009015002	15009015	,		y		
15009015003	15009015	इस्राएल				
15009015004	15009015	का				
15009015005	15009015	परमेश्वर	y			
15009015006	15009015	,		y		
15009015007	15009015	तू				
15009015008	15009015	धर्मी				
15009015009	15009015	है	y			
15009015010	15009015	,		y		
15009015011	15009015	क्योंकि				
15009015012	15009015	हम				
15009015013	15009015	बच				
15009015014	15009015	निकले				
15009015015	15009015	हैं	y			
15009015016	15009015	,		y		
15009015017	15009015	इस				
15009015018	15009015	दिन				
15009015019	15009015	तक	y			
15009015020	15009015	।		y		
15009015021	15009015	हमें				
15009015022	15009015	देख	y			
15009015023	15009015	,		y		
15009015024	15009015	हमारे				
15009015025	15009015	दोष				
15009015026	15009015	में				
15009015027	15009015	तेरे				
15009015028	15009015	चेहरे				
15009015029	15009015	के				
15009015030	15009015	आगे	y			
15009015031	15009015	,		y		
15009015032	15009015	क्योंकि				
15009015033	15009015	इस				
15009015034	15009015	कारण				
15009015035	15009015	तेरे				
15009015036	15009015	चेहरे				
15009015037	15009015	के				
15009015038	15009015	आगे				
15009015039	15009015	कोई				
15009015040	15009015	खड़ा				
15009015041	15009015	रहने				
15009015042	15009015	योग्य				
15009015043	15009015	नहीं				
15009015044	15009015	है	y			
15009015045	15009015	।	y	y		
15009015046	15009015	”		y		
15010001001	15010001	और				
15010001002	15010001	जैसे				
15010001003	15010001	ही				
15010001004	15010001	एज्रा				
15010001005	15010001	ने				
15010001006	15010001	प्रार्थना				
15010001007	15010001	की	y			
15010001008	15010001	,		y		
15010001009	15010001	और				
15010001010	15010001	जैसे				
15010001011	15010001	ही				
15010001012	15010001	उसने				
15010001013	15010001	अंगीकार				
15010001014	15010001	किया	y			
15010001015	15010001	,		y		
15010001016	15010001	विलाप				
15010001017	15010001	और				
15010001018	15010001	अपने				
15010001019	15010001	आप				
15010001020	15010001	को				
15010001021	15010001	परमेश्वर				
15010001022	15010001	के				
15010001023	15010001	घर				
15010001024	15010001	के				
15010001025	15010001	चेहरे				
15010001026	15010001	के				
15010001027	15010001	आगे				
15010001028	15010001	झुका				
15010001029	15010001	दिया	y			
15010001030	15010001	,		y		
15010001031	15010001	इस्राएल				
15010001032	15010001	से				
15010001033	15010001	एक				
15010001034	15010001	बहुत				
15010001035	15010001	बड़ी				
15010001036	15010001	सभा	y			
15010001037	15010001	,		y		
15010001038	15010001	पुरुषों				
15010001039	15010001	और				
15010001040	15010001	स्त्रियों				
15010001041	15010001	और				
15010001042	15010001	बच्चे	y			
15010001043	15010001	,		y		
15010001044	15010001	उसके				
15010001045	15010001	पास				
15010001046	15010001	इक्ट्ठे				
15010001047	15010001	हुए	y			
15010001048	15010001	।		y		
15010001049	15010001	क्योंकि				
15010001050	15010001	लोग				
15010001051	15010001	रोए	y			
15010001052	15010001	,		y		
15010001053	15010001	बिलख				
15010001054	15010001	कर				
15010001055	15010001	विलाप				
15010001056	15010001	किया	y			
15010001057	15010001	।		y		
15010002001	15010002	तब				
15010002002	15010002	शकन्याह	y			
15010002003	15010002	,		y		
15010002004	15010002	यहीएल				
15010002005	15010002	का				
15010002006	15010002	पुत्र	y			
15010002007	15010002	,		y		
15010002008	15010002	एलाम				
15010002009	15010002	के				
15010002010	15010002	पुत्रों				
15010002011	15010002	से	y			
15010002012	15010002	,		y		
15010002013	15010002	ने				
15010002014	15010002	उत्तर				
15010002015	15010002	दिया				
15010002016	15010002	और				
15010002017	15010002	एज्रा				
15010002018	15010002	से				
15010002019	15010002	कहा	y			
15010002020	15010002	,		y		
15010002021	15010002	""""	y	y		
15010002022	15010002	हमने				
15010002023	15010002	अपने				
15010002024	15010002	आप				
15010002025	15010002	परमेश्वर				
15010002026	15010002	के				
15010002027	15010002	विरुद्ध				
15010002028	15010002	अविश्वासयोग्य				
15010002029	15010002	व्यवहार				
15010002030	15010002	किया				
15010002031	15010002	है	y			
15010002032	15010002	""""		y		
15010002033	15010002	और				
15010002034	15010002	भूमि				
15010002035	15010002	के				
15010002036	15010002	लोगों				
15010002037	15010002	में				
15010002038	15010002	से				
15010002039	15010002	परदेशी				
15010002040	15010002	स्त्रियों				
15010002041	15010002	को				
15010002042	15010002	बसाया				
15010002043	15010002	है	y			
15010002044	15010002	।		y		
15010002045	15010002	पर				
15010002046	15010002	अब	y			
15010002047	15010002	,		y		
15010002048	15010002	इस				
15010002049	15010002	संबंध				
15010002050	15010002	में				
15010002051	15010002	इस्राएल				
15010002052	15010002	के				
15010002053	15010002	लिये				
15010002054	15010002	आशा				
15010002055	15010002	है	y			
15010002056	15010002	।		y		
15010003001	15010003	इसलिए				
15010003002	15010003	अब	y			
15010003003	15010003	,		y		
15010003004	15010003	आओ				
15010003005	15010003	हम				
15010003006	15010003	अपने				
15010003007	15010003	परमेश्वर				
15010003008	15010003	से				
15010003009	15010003	वाचा				
15010003010	15010003	बाँधें				
15010003011	15010003	ताकि				
15010003012	15010003	सब				
15010003013	15010003	स्त्रियाँ				
15010003014	15010003	निकल				
15010003015	15010003	जाएँ	y			
15010003016	15010003	,		y		
15010003017	15010003	और				
15010003018	15010003	वे				
15010003019	15010003	जो				
15010003020	15010003	उनसे				
15010003021	15010003	पैदा				
15010003022	15010003	हुए				
15010003023	15010003	हैं	y			
15010003024	15010003	,		y		
15010003025	15010003	वे				
15010003026	15010003	मेरे				
15010003027	15010003	प्रभु				
15010003028	15010003	की				
15010003029	15010003	सम्मति				
15010003030	15010003	से				
15010003031	15010003	और				
15010003032	15010003	जो				
15010003033	15010003	हमारे				
15010003034	15010003	परमेश्वर				
15010003035	15010003	की				
15010003036	15010003	आज्ञा				
15010003037	15010003	से				
15010003038	15010003	काँपते				
15010003039	15010003	हैं	y			
15010003040	15010003	।		y		
15010003041	15010003	और				
15010003042	15010003	ऐसा				
15010003043	15010003	कानून				
15010003044	15010003	के				
15010003045	15010003	अनुसार				
15010003046	15010003	हो				
15010003047	15010003	जाए	y			
15010003048	15010003	।		y		
15010004001	15010004	उठ	y			
15010004002	15010004	,		y		
15010004003	15010004	क्योंकि				
15010004004	15010004	विषय				
15010004005	15010004	तुझ				
15010004006	15010004	पर				
15010004007	15010004	है	y			
15010004008	15010004	,		y		
15010004009	15010004	और				
15010004010	15010004	हम				
15010004011	15010004	तेरे				
15010004012	15010004	साथ				
15010004013	15010004	हैं	y			
15010004014	15010004	।		y		
15010004015	15010004	हियाव				
15010004016	15010004	बाँध				
15010004017	15010004	और				
15010004018	15010004	कर	y			
15010004019	15010004	।	y	y		
15010004020	15010004	""""		y		
15010005001	15010005	तब				
15010005002	15010005	एज्रा				
15010005003	15010005	उठा				
15010005004	15010005	और				
15010005005	15010005	याजकों				
15010005006	15010005	के				
15010005007	15010005	अगुवों				
15010005008	15010005	को				
15010005009	15010005	ठहराया	y			
15010005010	15010005	,		y		
15010005011	15010005	लेवियों	y			
15010005012	15010005	,		y		
15010005013	15010005	और				
15010005014	15010005	सब				
15010005015	15010005	इस्राएलियों				
15010005016	15010005	को				
15010005017	15010005	इस				
15010005018	15010005	शब्द				
15010005019	15010005	के				
15010005020	15010005	अनुसार				
15010005021	15010005	करने				
15010005022	15010005	की				
15010005023	15010005	शपथ				
15010005024	15010005	खिलाई	y			
15010005025	15010005	।		y		
15010005026	15010005	इसलिए				
15010005027	15010005	उन्होंने				
15010005028	15010005	शपथ				
15010005029	15010005	ली	y			
15010005030	15010005	।		y		
15010006001	15010006	और				
15010006002	15010006	एज्रा				
15010006003	15010006	परमेश्वर				
15010006004	15010006	के				
15010006005	15010006	घर				
15010006006	15010006	के				
15010006007	15010006	चेहरे				
15010006008	15010006	के				
15010006009	15010006	आगे				
15010006010	15010006	से				
15010006011	15010006	उठा	y			
15010006012	15010006	,		y		
15010006013	15010006	और				
15010006014	15010006	वह				
15010006015	15010006	एल्याशीब				
15010006016	15010006	के				
15010006017	15010006	पुत्र				
15010006018	15010006	यहोहानान				
15010006019	15010006	की				
15010006020	15010006	कोठरी				
15010006021	15010006	में				
15010006022	15010006	गया	y			
15010006023	15010006	।		y		
15010006024	15010006	और				
15010006025	15010006	वह				
15010006026	15010006	वहाँ				
15010006027	15010006	गया	y			
15010006028	15010006	।		y		
15010006029	15010006	उसने				
15010006030	15010006	रोटी				
15010006031	15010006	नहीं				
15010006032	15010006	खाई				
15010006033	15010006	और				
15010006034	15010006	उसने				
15010006035	15010006	पानी				
15010006036	15010006	नहीं				
15010006037	15010006	पीया	y			
15010006038	15010006	,		y		
15010006039	15010006	परन्तु				
15010006040	15010006	बंधुओं				
15010006041	15010006	के				
15010006042	15010006	अविश्वासयोग्यता				
15010006043	15010006	के				
15010006044	15010006	कारण				
15010006045	15010006	विलाप				
15010006046	15010006	कर				
15010006047	15010006	रहा				
15010006048	15010006	था	y			
15010006049	15010006	।		y		
15010007001	15010007	और				
15010007002	15010007	उन्होंने				
15010007003	15010007	पूरे				
15010007004	15010007	यहूदा				
15010007005	15010007	में				
15010007006	15010007	एक				
15010007007	15010007	ध्वनि				
15010007008	15010007	सुनाई				
15010007009	15010007	और				
15010007010	15010007	यरूशलेम				
15010007011	15010007	कि				
15010007012	15010007	बँधुआई				
15010007013	15010007	के				
15010007014	15010007	सब				
15010007015	15010007	पुत्रों				
15010007016	15010007	को				
15010007017	15010007	यरूशलेम				
15010007018	15010007	में				
15010007019	15010007	इकट्ठा				
15010007020	15010007	करें	y			
15010007021	15010007	।		y		
15010008001	15010008	और				
15010008002	15010008	उन				
15010008003	15010008	सभों				
15010008004	15010008	के				
15010008005	15010008	लिए				
15010008006	15010008	जो				
15010008007	15010008	अगुवों				
15010008008	15010008	और				
15010008009	15010008	पुरनियों				
15010008010	15010008	की				
15010008011	15010008	सम्मति				
15010008012	15010008	के				
15010008013	15010008	अनुसार				
15010008014	15010008	तीन				
15010008015	15010008	दिन				
15010008016	15010008	के				
15010008017	15010008	भीतर				
15010008018	15010008	न				
15010008019	15010008	आए	y			
15010008020	15010008	,		y		
15010008021	15010008	उसकी				
15010008022	15010008	सारी				
15010008023	15010008	संपत्ति				
15010008024	15010008	प्रतिबंध				
15010008025	15010008	के				
15010008026	15010008	लिए				
15010008027	15010008	समर्पित				
15010008028	15010008	होगी	y			
15010008029	15010008	।		y		
15010008030	15010008	और				
15010008031	15010008	वह				
15010008032	15010008	आप				
15010008033	15010008	ही				
15010008034	15010008	बँधुओं				
15010008035	15010008	की				
15010008036	15010008	मण्डली				
15010008037	15010008	से				
15010008038	15010008	अलग				
15010008039	15010008	किया				
15010008040	15010008	जाएगा	y			
15010008041	15010008	।		y		
15010009001	15010009	इसलिए				
15010009002	15010009	यहूदा				
15010009003	15010009	और				
15010009004	15010009	बिन्यामीन				
15010009005	15010009	के				
15010009006	15010009	सब				
15010009007	15010009	पुरुष				
15010009008	15010009	तीन				
15010009009	15010009	दिन				
15010009010	15010009	के				
15010009011	15010009	भीतर				
15010009012	15010009	यरूशलेम				
15010009013	15010009	को				
15010009014	15010009	इकट्ठे				
15010009015	15010009	हुए	y			
15010009016	15010009	।		y		
15010009017	15010009	यह				
15010009018	15010009	नौवाँ				
15010009019	15010009	महीना				
15010009020	15010009	था	y			
15010009021	15010009	,		y		
15010009022	15010009	महीने				
15010009023	15010009	में				
15010009024	15010009	दिन				
15010009025	15010009	20				
15010009026	15010009	को	y			
15010009027	15010009	।		y		
15010009028	15010009	और				
15010009029	15010009	सब				
15010009030	15010009	लोग				
15010009031	15010009	परमेश्वर				
15010009032	15010009	के				
15010009033	15010009	घर				
15010009034	15010009	के				
15010009035	15010009	खुले				
15010009036	15010009	स्थान				
15010009037	15010009	में				
15010009038	15010009	विषय				
15010009039	15010009	के				
15010009040	15010009	कारण				
15010009041	15010009	और				
15010009042	15010009	वर्षा				
15010009043	15010009	के				
15010009044	15010009	कारण				
15010009045	15010009	काँपते				
15010009046	15010009	हुए				
15010009047	15010009	बैठे	y			
15010009048	15010009	।		y		
15010010001	15010010	और				
15010010002	15010010	एज्रा				
15010010003	15010010	याजक				
15010010004	15010010	उठा				
15010010005	15010010	और				
15010010006	15010010	उनसे				
15010010007	15010010	कहा	y			
15010010008	15010010	,		y		
15010010009	15010010	“	y	y		
15010010010	15010010	तुमने				
15010010011	15010010	ही				
15010010012	15010010	अविश्वासयोग्य				
15010010013	15010010	व्यवहार				
15010010014	15010010	किया				
15010010015	15010010	है				
15010010016	15010010	और				
15010010017	15010010	परदेशी				
15010010018	15010010	पत्नियों				
15010010019	15010010	को				
15010010020	15010010	बसाया				
15010010021	15010010	है	y			
15010010022	15010010	,		y		
15010010023	15010010	इस्राएल				
15010010024	15010010	के				
15010010025	15010010	दोष				
15010010026	15010010	को				
15010010027	15010010	बढ़ाने				
15010010028	15010010	के				
15010010029	15010010	लिए	y			
15010010030	15010010	।		y		
15010011001	15010011	परन्तु				
15010011002	15010011	अब	y			
15010011003	15010011	,		y		
15010011004	15010011	यहोवा				
15010011005	15010011	का				
15010011006	15010011	धन्यवाद				
15010011007	15010011	करो	y			
15010011008	15010011	,		y		
15010011009	15010011	तुम्हारे				
15010011010	15010011	पूर्वजों				
15010011011	15010011	का				
15010011012	15010011	परमेश्वर	y			
15010011013	15010011	,		y		
15010011014	15010011	और				
15010011015	15010011	उसकी				
15010011016	15010011	इच्छा				
15010011017	15010011	करो	y			
15010011018	15010011	।		y		
15010011019	15010011	और				
15010011020	15010011	अपने				
15010011021	15010011	आप				
15010011022	15010011	को				
15010011023	15010011	भूमि				
15010011024	15010011	के				
15010011025	15010011	लोगों				
15010011026	15010011	से				
15010011027	15010011	अलग				
15010011028	15010011	करो	y			
15010011029	15010011	,		y		
15010011030	15010011	और				
15010011031	15010011	विदेशी				
15010011032	15010011	स्त्रियों				
15010011033	15010011	से	y			
15010011034	15010011	।	y	y		
15010011035	15010011	”		y		
15010012001	15010012	तब				
15010012002	15010012	सारी				
15010012003	15010012	मण्डली				
15010012004	15010012	ने				
15010012005	15010012	उत्तर				
15010012006	15010012	दिया				
15010012007	15010012	और				
15010012008	15010012	ऊँचे				
15010012009	15010012	स्वर				
15010012010	15010012	में				
15010012011	15010012	कहा	y			
15010012012	15010012	,		y		
15010012013	15010012	“	y	y		
15010012014	15010012	इस				
15010012015	15010012	प्रकार	y			
15010012016	15010012	,		y		
15010012017	15010012	तेरे				
15010012018	15010012	शब्द				
15010012019	15010012	के				
15010012020	15010012	अनुसार	y			
15010012021	15010012	,		y		
15010012022	15010012	यह				
15010012023	15010012	करना				
15010012024	15010012	हमारे				
15010012025	15010012	ऊपर				
15010012026	15010012	है	y			
15010012027	15010012	।		y		
15010013001	15010013	तौभी	y			
15010013002	15010013	,		y		
15010013003	15010013	लोग				
15010013004	15010013	बहुत				
15010013005	15010013	हैं				
15010013006	15010013	और				
15010013007	15010013	समय				
15010013008	15010013	वर्षा				
15010013009	15010013	का				
15010013010	15010013	है	y			
15010013011	15010013	,		y		
15010013012	15010013	और				
15010013013	15010013	दरवाजों				
15010013014	15010013	के				
15010013015	15010013	बाहर				
15010013016	15010013	खड़े				
15010013017	15010013	होने				
15010013018	15010013	की				
15010013019	15010013	सामर्थ्य				
15010013020	15010013	नहीं				
15010013021	15010013	है	y			
15010013022	15010013	।		y		
15010013023	15010013	और				
15010013024	15010013	काम				
15010013025	15010013	एक				
15010013026	15010013	दिन				
15010013027	15010013	का				
15010013028	15010013	नहीं				
15010013029	15010013	है	y			
15010013030	15010013	,		y		
15010013031	15010013	न				
15010013032	15010013	ही				
15010013033	15010013	दो				
15010013034	15010013	दिन				
15010013035	15010013	का	y			
15010013036	15010013	,		y		
15010013037	15010013	क्योंकि				
15010013038	15010013	हमने				
15010013039	15010013	इस				
15010013040	15010013	विषय				
15010013041	15010013	में				
15010013042	15010013	बलवा				
15010013043	15010013	करने				
15010013044	15010013	के				
15010013045	15010013	लिए				
15010013046	15010013	बहुत				
15010013047	15010013	कुछ				
15010013048	15010013	किया				
15010013049	15010013	है	y			
15010013050	15010013	।		y		
15010014001	15010014	हमारे				
15010014002	15010014	अगुवे				
15010014003	15010014	पूरी				
15010014004	15010014	मण्डली				
15010014005	15010014	के				
15010014006	15010014	लिए				
15010014007	15010014	खड़े				
15010014008	15010014	हों	y			
15010014009	15010014	।		y		
15010014010	15010014	और				
15010014011	15010014	जितने				
15010014012	15010014	हमारे				
15010014013	15010014	नगरों				
15010014014	15010014	में				
15010014015	15010014	हों	y			
15010014016	15010014	,		y		
15010014017	15010014	और				
15010014018	15010014	वे				
15010014019	15010014	जिन्होंने				
15010014020	15010014	परदेशी				
15010014021	15010014	स्त्रियों				
15010014022	15010014	को				
15010014023	15010014	बसाया				
15010014024	15010014	है	y			
15010014025	15010014	,		y		
15010014026	15010014	नियत				
15010014027	15010014	समयों				
15010014028	15010014	पर				
15010014029	15010014	आएँ	y			
15010014030	15010014	,		y		
15010014031	15010014	और				
15010014032	15010014	उनके				
15010014033	15010014	साथ				
15010014034	15010014	नगर-नगर				
15010014035	15010014	के				
15010014036	15010014	अनुसार				
15010014037	15010014	पुरनिए				
15010014038	15010014	और				
15010014039	15010014	उसके				
15010014040	15010014	जनपदाधीश	y			
15010014041	15010014	,		y		
15010014042	15010014	जब				
15010014043	15010014	तक				
15010014044	15010014	हमारे				
15010014045	15010014	परमेश्वर				
15010014046	15010014	की				
15010014047	15010014	नाक				
15010014048	15010014	का				
15010014049	15010014	जलना				
15010014050	15010014	जहाँ				
15010014051	15010014	तक				
15010014052	15010014	यह				
15010014053	15010014	विषय				
15010014054	15010014	है				
15010014055	15010014	हमसे				
15010014056	15010014	दूर				
15010014057	15010014	न				
15010014058	15010014	हो				
15010014059	15010014	जाए	y			
15010014060	15010014	।	y	y		
15010014061	15010014	”		y		
15010015001	15010015	केवल				
15010015002	15010015	योनातान	y			
15010015003	15010015	,		y		
15010015004	15010015	असाहेल				
15010015005	15010015	का				
15010015006	15010015	पुत्र	y			
15010015007	15010015	,		y		
15010015008	15010015	और				
15010015009	15010015	यहजयाह	y			
15010015010	15010015	,		y		
15010015011	15010015	तिकवा				
15010015012	15010015	का				
15010015013	15010015	पुत्र	y			
15010015014	15010015	,		y		
15010015015	15010015	इसके				
15010015016	15010015	विरुद्ध				
15010015017	15010015	खड़े				
15010015018	15010015	हुए	y			
15010015019	15010015	।		y		
15010015020	15010015	और				
15010015021	15010015	मशुल्लाम				
15010015022	15010015	और				
15010015023	15010015	शब्बतै	y			
15010015024	15010015	,		y		
15010015025	15010015	लेवियों	y			
15010015026	15010015	,		y		
15010015027	15010015	ने				
15010015028	15010015	उनका				
15010015029	15010015	समर्थन				
15010015030	15010015	किया	y			
15010015031	15010015	।		y		
15010016001	15010016	इसलिए				
15010016002	15010016	बँधुआई				
15010016003	15010016	के				
15010016004	15010016	पुत्रों				
15010016005	15010016	ने				
15010016006	15010016	ऐसा				
15010016007	15010016	किया	y			
15010016008	15010016	,		y		
15010016009	15010016	और				
15010016010	15010016	पुरुष				
15010016011	15010016	(	y	y		
15010016012	15010016	उनके				
15010016013	15010016	पिताओं				
15010016014	15010016	के				
15010016015	15010016	घर				
15010016016	15010016	के				
15010016017	15010016	अनुसार				
15010016018	15010016	पिताओं				
15010016019	15010016	के				
15010016020	15010016	घर				
15010016021	15010016	के				
15010016022	15010016	प्रधान	y			
15010016023	15010016	,		y		
15010016024	15010016	और				
15010016025	15010016	वे				
15010016026	15010016	सब				
15010016027	15010016	अपने				
15010016028	15010016	नाम				
15010016029	15010016	से	y			
15010016030	15010016	)		y		
15010016031	15010016	याजक				
15010016032	15010016	एज्रा				
15010016033	15010016	के				
15010016034	15010016	निमित्त				
15010016035	15010016	अलग				
15010016036	15010016	किए				
15010016037	15010016	गए	y			
15010016038	15010016	।		y		
15010016039	15010016	और				
15010016040	15010016	वे				
15010016041	15010016	दसवें				
15010016042	15010016	महीने				
15010016043	15010016	के				
15010016044	15010016	दिन				
15010016045	15010016	एक				
15010016046	15010016	को				
15010016047	15010016	इस				
15010016048	15010016	विषय				
15010016049	15010016	का				
15010016050	15010016	पता				
15010016051	15010016	लगाने				
15010016052	15010016	के				
15010016053	15010016	लिए				
15010016054	15010016	बैठ				
15010016055	15010016	गए	y			
15010016056	15010016	।		y		
15010017001	15010017	और				
15010017002	15010017	उन्होंने				
15010017003	15010017	सब				
15010017004	15010017	पुरुषों				
15010017005	15010017	के				
15010017006	15010017	साथ				
15010017007	15010017	समाप्त				
15010017008	15010017	किया	y			
15010017009	15010017	,		y		
15010017010	15010017	जिन्होंने				
15010017011	15010017	परदेशी				
15010017012	15010017	स्त्रियों				
15010017013	15010017	को				
15010017014	15010017	बसाया				
15010017015	15010017	था	y			
15010017016	15010017	,		y		
15010017017	15010017	पहले				
15010017018	15010017	महीने				
15010017019	15010017	के				
15010017020	15010017	दिन				
15010017021	15010017	एक				
15010017022	15010017	तक	y			
15010017023	15010017	।		y		
15010018001	15010018	और				
15010018002	15010018	कुछ				
15010018003	15010018	याजकों				
15010018004	15010018	के				
15010018005	15010018	पुत्रों				
15010018006	15010018	में				
15010018007	15010018	से				
15010018008	15010018	पाए				
15010018009	15010018	गए				
15010018010	15010018	जिसने				
15010018011	15010018	परदेशी				
15010018012	15010018	स्त्रियों				
15010018013	15010018	को				
15010018014	15010018	बसाया				
15010018015	15010018	था	y			
15010018016	15010018	:		y		
15010018017	15010018	येशुअ				
15010018018	15010018	के				
15010018019	15010018	पुत्रों				
15010018020	15010018	में				
15010018021	15010018	से	y			
15010018022	15010018	,		y		
15010018023	15010018	योसादाक				
15010018024	15010018	का				
15010018025	15010018	पुत्र	y			
15010018026	15010018	,		y		
15010018027	15010018	और				
15010018028	15010018	उसके				
15010018029	15010018	भाई	y			
15010018030	15010018	:		y		
15010018031	15010018	मासेयाह	y			
15010018032	15010018	,		y		
15010018033	15010018	और				
15010018034	15010018	एलीएजेर	y			
15010018035	15010018	,		y		
15010018036	15010018	और				
15010018037	15010018	यारीब	y			
15010018038	15010018	,		y		
15010018039	15010018	और				
15010018040	15010018	गदल्याह	y			
15010018041	15010018	।		y		
15010019001	15010019	इसलिए				
15010019002	15010019	उन्होंने				
15010019003	15010019	अपनी				
15010019004	15010019	पत्नियों				
15010019005	15010019	को				
15010019006	15010019	बाहर				
15010019007	15010019	चले				
15010019008	15010019	जाने				
15010019009	15010019	के				
15010019010	15010019	लिए				
15010019011	15010019	उनका				
15010019012	15010019	हाथ				
15010019013	15010019	दिया	y			
15010019014	15010019	,		y		
15010019015	15010019	और	y			
15010019016	15010019	,		y		
15010019017	15010019	दोषी				
15010019018	15010019	होने				
15010019019	15010019	के				
15010019020	15010019	नाते	y			
15010019021	15010019	,		y		
15010019022	15010019	उनके				
15010019023	15010019	दोष				
15010019024	15010019	के				
15010019025	15010019	लिए				
15010019026	15010019	झुंड				
15010019027	15010019	का				
15010019028	15010019	एक				
15010019029	15010019	मेढ़ा	y			
15010019030	15010019	।		y		
15010020001	15010020	और				
15010020002	15010020	इम्मेर				
15010020003	15010020	के				
15010020004	15010020	पुत्रों				
15010020005	15010020	से				
15010020006	15010020	हनानी				
15010020007	15010020	और				
15010020008	15010020	जबद्याह	y			
15010020009	15010020	।		y		
15010021001	15010021	उहारीम				
15010021002	15010021	के				
15010021003	15010021	पुत्रों				
15010021004	15010021	से				
15010021005	15010021	मासेयाह	y			
15010021006	15010021	,		y		
15010021007	15010021	और				
15010021008	15010021	एलिय्याह	y			
15010021009	15010021	,		y		
15010021010	15010021	और				
15010021011	15010021	शमायाह	y			
15010021012	15010021	,		y		
15010021013	15010021	और				
15010021014	15010021	यहीएल				
15010021015	15010021	और				
15010021016	15010021	उज्जियाह	y			
15010021017	15010021	।		y		
15010022001	15010022	और				
15010022002	15010022	पशहूर				
15010022003	15010022	के				
15010022004	15010022	पुत्रों				
15010022005	15010022	से				
15010022006	15010022	एल्योएनै	y			
15010022007	15010022	,		y		
15010022008	15010022	मासेयाह	y			
15010022009	15010022	,		y		
15010022010	15010022	इश्माएल	y			
15010022011	15010022	,		y		
15010022012	15010022	नतनेल	y			
15010022013	15010022	,		y		
15010022014	15010022	योजाबाद				
15010022015	15010022	और				
15010022016	15010022	एलासा	y			
15010022017	15010022	।		y		
15010023001	15010023	और				
15010023002	15010023	लेवियों				
15010023003	15010023	से				
15010023004	15010023	योजाबाद	y			
15010023005	15010023	,		y		
15010023006	15010023	और				
15010023007	15010023	शिमी	y			
15010023008	15010023	,		y		
15010023009	15010023	और				
15010023010	15010023	केलायाह				
15010023011	15010023	(	y	y		
15010023012	15010023	जो				
15010023013	15010023	कलीता				
15010023014	15010023	है	y			
15010023015	15010023	,		y		
15010023016	15010023	पतह्याह	y			
15010023017	15010023	,		y		
15010023018	15010023	यहूदा				
15010023019	15010023	और				
15010023020	15010023	एलीएजेर	y			
15010023021	15010023	।		y		
15010024001	15010024	और				
15010024002	15010024	उनमें				
15010024003	15010024	से				
15010024004	15010024	जो				
15010024005	15010024	गाते				
15010024006	15010024	थे				
15010024007	15010024	एल्याशीब				
15010024008	15010024	था	y			
15010024009	15010024	।		y		
15010024010	15010024	और				
15010024011	15010024	द्वारपालों				
15010024012	15010024	में				
15010024013	15010024	से				
15010024014	15010024	शल्लूम				
15010024015	15010024	थे	y			
15010024016	15010024	,		y		
15010024017	15010024	और				
15010024018	15010024	तेलेम	y			
15010024019	15010024	,		y		
15010024020	15010024	और				
15010024021	15010024	ऊरी	y			
15010024022	15010024	।		y		
15010025001	15010025	और				
15010025002	15010025	इस्राएल				
15010025003	15010025	से				
15010025004	15010025	ये				
15010025005	15010025	हैं	y			
15010025006	15010025	।		y		
15010025007	15010025	परोश				
15010025008	15010025	के				
15010025009	15010025	पुत्रों				
15010025010	15010025	से				
15010025011	15010025	रम्याह	y			
15010025012	15010025	,		y		
15010025013	15010025	और				
15010025014	15010025	यिज्जियाह	y			
15010025015	15010025	,		y		
15010025016	15010025	और				
15010025017	15010025	मल्किय्याह	y			
15010025018	15010025	,		y		
15010025019	15010025	और				
15010025020	15010025	मिय्यामीन	y			
15010025021	15010025	,		y		
15010025022	15010025	और				
15010025023	15010025	एलीआजर	y			
15010025024	15010025	,		y		
15010025025	15010025	और				
15010025026	15010025	मल्किय्याह				
15010025027	15010025	और				
15010025028	15010025	बनायाह				
15010025029	15010025	थे	y			
15010025030	15010025	।		y		
15010026001	15010026	एलाम				
15010026002	15010026	के				
15010026003	15010026	पुत्रों				
15010026004	15010026	से				
15010026005	15010026	मत्तन्याह	y			
15010026006	15010026	,		y		
15010026007	15010026	जकर्याह	y			
15010026008	15010026	,		y		
15010026009	15010026	और				
15010026010	15010026	यहीएल				
15010026011	15010026	और				
15010026012	15010026	अब्दी	y			
15010026013	15010026	,		y		
15010026014	15010026	और				
15010026015	15010026	यरेमोत				
15010026016	15010026	और				
15010026017	15010026	एलिय्याह				
15010026018	15010026	थे	y			
15010026019	15010026	।		y		
15010027001	15010027	और				
15010027002	15010027	जत्तू				
15010027003	15010027	के				
15010027004	15010027	पुत्रों				
15010027005	15010027	से				
15010027006	15010027	एल्योएनै	y			
15010027007	15010027	,		y		
15010027008	15010027	एल्याशीब	y			
15010027009	15010027	,		y		
15010027010	15010027	मत्तन्याह	y			
15010027011	15010027	,		y		
15010027012	15010027	और				
15010027013	15010027	यरेमोत	y			
15010027014	15010027	,		y		
15010027015	15010027	और				
15010027016	15010027	जाबाद				
15010027017	15010027	और				
15010027018	15010027	अज़ीज़ा				
15010027019	15010027	थे	y			
15010027020	15010027	।		y		
15010028001	15010028	और				
15010028002	15010028	बेबै				
15010028003	15010028	के				
15010028004	15010028	पुत्रों				
15010028005	15010028	से				
15010028006	15010028	यहोहानान	y			
15010028007	15010028	,		y		
15010028008	15010028	हनन्याह	y			
15010028009	15010028	,		y		
15010028010	15010028	जब्बै				
15010028011	15010028	और				
15010028012	15010028	अतलै				
15010028013	15010028	थे	y			
15010028014	15010028	।		y		
15010029001	15010029	और				
15010029002	15010029	बानी				
15010029003	15010029	के				
15010029004	15010029	पुत्रों				
15010029005	15010029	से				
15010029006	15010029	मशुल्लाम	y			
15010029007	15010029	,		y		
15010029008	15010029	मल्लूक	y			
15010029009	15010029	,		y		
15010029010	15010029	और				
15010029011	15010029	अदायाह	y			
15010029012	15010029	,		y		
15010029013	15010029	याशूब	y			
15010029014	15010029	,		y		
15010029015	15010029	और				
15010029016	15010029	शाल	y			
15010029017	15010029	,		y		
15010029018	15010029	यरामोत				
15010029019	15010029	थे	y			
15010029020	15010029	।		y		
15010030001	15010030	और				
15010030002	15010030	पहत्मोआब				
15010030003	15010030	के				
15010030004	15010030	पुत्रों				
15010030005	15010030	से				
15010030006	15010030	अदना	y			
15010030007	15010030	,		y		
15010030008	15010030	और				
15010030009	15010030	कलाल	y			
15010030010	15010030	,		y		
15010030011	15010030	बनायाह	y			
15010030012	15010030	,		y		
15010030013	15010030	मासेयाह	y			
15010030014	15010030	,		y		
15010030015	15010030	मत्तन्याह	y			
15010030016	15010030	,		y		
15010030017	15010030	बसलेल	y			
15010030018	15010030	,		y		
15010030019	15010030	और				
15010030020	15010030	बिन्नूई				
15010030021	15010030	और				
15010030022	15010030	मनश्शे				
15010030023	15010030	थे	y			
15010030024	15010030	।		y		
15010031001	15010031	और				
15010031002	15010031	हारीम				
15010031003	15010031	के				
15010031004	15010031	पुत्रों				
15010031005	15010031	से				
15010031006	15010031	एलीएजेर	y			
15010031007	15010031	,		y		
15010031008	15010031	यिश्शियाह	y			
15010031009	15010031	,		y		
15010031010	15010031	मल्किय्याह	y			
15010031011	15010031	,		y		
15010031012	15010031	शमायाह	y			
15010031013	15010031	,		y		
15010031014	15010031	शिमोन	y			
15010031015	15010031	,		y		
15010032001	15010032	बिन्यामीन	y			
15010032002	15010032	,		y		
15010032003	15010032	मल्लूक				
15010032004	15010032	और				
15010032005	15010032	शेमर्याह	y			
15010032006	15010032	।		y		
15010033001	15010033	हाशूम				
15010033002	15010033	के				
15010033003	15010033	पुत्रों				
15010033004	15010033	से	y			
15010033005	15010033	;		y		
15010033006	15010033	मत्तनै	y			
15010033007	15010033	,		y		
15010033008	15010033	मत्तत्ता	y			
15010033009	15010033	,		y		
15010033010	15010033	जाबाद	y			
15010033011	15010033	,		y		
15010033012	15010033	एलीपेलेत	y			
15010033013	15010033	,		y		
15010033014	15010033	यरेमै	y			
15010033015	15010033	,		y		
15010033016	15010033	मनश्शे				
15010033017	15010033	और				
15010033018	15010033	शिमी	y			
15010033019	15010033	।		y		
15010034001	15010034	बानी				
15010034002	15010034	के				
15010034003	15010034	पुत्रों				
15010034004	15010034	से	y			
15010034005	15010034	;		y		
15010034006	15010034	मादै	y			
15010034007	15010034	,		y		
15010034008	15010034	अम्राम	y			
15010034009	15010034	,		y		
15010034010	15010034	और				
15010034011	15010034	ऊएल	y			
15010034012	15010034	,		y		
15010035001	15010035	बनायाह	y			
15010035002	15010035	,		y		
15010035003	15010035	बेदयाह	y			
15010035004	15010035	,		y		
15010035005	15010035	कलूही	y			
15010035006	15010035	,		y		
15010036001	15010036	वन्याह	y			
15010036002	15010036	,		y		
15010036003	15010036	मरेमोत	y			
15010036004	15010036	,		y		
15010036005	15010036	एल्याशीब	y			
15010036006	15010036	,		y		
15010037001	15010037	मत्तन्याह	y			
15010037002	15010037	,		y		
15010037003	15010037	मत्तनै	y			
15010037004	15010037	,		y		
15010037005	15010037	और				
15010037006	15010037	यासू	y			
15010037007	15010037	,		y		
15010038001	15010038	बानी	y			
15010038002	15010038	,		y		
15010038003	15010038	बिन्नूई	y			
15010038004	15010038	,		y		
15010038005	15010038	और				
15010038006	15010038	शिमी	y			
15010038007	15010038	,		y		
15010039001	15010039	और				
15010039002	15010039	शेलेम्याह	y			
15010039003	15010039	,		y		
15010039004	15010039	और				
15010039005	15010039	नातान	y			
15010039006	15010039	,		y		
15010039007	15010039	और				
15010039008	15010039	अदायाह	y			
15010039009	15010039	,		y		
15010040001	15010040	मक्नदबै	y			
15010040002	15010040	,		y		
15010040003	15010040	शाशै	y			
15010040004	15010040	,		y		
15010040005	15010040	शारै	y			
15010040006	15010040	,		y		
15010041001	15010041	अजरेल	y			
15010041002	15010041	,		y		
15010041003	15010041	और				
15010041004	15010041	शेलेम्याह	y			
15010041005	15010041	,		y		
15010041006	15010041	शेमर्याह	y			
15010041007	15010041	,		y		
15010042001	15010042	शल्लूम	y			
15010042002	15010042	,		y		
15010042003	15010042	अमर्याह	y			
15010042004	15010042	,		y		
15010042005	15010042	यूसुफ	y			
15010042006	15010042	।		y		
15010043001	15010043	नबो				
15010043002	15010043	के				
15010043003	15010043	पुत्रों				
15010043004	15010043	से				
15010043005	15010043	यीएल	y			
15010043006	15010043	,		y		
15010043007	15010043	मत्तित्याह	y			
15010043008	15010043	,		y		
15010043009	15010043	जाबाद	y			
15010043010	15010043	,		y		
15010043011	15010043	जबीना	y			
15010043012	15010043	,		y		
15010043013	15010043	यद्दई	y			
15010043014	15010043	,		y		
15010043015	15010043	और				
15010043016	15010043	योएल	y			
15010043017	15010043	,		y		
15010043018	15010043	बनायाह	y			
15010043019	15010043	।		y		
15010044001	15010044	इन				
15010044002	15010044	सभी				
15010044003	15010044	ने				
15010044004	15010044	विदेशी				
15010044005	15010044	स्त्रियों				
15010044006	15010044	को				
15010044007	15010044	उठा				
15010044008	15010044	लिया				
15010044009	15010044	था	y			
15010044010	15010044	।		y		
15010044011	15010044	और				
15010044012	15010044	उनमें				
15010044013	15010044	स्त्रियाँ				
15010044014	15010044	थीं	y			
15010044015	15010044	,		y		
15010044016	15010044	और				
15010044017	15010044	उन्होंने				
15010044018	15010044	पुत्रों				
15010044019	15010044	को				
15010044020	15010044	जन्म				
15010044021	15010044	दिया	y			
15010044022	15010044	।		y		
16001001001	16001001	हकल्याह				
16001001002	16001001	के				
16001001003	16001001	पुत्र				
16001001004	16001001	नहेम्याह				
16001001005	16001001	के				
16001001006	16001001	शब्द	y			
16001001007	16001001	:		y		
16001001008	16001001	और				
16001001009	16001001	किसलेव				
16001001010	16001001	के				
16001001011	16001001	महीने				
16001001012	16001001	में				
16001001013	16001001	ऐसा				
16001001014	16001001	हुआ	y			
16001001015	16001001	,		y		
16001001016	16001001	वर्ष				
16001001017	16001001	20				
16001001018	16001001	में	y			
16001001019	16001001	,		y		
16001001020	16001001	कि				
16001001021	16001001	मैं				
16001001022	16001001	स्वयं				
16001001023	16001001	शूशन				
16001001024	16001001	राजगढ़				
16001001025	16001001	में				
16001001026	16001001	था	y			
16001001027	16001001	।		y		
16001002001	16001002	और				
16001002002	16001002	हनानी	y			
16001002003	16001002	,		y		
16001002004	16001002	मेरे				
16001002005	16001002	भाईयों				
16001002006	16001002	में				
16001002007	16001002	से				
16001002008	16001002	एक	y			
16001002009	16001002	,		y		
16001002010	16001002	आया	y			
16001002011	16001002	,		y		
16001002012	16001002	वह				
16001002013	16001002	और				
16001002014	16001002	यहूदा				
16001002015	16001002	के				
16001002016	16001002	लोग	y			
16001002017	16001002	।		y		
16001002018	16001002	और				
16001002019	16001002	मैंने				
16001002020	16001002	उन				
16001002021	16001002	से				
16001002022	16001002	यहूदियों				
16001002023	16001002	के				
16001002024	16001002	विषय				
16001002025	16001002	में				
16001002026	16001002	पूछा				
16001002027	16001002	जो				
16001002028	16001002	बच				
16001002029	16001002	निकले				
16001002030	16001002	थे	y			
16001002031	16001002	,		y		
16001002032	16001002	जो				
16001002033	16001002	बँधुवाई				
16001002034	16001002	से				
16001002035	16001002	पीछे				
16001002036	16001002	छूट				
16001002037	16001002	गए				
16001002038	16001002	थे	y			
16001002039	16001002	,		y		
16001002040	16001002	और				
16001002041	16001002	यरूशलेम				
16001002042	16001002	के				
16001002043	16001002	बारे				
16001002044	16001002	में	y			
16001002045	16001002	।		y		
16001003001	16001003	और				
16001003002	16001003	उन्होंने				
16001003003	16001003	मुझसे				
16001003004	16001003	कहा	y			
16001003005	16001003	,		y		
16001003006	16001003	""""	y	y		
16001003007	16001003	जो				
16001003008	16001003	पीछे				
16001003009	16001003	छूट				
16001003010	16001003	गए	y			
16001003011	16001003	,		y		
16001003012	16001003	जो				
16001003013	16001003	उस				
16001003014	16001003	प्रान्त				
16001003015	16001003	में				
16001003016	16001003	बँधुआई				
16001003017	16001003	से				
16001003018	16001003	छूट				
16001003019	16001003	गए				
16001003020	16001003	थे	y			
16001003021	16001003	,		y		
16001003022	16001003	बड़ी				
16001003023	16001003	बुराई				
16001003024	16001003	और				
16001003025	16001003	निन्दा				
16001003026	16001003	में				
16001003027	16001003	हैं				
16001003028	16001003	।		y		
16001003029	16001003	और				
16001003030	16001003	यरूशलेम				
16001003031	16001003	की				
16001003032	16001003	दीवार				
16001003033	16001003	टूट				
16001003034	16001003	गई				
16001003035	16001003	है	y			
16001003036	16001003	,		y		
16001003037	16001003	और				
16001003038	16001003	उसके				
16001003039	16001003	फाटक				
16001003040	16001003	आग				
16001003041	16001003	से				
16001003042	16001003	जला				
16001003043	16001003	दिए				
16001003044	16001003	गए				
16001003045	16001003	हैं	y			
16001003046	16001003	।	y	y		
16001003047	16001003	”		y		
16001004001	16001004	और				
16001004002	16001004	ऐसा				
16001004003	16001004	हुआ				
16001004004	16001004	कि	y			
16001004005	16001004	,		y		
16001004006	16001004	जब				
16001004007	16001004	मैंने				
16001004008	16001004	ये				
16001004009	16001004	शब्द				
16001004010	16001004	सुने	y			
16001004011	16001004	,		y		
16001004012	16001004	मैं				
16001004013	16001004	बैठ				
16001004014	16001004	गया				
16001004015	16001004	और				
16001004016	16001004	रोया	y			
16001004017	16001004	,		y		
16001004018	16001004	और				
16001004019	16001004	मैंने				
16001004020	16001004	बहुत				
16001004021	16001004	दिनों				
16001004022	16001004	तक				
16001004023	16001004	विलाप				
16001004024	16001004	किया	y			
16001004025	16001004	।		y		
16001004026	16001004	और				
16001004027	16001004	मैं				
16001004028	16001004	उपवास				
16001004029	16001004	कर				
16001004030	16001004	रहा				
16001004031	16001004	था				
16001004032	16001004	और				
16001004033	16001004	स्वर्ग				
16001004034	16001004	के				
16001004035	16001004	परमेश्वर				
16001004036	16001004	के				
16001004037	16001004	मुँह				
16001004038	16001004	के				
16001004039	16001004	साम्हने				
16001004040	16001004	प्रार्थना				
16001004041	16001004	कर				
16001004042	16001004	रहा				
16001004043	16001004	था	y			
16001004044	16001004	।		y		
16001005001	16001005	और				
16001005002	16001005	मैंने				
16001005003	16001005	कहा	y			
16001005004	16001005	,		y		
16001005005	16001005	""""	y	y		
16001005006	16001005	आह	y			
16001005007	16001005	!		y		
16001005008	16001005	यहोवा	y			
16001005009	16001005	,		y		
16001005010	16001005	स्वर्ग				
16001005011	16001005	का				
16001005012	16001005	परमेश्वर	y			
16001005013	16001005	,		y		
16001005014	16001005	महान				
16001005015	16001005	और				
16001005016	16001005	भययोग्य				
16001005017	16001005	परमेश्वर	y			
16001005018	16001005	,		y		
16001005019	16001005	जो				
16001005020	16001005	वाचा				
16001005021	16001005	पर				
16001005022	16001005	बना				
16001005023	16001005	रहता				
16001005024	16001005	है				
16001005025	16001005	और				
16001005026	16001005	उनके				
16001005027	16001005	प्रति				
16001005028	16001005	वाचा				
16001005029	16001005	की				
16001005030	16001005	विश्वासयोग्यता				
16001005031	16001005	जो				
16001005032	16001005	उससे				
16001005033	16001005	प्रेम				
16001005034	16001005	करते				
16001005035	16001005	हैं				
16001005036	16001005	और				
16001005037	16001005	उनके				
16001005038	16001005	प्रति				
16001005039	16001005	जो				
16001005040	16001005	उसकी				
16001005041	16001005	आज्ञाओं				
16001005042	16001005	को				
16001005043	16001005	मानते				
16001005044	16001005	हैं	y			
16001005045	16001005	:		y		
16001006001	16001006	कृपया				
16001006002	16001006	तेरे				
16001006003	16001006	कान				
16001006004	16001006	ध्यान				
16001006005	16001006	से				
16001006006	16001006	सुनें				
16001006007	16001006	और				
16001006008	16001006	तेरी				
16001006009	16001006	आँखें				
16001006010	16001006	तेरे				
16001006011	16001006	सेवक				
16001006012	16001006	की				
16001006013	16001006	प्रार्थना				
16001006014	16001006	सुनने				
16001006015	16001006	के				
16001006016	16001006	लिए				
16001006017	16001006	खुली				
16001006018	16001006	रहें				
16001006019	16001006	जिस				
16001006020	16001006	प्रार्थना				
16001006021	16001006	को				
16001006022	16001006	मैं				
16001006023	16001006	आज				
16001006024	16001006	तेरे				
16001006025	16001006	मुँह				
16001006026	16001006	के				
16001006027	16001006	साम्हने				
16001006028	16001006	कर				
16001006029	16001006	रहा				
16001006030	16001006	हूँ	y			
16001006031	16001006	,		y		
16001006032	16001006	दिन				
16001006033	16001006	और				
16001006034	16001006	रात	y			
16001006035	16001006	,		y		
16001006036	16001006	इस्राएल				
16001006037	16001006	के				
16001006038	16001006	पुत्रों				
16001006039	16001006	के				
16001006040	16001006	कारण	y			
16001006041	16001006	,		y		
16001006042	16001006	तेरे				
16001006043	16001006	सेवक	y			
16001006044	16001006	।		y		
16001006045	16001006	और				
16001006046	16001006	मैं				
16001006047	16001006	इस्राएलियों				
16001006048	16001006	के				
16001006049	16001006	पापों				
16001006050	16001006	के				
16001006051	16001006	कारण				
16001006052	16001006	अंगीकार				
16001006053	16001006	कर				
16001006054	16001006	रहा				
16001006055	16001006	हूँ				
16001006056	16001006	कि				
16001006057	16001006	हमने				
16001006058	16001006	तेरे				
16001006059	16001006	विरुद्ध				
16001006060	16001006	पाप				
16001006061	16001006	किया				
16001006062	16001006	है	y			
16001006063	16001006	।		y		
16001006064	16001006	यहाँ				
16001006065	16001006	तक				
16001006066	16001006	कि				
16001006067	16001006	मैंने				
16001006068	16001006	भी				
16001006069	16001006	और				
16001006070	16001006	मेरे				
16001006071	16001006	पिता				
16001006072	16001006	का				
16001006073	16001006	घर	y			
16001006074	16001006	,		y		
16001006075	16001006	हमने				
16001006076	16001006	पाप				
16001006077	16001006	किया				
16001006078	16001006	है	y			
16001006079	16001006	।		y		
16001007001	16001007	घोर				
16001007002	16001007	भ्रष्टाचार				
16001007003	16001007	के				
16001007004	16001007	साथ				
16001007005	16001007	हमने				
16001007006	16001007	तेरे				
16001007007	16001007	विरुद्ध				
16001007008	16001007	भ्रष्टता				
16001007009	16001007	में				
16001007010	16001007	काम				
16001007011	16001007	किया				
16001007012	16001007	है	y			
16001007013	16001007	।		y		
16001007014	16001007	और				
16001007015	16001007	हमने				
16001007016	16001007	आज्ञाओं				
16001007017	16001007	का				
16001007018	16001007	पालन				
16001007019	16001007	नहीं				
16001007020	16001007	किया	y			
16001007021	16001007	,		y		
16001007022	16001007	और				
16001007023	16001007	विधियों	y			
16001007024	16001007	,		y		
16001007025	16001007	और				
16001007026	16001007	निर्णयों				
16001007027	16001007	का				
16001007028	16001007	जिसे				
16001007029	16001007	तूने				
16001007030	16001007	तेरे				
16001007031	16001007	सेवक				
16001007032	16001007	मूसा				
16001007033	16001007	को				
16001007034	16001007	आज्ञा				
16001007035	16001007	दी				
16001007036	16001007	थी	y			
16001007037	16001007	।		y		
16001008001	16001008	कृपया				
16001008002	16001008	शब्द				
16001008003	16001008	स्मरण				
16001008004	16001008	रख				
16001008005	16001008	जिसे				
16001008006	16001008	तूने				
16001008007	16001008	अपने				
16001008008	16001008	सेवक				
16001008009	16001008	मूसा				
16001008010	16001008	को				
16001008011	16001008	आज्ञा				
16001008012	16001008	दी				
16001008013	16001008	थी	y			
16001008014	16001008	,		y		
16001008015	16001008	कहते				
16001008016	16001008	हुए	y			
16001008017	16001008	,		y		
16001008018	16001008	'यदि				
16001008019	16001008	तुम				
16001008020	16001008	स्वयं				
16001008021	16001008	अविश्वायोग्यता				
16001008022	16001008	से				
16001008023	16001008	काम				
16001008024	16001008	करते				
16001008025	16001008	हो	y			
16001008026	16001008	,		y		
16001008027	16001008	मैं				
16001008028	16001008	आप				
16001008029	16001008	ही				
16001008030	16001008	तुम्हें				
16001008031	16001008	लोगों				
16001008032	16001008	के				
16001008033	16001008	बीच				
16001008034	16001008	बिखेर				
16001008035	16001008	कर				
16001008036	16001008	दूँगा	y			
16001008037	16001008	।		y		
16001009001	16001009	पर				
16001009002	16001009	यदि				
16001009003	16001009	तुम				
16001009004	16001009	मेरे				
16001009005	16001009	पास				
16001009006	16001009	लौट				
16001009007	16001009	आओ				
16001009008	16001009	और				
16001009009	16001009	मेरी				
16001009010	16001009	आज्ञाओं				
16001009011	16001009	का				
16001009012	16001009	पालन				
16001009013	16001009	करो				
16001009014	16001009	और				
16001009015	16001009	उन्हें				
16001009016	16001009	करो	y			
16001009017	16001009	,		y		
16001009018	16001009	तो				
16001009019	16001009	चाहे				
16001009020	16001009	तुम्हारे				
16001009021	16001009	निकाले				
16001009022	16001009	हुए				
16001009023	16001009	लोग				
16001009024	16001009	स्वर्ग				
16001009025	16001009	के				
16001009026	16001009	छोर				
16001009027	16001009	पर				
16001009028	16001009	हों	y			
16001009029	16001009	,		y		
16001009030	16001009	मैं				
16001009031	16001009	वहाँ				
16001009032	16001009	से				
16001009033	16001009	उन्हें				
16001009034	16001009	इकट्ठा				
16001009035	16001009	करूँगा				
16001009036	16001009	और				
16001009037	16001009	उन्हें				
16001009038	16001009	उस				
16001009039	16001009	स्थान				
16001009040	16001009	पर				
16001009041	16001009	ले				
16001009042	16001009	आऊँगा				
16001009043	16001009	जिसे				
16001009044	16001009	मैंने				
16001009045	16001009	अपने				
16001009046	16001009	नाम				
16001009047	16001009	को				
16001009048	16001009	बसाए				
16001009049	16001009	रखने				
16001009050	16001009	के				
16001009051	16001009	लिए				
16001009052	16001009	चुना				
16001009053	16001009	है	y			
16001009054	16001009	।	y	y		
16001009055	16001009	'		y		
16001010001	16001010	और				
16001010002	16001010	वे				
16001010003	16001010	तेरे				
16001010004	16001010	सेवक				
16001010005	16001010	और				
16001010006	16001010	तेरे				
16001010007	16001010	लोग				
16001010008	16001010	हैं	y			
16001010009	16001010	,		y		
16001010010	16001010	जिसे				
16001010011	16001010	तूने				
16001010012	16001010	अपनी				
16001010013	16001010	बड़ी				
16001010014	16001010	सामर्थ्य				
16001010015	16001010	और				
16001010016	16001010	अपने				
16001010017	16001010	बलवन्त				
16001010018	16001010	हाथ				
16001010019	16001010	से				
16001010020	16001010	छुड़ाया				
16001010021	16001010	है	y			
16001010022	16001010	।		y		
16001011001	16001011	आह	y			
16001011002	16001011	!		y		
16001011003	16001011	मेरे				
16001011004	16001011	प्रभु	y			
16001011005	16001011	,		y		
16001011006	16001011	तेरे				
16001011007	16001011	कान				
16001011008	16001011	तेरे				
16001011009	16001011	सेवक				
16001011010	16001011	की				
16001011011	16001011	प्रार्थना				
16001011012	16001011	के				
16001011013	16001011	ओर				
16001011014	16001011	ध्यान				
16001011015	16001011	दें	y			
16001011016	16001011	,		y		
16001011017	16001011	और				
16001011018	16001011	तेरे				
16001011019	16001011	सेवकों				
16001011020	16001011	की	y			
16001011021	16001011	,		y		
16001011022	16001011	जो				
16001011023	16001011	तेरे				
16001011024	16001011	नाम				
16001011025	16001011	का				
16001011026	16001011	भय				
16001011027	16001011	मानते				
16001011028	16001011	हैं	y			
16001011029	16001011	।		y		
16001011030	16001011	और				
16001011031	16001011	कृपया				
16001011032	16001011	आज				
16001011033	16001011	अपने				
16001011034	16001011	सेवक				
16001011035	16001011	को				
16001011036	16001011	सफल				
16001011037	16001011	होने				
16001011038	16001011	के				
16001011039	16001011	लिए				
16001011040	16001011	दया				
16001011041	16001011	करें	y			
16001011042	16001011	,		y		
16001011043	16001011	और				
16001011044	16001011	उस				
16001011045	16001011	पर				
16001011046	16001011	इस				
16001011047	16001011	मनुष्य				
16001011048	16001011	के				
16001011049	16001011	मुँह				
16001011050	16001011	के				
16001011051	16001011	साम्हने				
16001011052	16001011	दया				
16001011053	16001011	कर	y			
16001011054	16001011	।	y	y		
16001011055	16001011	”		y		
16001011056	16001011	अब				
16001011057	16001011	जहाँ				
16001011058	16001011	तक				
16001011059	16001011	मेरी				
16001011060	16001011	बात				
16001011061	16001011	है	y			
16001011062	16001011	,		y		
16001011063	16001011	मैं				
16001011064	16001011	राजा				
16001011065	16001011	का				
16001011066	16001011	पियाऊ				
16001011067	16001011	था	y			
16001011068	16001011	।		y		
16002001001	16002001	और				
16002001002	16002001	ऐसा				
16002001003	16002001	हुआ				
16002001004	16002001	कि	y			
16002001005	16002001	,		y		
16002001006	16002001	नीसान				
16002001007	16002001	के				
16002001008	16002001	महीने				
16002001009	16002001	में	y			
16002001010	16002001	,		y		
16002001011	16002001	राजा				
16002001012	16002001	अर्तक्षत्र				
16002001013	16002001	के				
16002001014	16002001	वर्ष				
16002001015	16002001	20				
16002001016	16002001	में	y			
16002001017	16002001	,		y		
16002001018	16002001	उसके				
16002001019	16002001	मुँह				
16002001020	16002001	के				
16002001021	16002001	साम्हने				
16002001022	16002001	दाखमधु				
16002001023	16002001	थी	y			
16002001024	16002001	।		y		
16002001025	16002001	और				
16002001026	16002001	मैंने				
16002001027	16002001	दाखमधु				
16002001028	16002001	उठाई	y			
16002001029	16002001	,		y		
16002001030	16002001	और				
16002001031	16002001	मैंने				
16002001032	16002001	उसे				
16002001033	16002001	राजा				
16002001034	16002001	को				
16002001035	16002001	दे				
16002001036	16002001	दिया	y			
16002001037	16002001	,		y		
16002001038	16002001	और				
16002001039	16002001	मैं				
16002001040	16002001	उसके				
16002001041	16002001	मुँह				
16002001042	16002001	के				
16002001043	16002001	साम्हने				
16002001044	16002001	उदास				
16002001045	16002001	न				
16002001046	16002001	हुआ				
16002001047	16002001	था	y			
16002001048	16002001	।		y		
16002002001	16002002	और				
16002002002	16002002	राजा				
16002002003	16002002	ने				
16002002004	16002002	मुझ				
16002002005	16002002	से				
16002002006	16002002	कहा	y			
16002002007	16002002	,		y		
16002002008	16002002	“	y	y		
16002002009	16002002	तेरा				
16002002010	16002002	मुँह				
16002002011	16002002	क्यों				
16002002012	16002002	उतरा				
16002002013	16002002	हुआ				
16002002014	16002002	है	y			
16002002015	16002002	?		y		
16002002016	16002002	जहाँ				
16002002017	16002002	तक				
16002002018	16002002	तेरी				
16002002019	16002002	बात				
16002002020	16002002	है	y			
16002002021	16002002	,		y		
16002002022	16002002	तू				
16002002023	16002002	बीमार				
16002002024	16002002	नहीं				
16002002025	16002002	है	y			
16002002026	16002002	।		y		
16002002027	16002002	यह				
16002002028	16002002	मन				
16002002029	16002002	की				
16002002030	16002002	उदासी				
16002002031	16002002	के				
16002002032	16002002	अतिरिक्त				
16002002033	16002002	और				
16002002034	16002002	कुछ				
16002002035	16002002	नहीं				
16002002036	16002002	है	y			
16002002037	16002002	।	y	y		
16002002038	16002002	""""	y	y		
16002002039	16002002	और				
16002002040	16002002	मैं				
16002002041	16002002	अत्याधिक				
16002002042	16002002	डरा				
16002002043	16002002	हुआ				
16002002044	16002002	था	y			
16002002045	16002002	।		y		
16002003001	16002003	और				
16002003002	16002003	मैंने				
16002003003	16002003	राजा				
16002003004	16002003	से				
16002003005	16002003	कहा	y			
16002003006	16002003	,		y		
16002003007	16002003	""""	y	y		
16002003008	16002003	राजा				
16002003009	16002003	अनंत				
16002003010	16002003	काल				
16002003011	16002003	तक				
16002003012	16002003	जीवित				
16002003013	16002003	रहे	y			
16002003014	16002003	!		y		
16002003015	16002003	मेरा				
16002003016	16002003	मुँह				
16002003017	16002003	क्यों				
16002003018	16002003	न				
16002003019	16002003	उतरा				
16002003020	16002003	हो	y			
16002003021	16002003	,		y		
16002003022	16002003	जब				
16002003023	16002003	शहर	y			
16002003024	16002003	,		y		
16002003025	16002003	मेरे				
16002003026	16002003	पुरखाओं				
16002003027	16002003	की				
16002003028	16002003	कब्रों				
16002003029	16002003	का				
16002003030	16002003	घर	y			
16002003031	16002003	,		y		
16002003032	16002003	उजाड़				
16002003033	16002003	है	y			
16002003034	16002003	,		y		
16002003035	16002003	और				
16002003036	16002003	उसके				
16002003037	16002003	फाटक				
16002003038	16002003	आग				
16002003039	16002003	से				
16002003040	16002003	भस्म				
16002003041	16002003	हुए				
16002003042	16002003	हैं	y			
16002003043	16002003	।	y	y		
16002003044	16002003	”		y		
16002004001	16002004	और				
16002004002	16002004	राजा				
16002004003	16002004	ने				
16002004004	16002004	मुझ				
16002004005	16002004	से				
16002004006	16002004	कहा	y			
16002004007	16002004	,		y		
16002004008	16002004	""""	y	y		
16002004009	16002004	तो				
16002004010	16002004	फिर				
16002004011	16002004	क्या				
16002004012	16002004	है				
16002004013	16002004	जिसकी				
16002004014	16002004	तू				
16002004015	16002004	लालसा				
16002004016	16002004	कर				
16002004017	16002004	रहा				
16002004018	16002004	है	y			
16002004019	16002004	?	y	y		
16002004020	16002004	"""और"				
16002004021	16002004	मैंने				
16002004022	16002004	स्वर्ग				
16002004023	16002004	के				
16002004024	16002004	परमेश्वर				
16002004025	16002004	से				
16002004026	16002004	प्रार्थना				
16002004027	16002004	की	y			
16002004028	16002004	।		y		
16002005001	16002005	और				
16002005002	16002005	मैंने				
16002005003	16002005	राजा				
16002005004	16002005	से				
16002005005	16002005	कहा	y			
16002005006	16002005	,		y		
16002005007	16002005	""""	y	y		
16002005008	16002005	यदि				
16002005009	16002005	यह				
16002005010	16002005	राजा				
16002005011	16002005	को				
16002005012	16002005	अच्छा				
16002005013	16002005	लगे	y			
16002005014	16002005	,		y		
16002005015	16002005	और				
16002005016	16002005	यदि				
16002005017	16002005	तेरा				
16002005018	16002005	सेवक				
16002005019	16002005	तेरे				
16002005020	16002005	मुँह				
16002005021	16002005	के				
16002005022	16002005	साम्हने				
16002005023	16002005	अच्छा				
16002005024	16002005	हो	y			
16002005025	16002005	,		y		
16002005026	16002005	तू				
16002005027	16002005	मुझे				
16002005028	16002005	यहूदा				
16002005029	16002005	भेजेगा	y			
16002005030	16002005	,		y		
16002005031	16002005	मेरे				
16002005032	16002005	पुरखाओं				
16002005033	16002005	की				
16002005034	16002005	कब्रों				
16002005035	16002005	के				
16002005036	16002005	नगर				
16002005037	16002005	को	y			
16002005038	16002005	,		y		
16002005039	16002005	और				
16002005040	16002005	मैं				
16002005041	16002005	इसे				
16002005042	16002005	बनाऊँगा	y			
16002005043	16002005	।	y	y		
16002005044	16002005	”		y		
16002006001	16002006	और				
16002006002	16002006	राजा				
16002006003	16002006	ने				
16002006004	16002006	मुझ				
16002006005	16002006	से				
16002006006	16002006	कहा	y			
16002006007	16002006	,		y		
16002006008	16002006	उसके				
16002006009	16002006	बगल				
16002006010	16002006	में				
16002006011	16002006	बैठी				
16002006012	16002006	रानी				
16002006013	16002006	के				
16002006014	16002006	साथ	y			
16002006015	16002006	,		y		
16002006016	16002006	“	y	y		
16002006017	16002006	तेरी				
16002006018	16002006	यात्रा				
16002006019	16002006	कब				
16002006020	16002006	तक				
16002006021	16002006	होगी	y			
16002006022	16002006	?		y		
16002006023	16002006	और				
16002006024	16002006	तू				
16002006025	16002006	कब				
16002006026	16002006	लौटेगा	y			
16002006027	16002006	?	y	y		
16002006028	16002006	"""और"				
16002006029	16002006	यह				
16002006030	16002006	राजा				
16002006031	16002006	के				
16002006032	16002006	मुँह				
16002006033	16002006	के				
16002006034	16002006	साम्हने				
16002006035	16002006	अच्छा				
16002006036	16002006	था	y			
16002006037	16002006	,		y		
16002006038	16002006	और				
16002006039	16002006	उसने				
16002006040	16002006	मुझे				
16002006041	16002006	भेजा	y			
16002006042	16002006	,		y		
16002006043	16002006	और				
16002006044	16002006	मैंने				
16002006045	16002006	उसे				
16002006046	16002006	एक				
16002006047	16002006	समय				
16002006048	16002006	दिया	y			
16002006049	16002006	।		y		
16002007001	16002007	और				
16002007002	16002007	मैंने				
16002007003	16002007	राजा				
16002007004	16002007	से				
16002007005	16002007	कहा	y			
16002007006	16002007	,		y		
16002007007	16002007	""""	y	y		
16002007008	16002007	यदि				
16002007009	16002007	यह				
16002007010	16002007	राजा				
16002007011	16002007	को				
16002007012	16002007	अच्छा				
16002007013	16002007	लगे	y			
16002007014	16002007	,		y		
16002007015	16002007	नदी-के-पार				
16002007016	16002007	के				
16002007017	16002007	राज्यपालों				
16002007018	16002007	के				
16002007019	16002007	लिए				
16002007020	16002007	मुझे				
16002007021	16002007	पत्र				
16002007022	16002007	दिए				
16002007023	16002007	जाएँ	y			
16002007024	16002007	,		y		
16002007025	16002007	कि				
16002007026	16002007	वे				
16002007027	16002007	मुझे				
16002007028	16002007	वहाँ				
16002007029	16002007	तक				
16002007030	16002007	पहुँचाएँ				
16002007031	16002007	जहाँ				
16002007032	16002007	मैं				
16002007033	16002007	यहूदा				
16002007034	16002007	में				
16002007035	16002007	दाखिल				
16002007036	16002007	होता				
16002007037	16002007	हूँ	y			
16002007038	16002007	;		y		
16002008001	16002008	और				
16002008002	16002008	आसाप				
16002008003	16002008	को				
16002008004	16002008	एक				
16002008005	16002008	पत्र	y			
16002008006	16002008	,		y		
16002008007	16002008	जंगल				
16002008008	16002008	का				
16002008009	16002008	रखवाला				
16002008010	16002008	जो				
16002008011	16002008	राजा				
16002008012	16002008	का				
16002008013	16002008	है	y			
16002008014	16002008	,		y		
16002008015	16002008	कि				
16002008016	16002008	वह				
16002008017	16002008	मुझे				
16002008018	16002008	राजगढ़				
16002008019	16002008	के				
16002008020	16002008	फाटकों				
16002008021	16002008	की				
16002008022	16002008	कडिय़ों				
16002008023	16002008	को				
16002008024	16002008	लगाने				
16002008025	16002008	के				
16002008026	16002008	लिए				
16002008027	16002008	लकड़ियाँ				
16002008028	16002008	देगा	y			
16002008029	16002008	,		y		
16002008030	16002008	जो				
16002008031	16002008	घर				
16002008032	16002008	के				
16002008033	16002008	लिए				
16002008034	16002008	है	y			
16002008035	16002008	,		y		
16002008036	16002008	और				
16002008037	16002008	शहर				
16002008038	16002008	की				
16002008039	16002008	दीवार				
16002008040	16002008	के				
16002008041	16002008	लिए	y			
16002008042	16002008	,		y		
16002008043	16002008	और				
16002008044	16002008	उस				
16002008045	16002008	घर				
16002008046	16002008	के				
16002008047	16002008	लिए				
16002008048	16002008	जिसमें				
16002008049	16002008	मैं				
16002008050	16002008	दाखिल				
16002008051	16002008	होऊँगा	y			
16002008052	16002008	।	y	y		
16002008053	16002008	""""		y		
16002008054	16002008	और				
16002008055	16002008	राजा				
16002008056	16002008	ने				
16002008057	16002008	मुझे				
16002008058	16002008	दिया	y			
16002008059	16002008	,		y		
16002008060	16002008	मेरे				
16002008061	16002008	परमेश्वर				
16002008062	16002008	के				
16002008063	16002008	मेरे				
16002008064	16002008	ऊपर				
16002008065	16002008	भले				
16002008066	16002008	हाथ				
16002008067	16002008	के				
16002008068	16002008	अनुसार	y			
16002008069	16002008	।		y		
16002009001	16002009	और				
16002009002	16002009	मैं				
16002009003	16002009	नदी-के-पार				
16002009004	16002009	के				
16002009005	16002009	राज्यपालों				
16002009006	16002009	के				
16002009007	16002009	पास				
16002009008	16002009	आया	y			
16002009009	16002009	,		y		
16002009010	16002009	और				
16002009011	16002009	मैंने				
16002009012	16002009	उन्हें				
16002009013	16002009	राजा				
16002009014	16002009	के				
16002009015	16002009	पत्र				
16002009016	16002009	दिए	y			
16002009017	16002009	।		y		
16002009018	16002009	और				
16002009019	16002009	राजा				
16002009020	16002009	ने				
16002009021	16002009	मेरे				
16002009022	16002009	साथ				
16002009023	16002009	सेना				
16002009024	16002009	के				
16002009025	16002009	अधिकारियों				
16002009026	16002009	को				
16002009027	16002009	भेजा				
16002009028	16002009	और				
16002009029	16002009	घुड़सवारों	y			
16002009030	16002009	।		y		
16002010001	16002010	और				
16002010002	16002010	होरोनी				
16002010003	16002010	सम्बल्लत				
16002010004	16002010	और				
16002010005	16002010	तोबियाह	y			
16002010006	16002010	,		y		
16002010007	16002010	सेवक	y			
16002010008	16002010	,		y		
16002010009	16002010	अम्मोनी	y			
16002010010	16002010	,		y		
16002010011	16002010	ने				
16002010012	16002010	सुना	y			
16002010013	16002010	।		y		
16002010014	16002010	और				
16002010015	16002010	यह				
16002010016	16002010	उनके				
16002010017	16002010	प्रति				
16002010018	16002010	बुराई				
16002010019	16002010	थी	y			
16002010020	16002010	,		y		
16002010021	16002010	एक				
16002010022	16002010	बड़ी				
16002010023	16002010	बुराई	y			
16002010024	16002010	,		y		
16002010025	16002010	कि				
16002010026	16002010	कोई				
16002010027	16002010	इस्त्राएल				
16002010028	16002010	के				
16002010029	16002010	पुत्रों				
16002010030	16002010	की				
16002010031	16002010	भलाई				
16002010032	16002010	की				
16002010033	16002010	खोज				
16002010034	16002010	के				
16002010035	16002010	लिए				
16002010036	16002010	आया				
16002010037	16002010	था	y			
16002010038	16002010	।		y		
16002011001	16002011	और				
16002011002	16002011	मैं				
16002011003	16002011	यरूशलेम				
16002011004	16002011	आया	y			
16002011005	16002011	,		y		
16002011006	16002011	और				
16002011007	16002011	मैं				
16002011008	16002011	वहाँ				
16002011009	16002011	तीन				
16002011010	16002011	दिन				
16002011011	16002011	था	y			
16002011012	16002011	।		y		
16002012001	16002012	और				
16002012002	16002012	मैं				
16002012003	16002012	रात				
16002012004	16002012	में				
16002012005	16002012	उठा	y			
16002012006	16002012	,		y		
16002012007	16002012	मैं				
16002012008	16002012	आप				
16002012009	16002012	और				
16002012010	16002012	मेरे				
16002012011	16002012	साथ				
16002012012	16002012	कुछ				
16002012013	16002012	पुरुष	y			
16002012014	16002012	,		y		
16002012015	16002012	और				
16002012016	16002012	मैंने				
16002012017	16002012	किसी				
16002012018	16002012	को				
16002012019	16002012	नहीं				
16002012020	16002012	बताया				
16002012021	16002012	जो				
16002012022	16002012	कुछ				
16002012023	16002012	मेरा				
16002012024	16002012	परमेश्वर				
16002012025	16002012	यरूशलेम				
16002012026	16002012	के				
16002012027	16002012	लिए				
16002012028	16002012	करने				
16002012029	16002012	को				
16002012030	16002012	मेरे				
16002012031	16002012	मन				
16002012032	16002012	को				
16002012033	16002012	देता				
16002012034	16002012	रहा				
16002012035	16002012	था	y			
16002012036	16002012	।		y		
16002012037	16002012	अब				
16002012038	16002012	मेरे				
16002012039	16002012	साथ				
16002012040	16002012	कोई				
16002012041	16002012	जानवर				
16002012042	16002012	नहीं				
16002012043	16002012	था				
16002012044	16002012	उस				
16002012045	16002012	जानवर				
16002012046	16002012	को				
16002012047	16002012	छोड़कर				
16002012048	16002012	जिस				
16002012049	16002012	पर				
16002012050	16002012	मैं				
16002012051	16002012	सवारी				
16002012052	16002012	कर				
16002012053	16002012	रहा				
16002012054	16002012	था	y			
16002012055	16002012	।		y		
16002013001	16002013	और				
16002013002	16002013	मैं				
16002013003	16002013	रात				
16002013004	16002013	को				
16002013005	16002013	तराई				
16002013006	16002013	के				
16002013007	16002013	फाटक				
16002013008	16002013	पर				
16002013009	16002013	गया	y			
16002013010	16002013	,		y		
16002013011	16002013	यहाँ				
16002013012	16002013	तक				
16002013013	16002013	अजगर				
16002013014	16002013	के				
16002013015	16002013	सोते				
16002013016	16002013	के				
16002013017	16002013	मुँह				
16002013018	16002013	के				
16002013019	16002013	साम्हने	y			
16002013020	16002013	,		y		
16002013021	16002013	और				
16002013022	16002013	कूड़ा				
16002013023	16002013	फाटक				
16002013024	16002013	तक	y			
16002013025	16002013	।		y		
16002013026	16002013	और				
16002013027	16002013	मैं				
16002013028	16002013	यरूशलेम				
16002013029	16002013	की				
16002013030	16002013	दीवारों				
16002013031	16002013	की				
16002013032	16002013	ओर				
16002013033	16002013	ध्यान				
16002013034	16002013	से				
16002013035	16002013	देख				
16002013036	16002013	रहा				
16002013037	16002013	था	y			
16002013038	16002013	,		y		
16002013039	16002013	यह				
16002013040	16002013	देखकर				
16002013041	16002013	कि				
16002013042	16002013	वे				
16002013043	16002013	टूट				
16002013044	16002013	हुईं				
16002013045	16002013	थीं	y			
16002013046	16002013	,		y		
16002013047	16002013	और				
16002013048	16002013	उसके				
16002013049	16002013	फाटक				
16002013050	16002013	आग				
16002013051	16002013	से				
16002013052	16002013	भस्म				
16002013053	16002013	हो				
16002013054	16002013	गए				
16002013055	16002013	थे	y			
16002013056	16002013	।		y		
16002014001	16002014	और				
16002014002	16002014	मैं				
16002014003	16002014	सोते				
16002014004	16002014	के				
16002014005	16002014	फाटक				
16002014006	16002014	के				
16002014007	16002014	पार				
16002014008	16002014	गया				
16002014009	16002014	और				
16002014010	16002014	राजा				
16002014011	16002014	के				
16002014012	16002014	कुण्ड				
16002014013	16002014	तक	y			
16002014014	16002014	,		y		
16002014015	16002014	परन्तु				
16002014016	16002014	मेरे				
16002014017	16002014	नीचे				
16002014018	16002014	के				
16002014019	16002014	पशु				
16002014020	16002014	के				
16002014021	16002014	गुजरने				
16002014022	16002014	की				
16002014023	16002014	कोई				
16002014024	16002014	जगह				
16002014025	16002014	नहीं				
16002014026	16002014	थी	y			
16002014027	16002014	।		y		
16002015001	16002015	और				
16002015002	16002015	मैं				
16002015003	16002015	रात				
16002015004	16002015	को				
16002015005	16002015	नाले				
16002015006	16002015	के				
16002015007	16002015	द्वारा				
16002015008	16002015	ऊपर				
16002015009	16002015	चढ़				
16002015010	16002015	रहा				
16002015011	16002015	था	y			
16002015012	16002015	,		y		
16002015013	16002015	और				
16002015014	16002015	मैं				
16002015015	16002015	दीवार				
16002015016	16002015	को				
16002015017	16002015	ध्यान				
16002015018	16002015	से				
16002015019	16002015	देख				
16002015020	16002015	रहा				
16002015021	16002015	था	y			
16002015022	16002015	।		y		
16002015023	16002015	और				
16002015024	16002015	मैं				
16002015025	16002015	पीछे				
16002015026	16002015	मुड़ा	y			
16002015027	16002015	,		y		
16002015028	16002015	और				
16002015029	16002015	मैं				
16002015030	16002015	तराई				
16002015031	16002015	के				
16002015032	16002015	फाटक				
16002015033	16002015	से				
16002015034	16002015	भीतर				
16002015035	16002015	आया	y			
16002015036	16002015	,		y		
16002015037	16002015	और				
16002015038	16002015	मैं				
16002015039	16002015	लौट				
16002015040	16002015	आया	y			
16002015041	16002015	।		y		
16002016001	16002016	अब				
16002016002	16002016	राज्याधिकारियों				
16002016003	16002016	को				
16002016004	16002016	नहीं				
16002016005	16002016	पता				
16002016006	16002016	था				
16002016007	16002016	कि				
16002016008	16002016	मैं				
16002016009	16002016	कहाँ				
16002016010	16002016	गया				
16002016011	16002016	था				
16002016012	16002016	या				
16002016013	16002016	मैं				
16002016014	16002016	क्या				
16002016015	16002016	कर				
16002016016	16002016	रहा				
16002016017	16002016	था	y			
16002016018	16002016	।		y		
16002016019	16002016	और				
16002016020	16002016	इस				
16002016021	16002016	समय				
16002016022	16002016	तक				
16002016023	16002016	मैंने				
16002016024	16002016	अभी				
16002016025	16002016	तक				
16002016026	16002016	यहूदियों				
16002016027	16002016	को				
16002016028	16002016	नहीं				
16002016029	16002016	बताया				
16002016030	16002016	था	y			
16002016031	16002016	,		y		
16002016032	16002016	या				
16002016033	16002016	याजकों	y			
16002016034	16002016	,		y		
16002016035	16002016	या				
16002016036	16002016	कुलीनों	y			
16002016037	16002016	,		y		
16002016038	16002016	या				
16002016039	16002016	राज्याधिकारियों	y			
16002016040	16002016	,		y		
16002016041	16002016	या				
16002016042	16002016	काम				
16002016043	16002016	करने				
16002016044	16002016	वाले				
16002016045	16002016	शेष				
16002016046	16002016	को	y			
16002016047	16002016	।		y		
16002017001	16002017	और				
16002017002	16002017	मैंने				
16002017003	16002017	उनसे				
16002017004	16002017	कहा	y			
16002017005	16002017	,		y		
16002017006	16002017	""""	y	y		
16002017007	16002017	तुम				
16002017008	16002017	बुराई				
16002017009	16002017	को				
16002017010	16002017	देखते				
16002017011	16002017	हो				
16002017012	16002017	कि				
16002017013	16002017	हम				
16002017014	16002017	भीतर				
16002017015	16002017	हैं	y			
16002017016	16002017	,		y		
16002017017	16002017	कि				
16002017018	16002017	यरूशलेम				
16002017019	16002017	उजाड़				
16002017020	16002017	है				
16002017021	16002017	और				
16002017022	16002017	उसके				
16002017023	16002017	फाटक				
16002017024	16002017	आग				
16002017025	16002017	द्वारा				
16002017026	16002017	जल				
16002017027	16002017	गए				
16002017028	16002017	हैं	y			
16002017029	16002017	।		y		
16002017030	16002017	आओ	y			
16002017031	16002017	,		y		
16002017032	16002017	और				
16002017033	16002017	हम				
16002017034	16002017	यरूशलेम				
16002017035	16002017	की				
16002017036	16002017	दीवार				
16002017037	16002017	का				
16002017038	16002017	निर्माण				
16002017039	16002017	करें	y			
16002017040	16002017	,		y		
16002017041	16002017	और				
16002017042	16002017	हमारी				
16002017043	16002017	फिर				
16002017044	16002017	कभी				
16002017045	16002017	नामधराई				
16002017046	16002017	नहीं				
16002017047	16002017	होगी	y			
16002017048	16002017	।	y	y		
16002017049	16002017	”		y		
16002018001	16002018	और				
16002018002	16002018	मैंने				
16002018003	16002018	उन्हें				
16002018004	16002018	मेरे				
16002018005	16002018	परमेश्वर				
16002018006	16002018	का				
16002018007	16002018	हाथ				
16002018008	16002018	घोषित				
16002018009	16002018	किया	y			
16002018010	16002018	,		y		
16002018011	16002018	कि				
16002018012	16002018	यह				
16002018013	16002018	मुझ				
16002018014	16002018	पर				
16002018015	16002018	अच्छा				
16002018016	16002018	था	y			
16002018017	16002018	,		y		
16002018018	16002018	और				
16002018019	16002018	राजा				
16002018020	16002018	के				
16002018021	16002018	शब्द				
16002018022	16002018	भी				
16002018023	16002018	जिसे				
16002018024	16002018	उसने				
16002018025	16002018	मुझे				
16002018026	16002018	बोले				
16002018027	16002018	थे	y			
16002018028	16002018	।		y		
16002018029	16002018	और				
16002018030	16002018	उन्होंने				
16002018031	16002018	कहा	y			
16002018032	16002018	,		y		
16002018033	16002018	""""	y	y		
16002018034	16002018	हम				
16002018035	16002018	उठेंगे				
16002018036	16002018	और				
16002018037	16002018	निर्माण				
16002018038	16002018	करेंगे	y			
16002018039	16002018	।	y	y		
16002018040	16002018	""""	y	y		
16002018041	16002018	और				
16002018042	16002018	उन्होंने				
16002018043	16002018	अच्छे				
16002018044	16002018	के				
16002018045	16002018	लिए				
16002018046	16002018	अपने				
16002018047	16002018	हाथ				
16002018048	16002018	दृढ़				
16002018049	16002018	किए	y			
16002018050	16002018	।		y		
16002019001	16002019	और				
16002019002	16002019	होरोनी				
16002019003	16002019	सम्बल्लत	y			
16002019004	16002019	,		y		
16002019005	16002019	और				
16002019006	16002019	तोबियाह	y			
16002019007	16002019	,		y		
16002019008	16002019	सेवक	y			
16002019009	16002019	,		y		
16002019010	16002019	अम्मोनी	y			
16002019011	16002019	,		y		
16002019012	16002019	और				
16002019013	16002019	गेशेम				
16002019014	16002019	अरबी				
16002019015	16002019	ने				
16002019016	16002019	सुना	y			
16002019017	16002019	,		y		
16002019018	16002019	और				
16002019019	16002019	उन्होंने				
16002019020	16002019	हमारा				
16002019021	16002019	उपहास				
16002019022	16002019	उड़ाया	y			
16002019023	16002019	,		y		
16002019024	16002019	और				
16002019025	16002019	उन्होंने				
16002019026	16002019	हमारा				
16002019027	16002019	तिरस्कार				
16002019028	16002019	किया	y			
16002019029	16002019	।		y		
16002019030	16002019	और				
16002019031	16002019	उन्होंने				
16002019032	16002019	कहा	y			
16002019033	16002019	,		y		
16002019034	16002019	""""	y	y		
16002019035	16002019	यह				
16002019036	16002019	क्या				
16002019037	16002019	चीज़				
16002019038	16002019	है				
16002019039	16002019	कि				
16002019040	16002019	तुम				
16002019041	16002019	कर				
16002019042	16002019	रहे				
16002019043	16002019	हो	y			
16002019044	16002019	?		y		
16002019045	16002019	क्या				
16002019046	16002019	तुम				
16002019047	16002019	राजा				
16002019048	16002019	के				
16002019049	16002019	विरुद्ध				
16002019050	16002019	बलवा				
16002019051	16002019	कर				
16002019052	16002019	रहे				
16002019053	16002019	हो	y			
16002019054	16002019	?	y	y		
16002019055	16002019	”		y		
16002020001	16002020	और				
16002020002	16002020	मैंने				
16002020003	16002020	उन्हें				
16002020004	16002020	एक				
16002020005	16002020	शब्द				
16002020006	16002020	लौटाया	y			
16002020007	16002020	,		y		
16002020008	16002020	और				
16002020009	16002020	मैंने				
16002020010	16002020	उनसे				
16002020011	16002020	कहा	y			
16002020012	16002020	:		y		
16002020013	16002020	""""	y	y		
16002020014	16002020	स्वर्ग				
16002020015	16002020	का				
16002020016	16002020	परमेश्वर	y			
16002020017	16002020	,		y		
16002020018	16002020	वह				
16002020019	16002020	हमें				
16002020020	16002020	सफल				
16002020021	16002020	करेगा	y			
16002020022	16002020	,		y		
16002020023	16002020	और				
16002020024	16002020	हम				
16002020025	16002020	आप	y			
16002020026	16002020	,		y		
16002020027	16002020	उसके				
16002020028	16002020	सेवक	y			
16002020029	16002020	,		y		
16002020030	16002020	उठ				
16002020031	16002020	जाएँगे				
16002020032	16002020	और				
16002020033	16002020	निर्माण				
16002020034	16002020	करेंगे	y			
16002020035	16002020	।		y		
16002020036	16002020	पर				
16002020037	16002020	तुम्हारे				
16002020038	16002020	लिए				
16002020039	16002020	यरूशलेम				
16002020040	16002020	में				
16002020041	16002020	न				
16002020042	16002020	तो				
16002020043	16002020	भाग				
16002020044	16002020	है	y			
16002020045	16002020	,		y		
16002020046	16002020	न				
16002020047	16002020	अधिकार	y			
16002020048	16002020	,		y		
16002020049	16002020	और				
16002020050	16002020	न				
16002020051	16002020	स्मारक	y			
16002020052	16002020	।	y	y		
16002020053	16002020	”		y		
16003001001	16003001	और				
16003001002	16003001	एल्याशीब				
16003001003	16003001	महायाजक				
16003001004	16003001	अपने				
16003001005	16003001	भाई				
16003001006	16003001	याजकों				
16003001007	16003001	समेत				
16003001008	16003001	उठ				
16003001009	16003001	खड़ा				
16003001010	16003001	हुआ	y			
16003001011	16003001	,		y		
16003001012	16003001	और				
16003001013	16003001	उन्होंने				
16003001014	16003001	भेड़फाटक				
16003001015	16003001	बनाया	y			
16003001016	16003001	।		y		
16003001017	16003001	उन्होंने				
16003001018	16003001	स्वयं				
16003001019	16003001	उसकी				
16003001020	16003001	प्रतिष्ठा				
16003001021	16003001	की				
16003001022	16003001	और				
16003001023	16003001	उसके				
16003001024	16003001	दरवाजे				
16003001025	16003001	खड़े				
16003001026	16003001	किए	y			
16003001027	16003001	।		y		
16003001028	16003001	और				
16003001029	16003001	उन्होंने				
16003001030	16003001	इसकी				
16003001031	16003001	प्रतिष्ठा				
16003001032	16003001	सौ				
16003001033	16003001	के				
16003001034	16003001	गुम्मट				
16003001035	16003001	तक				
16003001036	16003001	वरन्				
16003001037	16003001	हननेल				
16003001038	16003001	के				
16003001039	16003001	गुम्मट				
16003001040	16003001	तक				
16003001041	16003001	की	y			
16003001042	16003001	।		y		
16003002001	16003002	और				
16003002002	16003002	यरीहो				
16003002003	16003002	के				
16003002004	16003002	पुरुषों				
16003002005	16003002	ने				
16003002006	16003002	उसके				
16003002007	16003002	हाथ				
16003002008	16003002	से				
16003002009	16003002	निर्माण				
16003002010	16003002	किया	y			
16003002011	16003002	।		y		
16003002012	16003002	और				
16003002013	16003002	इम्री				
16003002014	16003002	के				
16003002015	16003002	पुत्र				
16003002016	16003002	जक्कूर				
16003002017	16003002	ने				
16003002018	16003002	उसके				
16003002019	16003002	हाथ				
16003002020	16003002	से				
16003002021	16003002	निर्माण				
16003002022	16003002	किया	y			
16003002023	16003002	।		y		
16003003001	16003003	और				
16003003002	16003003	हस्सना				
16003003003	16003003	के				
16003003004	16003003	पुत्रों				
16003003005	16003003	ने				
16003003006	16003003	मछली				
16003003007	16003003	फाटक				
16003003008	16003003	बनाया	y			
16003003009	16003003	।		y		
16003003010	16003003	उन्होंने				
16003003011	16003003	आप				
16003003012	16003003	इसकी				
16003003013	16003003	कड़ियाँ				
16003003014	16003003	रखी				
16003003015	16003003	और				
16003003016	16003003	इसके				
16003003017	16003003	दरवाजे				
16003003018	16003003	खड़े				
16003003019	16003003	कर				
16003003020	16003003	दिए	y			
16003003021	16003003	,		y		
16003003022	16003003	इसके				
16003003023	16003003	ताले	y			
16003003024	16003003	,		y		
16003003025	16003003	और				
16003003026	16003003	इसके				
16003003027	16003003	बेंड़े	y			
16003003028	16003003	।		y		
16003004001	16003004	और				
16003004002	16003004	मरेमोत	y			
16003004003	16003004	,		y		
16003004004	16003004	ऊरिय्याह				
16003004005	16003004	का				
16003004006	16003004	पुत्र	y			
16003004007	16003004	,		y		
16003004008	16003004	और				
16003004009	16003004	हक्कोस				
16003004010	16003004	का				
16003004011	16003004	पुत्र	y			
16003004012	16003004	,		y		
16003004013	16003004	उनके				
16003004014	16003004	हाथ				
16003004015	16003004	बलवन्त				
16003004016	16003004	हुआ	y			
16003004017	16003004	।		y		
16003004018	16003004	और				
16003004019	16003004	मशुल्लाम	y			
16003004020	16003004	,		y		
16003004021	16003004	बेरेक्याह				
16003004022	16003004	का				
16003004023	16003004	पुत्र	y			
16003004024	16003004	,		y		
16003004025	16003004	मशेजबेल				
16003004026	16003004	का				
16003004027	16003004	पुत्र	y			
16003004028	16003004	,		y		
16003004029	16003004	उनके				
16003004030	16003004	हाथ				
16003004031	16003004	बलवन्त				
16003004032	16003004	हुआ	y			
16003004033	16003004	।		y		
16003004034	16003004	और				
16003004035	16003004	बाना				
16003004036	16003004	का				
16003004037	16003004	पुत्र				
16003004038	16003004	सादोक				
16003004039	16003004	उनके				
16003004040	16003004	हाथ				
16003004041	16003004	बलवन्त				
16003004042	16003004	हुआ	y			
16003004043	16003004	।		y		
16003005001	16003005	और				
16003005002	16003005	तकोइयों				
16003005003	16003005	उनके				
16003005004	16003005	हाथ				
16003005005	16003005	बलवन्त				
16003005006	16003005	हुए	y			
16003005007	16003005	,		y		
16003005008	16003005	पर				
16003005009	16003005	उनके				
16003005010	16003005	कुलीनों				
16003005011	16003005	ने				
16003005012	16003005	अपने				
16003005013	16003005	प्रभुओं				
16003005014	16003005	की				
16003005015	16003005	सेवा				
16003005016	16003005	का				
16003005017	16003005	जूआ				
16003005018	16003005	उनकी				
16003005019	16003005	गर्दन				
16003005020	16003005	पर				
16003005021	16003005	न				
16003005022	16003005	लिया	y			
16003005023	16003005	।		y		
16003006001	16003006	और				
16003006002	16003006	पासेह				
16003006003	16003006	का				
16003006004	16003006	पुत्र				
16003006005	16003006	योयादा	y			
16003006006	16003006	,		y		
16003006007	16003006	और				
16003006008	16003006	बसोदयाह				
16003006009	16003006	का				
16003006010	16003006	पुत्र				
16003006011	16003006	मशुल्लाम	y			
16003006012	16003006	,		y		
16003006013	16003006	पुराने				
16003006014	16003006	फाटक				
16003006015	16003006	को				
16003006016	16003006	दृढ़				
16003006017	16003006	किया	y			
16003006018	16003006	।		y		
16003006019	16003006	उन्होंने				
16003006020	16003006	आप				
16003006021	16003006	इसकी				
16003006022	16003006	कड़ियाँ				
16003006023	16003006	रखी				
16003006024	16003006	और				
16003006025	16003006	उसके				
16003006026	16003006	दरवाजे				
16003006027	16003006	खड़े				
16003006028	16003006	किए	y			
16003006029	16003006	,		y		
16003006030	16003006	इसके				
16003006031	16003006	ताले	y			
16003006032	16003006	,		y		
16003006033	16003006	और				
16003006034	16003006	इसके				
16003006035	16003006	बेंड़े	y			
16003006036	16003006	।		y		
16003007001	16003007	और				
16003007002	16003007	गिबोनी				
16003007003	16003007	मलत्याह	y			
16003007004	16003007	,		y		
16003007005	16003007	और				
16003007006	16003007	मेरोनोती				
16003007007	16003007	यादोन	y			
16003007008	16003007	,		y		
16003007009	16003007	गिबोन				
16003007010	16003007	के				
16003007011	16003007	पुरुष				
16003007012	16003007	और				
16003007013	16003007	मिस्पा	y			
16003007014	16003007	,		y		
16003007015	16003007	उनके				
16003007016	16003007	हाथ				
16003007017	16003007	से				
16003007018	16003007	बलवन्त	y			
16003007019	16003007	,		y		
16003007020	16003007	नदी-से				
16003007021	16003007	पार				
16003007022	16003007	के				
16003007023	16003007	राज्यपाल				
16003007024	16003007	के				
16003007025	16003007	अधिकार				
16003007026	16003007	के				
16003007027	16003007	सिंहासन				
16003007028	16003007	के				
16003007029	16003007	लिए	y			
16003007030	16003007	।		y		
16003008001	16003008	उज्जीएल	y			
16003008002	16003008	,		y		
16003008003	16003008	हर्हयाह				
16003008004	16003008	का				
16003008005	16003008	पुत्र	y			
16003008006	16003008	,		y		
16003008007	16003008	सुनारों				
16003008008	16003008	का	y			
16003008009	16003008	,		y		
16003008010	16003008	उसके				
16003008011	16003008	हाथ				
16003008012	16003008	से				
16003008013	16003008	बलवन्त	y			
16003008014	16003008	।		y		
16003008015	16003008	और				
16003008016	16003008	हनन्याह	y			
16003008017	16003008	,		y		
16003008018	16003008	सुगंध				
16003008019	16003008	बेचनेवालों				
16003008020	16003008	का				
16003008021	16003008	एक				
16003008022	16003008	पुत्र	y			
16003008023	16003008	,		y		
16003008024	16003008	उसके				
16003008025	16003008	हाथ				
16003008026	16003008	से				
16003008027	16003008	बलवन्त	y			
16003008028	16003008	।		y		
16003008029	16003008	और				
16003008030	16003008	उन्होंने				
16003008031	16003008	यरूशलेम				
16003008032	16003008	को				
16003008033	16003008	दूर				
16003008034	16003008	तक				
16003008035	16003008	चौड़ी				
16003008036	16003008	दीवार				
16003008037	16003008	बना				
16003008038	16003008	बहाल				
16003008039	16003008	किया	y			
16003008040	16003008	।		y		
16003009001	16003009	और				
16003009002	16003009	रपायाह	y			
16003009003	16003009	,		y		
16003009004	16003009	हूर				
16003009005	16003009	का				
16003009006	16003009	पुत्र	y			
16003009007	16003009	,		y		
16003009008	16003009	यरूशलेम				
16003009009	16003009	के				
16003009010	16003009	आधे				
16003009011	16003009	जिले				
16003009012	16003009	के				
16003009013	16003009	लिए				
16003009014	16003009	प्रशासक	y			
16003009015	16003009	,		y		
16003009016	16003009	उनके				
16003009017	16003009	हाथ				
16003009018	16003009	बलवन्त				
16003009019	16003009	हुआ	y			
16003009020	16003009	।		y		
16003010001	16003010	और				
16003010002	16003010	यदायाह				
16003010003	16003010	हरुमप				
16003010004	16003010	का				
16003010005	16003010	पुत्र				
16003010006	16003010	उनके				
16003010007	16003010	हाथ				
16003010008	16003010	बलवन्त				
16003010009	16003010	हुआ	y			
16003010010	16003010	,		y		
16003010011	16003010	यहाँ				
16003010012	16003010	तक				
16003010013	16003010	कि				
16003010014	16003010	उसके				
16003010015	16003010	घर				
16003010016	16003010	के				
16003010017	16003010	साम्हने	y			
16003010018	16003010	।		y		
16003010019	16003010	और				
16003010020	16003010	हशब्नयाह				
16003010021	16003010	का				
16003010022	16003010	पुत्र				
16003010023	16003010	हत्तूश				
16003010024	16003010	उसके				
16003010025	16003010	हाथ				
16003010026	16003010	बलवन्त				
16003010027	16003010	हुआ	y			
16003010028	16003010	।		y		
16003011001	16003011	मल्किय्याह				
16003011002	16003011	हारीम				
16003011003	16003011	का				
16003011004	16003011	पुत्र	y			
16003011005	16003011	,		y		
16003011006	16003011	और				
16003011007	16003011	हश्शूब				
16003011008	16003011	पहत्मोआब				
16003011009	16003011	का				
16003011010	16003011	पुत्र	y			
16003011011	16003011	,		y		
16003011012	16003011	ने				
16003011013	16003011	भट्ठी				
16003011014	16003011	के				
16003011015	16003011	गुम्मट				
16003011016	16003011	के				
16003011017	16003011	साथ				
16003011018	16003011	एक				
16003011019	16003011	दूसरे				
16003011020	16003011	भाग				
16003011021	16003011	को				
16003011022	16003011	दृढ़				
16003011023	16003011	किया	y			
16003011024	16003011	।		y		
16003012001	16003012	और				
16003012002	16003012	शल्लूम	y			
16003012003	16003012	,		y		
16003012004	16003012	हल्लोहेश				
16003012005	16003012	का				
16003012006	16003012	पुत्र	y			
16003012007	16003012	,		y		
16003012008	16003012	यरूशलेम				
16003012009	16003012	के				
16003012010	16003012	आधे				
16003012011	16003012	जिले				
16003012012	16003012	के				
16003012013	16003012	लिए				
16003012014	16003012	प्रशासक	y			
16003012015	16003012	,		y		
16003012016	16003012	उसके				
16003012017	16003012	हाथ				
16003012018	16003012	बलवन्त				
16003012019	16003012	हुआ	y			
16003012020	16003012	,		y		
16003012021	16003012	वह				
16003012022	16003012	और				
16003012023	16003012	उसकी				
16003012024	16003012	पुत्रियाँ	y			
16003012025	16003012	।		y		
16003013001	16003013	हानून				
16003013002	16003013	और				
16003013003	16003013	जानोह				
16003013004	16003013	के				
16003013005	16003013	निवासियों				
16003013006	16003013	ने				
16003013007	16003013	तराई				
16003013008	16003013	के				
16003013009	16003013	फाटक				
16003013010	16003013	को				
16003013011	16003013	दृढ़				
16003013012	16003013	किया	y			
16003013013	16003013	।		y		
16003013014	16003013	उन्होंने				
16003013015	16003013	आप				
16003013016	16003013	इसे				
16003013017	16003013	बनाया				
16003013018	16003013	और				
16003013019	16003013	इसके				
16003013020	16003013	दरवाजे				
16003013021	16003013	खड़े				
16003013022	16003013	किए	y			
16003013023	16003013	,		y		
16003013024	16003013	इसके				
16003013025	16003013	ताले	y			
16003013026	16003013	,		y		
16003013027	16003013	और				
16003013028	16003013	इसके				
16003013029	16003013	बेंड़े	y			
16003013030	16003013	,		y		
16003013031	16003013	और				
16003013032	16003013	एक				
16003013033	16003013	हज़ार				
16003013034	16003013	हाथ				
16003013035	16003013	की				
16003013036	16003013	दीवार				
16003013037	16003013	कूड़ा				
16003013038	16003013	फाटक				
16003013039	16003013	तक	y			
16003013040	16003013	।		y		
16003014001	16003014	और				
16003014002	16003014	मल्कियाह	y			
16003014003	16003014	,		y		
16003014004	16003014	रेकाब				
16003014005	16003014	का				
16003014006	16003014	पुत्र	y			
16003014007	16003014	,		y		
16003014008	16003014	बेथक्केरेम				
16003014009	16003014	जिले				
16003014010	16003014	का				
16003014011	16003014	प्रशासक	y			
16003014012	16003014	,		y		
16003014013	16003014	ने				
16003014014	16003014	कूड़ा				
16003014015	16003014	फाटक				
16003014016	16003014	को				
16003014017	16003014	दृढ़				
16003014018	16003014	किया	y			
16003014019	16003014	।		y		
16003014020	16003014	वह				
16003014021	16003014	आप				
16003014022	16003014	इसे				
16003014023	16003014	बना				
16003014024	16003014	रहा				
16003014025	16003014	था				
16003014026	16003014	और				
16003014027	16003014	उसके				
16003014028	16003014	दरवाजे				
16003014029	16003014	खड़े				
16003014030	16003014	कर				
16003014031	16003014	रहा				
16003014032	16003014	था	y			
16003014033	16003014	,		y		
16003014034	16003014	इसके				
16003014035	16003014	ताले	y			
16003014036	16003014	,		y		
16003014037	16003014	और				
16003014038	16003014	इसके				
16003014039	16003014	बेंड़े	y			
16003014040	16003014	।		y		
16003015001	16003015	और				
16003015002	16003015	शल्लूम	y			
16003015003	16003015	,		y		
16003015004	16003015	कोल्होजे				
16003015005	16003015	का				
16003015006	16003015	पुत्र	y			
16003015007	16003015	,		y		
16003015008	16003015	मिस्पा				
16003015009	16003015	जिले				
16003015010	16003015	का				
16003015011	16003015	प्रशासक	y			
16003015012	16003015	,		y		
16003015013	16003015	सोता				
16003015014	16003015	फाटक				
16003015015	16003015	को				
16003015016	16003015	दृढ़				
16003015017	16003015	किया	y			
16003015018	16003015	।		y		
16003015019	16003015	वह				
16003015020	16003015	आप				
16003015021	16003015	इसे				
16003015022	16003015	बना				
16003015023	16003015	रहा				
16003015024	16003015	था	y			
16003015025	16003015	,		y		
16003015026	16003015	और				
16003015027	16003015	इसे				
16003015028	16003015	ढक				
16003015029	16003015	रहा				
16003015030	16003015	था				
16003015031	16003015	और				
16003015032	16003015	इसके				
16003015033	16003015	दरवाजे				
16003015034	16003015	खड़े				
16003015035	16003015	कर				
16003015036	16003015	रहा				
16003015037	16003015	था	y			
16003015038	16003015	,		y		
16003015039	16003015	इसके				
16003015040	16003015	ताले	y			
16003015041	16003015	,		y		
16003015042	16003015	और				
16003015043	16003015	उसके				
16003015044	16003015	बेंड़े	y			
16003015045	16003015	,		y		
16003015046	16003015	और				
16003015047	16003015	राजा				
16003015048	16003015	की				
16003015049	16003015	बारी				
16003015050	16003015	पर				
16003015051	16003015	शेलह				
16003015052	16003015	कुण्ड				
16003015053	16003015	की				
16003015054	16003015	दीवार				
16003015055	16003015	यहाँ				
16003015056	16003015	तक				
16003015057	16003015	कि				
16003015058	16003015	दाऊद				
16003015059	16003015	के				
16003015060	16003015	नगर				
16003015061	16003015	से				
16003015062	16003015	उतरती				
16003015063	16003015	हुई				
16003015064	16003015	सीढ़ियाँ				
16003015065	16003015	तक	y			
16003015066	16003015	।		y		
16003016001	16003016	उसके				
16003016002	16003016	बाद	y			
16003016003	16003016	,		y		
16003016004	16003016	नहेम्याह	y			
16003016005	16003016	,		y		
16003016006	16003016	अजबूक				
16003016007	16003016	का				
16003016008	16003016	पुत्र	y			
16003016009	16003016	,		y		
16003016010	16003016	बेतसूर				
16003016011	16003016	के				
16003016012	16003016	आधे				
16003016013	16003016	जिले				
16003016014	16003016	का				
16003016015	16003016	प्रशासक	y			
16003016016	16003016	,		y		
16003016017	16003016	दाऊद				
16003016018	16003016	की				
16003016019	16003016	कब्रों				
16003016020	16003016	के				
16003016021	16003016	साम्हने				
16003016022	16003016	तक				
16003016023	16003016	को				
16003016024	16003016	दृढ़				
16003016025	16003016	किया	y			
16003016026	16003016	,		y		
16003016027	16003016	और				
16003016028	16003016	कुण्ड				
16003016029	16003016	तक				
16003016030	16003016	जो				
16003016031	16003016	बना				
16003016032	16003016	हुआ				
16003016033	16003016	था	y			
16003016034	16003016	,		y		
16003016035	16003016	और				
16003016036	16003016	शूरवीरों				
16003016037	16003016	पुरुषों				
16003016038	16003016	के				
16003016039	16003016	घर				
16003016040	16003016	तक	y			
16003016041	16003016	।		y		
16003017001	16003017	उसके				
16003017002	16003017	बाद	y			
16003017003	16003017	,		y		
16003017004	16003017	लेवीय				
16003017005	16003017	बलवन्त				
16003017006	16003017	हुए	y			
16003017007	16003017	:		y		
16003017008	16003017	रहूम				
16003017009	16003017	बानी				
16003017010	16003017	का				
16003017011	16003017	पुत्र	y			
16003017012	16003017	;		y		
16003017013	16003017	उसके				
16003017014	16003017	हाथ				
16003017015	16003017	पर	y			
16003017016	16003017	,		y		
16003017017	16003017	हशब्याह	y			
16003017018	16003017	,		y		
16003017019	16003017	कीला				
16003017020	16003017	जिले				
16003017021	16003017	के				
16003017022	16003017	आधे				
16003017023	16003017	भाग				
16003017024	16003017	का				
16003017025	16003017	प्रशासक	y			
16003017026	16003017	,		y		
16003017027	16003017	अपने				
16003017028	16003017	जिले				
16003017029	16003017	को				
16003017030	16003017	दृढ़				
16003017031	16003017	किया	y			
16003017032	16003017	;		y		
16003018001	16003018	उसके				
16003018002	16003018	बाद	y			
16003018003	16003018	,		y		
16003018004	16003018	उनके				
16003018005	16003018	भाई				
16003018006	16003018	बलवन्त				
16003018007	16003018	हुए	y			
16003018008	16003018	,		y		
16003018009	16003018	बव्वै	y			
16003018010	16003018	,		y		
16003018011	16003018	हेनादाद				
16003018012	16003018	का				
16003018013	16003018	पुत्र	y			
16003018014	16003018	,		y		
16003018015	16003018	कीला				
16003018016	16003018	जिले				
16003018017	16003018	के				
16003018018	16003018	आधे				
16003018019	16003018	भाग				
16003018020	16003018	का				
16003018021	16003018	प्रशासक	y			
16003018022	16003018	।		y		
16003019001	16003019	और				
16003019002	16003019	उसके				
16003019003	16003019	हाथ				
16003019004	16003019	पर	y			
16003019005	16003019	,		y		
16003019006	16003019	एजेर	y			
16003019007	16003019	,		y		
16003019008	16003019	येशुअ				
16003019009	16003019	का				
16003019010	16003019	पुत्र	y			
16003019011	16003019	,		y		
16003019012	16003019	मिस्पा				
16003019013	16003019	का				
16003019014	16003019	प्रशासक	y			
16003019015	16003019	,		y		
16003019016	16003019	मोड़				
16003019017	16003019	पर				
16003019018	16003019	शस्त्रागार				
16003019019	16003019	की				
16003019020	16003019	चढ़ाई				
16003019021	16003019	के				
16003019022	16003019	विपरीत				
16003019023	16003019	दूसरे				
16003019024	16003019	भाग				
16003019025	16003019	को				
16003019026	16003019	दृढ़				
16003019027	16003019	कर				
16003019028	16003019	रहा				
16003019029	16003019	था	y			
16003019030	16003019	।		y		
16003020001	16003020	उसके				
16003020002	16003020	बाद	y			
16003020003	16003020	,		y		
16003020004	16003020	बारूक				
16003020005	16003020	जब्बै				
16003020006	16003020	का				
16003020007	16003020	पुत्र				
16003020008	16003020	जल				
16003020009	16003020	गया	y			
16003020010	16003020	,		y		
16003020011	16003020	और				
16003020012	16003020	दूसरे				
16003020013	16003020	भाग				
16003020014	16003020	को				
16003020015	16003020	मोड़				
16003020016	16003020	से				
16003020017	16003020	एल्याशीब				
16003020018	16003020	महायाजक				
16003020019	16003020	के				
16003020020	16003020	घर				
16003020021	16003020	के				
16003020022	16003020	मुँह				
16003020023	16003020	तक				
16003020024	16003020	दृढ़				
16003020025	16003020	किया	y			
16003020026	16003020	।		y		
16003021001	16003021	उसके				
16003021002	16003021	बाद	y			
16003021003	16003021	,		y		
16003021004	16003021	मरेमोत	y			
16003021005	16003021	,		y		
16003021006	16003021	ऊरिय्याह				
16003021007	16003021	का				
16003021008	16003021	पुत्र	y			
16003021009	16003021	,		y		
16003021010	16003021	हक्कोस				
16003021011	16003021	का				
16003021012	16003021	पुत्र	y			
16003021013	16003021	,		y		
16003021014	16003021	ने				
16003021015	16003021	दूसरे				
16003021016	16003021	भाग				
16003021017	16003021	को				
16003021018	16003021	दृढ़				
16003021019	16003021	किया	y			
16003021020	16003021	,		y		
16003021021	16003021	एल्याशीब				
16003021022	16003021	के				
16003021023	16003021	घर				
16003021024	16003021	के				
16003021025	16003021	मुँह				
16003021026	16003021	से				
16003021027	16003021	लेकर				
16003021028	16003021	एल्याशीब				
16003021029	16003021	के				
16003021030	16003021	घर				
16003021031	16003021	के				
16003021032	16003021	अंत				
16003021033	16003021	तक	y			
16003021034	16003021	।		y		
16003022001	16003022	और				
16003022002	16003022	उसके				
16003022003	16003022	बाद	y			
16003022004	16003022	,		y		
16003022005	16003022	याजकों	y			
16003022006	16003022	,		y		
16003022007	16003022	तराई				
16003022008	16003022	के				
16003022009	16003022	पुरुष	y			
16003022010	16003022	,		y		
16003022011	16003022	बलवन्त				
16003022012	16003022	हुए	y			
16003022013	16003022	।		y		
16003023001	16003023	उसके				
16003023002	16003023	बाद	y			
16003023003	16003023	,		y		
16003023004	16003023	बिन्यामीन				
16003023005	16003023	और				
16003023006	16003023	हश्शूब				
16003023007	16003023	उनके				
16003023008	16003023	घर				
16003023009	16003023	के				
16003023010	16003023	साम्हने				
16003023011	16003023	बलवन्त				
16003023012	16003023	हुआ	y			
16003023013	16003023	।		y		
16003023014	16003023	उसके				
16003023015	16003023	बाद	y			
16003023016	16003023	,		y		
16003023017	16003023	अजर्याह	y			
16003023018	16003023	,		y		
16003023019	16003023	मासेयाह				
16003023020	16003023	का				
16003023021	16003023	पुत्र	y			
16003023022	16003023	,		y		
16003023023	16003023	अनन्याह				
16003023024	16003023	का				
16003023025	16003023	पुत्र	y			
16003023026	16003023	,		y		
16003023027	16003023	अपने				
16003023028	16003023	घर				
16003023029	16003023	के				
16003023030	16003023	बगल				
16003023031	16003023	बलवन्त				
16003023032	16003023	हुआ	y			
16003023033	16003023	।		y		
16003024001	16003024	उसके				
16003024002	16003024	बाद	y			
16003024003	16003024	:		y		
16003024004	16003024	बिन्नूई				
16003024005	16003024	हेनादाद				
16003024006	16003024	के				
16003024007	16003024	पुत्र				
16003024008	16003024	ने				
16003024009	16003024	दूसरे				
16003024010	16003024	भाग				
16003024011	16003024	को				
16003024012	16003024	दृढ़				
16003024013	16003024	किया				
16003024014	16003024	अजर्याह				
16003024015	16003024	के				
16003024016	16003024	घर				
16003024017	16003024	से				
16003024018	16003024	लेकर				
16003024019	16003024	मोड़				
16003024020	16003024	तक				
16003024021	16003024	और				
16003024022	16003024	कोने				
16003024023	16003024	तक	y			
16003024024	16003024	;		y		
16003025001	16003025	पालाल				
16003025002	16003025	ऊजै				
16003025003	16003025	का				
16003025004	16003025	पुत्र	y			
16003025005	16003025	,		y		
16003025006	16003025	मोड़				
16003025007	16003025	के				
16003025008	16003025	विपरीत				
16003025009	16003025	से				
16003025010	16003025	और				
16003025011	16003025	वह				
16003025012	16003025	गुम्मट				
16003025013	16003025	जो				
16003025014	16003025	राजा				
16003025015	16003025	के				
16003025016	16003025	ऊपर				
16003025017	16003025	के				
16003025018	16003025	भवन				
16003025019	16003025	से				
16003025020	16003025	बाहर				
16003025021	16003025	निकला				
16003025022	16003025	हुआ				
16003025023	16003025	है				
16003025024	16003025	जो				
16003025025	16003025	पहरेदार				
16003025026	16003025	की				
16003025027	16003025	आँगन				
16003025028	16003025	के				
16003025029	16003025	पास				
16003025030	16003025	है	y			
16003025031	16003025	;		y		
16003025032	16003025	उसके				
16003025033	16003025	बाद	y			
16003025034	16003025	,		y		
16003025035	16003025	पदायाह				
16003025036	16003025	परोश				
16003025037	16003025	का				
16003025038	16003025	पुत्र	y			
16003025039	16003025	।		y		
16003026001	16003026	और				
16003026002	16003026	नतीन				
16003026003	16003026	लोग				
16003026004	16003026	ओपेल				
16003026005	16003026	में				
16003026006	16003026	रहते				
16003026007	16003026	थे	y			
16003026008	16003026	,		y		
16003026009	16003026	जल				
16003026010	16003026	फाटक				
16003026011	16003026	के				
16003026012	16003026	सामने				
16003026013	16003026	पूर्व				
16003026014	16003026	की				
16003026015	16003026	ओर				
16003026016	16003026	तक				
16003026017	16003026	और				
16003026018	16003026	बाहर				
16003026019	16003026	निकले				
16003026020	16003026	हुए				
16003026021	16003026	गुम्मट				
16003026022	16003026	तक	y			
16003026023	16003026	।		y		
16003027001	16003027	उसके				
16003027002	16003027	बाद	y			
16003027003	16003027	,		y		
16003027004	16003027	तकोइयों				
16003027005	16003027	ने				
16003027006	16003027	एक				
16003027007	16003027	दूसरे				
16003027008	16003027	भाग				
16003027009	16003027	को				
16003027010	16003027	ऊँचे				
16003027011	16003027	बाहर				
16003027012	16003027	निकले				
16003027013	16003027	हुए				
16003027014	16003027	गुम्मट				
16003027015	16003027	के				
16003027016	16003027	साम्हने				
16003027017	16003027	से				
16003027018	16003027	दृढ़				
16003027019	16003027	किया				
16003027020	16003027	यहाँ				
16003027021	16003027	तक				
16003027022	16003027	कि				
16003027023	16003027	ओपेल				
16003027024	16003027	की				
16003027025	16003027	दीवार				
16003027026	16003027	तक	y			
16003027027	16003027	।		y		
16003028001	16003028	याजकों				
16003028002	16003028	ने				
16003028003	16003028	घोड़ें				
16003028004	16003028	के				
16003028005	16003028	फाटक				
16003028006	16003028	के				
16003028007	16003028	ऊपर				
16003028008	16003028	से				
16003028009	16003028	दृढ़				
16003028010	16003028	किया	y			
16003028011	16003028	,		y		
16003028012	16003028	एक				
16003028013	16003028	पुरुष				
16003028014	16003028	उसके				
16003028015	16003028	घर				
16003028016	16003028	के				
16003028017	16003028	सामने	y			
16003028018	16003028	।		y		
16003029001	16003029	उसके				
16003029002	16003029	बाद	y			
16003029003	16003029	,		y		
16003029004	16003029	सादोक				
16003029005	16003029	इम्मेर				
16003029006	16003029	का				
16003029007	16003029	पुत्र				
16003029008	16003029	उसके				
16003029009	16003029	घर				
16003029010	16003029	के				
16003029011	16003029	साम्हने				
16003029012	16003029	बलवन्त				
16003029013	16003029	हुआ	y			
16003029014	16003029	।		y		
16003029015	16003029	और				
16003029016	16003029	उसके				
16003029017	16003029	बाद	y			
16003029018	16003029	,		y		
16003029019	16003029	शमायाह	y			
16003029020	16003029	,		y		
16003029021	16003029	शकन्याह				
16003029022	16003029	का				
16003029023	16003029	पुत्र	y			
16003029024	16003029	,		y		
16003029025	16003029	पूर्व				
16003029026	16003029	के				
16003029027	16003029	फाटक				
16003029028	16003029	का				
16003029029	16003029	रखवाला	y			
16003029030	16003029	,		y		
16003029031	16003029	बलवन्त				
16003029032	16003029	हुआ	y			
16003029033	16003029	।		y		
16003030001	16003030	उसके				
16003030002	16003030	बाद	y			
16003030003	16003030	,		y		
16003030004	16003030	हनन्याह				
16003030005	16003030	शेलेम्याह				
16003030006	16003030	का				
16003030007	16003030	पुत्र	y			
16003030008	16003030	,		y		
16003030009	16003030	सालाप				
16003030010	16003030	के				
16003030011	16003030	छठे				
16003030012	16003030	पुत्र				
16003030013	16003030	हानून				
16003030014	16003030	के				
16003030015	16003030	साथ	y			
16003030016	16003030	,		y		
16003030017	16003030	दूसरे				
16003030018	16003030	भाग				
16003030019	16003030	को				
16003030020	16003030	दृढ़				
16003030021	16003030	किया	y			
16003030022	16003030	।		y		
16003030023	16003030	उसके				
16003030024	16003030	बाद	y			
16003030025	16003030	,		y		
16003030026	16003030	मशुल्लाम				
16003030027	16003030	बेरेक्याह				
16003030028	16003030	का				
16003030029	16003030	पुत्र				
16003030030	16003030	अपनी				
16003030031	16003030	कोठरी				
16003030032	16003030	के				
16003030033	16003030	साम्हने				
16003030034	16003030	बलवन्त				
16003030035	16003030	हुआ	y			
16003030036	16003030	।		y		
16003031001	16003031	उसके				
16003031002	16003031	बाद	y			
16003031003	16003031	,		y		
16003031004	16003031	मल्किय्याह	y			
16003031005	16003031	,		y		
16003031006	16003031	सुनारों				
16003031007	16003031	का				
16003031008	16003031	एक				
16003031009	16003031	पुत्र	y			
16003031010	16003031	,		y		
16003031011	16003031	नतीनों				
16003031012	16003031	के				
16003031013	16003031	घर				
16003031014	16003031	तक				
16003031015	16003031	बलवन्त				
16003031016	16003031	हुआ				
16003031017	16003031	और				
16003031018	16003031	व्यापारी				
16003031019	16003031	बैठक				
16003031020	16003031	के				
16003031021	16003031	फाटक				
16003031022	16003031	के				
16003031023	16003031	साम्हने	y			
16003031024	16003031	,		y		
16003031025	16003031	यहाँ				
16003031026	16003031	तक				
16003031027	16003031	कि				
16003031028	16003031	कोने				
16003031029	16003031	के				
16003031030	16003031	ऊपरी				
16003031031	16003031	कोठरी				
16003031032	16003031	तक	y			
16003031033	16003031	।		y		
16003031034	16003031	घ				
16003032001	16003032	और				
16003032002	16003032	सुनारों				
16003032003	16003032	और				
16003032004	16003032	व्यापारियों				
16003032005	16003032	कोने				
16003032006	16003032	की				
16003032007	16003032	ऊपरी				
16003032008	16003032	कोठरी				
16003032009	16003032	से				
16003032010	16003032	लेकर				
16003032011	16003032	भेड़				
16003032012	16003032	फाटक				
16003032013	16003032	के				
16003032014	16003032	बीच				
16003032015	16003032	तक				
16003032016	16003032	बलवन्त				
16003032017	16003032	हुए	y			
16003032018	16003032	।		y		
16004001001	16003033	और				
16004001002	16003033	ऐसा				
16004001003	16003033	हुआ				
16004001004	16003033	कि	y			
16004001005	16003033	,		y		
16004001006	16003033	जब				
16004001007	16003033	सम्बल्लत				
16004001008	16003033	ने				
16004001009	16003033	सुना				
16004001010	16003033	कि				
16004001011	16003033	हम				
16004001012	16003033	दीवार				
16004001013	16003033	बना				
16004001014	16003033	रहे				
16004001015	16003033	थे	y			
16004001016	16003033	,		y		
16004001017	16003033	इसने				
16004001018	16003033	उसे				
16004001019	16003033	जला				
16004001020	16003033	दिया	y			
16004001021	16003033	,		y		
16004001022	16003033	और				
16004001023	16003033	वह				
16004001024	16003033	बहुत				
16004001025	16003033	गुस्से				
16004001026	16003033	में				
16004001027	16003033	था	y			
16004001028	16003033	।		y		
16004001029	16003033	और				
16004001030	16003033	उसने				
16004001031	16003033	यहूदियों				
16004001032	16003033	का				
16004001033	16003033	उपहास				
16004001034	16003033	किया	y			
16004001035	16003033	।		y		
16004002001	16003034	और				
16004002002	16003034	वह				
16004002003	16003034	उसके				
16004002004	16003034	भाइयों				
16004002005	16003034	के				
16004002006	16003034	साम्हने				
16004002007	16003034	बोला				
16004002008	16003034	और				
16004002009	16003034	सामरिया				
16004002010	16003034	की				
16004002011	16003034	सेना	y			
16004002012	16003034	,		y		
16004002013	16003034	और				
16004002014	16003034	उसने				
16004002015	16003034	कहा	y			
16004002016	16003034	,		y		
16004002017	16003034	“	y	y		
16004002018	16003034	कमजोर				
16004002019	16003034	यहूदी				
16004002020	16003034	क्या				
16004002021	16003034	कर				
16004002022	16003034	रहे				
16004002023	16003034	हैं	y			
16004002024	16003034	?		y		
16004002025	16003034	क्या				
16004002026	16003034	वे				
16004002027	16003034	अपने				
16004002028	16003034	लिए				
16004002029	16003034	बहाल				
16004002030	16003034	करेंगे	y			
16004002031	16003034	?		y		
16004002032	16003034	क्या				
16004002033	16003034	वे				
16004002034	16003034	बलिदान				
16004002035	16003034	चढ़ाएँगे	y			
16004002036	16003034	?		y		
16004002037	16003034	क्या				
16004002038	16003034	वे				
16004002039	16003034	एक				
16004002040	16003034	दिन				
16004002041	16003034	में				
16004002042	16003034	समाप्त				
16004002043	16003034	करेंगे	y			
16004002044	16003034	?		y		
16004002045	16003034	क्या				
16004002046	16003034	वे				
16004002047	16003034	धूल				
16004002048	16003034	के				
16004002049	16003034	ढेर				
16004002050	16003034	से				
16004002051	16003034	पत्थरों				
16004002052	16003034	को				
16004002053	16003034	जीवन				
16004002054	16003034	को				
16004002055	16003034	लाएँगे	y			
16004002056	16003034	,		y		
16004002057	16003034	वे				
16004002058	16003034	कब				
16004002059	16003034	जल				
16004002060	16003034	गए				
16004002061	16003034	हैं	y			
16004002062	16003034	?	y	y		
16004002063	16003034	”		y		
16004003001	16003035	और				
16004003002	16003035	अम्मोनी				
16004003003	16003035	तोबियाह				
16004003004	16003035	उसको				
16004003005	16003035	पास				
16004003006	16003035	था	y			
16004003007	16003035	।		y		
16004003008	16003035	और				
16004003009	16003035	उसने				
16004003010	16003035	कहा	y			
16004003011	16003035	,		y		
16004003012	16003035	“	y	y		
16004003013	16003035	हाँ	y			
16004003014	16003035	,		y		
16004003015	16003035	यदि				
16004003016	16003035	कोई				
16004003017	16003035	लोमड़ी				
16004003018	16003035	उस				
16004003019	16003035	पर				
16004003020	16003035	चढ़				
16004003021	16003035	जाए				
16004003022	16003035	जो				
16004003023	16003035	वह				
16004003024	16003035	बना				
16004003025	16003035	रहे				
16004003026	16003035	हैं	y			
16004003027	16003035	,		y		
16004003028	16003035	तब				
16004003029	16003035	वह				
16004003030	16003035	उनके				
16004003031	16003035	पत्थरों				
16004003032	16003035	की				
16004003033	16003035	दीवार				
16004003034	16003035	को				
16004003035	16003035	तोड़				
16004003036	16003035	देगी	y			
16004003037	16003035	!	y	y		
16004003038	16003035	”		y		
16004004001	16003036	सुन	y			
16004004002	16003036	,		y		
16004004003	16003036	हमारे				
16004004004	16003036	परमेश्वर	y			
16004004005	16003036	,		y		
16004004006	16003036	कि				
16004004007	16003036	हम				
16004004008	16003036	एक				
16004004009	16003036	अवमानना				
16004004010	16003036	हैं	y			
16004004011	16003036	,		y		
16004004012	16003036	और				
16004004013	16003036	उनके				
16004004014	16003036	तानों				
16004004015	16003036	को				
16004004016	16003036	उनके				
16004004017	16003036	सिर				
16004004018	16003036	पर				
16004004019	16003036	लौटा				
16004004020	16003036	दे	y			
16004004021	16003036	!		y		
16004004022	16003036	और				
16004004023	16003036	उन्हें				
16004004024	16003036	बँधुवाई				
16004004025	16003036	के				
16004004026	16003036	भूमि				
16004004027	16003036	में				
16004004028	16003036	लूटने				
16004004029	16003036	के				
16004004030	16003036	लिए				
16004004031	16003036	दे	y			
16004004032	16003036	।		y		
16004005001	16003037	और				
16004005002	16003037	उनके				
16004005003	16003037	अपराध				
16004005004	16003037	को				
16004005005	16003037	ना				
16004005006	16003037	ढाँप	y			
16004005007	16003037	,		y		
16004005008	16003037	और				
16004005009	16003037	उनके				
16004005010	16003037	पाप				
16004005011	16003037	अपने				
16004005012	16003037	मुँह				
16004005013	16003037	के				
16004005014	16003037	आगे				
16004005015	16003037	से				
16004005016	16003037	न				
16004005017	16003037	मिटा	y			
16004005018	16003037	,		y		
16004005019	16003037	क्योंकि				
16004005020	16003037	उन्होंने				
16004005021	16003037	राजगीरों				
16004005022	16003037	के				
16004005023	16003037	साम्हने				
16004005024	16003037	क्रोध				
16004005025	16003037	भड़काया				
16004005026	16003037	है	y			
16004005027	16003037	।		y		
16004006001	16003038	इसलिए				
16004006002	16003038	हमने				
16004006003	16003038	दीवार				
16004006004	16003038	बनाई	y			
16004006005	16003038	,		y		
16004006006	16003038	और				
16004006007	16003038	सारी				
16004006008	16003038	दीवारें				
16004006009	16003038	उसके				
16004006010	16003038	आधे				
16004006011	16003038	भाग				
16004006012	16003038	तक				
16004006013	16003038	जुड़				
16004006014	16003038	गई				
16004006015	16003038	थीं	y			
16004006016	16003038	।		y		
16004006017	16003038	और				
16004006018	16003038	लोगों				
16004006019	16003038	का				
16004006020	16003038	मन				
16004006021	16003038	काम				
16004006022	16003038	करने				
16004006023	16003038	के				
16004006024	16003038	लिए				
16004006025	16003038	था	y			
16004006026	16003038	।		y		
16004007001	16004001	और				
16004007002	16004001	हुआ				
16004007003	16004001	ये				
16004007004	16004001	कि	y			
16004007005	16004001	,		y		
16004007006	16004001	जब				
16004007007	16004001	सम्बल्लत	y			
16004007008	16004001	,		y		
16004007009	16004001	और				
16004007010	16004001	तोबियाह	y			
16004007011	16004001	,		y		
16004007012	16004001	और				
16004007013	16004001	अरबियों	y			
16004007014	16004001	,		y		
16004007015	16004001	और				
16004007016	16004001	अम्मोनियों	y			
16004007017	16004001	,		y		
16004007018	16004001	और				
16004007019	16004001	अश्दोदियों				
16004007020	16004001	ने				
16004007021	16004001	सुना				
16004007022	16004001	कि				
16004007023	16004001	यरूशलेम				
16004007024	16004001	की				
16004007025	16004001	दीवार				
16004007026	16004001	का				
16004007027	16004001	स्वास्थ्य				
16004007028	16004001	ऊपर				
16004007029	16004001	जा				
16004007030	16004001	रहा				
16004007031	16004001	था				
16004007032	16004001	और				
16004007033	16004001	नाके				
16004007034	16004001	बंद				
16004007035	16004001	होने				
16004007036	16004001	लगे				
16004007037	16004001	थे	y			
16004007038	16004001	,		y		
16004007039	16004001	इसने				
16004007040	16004001	उन्हें				
16004007041	16004001	अत्याधिक				
16004007042	16004001	जला				
16004007043	16004001	दिया	y			
16004007044	16004001	।		y		
16004008001	16004002	और				
16004008002	16004002	उन				
16004008003	16004002	सब				
16004008004	16004002	ने				
16004008005	16004002	मिलकर				
16004008006	16004002	यरूशलेम				
16004008007	16004002	से				
16004008008	16004002	लड़ने				
16004008009	16004002	की				
16004008010	16004002	साजिश				
16004008011	16004002	रची				
16004008012	16004002	और				
16004008013	16004002	इसके				
16004008014	16004002	लिए				
16004008015	16004002	गड़बड़ी				
16004008016	16004002	उत्पन्न				
16004008017	16004002	करना	y			
16004008018	16004002	।		y		
16004009001	16004003	और				
16004009002	16004003	हमने				
16004009003	16004003	अपने				
16004009004	16004003	परमेश्वर				
16004009005	16004003	से				
16004009006	16004003	प्रार्थना				
16004009007	16004003	की	y			
16004009008	16004003	।		y		
16004009009	16004003	और				
16004009010	16004003	हमने				
16004009011	16004003	उनके				
16004009012	16004003	कारण				
16004009013	16004003	एक				
16004009014	16004003	प्रहरी				
16004009015	16004003	बिठाया	y			
16004009016	16004003	,		y		
16004009017	16004003	दिन				
16004009018	16004003	और				
16004009019	16004003	रात				
16004009020	16004003	उनके				
16004009021	16004003	मुँहों				
16004009022	16004003	के				
16004009023	16004003	सामने	y			
16004009024	16004003	।		y		
16004010001	16004004	और				
16004010002	16004004	यहूदा				
16004010003	16004004	ने				
16004010004	16004004	कहा	y			
16004010005	16004004	,		y		
16004010006	16004004	""""	y	y		
16004010007	16004004	बोझ-उठाने				
16004010008	16004004	वालों				
16004010009	16004004	की				
16004010010	16004004	शक्ति				
16004010011	16004004	विफल				
16004010012	16004004	हो				
16004010013	16004004	रही				
16004010014	16004004	है	y			
16004010015	16004004	,		y		
16004010016	16004004	और				
16004010017	16004004	मलबा				
16004010018	16004004	बहुत				
16004010019	16004004	है	y			
16004010020	16004004	।		y		
16004010021	16004004	और				
16004010022	16004004	जहाँ				
16004010023	16004004	तक				
16004010024	16004004	हमारी				
16004010025	16004004	बात				
16004010026	16004004	है	y			
16004010027	16004004	,		y		
16004010028	16004004	हम				
16004010029	16004004	दीवार				
16004010030	16004004	नहीं				
16004010031	16004004	बना				
16004010032	16004004	पा				
16004010033	16004004	रहे				
16004010034	16004004	हैं	y			
16004010035	16004004	।	y	y		
16004010036	16004004	”		y		
16004011001	16004005	और				
16004011002	16004005	हमारे				
16004011003	16004005	विरोधियों				
16004011004	16004005	ने				
16004011005	16004005	कहा	y			
16004011006	16004005	,		y		
16004011007	16004005	""""	y	y		
16004011008	16004005	उन्हें				
16004011009	16004005	पता				
16004011010	16004005	नहीं				
16004011011	16004005	चलेगा	y			
16004011012	16004005	,		y		
16004011013	16004005	और				
16004011014	16004005	जब				
16004011015	16004005	तक				
16004011016	16004005	हम				
16004011017	16004005	उनके				
16004011018	16004005	बीच				
16004011019	16004005	में				
16004011020	16004005	न				
16004011021	16004005	आ				
16004011022	16004005	जाएँ				
16004011023	16004005	तब				
16004011024	16004005	तक				
16004011025	16004005	वे				
16004011026	16004005	नहीं				
16004011027	16004005	देखेंगे				
16004011028	16004005	और				
16004011029	16004005	उन्हें				
16004011030	16004005	मार				
16004011031	16004005	डालें	y			
16004011032	16004005	।		y		
16004011033	16004005	और				
16004011034	16004005	हम				
16004011035	16004005	काम				
16004011036	16004005	को				
16004011037	16004005	रोक				
16004011038	16004005	देंगे	y			
16004011039	16004005	।	y	y		
16004011040	16004005	""""		y		
16004012001	16004006	और				
16004012002	16004006	हुआ				
16004012003	16004006	ये				
16004012004	16004006	कि	y			
16004012005	16004006	,		y		
16004012006	16004006	जब				
16004012007	16004006	उनके				
16004012008	16004006	पास				
16004012009	16004006	रहने				
16004012010	16004006	वाले				
16004012011	16004006	यहूदी				
16004012012	16004006	आए	y			
16004012013	16004006	,		y		
16004012014	16004006	उन्होंने				
16004012015	16004006	हम				
16004012016	16004006	से				
16004012017	16004006	दस				
16004012018	16004006	बार				
16004012019	16004006	कहा	y			
16004012020	16004006	,		y		
16004012021	16004006	“	y	y		
16004012022	16004006	उन				
16004012023	16004006	सभी				
16004012024	16004006	स्थानों				
16004012025	16004006	से				
16004012026	16004006	जहाँ				
16004012027	16004006	तुम				
16004012028	16004006	मुड़ते				
16004012029	16004006	हो	y			
16004012030	16004006	,		y		
16004012031	16004006	वे				
16004012032	16004006	हम				
16004012033	16004006	पर				
16004012034	16004006	हैं	y			
16004012035	16004006	!	y	y		
16004012036	16004006	""""		y		
16004013001	16004007	और				
16004013002	16004007	मैं				
16004013003	16004007	दीवार				
16004013004	16004007	के				
16004013005	16004007	पीछे				
16004013006	16004007	सबसे				
16004013007	16004007	नीचले				
16004013008	16004007	स्थानों				
16004013009	16004007	से				
16004013010	16004007	खड़ा				
16004013011	16004007	हुआ	y			
16004013012	16004007	,		y		
16004013013	16004007	नंगे				
16004013014	16004007	स्थानों				
16004013015	16004007	में	y			
16004013016	16004007	;		y		
16004013017	16004007	और				
16004013018	16004007	मैंने				
16004013019	16004007	लोगों				
16004013020	16004007	को				
16004013021	16004007	उनके				
16004013022	16004007	घरानों				
16004013023	16004007	के				
16004013024	16004007	लिए				
16004013025	16004007	उनकी				
16004013026	16004007	तलवारों				
16004013027	16004007	लिये				
16004013028	16004007	ठहरा				
16004013029	16004007	दिया	y			
16004013030	16004007	,		y		
16004013031	16004007	उनके				
16004013032	16004007	भाले	y			
16004013033	16004007	,		y		
16004013034	16004007	और				
16004013035	16004007	उनके				
16004013036	16004007	धनुष	y			
16004013037	16004007	।		y		
16004014001	16004008	और				
16004014002	16004008	मैंने				
16004014003	16004008	देखा	y			
16004014004	16004008	,		y		
16004014005	16004008	और				
16004014006	16004008	मैं				
16004014007	16004008	उठा	y			
16004014008	16004008	,		y		
16004014009	16004008	और				
16004014010	16004008	मैंने				
16004014011	16004008	कुलीनों				
16004014012	16004008	से				
16004014013	16004008	कहा	y			
16004014014	16004008	,		y		
16004014015	16004008	और				
16004014016	16004008	अधिपतियों				
16004014017	16004008	को	y			
16004014018	16004008	,		y		
16004014019	16004008	और				
16004014020	16004008	शेष				
16004014021	16004008	लोगों				
16004014022	16004008	को	y			
16004014023	16004008	,		y		
16004014024	16004008	“	y	y		
16004014025	16004008	उनके				
16004014026	16004008	मुँहों				
16004014027	16004008	से				
16004014028	16004008	मत				
16004014029	16004008	डरो	y			
16004014030	16004008	।		y		
16004014031	16004008	मेरे				
16004014032	16004008	महान				
16004014033	16004008	को				
16004014034	16004008	स्मरण				
16004014035	16004008	करो				
16004014036	16004008	और				
16004014037	16004008	भययोग्य				
16004014038	16004008	प्रभु	y			
16004014039	16004008	!		y		
16004014040	16004008	और				
16004014041	16004008	अपने				
16004014042	16004008	भाइयों				
16004014043	16004008	के				
16004014044	16004008	लिए				
16004014045	16004008	लड़ो	y			
16004014046	16004008	,		y		
16004014047	16004008	अपने				
16004014048	16004008	पुत्रों				
16004014049	16004008	और				
16004014050	16004008	अपनी				
16004014051	16004008	पुत्रियों	y			
16004014052	16004008	,		y		
16004014053	16004008	तुम्हारी				
16004014054	16004008	पत्नियों				
16004014055	16004008	और				
16004014056	16004008	तुम्हारे				
16004014057	16004008	घरों	y			
16004014058	16004008	।	y	y		
16004014059	16004008	”		y		
16004015001	16004009	और				
16004015002	16004009	हुआ				
16004015003	16004009	ये				
16004015004	16004009	कि	y			
16004015005	16004009	,		y		
16004015006	16004009	जब				
16004015007	16004009	हमारे				
16004015008	16004009	शत्रुओं				
16004015009	16004009	ने				
16004015010	16004009	सुना				
16004015011	16004009	कि				
16004015012	16004009	यह				
16004015013	16004009	हमें				
16004015014	16004009	पता				
16004015015	16004009	था	y			
16004015016	16004009	,		y		
16004015017	16004009	और				
16004015018	16004009	परमेश्वर				
16004015019	16004009	ने				
16004015020	16004009	उनकी				
16004015021	16004009	युक्ति				
16004015022	16004009	को				
16004015023	16004009	निष्फल				
16004015024	16004009	किया				
16004015025	16004009	था	y			
16004015026	16004009	,		y		
16004015027	16004009	हम				
16004015028	16004009	सब				
16004015029	16004009	दीवार				
16004015030	16004009	पर				
16004015031	16004009	लौट				
16004015032	16004009	आए	y			
16004015033	16004009	,		y		
16004015034	16004009	एक				
16004015035	16004009	पुरुष				
16004015036	16004009	अपने				
16004015037	16004009	काम				
16004015038	16004009	के				
16004015039	16004009	लिए	y			
16004015040	16004009	।		y		
16004016001	16004010	और				
16004016002	16004010	हुआ				
16004016003	16004010	ये				
16004016004	16004010	कि	y			
16004016005	16004010	,		y		
16004016006	16004010	उस				
16004016007	16004010	दिन				
16004016008	16004010	से	y			
16004016009	16004010	,		y		
16004016010	16004010	मेरे				
16004016011	16004010	आधे				
16004016012	16004010	जवान				
16004016013	16004010	काम				
16004016014	16004010	कर				
16004016015	16004010	रहे				
16004016016	16004010	थे	y			
16004016017	16004010	,		y		
16004016018	16004010	और				
16004016019	16004010	उनमें				
16004016020	16004010	से				
16004016021	16004010	आधे				
16004016022	16004010	पकड़े				
16004016023	16004010	रहे	y			
16004016024	16004010	,		y		
16004016025	16004010	यहाँ				
16004016026	16004010	तक				
16004016027	16004010	कि				
16004016028	16004010	भाले	y			
16004016029	16004010	,		y		
16004016030	16004010	ढालें	y			
16004016031	16004010	,		y		
16004016032	16004010	और				
16004016033	16004010	धनुष	y			
16004016034	16004010	,		y		
16004016035	16004010	और				
16004016036	16004010	झिलम	y			
16004016037	16004010	।		y		
16004016038	16004010	और				
16004016039	16004010	अधिकारी				
16004016040	16004010	यहूदा				
16004016041	16004010	के				
16004016042	16004010	सारे				
16004016043	16004010	घर				
16004016044	16004010	के				
16004016045	16004010	पीछे				
16004016046	16004010	थे	y			
16004016047	16004010	।		y		
16004017001	16004011	जो				
16004017002	16004011	दीवार				
16004017003	16004011	बना				
16004017004	16004011	रहे				
16004017005	16004011	थे	y			
16004017006	16004011	,		y		
16004017007	16004011	और				
16004017008	16004011	वे				
16004017009	16004011	जो				
16004017010	16004011	बोझ				
16004017011	16004011	ढो				
16004017012	16004011	रहे				
16004017013	16004011	थे	y			
16004017014	16004011	,		y		
16004017015	16004011	ढोनेवाले	y			
16004017016	16004011	,		y		
16004017017	16004011	वे				
16004017018	16004011	उसके				
16004017019	16004011	एक				
16004017020	16004011	हाथ				
16004017021	16004011	से				
16004017022	16004011	काम				
16004017023	16004011	कर				
16004017024	16004011	रहे				
16004017025	16004011	थे				
16004017026	16004011	और				
16004017027	16004011	एक				
16004017028	16004011	में				
16004017029	16004011	हथियार	y			
16004017030	16004011	।		y		
16004018001	16004012	और				
16004018002	16004012	राजगीरों	y			
16004018003	16004012	:		y		
16004018004	16004012	एक				
16004018005	16004012	पुरुष				
16004018006	16004012	ने				
16004018007	16004012	अपनी				
16004018008	16004012	तलवार				
16004018009	16004012	को				
16004018010	16004012	अपनी				
16004018011	16004012	कमर				
16004018012	16004012	में				
16004018013	16004012	बांध				
16004018014	16004012	लिया				
16004018015	16004012	और				
16004018016	16004012	निर्माण				
16004018017	16004012	किया	y			
16004018018	16004012	।		y		
16004018019	16004012	और				
16004018020	16004012	जिस				
16004018021	16004012	ने				
16004018022	16004012	मेढ़े				
16004018023	16004012	का				
16004018024	16004012	सींग				
16004018025	16004012	फूंका				
16004018026	16004012	एक				
16004018027	16004012	मेरे				
16004018028	16004012	पास				
16004018029	16004012	था	y			
16004018030	16004012	।		y		
16004019001	16004013	और				
16004019002	16004013	मैंने				
16004019003	16004013	कुलीनों				
16004019004	16004013	से				
16004019005	16004013	कहा				
16004019006	16004013	और				
16004019007	16004013	अधिपतियों				
16004019008	16004013	को				
16004019009	16004013	और				
16004019010	16004013	शेष				
16004019011	16004013	लोगों				
16004019012	16004013	को	y			
16004019013	16004013	,		y		
16004019014	16004013	""""	y	y		
16004019015	16004013	काम				
16004019016	16004013	बहुत				
16004019017	16004013	बड़ा				
16004019018	16004013	है				
16004019019	16004013	और				
16004019020	16004013	विशाल	y			
16004019021	16004013	,		y		
16004019022	16004013	और				
16004019023	16004013	हम				
16004019024	16004013	दीवार				
16004019025	16004013	पर				
16004019026	16004013	अलग				
16004019027	16004013	हो				
16004019028	16004013	गए				
16004019029	16004013	हैं	y			
16004019030	16004013	,		y		
16004019031	16004013	एक				
16004019032	16004013	पुरुष				
16004019033	16004013	अपने				
16004019034	16004013	भाई				
16004019035	16004013	से				
16004019036	16004013	दूर	y			
16004019037	16004013	।		y		
16004020001	16004014	जिस				
16004020002	16004014	स्थान				
16004020003	16004014	पर				
16004020004	16004014	तुम				
16004020005	16004014	मेढ़े				
16004020006	16004014	के				
16004020007	16004014	सींग				
16004020008	16004014	की				
16004020009	16004014	ध्वनि				
16004020010	16004014	सुनते				
16004020011	16004014	हो	y			
16004020012	16004014	,		y		
16004020013	16004014	तुम				
16004020014	16004014	हमारे				
16004020015	16004014	पास				
16004020016	16004014	वहाँ				
16004020017	16004014	इकट्ठा				
16004020018	16004014	होओगे	y			
16004020019	16004014	।		y		
16004020020	16004014	हमारा				
16004020021	16004014	परमेश्वर				
16004020022	16004014	हमारे				
16004020023	16004014	लिए				
16004020024	16004014	लड़ेगा	y			
16004020025	16004014	।	y	y		
16004020026	16004014	”		y		
16004021001	16004015	इसलिए				
16004021002	16004015	हम				
16004021003	16004015	काम				
16004021004	16004015	कर				
16004021005	16004015	रहे				
16004021006	16004015	थे	y			
16004021007	16004015	।		y		
16004021008	16004015	और				
16004021009	16004015	उनमें				
16004021010	16004015	से				
16004021011	16004015	आधे				
16004021012	16004015	भोर				
16004021013	16004015	के				
16004021014	16004015	उदय				
16004021015	16004015	से				
16004021016	16004015	होने				
16004021017	16004015	से				
16004021018	16004015	लेकर				
16004021019	16004015	तारों				
16004021020	16004015	के				
16004021021	16004015	निकलने				
16004021022	16004015	तक				
16004021023	16004015	भाले				
16004021024	16004015	पकडे				
16004021025	16004015	रहे	y			
16004021026	16004015	।		y		
16004022001	16004016	साथ				
16004022002	16004016	ही	y			
16004022003	16004016	,		y		
16004022004	16004016	उस				
16004022005	16004016	समय				
16004022006	16004016	मैंने				
16004022007	16004016	लोगों				
16004022008	16004016	से				
16004022009	16004016	कहा	y			
16004022010	16004016	,		y		
16004022011	16004016	""""	y	y		
16004022012	16004016	एक				
16004022013	16004016	पुरुष				
16004022014	16004016	और				
16004022015	16004016	उसका				
16004022016	16004016	जवान				
16004022017	16004016	पुरुष				
16004022018	16004016	यरूशलेम				
16004022019	16004016	के				
16004022020	16004016	बीच				
16004022021	16004016	में				
16004022022	16004016	रात				
16004022023	16004016	बिताए	y			
16004022024	16004016	,		y		
16004022025	16004016	और				
16004022026	16004016	वे				
16004022027	16004016	रात				
16004022028	16004016	को				
16004022029	16004016	हमारे				
16004022030	16004016	लिए				
16004022031	16004016	पहरेदार				
16004022032	16004016	और				
16004022033	16004016	दिन				
16004022034	16004016	को				
16004022035	16004016	सेवक				
16004022036	16004016	ठहरेंगे	y			
16004022037	16004016	।	y	y		
16004022038	16004016	”		y		
16004023001	16004017	और				
16004023002	16004017	न				
16004023003	16004017	ही				
16004023004	16004017	मैं	y			
16004023005	16004017	,		y		
16004023006	16004017	न				
16004023007	16004017	ही				
16004023008	16004017	मेरे				
16004023009	16004017	भाइयों	y			
16004023010	16004017	,		y		
16004023011	16004017	न				
16004023012	16004017	ही				
16004023013	16004017	मेरे				
16004023014	16004017	जवान				
16004023015	16004017	पुरुषों	y			
16004023016	16004017	,		y		
16004023017	16004017	न				
16004023018	16004017	ही				
16004023019	16004017	पहरेदार				
16004023020	16004017	जो				
16004023021	16004017	मेरे				
16004023022	16004017	पीछे				
16004023023	16004017	थे	y			
16004023024	16004017	,		y		
16004023025	16004017	हम				
16004023026	16004017	में				
16004023027	16004017	से				
16004023028	16004017	किसी				
16004023029	16004017	ने				
16004023030	16004017	अपने				
16004023031	16004017	कपड़े				
16004023032	16004017	नहीं				
16004023033	16004017	उतारे	y			
16004023034	16004017	,		y		
16004023035	16004017	या				
16004023036	16004017	पानी				
16004023037	16004017	पर				
16004023038	16004017	एक				
16004023039	16004017	पुरुष				
16004023040	16004017	ने				
16004023041	16004017	अपना				
16004023042	16004017	हथियार	y			
16004023043	16004017	।		y		
16005001001	16005001	और				
16005001002	16005001	लोगों				
16005001003	16005001	में				
16005001004	16005001	और				
16005001005	16005001	उनकी				
16005001006	16005001	स्त्रियों				
16005001007	16005001	की				
16005001008	16005001	ओर				
16005001009	16005001	से				
16005001010	16005001	उनके				
16005001011	16005001	भाई				
16005001012	16005001	यहूदियों				
16005001013	16005001	के				
16005001014	16005001	विरुद्ध				
16005001015	16005001	भारी				
16005001016	16005001	आक्रोश				
16005001017	16005001	था				
16005001018	16005001	।		y		
16005002001	16005002	और				
16005002002	16005002	वहाँ				
16005002003	16005002	वे				
16005002004	16005002	थे				
16005002005	16005002	जिन्होंने				
16005002006	16005002	कहा	y			
16005002007	16005002	,		y		
16005002008	16005002	""""	y	y		
16005002009	16005002	हमारे				
16005002010	16005002	पुत्र				
16005002011	16005002	और				
16005002012	16005002	हमारी				
16005002013	16005002	पुत्रियाँ	y			
16005002014	16005002	,		y		
16005002015	16005002	हम				
16005002016	16005002	बहुत				
16005002017	16005002	हैं	y			
16005002018	16005002	।		y		
16005002019	16005002	और				
16005002020	16005002	हम				
16005002021	16005002	अनाज				
16005002022	16005002	लें	y			
16005002023	16005002	,		y		
16005002024	16005002	ताकि				
16005002025	16005002	हम				
16005002026	16005002	खा				
16005002027	16005002	सकें	y			
16005002028	16005002	,		y		
16005002029	16005002	और				
16005002030	16005002	हम				
16005002031	16005002	जी				
16005002032	16005002	सकते				
16005002033	16005002	हैं	y			
16005002034	16005002	।	y	y		
16005002035	16005002	""""		y		
16005003001	16005003	और				
16005003002	16005003	वहाँ				
16005003003	16005003	वे				
16005003004	16005003	थे				
16005003005	16005003	जिन्होंने				
16005003006	16005003	कहा	y			
16005003007	16005003	,		y		
16005003008	16005003	“	y	y		
16005003009	16005003	हम				
16005003010	16005003	अपने				
16005003011	16005003	खेतों				
16005003012	16005003	को				
16005003013	16005003	गिरवी				
16005003014	16005003	रख				
16005003015	16005003	रहे				
16005003016	16005003	हैं				
16005003017	16005003	और				
16005003018	16005003	हमारे				
16005003019	16005003	दाख				
16005003020	16005003	की				
16005003021	16005003	बारियाँ				
16005003022	16005003	और				
16005003023	16005003	हमारे				
16005003024	16005003	घरों				
16005003025	16005003	को				
16005003026	16005003	कि				
16005003027	16005003	हम				
16005003028	16005003	अकाल				
16005003029	16005003	के				
16005003030	16005003	समय				
16005003031	16005003	अन्न				
16005003032	16005003	प्राप्त				
16005003033	16005003	करें	y			
16005003034	16005003	।	y	y		
16005003035	16005003	”		y		
16005004001	16005004	और				
16005004002	16005004	वहाँ				
16005004003	16005004	वे				
16005004004	16005004	थे				
16005004005	16005004	जिन्होंने				
16005004006	16005004	कहा	y			
16005004007	16005004	,		y		
16005004008	16005004	“	y	y		
16005004009	16005004	हमने				
16005004010	16005004	अपने				
16005004011	16005004	खेतों				
16005004012	16005004	पर				
16005004013	16005004	राजा				
16005004014	16005004	को				
16005004015	16005004	कर				
16005004016	16005004	देने				
16005004017	16005004	के				
16005004018	16005004	लिए				
16005004019	16005004	चाँदी				
16005004020	16005004	उधार				
16005004021	16005004	ली				
16005004022	16005004	है				
16005004023	16005004	और				
16005004024	16005004	हमारी				
16005004025	16005004	दाख				
16005004026	16005004	की				
16005004027	16005004	बारियाँ	y			
16005004028	16005004	।		y		
16005005001	16005005	और				
16005005002	16005005	अब	y			
16005005003	16005005	,		y		
16005005004	16005005	हमारा				
16005005005	16005005	माँस				
16005005006	16005005	हमारे				
16005005007	16005005	भाइयों				
16005005008	16005005	के				
16005005009	16005005	माँस				
16005005010	16005005	के				
16005005011	16005005	समान				
16005005012	16005005	है	y			
16005005013	16005005	,		y		
16005005014	16005005	हमारे				
16005005015	16005005	पुत्र				
16005005016	16005005	उनके				
16005005017	16005005	पुत्रों				
16005005018	16005005	के				
16005005019	16005005	समान				
16005005020	16005005	हैं	y			
16005005021	16005005	।		y		
16005005022	16005005	और				
16005005023	16005005	देखो	y			
16005005024	16005005	,		y		
16005005025	16005005	हम				
16005005026	16005005	अपने				
16005005027	16005005	पुत्रों				
16005005028	16005005	को				
16005005029	16005005	डाल				
16005005030	16005005	रहे				
16005005031	16005005	हैं				
16005005032	16005005	और				
16005005033	16005005	हमारी				
16005005034	16005005	पुत्रियों				
16005005035	16005005	को				
16005005036	16005005	दासियों				
16005005037	16005005	की				
16005005038	16005005	तरह				
16005005039	16005005	बन्धन				
16005005040	16005005	में	y			
16005005041	16005005	।		y		
16005005042	16005005	वहाँ				
16005005043	16005005	पर				
16005005044	16005005	यहाँ				
16005005045	16005005	तक				
16005005046	16005005	हमारी				
16005005047	16005005	पुत्रियों				
16005005048	16005005	हैं				
16005005049	16005005	जो				
16005005050	16005005	बंधन				
16005005051	16005005	में				
16005005052	16005005	बंधी				
16005005053	16005005	हैं	y			
16005005054	16005005	,		y		
16005005055	16005005	और				
16005005056	16005005	हमारे				
16005005057	16005005	हाथ				
16005005058	16005005	में				
16005005059	16005005	परमेश्वर				
16005005060	16005005	के				
16005005061	16005005	लिए				
16005005062	16005005	कुछ				
16005005063	16005005	भी				
16005005064	16005005	नहीं				
16005005065	16005005	है	y			
16005005066	16005005	,		y		
16005005067	16005005	क्योंकि				
16005005068	16005005	हमारे				
16005005069	16005005	खेत				
16005005070	16005005	और				
16005005071	16005005	हमारी				
16005005072	16005005	दाख				
16005005073	16005005	की				
16005005074	16005005	बारी				
16005005075	16005005	औरों				
16005005076	16005005	की				
16005005077	16005005	है	y			
16005005078	16005005	।	y	y		
16005005079	16005005	”		y		
16005006001	16005006	और				
16005006002	16005006	जब				
16005006003	16005006	मैंने				
16005006004	16005006	उनकी				
16005006005	16005006	चिल्लाहट				
16005006006	16005006	और				
16005006007	16005006	ये				
16005006008	16005006	शब्द				
16005006009	16005006	सुने	y			
16005006010	16005006	,		y		
16005006011	16005006	इसने				
16005006012	16005006	मुझे				
16005006013	16005006	अत्याधिक				
16005006014	16005006	जला				
16005006015	16005006	दिया				
16005006016	16005006	।		y		
16005007001	16005007	और				
16005007002	16005007	मेरे				
16005007003	16005007	मन				
16005007004	16005007	ने				
16005007005	16005007	मुझ				
16005007006	16005007	पर				
16005007007	16005007	राज				
16005007008	16005007	किया	y			
16005007009	16005007	,		y		
16005007010	16005007	और				
16005007011	16005007	मैंने				
16005007012	16005007	कुलीनों				
16005007013	16005007	के				
16005007014	16005007	साथ				
16005007015	16005007	झगड़ा				
16005007016	16005007	किया				
16005007017	16005007	और				
16005007018	16005007	अधिपतियों				
16005007019	16005007	के				
16005007020	16005007	साथ	y			
16005007021	16005007	।		y		
16005007022	16005007	और				
16005007023	16005007	मैंने				
16005007024	16005007	उनसे				
16005007025	16005007	कहा	y			
16005007026	16005007	,		y		
16005007027	16005007	""""	y	y		
16005007028	16005007	तुम				
16005007029	16005007	ब्याज				
16005007030	16005007	पर				
16005007031	16005007	उधार				
16005007032	16005007	दे				
16005007033	16005007	रहे				
16005007034	16005007	हैं	y			
16005007035	16005007	,		y		
16005007036	16005007	एक				
16005007037	16005007	पुरुष				
16005007038	16005007	अपने				
16005007039	16005007	भाई				
16005007040	16005007	के				
16005007041	16005007	विरुद्ध	y			
16005007042	16005007	!	y	y		
16005007043	16005007	”		y		
16005007044	16005007	और				
16005007045	16005007	मैंने				
16005007046	16005007	उनके				
16005007047	16005007	विरुद्ध				
16005007048	16005007	एक				
16005007049	16005007	बड़ी				
16005007050	16005007	सभा				
16005007051	16005007	खड़ी				
16005007052	16005007	की	y			
16005007053	16005007	।		y		
16005008001	16005008	और				
16005008002	16005008	मैंने				
16005008003	16005008	उनसे				
16005008004	16005008	कहा	y			
16005008005	16005008	,		y		
16005008006	16005008	""""	y	y		
16005008007	16005008	हमने				
16005008008	16005008	आप	y			
16005008009	16005008	,		y		
16005008010	16005008	हमारी				
16005008011	16005008	क्षमता				
16005008012	16005008	के				
16005008013	16005008	अनुसार	y			
16005008014	16005008	,		y		
16005008015	16005008	अपने				
16005008016	16005008	भाइयों				
16005008017	16005008	को				
16005008018	16005008	वापस				
16005008019	16005008	खरीद				
16005008020	16005008	लिया				
16005008021	16005008	है	y			
16005008022	16005008	,		y		
16005008023	16005008	यहूदी	y			
16005008024	16005008	,		y		
16005008025	16005008	लोग				
16005008026	16005008	जो				
16005008027	16005008	राष्ट्रों				
16005008028	16005008	को				
16005008029	16005008	बेच				
16005008030	16005008	दिए				
16005008031	16005008	गए				
16005008032	16005008	थे	y			
16005008033	16005008	।		y		
16005008034	16005008	परन्तु				
16005008035	16005008	तुम				
16005008036	16005008	भी				
16005008037	16005008	तुम्हारे				
16005008038	16005008	भाइयों				
16005008039	16005008	को				
16005008040	16005008	बेच				
16005008041	16005008	रहे				
16005008042	16005008	हो	y			
16005008043	16005008	,		y		
16005008044	16005008	और				
16005008045	16005008	वे				
16005008046	16005008	हमारे				
16005008047	16005008	द्वारा				
16005008048	16005008	वापस				
16005008049	16005008	मोल				
16005008050	16005008	लिए				
16005008051	16005008	जा				
16005008052	16005008	रहे				
16005008053	16005008	हैं	y			
16005008054	16005008	!	y	y		
16005008055	16005008	”		y		
16005008056	16005008	तब				
16005008057	16005008	वे				
16005008058	16005008	चुप				
16005008059	16005008	थे	y			
16005008060	16005008	,		y		
16005008061	16005008	और				
16005008062	16005008	उन्हें				
16005008063	16005008	एक				
16005008064	16005008	शब्द				
16005008065	16005008	नहीं				
16005008066	16005008	मिला	y			
16005008067	16005008	।		y		
16005009001	16005009	और				
16005009002	16005009	मैंने				
16005009003	16005009	कहा	y			
16005009004	16005009	,		y		
16005009005	16005009	""""	y	y		
16005009006	16005009	यह				
16005009007	16005009	काम				
16005009008	16005009	जो				
16005009009	16005009	तुम				
16005009010	16005009	कर				
16005009011	16005009	रहे				
16005009012	16005009	हैं				
16005009013	16005009	वह				
16005009014	16005009	अच्छा				
16005009015	16005009	नहीं				
16005009016	16005009	है	y			
16005009017	16005009	।		y		
16005009018	16005009	क्या				
16005009019	16005009	तुम्हें				
16005009020	16005009	हमारे				
16005009021	16005009	परमेश्वर				
16005009022	16005009	का				
16005009023	16005009	भय				
16005009024	16005009	मानकर				
16005009025	16005009	नहीं				
16005009026	16005009	चलना				
16005009027	16005009	चाहिए	y			
16005009028	16005009	,		y		
16005009029	16005009	क्योंकि				
16005009030	16005009	राष्ट्रों				
16005009031	16005009	की				
16005009032	16005009	नामधराई				
16005009033	16005009	के				
16005009034	16005009	कारण	y			
16005009035	16005009	,		y		
16005009036	16005009	हमारे				
16005009037	16005009	शत्रुओं	y			
16005009038	16005009	?		y		
16005010001	16005010	साथ				
16005010002	16005010	ही	y			
16005010003	16005010	,		y		
16005010004	16005010	यहाँ				
16005010005	16005010	तक				
16005010006	16005010	कि				
16005010007	16005010	मैं	y			
16005010008	16005010	,		y		
16005010009	16005010	मेरे				
16005010010	16005010	भाइयों	y			
16005010011	16005010	,		y		
16005010012	16005010	और				
16005010013	16005010	मेरे				
16005010014	16005010	जवान				
16005010015	16005010	पुरुष				
16005010016	16005010	उनके				
16005010017	16005010	विरुद्ध				
16005010018	16005010	चाँदी				
16005010019	16005010	और				
16005010020	16005010	अनाज				
16005010021	16005010	उधार				
16005010022	16005010	दे				
16005010023	16005010	रहे				
16005010024	16005010	हैं				
16005010025	16005010	।		y		
16005010026	16005010	कृपया	y			
16005010027	16005010	,		y		
16005010028	16005010	आओ				
16005010029	16005010	हम				
16005010030	16005010	इस				
16005010031	16005010	ब्याज				
16005010032	16005010	को				
16005010033	16005010	छोड़				
16005010034	16005010	दें	y			
16005010035	16005010	!		y		
16005011001	16005011	कृपया	y			
16005011002	16005011	,		y		
16005011003	16005011	आज				
16005011004	16005011	भी	y			
16005011005	16005011	,		y		
16005011006	16005011	उन्हें				
16005011007	16005011	उनके				
16005011008	16005011	खेत				
16005011009	16005011	लौटा				
16005011010	16005011	दो	y			
16005011011	16005011	,		y		
16005011012	16005011	उनकी				
16005011013	16005011	दाख				
16005011014	16005011	की				
16005011015	16005011	बारियाँ	y			
16005011016	16005011	,		y		
16005011017	16005011	उनके				
16005011018	16005011	जैतून				
16005011019	16005011	के				
16005011020	16005011	बाग	y			
16005011021	16005011	,		y		
16005011022	16005011	और				
16005011023	16005011	उनके				
16005011024	16005011	घर	y			
16005011025	16005011	,		y		
16005011026	16005011	और				
16005011027	16005011	एक				
16005011028	16005011	सौ				
16005011029	16005011	चाँदी				
16005011030	16005011	और				
16005011031	16005011	अनाज	y			
16005011032	16005011	,		y		
16005011033	16005011	नई				
16005011034	16005011	दाखमधु	y			
16005011035	16005011	,		y		
16005011036	16005011	और				
16005011037	16005011	तेल				
16005011038	16005011	जिसे				
16005011039	16005011	तुम				
16005011040	16005011	उनके				
16005011041	16005011	विरुद्ध				
16005011042	16005011	उधार				
16005011043	16005011	दे				
16005011044	16005011	रहे				
16005011045	16005011	हो	y			
16005011046	16005011	।	y	y		
16005011047	16005011	”		y		
16005012001	16005012	और				
16005012002	16005012	उन्होंने				
16005012003	16005012	कहा	y			
16005012004	16005012	,		y		
16005012005	16005012	""""	y	y		
16005012006	16005012	हम				
16005012007	16005012	वापस				
16005012008	16005012	लौटेंगे	y			
16005012009	16005012	,		y		
16005012010	16005012	और				
16005012011	16005012	हम				
16005012012	16005012	उन				
16005012013	16005012	से				
16005012014	16005012	कुछ				
16005012015	16005012	न				
16005012016	16005012	मांगेंगे	y			
16005012017	16005012	।		y		
16005012018	16005012	इस				
16005012019	16005012	प्रकार				
16005012020	16005012	हम				
16005012021	16005012	तेरे				
16005012022	16005012	कहे				
16005012023	16005012	अनुसार				
16005012024	16005012	करेंगे	y			
16005012025	16005012	।	y	y		
16005012026	16005012	”		y		
16005012027	16005012	और				
16005012028	16005012	मैंने				
16005012029	16005012	याजकों				
16005012030	16005012	को				
16005012031	16005012	बुलाया	y			
16005012032	16005012	,		y		
16005012033	16005012	और				
16005012034	16005012	मैंने				
16005012035	16005012	उन्हें				
16005012036	16005012	इस				
16005012037	16005012	शब्द				
16005012038	16005012	के				
16005012039	16005012	अनुसार				
16005012040	16005012	करने				
16005012041	16005012	की				
16005012042	16005012	शपथ				
16005012043	16005012	दिलाई	y			
16005012044	16005012	।		y		
16005013001	16005013	साथ				
16005013002	16005013	ही	y			
16005013003	16005013	,		y		
16005013004	16005013	मैंने				
16005013005	16005013	अपनी				
16005013006	16005013	गोद				
16005013007	16005013	को				
16005013008	16005013	झाड़ा	y			
16005013009	16005013	,		y		
16005013010	16005013	और				
16005013011	16005013	मैंने				
16005013012	16005013	कहा	y			
16005013013	16005013	,		y		
16005013014	16005013	“	y	y		
16005013015	16005013	इस				
16005013016	16005013	प्रकार				
16005013017	16005013	परमेश्वर				
16005013018	16005013	उसे				
16005013019	16005013	घर				
16005013020	16005013	से				
16005013021	16005013	झाड़े				
16005013022	16005013	और				
16005013023	16005013	उसकी				
16005013024	16005013	मजदूरी				
16005013025	16005013	से				
16005013026	16005013	हर				
16005013027	16005013	पुरुष				
16005013028	16005013	जो				
16005013029	16005013	इस				
16005013030	16005013	शब्द				
16005013031	16005013	को				
16005013032	16005013	टिकने				
16005013033	16005013	नहीं				
16005013034	16005013	देता	y			
16005013035	16005013	।		y		
16005013036	16005013	और				
16005013037	16005013	इस				
16005013038	16005013	प्रकार				
16005013039	16005013	उसा				
16005013040	16005013	झाड़ा				
16005013041	16005013	जाए				
16005013042	16005013	और				
16005013043	16005013	खाली				
16005013044	16005013	किया				
16005013045	16005013	जाए	y			
16005013046	16005013	।	y	y		
16005013047	16005013	""""		y		
16005013048	16005013	और				
16005013049	16005013	सारी				
16005013050	16005013	सभा				
16005013051	16005013	ने				
16005013052	16005013	कहा	y			
16005013053	16005013	,		y		
16005013054	16005013	""""	y	y		
16005013055	16005013	आमीन	y			
16005013056	16005013	!	y	y		
16005013057	16005013	""""	y	y		
16005013058	16005013	और				
16005013059	16005013	उन्होंने				
16005013060	16005013	यहोवा				
16005013061	16005013	की				
16005013062	16005013	स्तुति				
16005013063	16005013	की	y			
16005013064	16005013	,		y		
16005013065	16005013	और				
16005013066	16005013	लोगों				
16005013067	16005013	ने				
16005013068	16005013	इस				
16005013069	16005013	शब्द				
16005013070	16005013	के				
16005013071	16005013	अनुसार				
16005013072	16005013	किया	y			
16005013073	16005013	।		y		
16005014001	16005014	साथ				
16005014002	16005014	ही	y			
16005014003	16005014	,		y		
16005014004	16005014	उस				
16005014005	16005014	दिन				
16005014006	16005014	से				
16005014007	16005014	जिसमें				
16005014008	16005014	उसने				
16005014009	16005014	मुझे				
16005014010	16005014	यहूदा				
16005014011	16005014	प्रदेश				
16005014012	16005014	में				
16005014013	16005014	उनका				
16005014014	16005014	राज्यपाल				
16005014015	16005014	होने				
16005014016	16005014	के				
16005014017	16005014	लिये				
16005014018	16005014	नियुक्‍त				
16005014019	16005014	किया				
16005014020	16005014	था	y			
16005014021	16005014	,		y		
16005014022	16005014	वर्ष				
16005014023	16005014	20				
16005014024	16005014	से				
16005014025	16005014	यहाँ				
16005014026	16005014	तक				
16005014027	16005014	राजा				
16005014028	16005014	अर्तक्षत्र				
16005014029	16005014	के				
16005014030	16005014	वर्ष				
16005014031	16005014	32				
16005014032	16005014	तक	y			
16005014033	16005014	,		y		
16005014034	16005014	बारह				
16005014035	16005014	वर्ष	y			
16005014036	16005014	,		y		
16005014037	16005014	मैंने				
16005014038	16005014	स्वयं				
16005014039	16005014	राज्यपाल				
16005014040	16005014	की				
16005014041	16005014	रोटी				
16005014042	16005014	नहीं				
16005014043	16005014	खाई	y			
16005014044	16005014	,		y		
16005014045	16005014	न				
16005014046	16005014	ही				
16005014047	16005014	मेरे				
16005014048	16005014	भाइयों				
16005014049	16005014	ने	y			
16005014050	16005014	।		y		
16005015001	16005015	पर				
16005015002	16005015	भूतपूर्व				
16005015003	16005015	राज्यपाल				
16005015004	16005015	जो				
16005015005	16005015	मेरे				
16005015006	16005015	मुँह				
16005015007	16005015	के				
16005015008	16005015	साम्हने				
16005015009	16005015	लोगों				
16005015010	16005015	पर				
16005015011	16005015	भार				
16005015012	16005015	डालते				
16005015013	16005015	थे	y			
16005015014	16005015	,		y		
16005015015	16005015	और				
16005015016	16005015	उन्होंने				
16005015017	16005015	उनसे				
16005015018	16005015	रोटी				
16005015019	16005015	ली				
16005015020	16005015	और				
16005015021	16005015	दाखमधु	y			
16005015022	16005015	,		y		
16005015023	16005015	चाँदी				
16005015024	16005015	के				
16005015025	16005015	चालीस				
16005015026	16005015	शेकेल				
16005015027	16005015	के				
16005015028	16005015	बाद	y			
16005015029	16005015	।		y		
16005015030	16005015	साथ				
16005015031	16005015	ही	y			
16005015032	16005015	,		y		
16005015033	16005015	उनके				
16005015034	16005015	जवानों				
16005015035	16005015	ने				
16005015036	16005015	भी				
16005015037	16005015	लोगों				
16005015038	16005015	पर				
16005015039	16005015	प्रबलता				
16005015040	16005015	से				
16005015041	16005015	व्यवहार				
16005015042	16005015	किया				
16005015043	16005015	था	y			
16005015044	16005015	।		y		
16005015045	16005015	पर				
16005015046	16005015	मैंने				
16005015047	16005015	आप				
16005015048	16005015	ऐसा				
16005015049	16005015	नहीं				
16005015050	16005015	किया	y			
16005015051	16005015	,		y		
16005015052	16005015	परमेश्वर				
16005015053	16005015	के				
16005015054	16005015	मुँह				
16005015055	16005015	के				
16005015056	16005015	भय				
16005015057	16005015	के				
16005015058	16005015	सामने				
16005015059	16005015	से	y			
16005015060	16005015	।		y		
16005016001	16005016	हाँ	y			
16005016002	16005016	,		y		
16005016003	16005016	मैंने				
16005016004	16005016	भी				
16005016005	16005016	दीवार				
16005016006	16005016	के				
16005016007	16005016	इस				
16005016008	16005016	काम				
16005016009	16005016	में				
16005016010	16005016	उपवास				
16005016011	16005016	रखा	y			
16005016012	16005016	,		y		
16005016013	16005016	और				
16005016014	16005016	हमने				
16005016015	16005016	कोई				
16005016016	16005016	खेत				
16005016017	16005016	नहीं				
16005016018	16005016	खरीदा	y			
16005016019	16005016	।		y		
16005016020	16005016	और				
16005016021	16005016	मेरे				
16005016022	16005016	सब				
16005016023	16005016	जवान				
16005016024	16005016	वहाँ				
16005016025	16005016	काम				
16005016026	16005016	करने				
16005016027	16005016	के				
16005016028	16005016	लिए				
16005016029	16005016	इकट्ठे				
16005016030	16005016	हुए	y			
16005016031	16005016	।		y		
16005017001	16005017	अब				
16005017002	16005017	यहूदी				
16005017003	16005017	और				
16005017004	16005017	अधिपति				
16005017005	16005017	मेरी				
16005017006	16005017	मेज				
16005017007	16005017	पर				
16005017008	16005017	150				
16005017009	16005017	पुरुष				
16005017010	16005017	थे	y			
16005017011	16005017	,		y		
16005017012	16005017	राष्टों				
16005017013	16005017	से				
16005017014	16005017	हमारे				
16005017015	16005017	चारों				
16005017016	16005017	ओर				
16005017017	16005017	हमारे				
16005017018	16005017	पास				
16005017019	16005017	आनेवालों				
16005017020	16005017	के				
16005017021	16005017	साथ				
16005017022	16005017	जो				
16005017023	16005017	हमारे				
16005017024	16005017	आसपास				
16005017025	16005017	थे	y			
16005017026	16005017	।		y		
16005018001	16005018	और				
16005018002	16005018	जो				
16005018003	16005018	एक				
16005018004	16005018	दिन				
16005018005	16005018	के				
16005018006	16005018	लिए				
16005018007	16005018	बनाया				
16005018008	16005018	गया				
16005018009	16005018	वह				
16005018010	16005018	एक				
16005018011	16005018	बैल	y			
16005018012	16005018	,		y		
16005018013	16005018	छह				
16005018014	16005018	पसंद				
16005018015	16005018	भेड़	y			
16005018016	16005018	,		y		
16005018017	16005018	और				
16005018018	16005018	पक्षी				
16005018019	16005018	मेरे				
16005018020	16005018	लिए				
16005018021	16005018	बनाए				
16005018022	16005018	गए				
16005018023	16005018	थे	y			
16005018024	16005018	,		y		
16005018025	16005018	और				
16005018026	16005018	दस				
16005018027	16005018	दिन				
16005018028	16005018	के				
16005018029	16005018	बीच				
16005018030	16005018	बहुतायत				
16005018031	16005018	में				
16005018032	16005018	सब				
16005018033	16005018	प्रकार				
16005018034	16005018	का				
16005018035	16005018	दाखमधु	y			
16005018036	16005018	।		y		
16005018037	16005018	इसलिए				
16005018038	16005018	इसके				
16005018039	16005018	साथ				
16005018040	16005018	मैंने				
16005018041	16005018	राज्यपाल				
16005018042	16005018	की				
16005018043	16005018	रोटी				
16005018044	16005018	नहीं				
16005018045	16005018	मांगी	y			
16005018046	16005018	,		y		
16005018047	16005018	क्योंकि				
16005018048	16005018	इन				
16005018049	16005018	लोगों				
16005018050	16005018	पर				
16005018051	16005018	बंधन				
16005018052	16005018	भारी				
16005018053	16005018	था	y			
16005018054	16005018	।		y		
16005019001	16005019	मुझे				
16005019002	16005019	स्मरण				
16005019003	16005019	रख	y			
16005019004	16005019	,		y		
16005019005	16005019	मेरे				
16005019006	16005019	परमेश्वर	y			
16005019007	16005019	,		y		
16005019008	16005019	अच्छे				
16005019009	16005019	के				
16005019010	16005019	लिए	y			
16005019011	16005019	,		y		
16005019012	16005019	जो				
16005019013	16005019	कुछ				
16005019014	16005019	मैंने				
16005019015	16005019	इस				
16005019016	16005019	लोगों				
16005019017	16005019	के				
16005019018	16005019	लिए				
16005019019	16005019	किया				
16005019020	16005019	है	y			
16005019021	16005019	।		y		
16006001001	16006001	और				
16006001002	16006001	यह				
16006001003	16006001	हुआ				
16006001004	16006001	कि	y			
16006001005	16006001	,		y		
16006001006	16006001	जब				
16006001007	16006001	सम्बल्लत				
16006001008	16006001	और				
16006001009	16006001	तोबियाह				
16006001010	16006001	द्वारा				
16006001011	16006001	यह				
16006001012	16006001	सुना				
16006001013	16006001	गया	y			
16006001014	16006001	,		y		
16006001015	16006001	और				
16006001016	16006001	अरबी				
16006001017	16006001	गेशेम				
16006001018	16006001	द्वारा	y			
16006001019	16006001	,		y		
16006001020	16006001	और				
16006001021	16006001	हमारे				
16006001022	16006001	शेष				
16006001023	16006001	शत्रुओं				
16006001024	16006001	द्वारा	y			
16006001025	16006001	,		y		
16006001026	16006001	कि				
16006001027	16006001	मैंने				
16006001028	16006001	दीवार				
16006001029	16006001	बनाई				
16006001030	16006001	थी				
16006001031	16006001	और				
16006001032	16006001	उसमें				
16006001033	16006001	कोई				
16006001034	16006001	दरार				
16006001035	16006001	बाकी				
16006001036	16006001	नहीं				
16006001037	16006001	बची				
16006001038	16006001	थी				
16006001039	16006001	(	y	y		
16006001040	16006001	यद्यपि				
16006001041	16006001	उस				
16006001042	16006001	समय				
16006001043	16006001	तक				
16006001044	16006001	मैंने				
16006001045	16006001	फाटकों				
16006001046	16006001	में				
16006001047	16006001	दरवाजों				
16006001048	16006001	को				
16006001049	16006001	नहीं				
16006001050	16006001	बनाया				
16006001051	16006001	था	y			
16006001052	16006001	)	y	y		
16006001053	16006001	,		y		
16006002001	16006002	कि				
16006002002	16006002	सम्बल्लत				
16006002003	16006002	और				
16006002004	16006002	गेशेम				
16006002005	16006002	ने				
16006002006	16006002	मेरे				
16006002007	16006002	पास				
16006002008	16006002	भेजा	y			
16006002009	16006002	,		y		
16006002010	16006002	यह				
16006002011	16006002	कहते				
16006002012	16006002	हुए	y			
16006002013	16006002	,		y		
16006002014	16006002	""""	y	y		
16006002015	16006002	आ	y			
16006002016	16006002	,		y		
16006002017	16006002	और				
16006002018	16006002	हम				
16006002019	16006002	ओनो				
16006002020	16006002	की				
16006002021	16006002	तराई				
16006002022	16006002	के				
16006002023	16006002	गांवों				
16006002024	16006002	के				
16006002025	16006002	बीच				
16006002026	16006002	मुलाकात				
16006002027	16006002	करने				
16006002028	16006002	का				
16006002029	16006002	समय				
16006002030	16006002	ठहरा				
16006002031	16006002	लें	y			
16006002032	16006002	।	y	y		
16006002033	16006002	”		y		
16006002034	16006002	और				
16006002035	16006002	वे				
16006002036	16006002	मेरी				
16006002037	16006002	बुराई				
16006002038	16006002	करने				
16006002039	16006002	की				
16006002040	16006002	सोच				
16006002041	16006002	रहे				
16006002042	16006002	थे	y			
16006002043	16006002	।		y		
16006003001	16006003	और				
16006003002	16006003	मैंने				
16006003003	16006003	उनके				
16006003004	16006003	पास				
16006003005	16006003	सन्देशवाहक				
16006003006	16006003	भेजे	y			
16006003007	16006003	,		y		
16006003008	16006003	कहते				
16006003009	16006003	हुए	y			
16006003010	16006003	,		y		
16006003011	16006003	""""	y	y		
16006003012	16006003	मैं				
16006003013	16006003	एक				
16006003014	16006003	महान्				
16006003015	16006003	काम				
16006003016	16006003	कर				
16006003017	16006003	रहा				
16006003018	16006003	हूँ	y			
16006003019	16006003	,		y		
16006003020	16006003	और				
16006003021	16006003	मैं				
16006003022	16006003	नीचे				
16006003023	16006003	जाने				
16006003024	16006003	के				
16006003025	16006003	योग्य				
16006003026	16006003	नहीं				
16006003027	16006003	हूँ	y			
16006003028	16006003	।		y		
16006003029	16006003	काम				
16006003030	16006003	क्यों				
16006003031	16006003	रुके				
16006003032	16006003	जबकि				
16006003033	16006003	मैं				
16006003034	16006003	इसे				
16006003035	16006003	छोड़				
16006003036	16006003	देता				
16006003037	16006003	हूँ				
16006003038	16006003	और				
16006003039	16006003	तुम्हारे				
16006003040	16006003	पास				
16006003041	16006003	नीचे				
16006003042	16006003	जाऊँ	y			
16006003043	16006003	?	y	y		
16006003044	16006003	""""		y		
16006004001	16006004	और				
16006004002	16006004	उन्होंने				
16006004003	16006004	मुझे				
16006004004	16006004	इस				
16006004005	16006004	शब्द				
16006004006	16006004	के				
16006004007	16006004	अनुसार				
16006004008	16006004	चार				
16006004009	16006004	बार				
16006004010	16006004	भेजा	y			
16006004011	16006004	,		y		
16006004012	16006004	और				
16006004013	16006004	मैंने				
16006004014	16006004	उन्हें				
16006004015	16006004	इस				
16006004016	16006004	शब्द				
16006004017	16006004	के				
16006004018	16006004	अनुसार				
16006004019	16006004	वापस				
16006004020	16006004	लौटा				
16006004021	16006004	दिया	y			
16006004022	16006004	।		y		
16006005001	16006005	तब				
16006005002	16006005	सम्बल्लत				
16006005003	16006005	ने				
16006005004	16006005	उसके				
16006005005	16006005	जवान				
16006005006	16006005	पुरुष				
16006005007	16006005	को				
16006005008	16006005	इस				
16006005009	16006005	शब्द				
16006005010	16006005	के				
16006005011	16006005	अनुसार				
16006005012	16006005	पाँचवी				
16006005013	16006005	बार				
16006005014	16006005	मेरे				
16006005015	16006005	पास				
16006005016	16006005	भेजा	y			
16006005017	16006005	,		y		
16006005018	16006005	और				
16006005019	16006005	एक				
16006005020	16006005	खुला				
16006005021	16006005	पत्र				
16006005022	16006005	उसके				
16006005023	16006005	हाथ				
16006005024	16006005	में				
16006005025	16006005	था	y			
16006005026	16006005	।		y		
16006006001	16006006	उसमें				
16006006002	16006006	लिखा				
16006006003	16006006	था	y			
16006006004	16006006	,		y		
16006006005	16006006	""""	y	y		
16006006006	16006006	यह				
16006006007	16006006	राष्ट्रों				
16006006008	16006006	के				
16006006009	16006006	बीच				
16006006010	16006006	सुना				
16006006011	16006006	जाता				
16006006012	16006006	है	y			
16006006013	16006006	,		y		
16006006014	16006006	और				
16006006015	16006006	गेशेम				
16006006016	16006006	कह				
16006006017	16006006	रहा				
16006006018	16006006	है	y			
16006006019	16006006	,		y		
16006006020	16006006	कि				
16006006021	16006006	तुम				
16006006022	16006006	और				
16006006023	16006006	यहूदी				
16006006024	16006006	विद्रोह				
16006006025	16006006	करने				
16006006026	16006006	की				
16006006027	16006006	सोच				
16006006028	16006006	रहे				
16006006029	16006006	हो	y			
16006006030	16006006	,		y		
16006006031	16006006	इसलिए				
16006006032	16006006	तुम				
16006006033	16006006	दीवार				
16006006034	16006006	बना				
16006006035	16006006	रहे				
16006006036	16006006	हो	y			
16006006037	16006006	।		y		
16006006038	16006006	और				
16006006039	16006006	तुम				
16006006040	16006006	उन				
16006006041	16006006	पर				
16006006042	16006006	राजा				
16006006043	16006006	बनते				
16006006044	16006006	हो	y			
16006006045	16006006	,		y		
16006006046	16006006	इन				
16006006047	16006006	शब्दों				
16006006048	16006006	के				
16006006049	16006006	अनुसार	y			
16006006050	16006006	।		y		
16006007001	16006007	और				
16006007002	16006007	भी	y			
16006007003	16006007	,		y		
16006007004	16006007	तूने				
16006007005	16006007	यरूशलेम				
16006007006	16006007	में				
16006007007	16006007	तेरे				
16006007008	16006007	विषय				
16006007009	16006007	में				
16006007010	16006007	पुकारने				
16006007011	16006007	के				
16006007012	16006007	लिए				
16006007013	16006007	भविष्यद्वक्ताओं				
16006007014	16006007	को				
16006007015	16006007	ठहराया				
16006007016	16006007	है	y			
16006007017	16006007	,		y		
16006007018	16006007	कहते				
16006007019	16006007	हुए	y			
16006007020	16006007	,		y		
16006007021	16006007	'यहूदा				
16006007022	16006007	में				
16006007023	16006007	एक				
16006007024	16006007	राजा				
16006007025	16006007	है	y			
16006007026	16006007	!	y	y		
16006007027	16006007	'और				
16006007028	16006007	अब	y			
16006007029	16006007	,		y		
16006007030	16006007	इन				
16006007031	16006007	शब्दों				
16006007032	16006007	के				
16006007033	16006007	अनुसार				
16006007034	16006007	राजा				
16006007035	16006007	सुनेगा	y			
16006007036	16006007	।		y		
16006007037	16006007	इसलिए				
16006007038	16006007	अब	y			
16006007039	16006007	,		y		
16006007040	16006007	आ	y			
16006007041	16006007	,		y		
16006007042	16006007	और				
16006007043	16006007	आओ				
16006007044	16006007	हम				
16006007045	16006007	एक				
16006007046	16006007	साथ				
16006007047	16006007	परामर्श				
16006007048	16006007	करें	y			
16006007049	16006007	।	y	y		
16006007050	16006007	""""		y		
16006008001	16006008	और				
16006008002	16006008	मैंने				
16006008003	16006008	उसके				
16006008004	16006008	पास				
16006008005	16006008	भेजा	y			
16006008006	16006008	,		y		
16006008007	16006008	कहते				
16006008008	16006008	हुए	y			
16006008009	16006008	,		y		
16006008010	16006008	“	y	y		
16006008011	16006008	इन				
16006008012	16006008	शब्दों				
16006008013	16006008	के				
16006008014	16006008	अनुसार				
16006008015	16006008	ऐसा				
16006008016	16006008	कुछ				
16006008017	16006008	नहीं				
16006008018	16006008	किया				
16006008019	16006008	गया				
16006008020	16006008	है				
16006008021	16006008	जिसे				
16006008022	16006008	तू				
16006008023	16006008	कह				
16006008024	16006008	रहा				
16006008025	16006008	है	y			
16006008026	16006008	,		y		
16006008027	16006008	परन्तु				
16006008028	16006008	तू				
16006008029	16006008	उन्हें				
16006008030	16006008	अपने				
16006008031	16006008	मन				
16006008032	16006008	से				
16006008033	16006008	गढ़ता				
16006008034	16006008	है	y			
16006008035	16006008	।	y	y		
16006008036	16006008	”		y		
16006009001	16006009	क्योंकि				
16006009002	16006009	वे				
16006009003	16006009	सब				
16006009004	16006009	हमें				
16006009005	16006009	डरा				
16006009006	16006009	रहे				
16006009007	16006009	थे	y			
16006009008	16006009	,		y		
16006009009	16006009	कहते				
16006009010	16006009	हुए	y			
16006009011	16006009	,		y		
16006009012	16006009	“	y	y		
16006009013	16006009	उनके				
16006009014	16006009	हाथ				
16006009015	16006009	काम				
16006009016	16006009	से				
16006009017	16006009	छूट				
16006009018	16006009	जाएँगे	y			
16006009019	16006009	,		y		
16006009020	16006009	और				
16006009021	16006009	यह				
16006009022	16006009	नहीं				
16006009023	16006009	किया				
16006009024	16006009	जाएगा	y			
16006009025	16006009	।	y	y		
16006009026	16006009	""""	y	y		
16006009027	16006009	इसलिए				
16006009028	16006009	अब	y			
16006009029	16006009	,		y		
16006009030	16006009	मेरे				
16006009031	16006009	हाथों				
16006009032	16006009	को				
16006009033	16006009	दृढ़				
16006009034	16006009	कर	y			
16006009035	16006009	।		y		
16006010001	16006010	अब				
16006010002	16006010	जहाँ				
16006010003	16006010	तक				
16006010004	16006010	मेरी				
16006010005	16006010	बात				
16006010006	16006010	है	y			
16006010007	16006010	,		y		
16006010008	16006010	मैंने				
16006010009	16006010	शमायाह				
16006010010	16006010	के				
16006010011	16006010	घर				
16006010012	16006010	में				
16006010013	16006010	प्रवेश				
16006010014	16006010	किया	y			
16006010015	16006010	,		y		
16006010016	16006010	दलायाह				
16006010017	16006010	का				
16006010018	16006010	पुत्र	y			
16006010019	16006010	,		y		
16006010020	16006010	महेतबेल				
16006010021	16006010	का				
16006010022	16006010	पुत्र	y			
16006010023	16006010	,		y		
16006010024	16006010	और				
16006010025	16006010	वह				
16006010026	16006010	कैद				
16006010027	16006010	था	y			
16006010028	16006010	।		y		
16006010029	16006010	और				
16006010030	16006010	उसने				
16006010031	16006010	कहा	y			
16006010032	16006010	,		y		
16006010033	16006010	""""	y	y		
16006010034	16006010	आ				
16006010035	16006010	हम				
16006010036	16006010	परमेश्वर				
16006010037	16006010	के				
16006010038	16006010	घर				
16006010039	16006010	में	y			
16006010040	16006010	,		y		
16006010041	16006010	मन्दिर				
16006010042	16006010	के				
16006010043	16006010	बीच				
16006010044	16006010	में				
16006010045	16006010	मुलाकात				
16006010046	16006010	का				
16006010047	16006010	समय				
16006010048	16006010	ठहराएँ	y			
16006010049	16006010	,		y		
16006010050	16006010	और				
16006010051	16006010	हम				
16006010052	16006010	मन्दिर				
16006010053	16006010	के				
16006010054	16006010	दरवाजों				
16006010055	16006010	को				
16006010056	16006010	बन्द				
16006010057	16006010	कर				
16006010058	16006010	दें	y			
16006010059	16006010	,		y		
16006010060	16006010	क्योंकि				
16006010061	16006010	वे				
16006010062	16006010	तुझे				
16006010063	16006010	मारने				
16006010064	16006010	आ				
16006010065	16006010	रहे				
16006010066	16006010	हैं	y			
16006010067	16006010	।		y		
16006010068	16006010	हाँ	y			
16006010069	16006010	,		y		
16006010070	16006010	रात				
16006010071	16006010	को				
16006010072	16006010	वे				
16006010073	16006010	तुझे				
16006010074	16006010	मारने				
16006010075	16006010	आ				
16006010076	16006010	रहे				
16006010077	16006010	हैं	y			
16006010078	16006010	।	y	y		
16006010079	16006010	”		y		
16006011001	16006011	और				
16006011002	16006011	मैंने				
16006011003	16006011	कहा	y			
16006011004	16006011	,		y		
16006011005	16006011	""""	y	y		
16006011006	16006011	क्या				
16006011007	16006011	मेरे				
16006011008	16006011	जैसे				
16006011009	16006011	एक				
16006011010	16006011	पुरुष				
16006011011	16006011	को				
16006011012	16006011	भाग				
16006011013	16006011	जाना				
16006011014	16006011	चाहिए	y			
16006011015	16006011	?		y		
16006011016	16006011	और				
16006011017	16006011	कौन	y			
16006011018	16006011	,		y		
16006011019	16006011	मेरे				
16006011020	16006011	जैसा	y			
16006011021	16006011	,		y		
16006011022	16006011	क्या				
16006011023	16006011	वह				
16006011024	16006011	मन्दिर				
16006011025	16006011	में				
16006011026	16006011	जा				
16006011027	16006011	सकता				
16006011028	16006011	है				
16006011029	16006011	और				
16006011030	16006011	जीवित				
16006011031	16006011	रह				
16006011032	16006011	सकता				
16006011033	16006011	है	y			
16006011034	16006011	?		y		
16006011035	16006011	मैं				
16006011036	16006011	भीतर				
16006011037	16006011	नहीं				
16006011038	16006011	जाऊँगा	y			
16006011039	16006011	!	y	y		
16006011040	16006011	""""		y		
16006012001	16006012	और				
16006012002	16006012	मैंने				
16006012003	16006012	पहचाना	y			
16006012004	16006012	,		y		
16006012005	16006012	और				
16006012006	16006012	देखो	y			
16006012007	16006012	,		y		
16006012008	16006012	परमेश्वर				
16006012009	16006012	ने				
16006012010	16006012	उसे				
16006012011	16006012	नहीं				
16006012012	16006012	भेजा				
16006012013	16006012	था	y			
16006012014	16006012	।		y		
16006012015	16006012	परन्तु				
16006012016	16006012	उसने				
16006012017	16006012	मेरे				
16006012018	16006012	विरुद्ध				
16006012019	16006012	भविष्यद्वाणी				
16006012020	16006012	की	y			
16006012021	16006012	,		y		
16006012022	16006012	तोबियाह				
16006012023	16006012	के				
16006012024	16006012	लिए				
16006012025	16006012	और				
16006012026	16006012	सम्बल्लत				
16006012027	16006012	ने				
16006012028	16006012	उसे				
16006012029	16006012	भाड़े				
16006012030	16006012	पर				
16006012031	16006012	रखा				
16006012032	16006012	था	y			
16006012033	16006012	।		y		
16006013001	16006013	क्योंकि				
16006013002	16006013	इस				
16006013003	16006013	उद्देश्य				
16006013004	16006013	के				
16006013005	16006013	लिए				
16006013006	16006013	उसे				
16006013007	16006013	भाड़े				
16006013008	16006013	पर				
16006013009	16006013	रखा				
16006013010	16006013	गया				
16006013011	16006013	था	y			
16006013012	16006013	,		y		
16006013013	16006013	ताकि				
16006013014	16006013	मैं				
16006013015	16006013	डर				
16006013016	16006013	जाऊँ	y			
16006013017	16006013	,		y		
16006013018	16006013	और				
16006013019	16006013	मैं				
16006013020	16006013	ऐसा				
16006013021	16006013	करके				
16006013022	16006013	पाप				
16006013023	16006013	करूँ	y			
16006013024	16006013	।		y		
16006013025	16006013	और				
16006013026	16006013	यह				
16006013027	16006013	उनके				
16006013028	16006013	लिए				
16006013029	16006013	एक				
16006013030	16006013	बुरा				
16006013031	16006013	नाम				
16006013032	16006013	बन				
16006013033	16006013	सकता				
16006013034	16006013	है	y			
16006013035	16006013	,		y		
16006013036	16006013	ताकि				
16006013037	16006013	वे				
16006013038	16006013	मेरी				
16006013039	16006013	नामधराई				
16006013040	16006013	कर				
16006013041	16006013	सकें	y			
16006013042	16006013	।		y		
16006014001	16006014	मेरे				
16006014002	16006014	परमेश्वर	y			
16006014003	16006014	,		y		
16006014004	16006014	तोबियाह				
16006014005	16006014	को				
16006014006	16006014	स्मरण				
16006014007	16006014	कर	y			
16006014008	16006014	,		y		
16006014009	16006014	और				
16006014010	16006014	सम्बल्लत				
16006014011	16006014	को				
16006014012	16006014	उसके				
16006014013	16006014	इन				
16006014014	16006014	कामों				
16006014015	16006014	के				
16006014016	16006014	अनुसार	y			
16006014017	16006014	,		y		
16006014018	16006014	और				
16006014019	16006014	नोअद्याह				
16006014020	16006014	भविष्यद्वक्तिनी				
16006014021	16006014	को				
16006014022	16006014	भी	y			
16006014023	16006014	,		y		
16006014024	16006014	और				
16006014025	16006014	शेष				
16006014026	16006014	भविष्यद्वक्ताओं				
16006014027	16006014	को				
16006014028	16006014	जो				
16006014029	16006014	मुझे				
16006014030	16006014	डरा				
16006014031	16006014	रहे				
16006014032	16006014	हैं	y			
16006014033	16006014	।		y		
16006015001	16006015	और				
16006015002	16006015	दीवार				
16006015003	16006015	एलूल				
16006015004	16006015	के				
16006015005	16006015	25				
16006015006	16006015	पर				
16006015007	16006015	बन				
16006015008	16006015	कर				
16006015009	16006015	तैयार				
16006015010	16006015	हो				
16006015011	16006015	गई	y			
16006015012	16006015	,		y		
16006015013	16006015	दिन				
16006015014	16006015	52				
16006015015	16006015	पर	y			
16006015016	16006015	।		y		
16006016001	16006016	और				
16006016002	16006016	हुआ				
16006016003	16006016	ये				
16006016004	16006016	कि	y			
16006016005	16006016	,		y		
16006016006	16006016	जब				
16006016007	16006016	हमारे				
16006016008	16006016	सभी				
16006016009	16006016	शत्रुओं				
16006016010	16006016	ने				
16006016011	16006016	सुना	y			
16006016012	16006016	,		y		
16006016013	16006016	सभी				
16006016014	16006016	राष्ट्र				
16006016015	16006016	जो				
16006016016	16006016	हमारे				
16006016017	16006016	चारों				
16006016018	16006016	ओर				
16006016019	16006016	थे				
16006016020	16006016	डरते				
16006016021	16006016	थे	y			
16006016022	16006016	,		y		
16006016023	16006016	और				
16006016024	16006016	वे				
16006016025	16006016	अपनी				
16006016026	16006016	आंखों				
16006016027	16006016	में				
16006016028	16006016	गिरे	y			
16006016029	16006016	।		y		
16006016030	16006016	और				
16006016031	16006016	वे				
16006016032	16006016	जानते				
16006016033	16006016	थे				
16006016034	16006016	कि				
16006016035	16006016	यह				
16006016036	16006016	काम				
16006016037	16006016	हमारे				
16006016038	16006016	परमेश्वर				
16006016039	16006016	ने				
16006016040	16006016	किया				
16006016041	16006016	है	y			
16006016042	16006016	।		y		
16006017001	16006017	साथ				
16006017002	16006017	ही	y			
16006017003	16006017	,		y		
16006017004	16006017	उन				
16006017005	16006017	दिनों				
16006017006	16006017	में	y			
16006017007	16006017	,		y		
16006017008	16006017	यहूदा				
16006017009	16006017	के				
16006017010	16006017	कुलीनों				
16006017011	16006017	ने				
16006017012	16006017	तोबियाह				
16006017013	16006017	को				
16006017014	16006017	जाने				
16006017015	16006017	वाली				
16006017016	16006017	अपनी				
16006017017	16006017	चिट्ठियाँ				
16006017018	16006017	बढ़ाईं	y			
16006017019	16006017	,		y		
16006017020	16006017	और				
16006017021	16006017	तोबियाह				
16006017022	16006017	से				
16006017023	16006017	संबंधित				
16006017024	16006017	उनके				
16006017025	16006017	पास				
16006017026	16006017	आ				
16006017027	16006017	रही				
16006017028	16006017	थीं	y			
16006017029	16006017	।		y		
16006018001	16006018	क्योंकि				
16006018002	16006018	यहूदा				
16006018003	16006018	में				
16006018004	16006018	बहुत				
16006018005	16006018	से				
16006018006	16006018	उससे				
16006018007	16006018	शपथ				
16006018008	16006018	खाने				
16006018009	16006018	वाले				
16006018010	16006018	स्वामी				
16006018011	16006018	थे	y			
16006018012	16006018	,		y		
16006018013	16006018	क्योंकि				
16006018014	16006018	वह				
16006018015	16006018	आरह				
16006018016	16006018	के				
16006018017	16006018	पुत्र				
16006018018	16006018	शकन्याह				
16006018019	16006018	का				
16006018020	16006018	दामाद				
16006018021	16006018	था	y			
16006018022	16006018	।		y		
16006018023	16006018	और				
16006018024	16006018	उसके				
16006018025	16006018	पुत्र				
16006018026	16006018	यहोहानान				
16006018027	16006018	ने				
16006018028	16006018	बेरेक्याह				
16006018029	16006018	के				
16006018030	16006018	पुत्र				
16006018031	16006018	मशुल्लाम				
16006018032	16006018	की				
16006018033	16006018	पुत्री				
16006018034	16006018	को				
16006018035	16006018	ले				
16006018036	16006018	लिया				
16006018037	16006018	था	y			
16006018038	16006018	।		y		
16006019001	16006019	साथ				
16006019002	16006019	ही	y			
16006019003	16006019	,		y		
16006019004	16006019	वे				
16006019005	16006019	मेरे				
16006019006	16006019	मुँह				
16006019007	16006019	के				
16006019008	16006019	साम्हने				
16006019009	16006019	उसके				
16006019010	16006019	अच्छे				
16006019011	16006019	कामों				
16006019012	16006019	को				
16006019013	16006019	कह				
16006019014	16006019	रहे				
16006019015	16006019	थे	y			
16006019016	16006019	,		y		
16006019017	16006019	और				
16006019018	16006019	वे				
16006019019	16006019	मेरे				
16006019020	16006019	शब्दों				
16006019021	16006019	को				
16006019022	16006019	उसके				
16006019023	16006019	पास				
16006019024	16006019	ले				
16006019025	16006019	जा				
16006019026	16006019	रहे				
16006019027	16006019	थे	y			
16006019028	16006019	।		y		
16006019029	16006019	तोबियाह				
16006019030	16006019	ने				
16006019031	16006019	मुझे				
16006019032	16006019	डराने				
16006019033	16006019	के				
16006019034	16006019	लिए				
16006019035	16006019	पत्र				
16006019036	16006019	भेजे	y			
16006019037	16006019	।		y		
16007001001	16007001	और				
16007001002	16007001	हुआ				
16007001003	16007001	ये				
16007001004	16007001	कि	y			
16007001005	16007001	,		y		
16007001006	16007001	जब				
16007001007	16007001	दीवार				
16007001008	16007001	बन				
16007001009	16007001	गई				
16007001010	16007001	और				
16007001011	16007001	मैंने				
16007001012	16007001	दरवाजे				
16007001013	16007001	खड़े				
16007001014	16007001	कर				
16007001015	16007001	लिए				
16007001016	16007001	थे	y			
16007001017	16007001	,		y		
16007001018	16007001	द्वारपाल				
16007001019	16007001	और				
16007001020	16007001	वे				
16007001021	16007001	जो				
16007001022	16007001	गाते				
16007001023	16007001	थे				
16007001024	16007001	और				
16007001025	16007001	लेवियों				
16007001026	16007001	को				
16007001027	16007001	नियुक्‍त				
16007001028	16007001	किया				
16007001029	16007001	गया	y			
16007001030	16007001	।		y		
16007002001	16007002	और				
16007002002	16007002	मैंने				
16007002003	16007002	हनानी				
16007002004	16007002	को				
16007002005	16007002	दिया	y			
16007002006	16007002	,		y		
16007002007	16007002	मेरा				
16007002008	16007002	भाई	y			
16007002009	16007002	,		y		
16007002010	16007002	और				
16007002011	16007002	हनन्याह	y			
16007002012	16007002	,		y		
16007002013	16007002	राजगढ़				
16007002014	16007002	के				
16007002015	16007002	लिए				
16007002016	16007002	अधिकारी	y			
16007002017	16007002	,		y		
16007002018	16007002	यरूशलेम				
16007002019	16007002	पर				
16007002020	16007002	अधिकार	y			
16007002021	16007002	।		y		
16007002022	16007002	क्योंकि				
16007002023	16007002	वह				
16007002024	16007002	एक				
16007002025	16007002	विश्वासयोग्य				
16007002026	16007002	व्यक्ति				
16007002027	16007002	के				
16007002028	16007002	अनुसार				
16007002029	16007002	था	y			
16007002030	16007002	,		y		
16007002031	16007002	और				
16007002032	16007002	वह				
16007002033	16007002	बहुतों				
16007002034	16007002	से				
16007002035	16007002	अधिक				
16007002036	16007002	परमेश्वर				
16007002037	16007002	का				
16007002038	16007002	भय				
16007002039	16007002	मानता				
16007002040	16007002	था	y			
16007002041	16007002	।		y		
16007003001	16007003	और				
16007003002	16007003	मैंने				
16007003003	16007003	उनसे				
16007003004	16007003	कहा	y			
16007003005	16007003	,		y		
16007003006	16007003	“	y	y		
16007003007	16007003	जब				
16007003008	16007003	तक				
16007003009	16007003	सूरज				
16007003010	16007003	गर्म				
16007003011	16007003	न				
16007003012	16007003	हो				
16007003013	16007003	जाए				
16007003014	16007003	यरूशलेम				
16007003015	16007003	के				
16007003016	16007003	फाटक				
16007003017	16007003	न				
16007003018	16007003	खोले				
16007003019	16007003	जाएँ	y			
16007003020	16007003	।		y		
16007003021	16007003	और				
16007003022	16007003	जबकि				
16007003023	16007003	वे				
16007003024	16007003	अभी				
16007003025	16007003	खड़े				
16007003026	16007003	ही				
16007003027	16007003	हैं	y			
16007003028	16007003	,		y		
16007003029	16007003	उन्हें				
16007003030	16007003	दरवाजे				
16007003031	16007003	बंद				
16007003032	16007003	करने				
16007003033	16007003	दो	y			
16007003034	16007003	,		y		
16007003035	16007003	और				
16007003036	16007003	उन्हें				
16007003037	16007003	उनमें				
16007003038	16007003	बेंड़े				
16007003039	16007003	लगाना				
16007003040	16007003	चाहिए	y			
16007003041	16007003	।		y		
16007003042	16007003	और				
16007003043	16007003	उनके				
16007003044	16007003	लिए				
16007003045	16007003	घड़ियों				
16007003046	16007003	को				
16007003047	16007003	सही				
16007003048	16007003	करें				
16007003049	16007003	जो				
16007003050	16007003	यरूशलेम				
16007003051	16007003	में				
16007003052	16007003	रहते				
16007003053	16007003	हैं	y			
16007003054	16007003	,		y		
16007003055	16007003	एक				
16007003056	16007003	पुरुष				
16007003057	16007003	अपनी				
16007003058	16007003	घड़ी				
16007003059	16007003	में	y			
16007003060	16007003	,		y		
16007003061	16007003	और				
16007003062	16007003	एक				
16007003063	16007003	मनुष्य				
16007003064	16007003	अपने				
16007003065	16007003	घर				
16007003066	16007003	के				
16007003067	16007003	साम्हने	y			
16007003068	16007003	।	y	y		
16007003069	16007003	”		y		
16007004001	16007004	अब				
16007004002	16007004	शहर				
16007004003	16007004	दो				
16007004004	16007004	हाथों				
16007004005	16007004	पर				
16007004006	16007004	चौड़ा				
16007004007	16007004	था				
16007004008	16007004	और				
16007004009	16007004	बड़ा	y			
16007004010	16007004	,		y		
16007004011	16007004	और				
16007004012	16007004	उसके				
16007004013	16007004	बीच				
16007004014	16007004	में				
16007004015	16007004	लोग				
16007004016	16007004	थोड़े				
16007004017	16007004	थे	y			
16007004018	16007004	।		y		
16007004019	16007004	और				
16007004020	16007004	उसमें				
16007004021	16007004	मकान				
16007004022	16007004	नहीं				
16007004023	16007004	बने				
16007004024	16007004	हुए				
16007004025	16007004	थे	y			
16007004026	16007004	।		y		
16007005001	16007005	और				
16007005002	16007005	मेरे				
16007005003	16007005	परमेश्वर				
16007005004	16007005	ने				
16007005005	16007005	मुझे				
16007005006	16007005	मन				
16007005007	16007005	दिया	y			
16007005008	16007005	,		y		
16007005009	16007005	और				
16007005010	16007005	मैंने				
16007005011	16007005	कुलीनों				
16007005012	16007005	को				
16007005013	16007005	इकट्ठा				
16007005014	16007005	किया				
16007005015	16007005	और				
16007005016	16007005	अधिपतियों				
16007005017	16007005	और				
16007005018	16007005	लोगों				
16007005019	16007005	को				
16007005020	16007005	वंशावली				
16007005021	16007005	द्वारा				
16007005022	16007005	सूचीबद्ध				
16007005023	16007005	किया				
16007005024	16007005	जाए	y			
16007005025	16007005	।		y		
16007005026	16007005	और				
16007005027	16007005	मुझे				
16007005028	16007005	उनकी				
16007005029	16007005	वंशावली				
16007005030	16007005	की				
16007005031	16007005	पुस्तक				
16007005032	16007005	मिली				
16007005033	16007005	जो				
16007005034	16007005	पहले				
16007005035	16007005	आया				
16007005036	16007005	था	y			
16007005037	16007005	।		y		
16007005038	16007005	और				
16007005039	16007005	मैंने				
16007005040	16007005	इसमें				
16007005041	16007005	यह				
16007005042	16007005	लिखा				
16007005043	16007005	हुआ				
16007005044	16007005	पाया	y			
16007005045	16007005	:		y		
16007006001	16007006	“	y	y		
16007006002	16007006	प्रान्त				
16007006003	16007006	के				
16007006004	16007006	पुत्र				
16007006005	16007006	ये				
16007006006	16007006	हैं	y			
16007006007	16007006	,		y		
16007006008	16007006	जो				
16007006009	16007006	बंधुओं				
16007006010	16007006	की				
16007006011	16007006	बँधुवाई				
16007006012	16007006	से				
16007006013	16007006	निकलकर				
16007006014	16007006	ऊपर				
16007006015	16007006	गए				
16007006016	16007006	थे	y			
16007006017	16007006	,		y		
16007006018	16007006	जिसे				
16007006019	16007006	बाबेल				
16007006020	16007006	के				
16007006021	16007006	राजा				
16007006022	16007006	नबूकदनेस्सर				
16007006023	16007006	ने				
16007006024	16007006	बँधुआ				
16007006025	16007006	कर				
16007006026	16007006	लिआ				
16007006027	16007006	था	y			
16007006028	16007006	।		y		
16007006029	16007006	और				
16007006030	16007006	वे				
16007006031	16007006	यरूशलेम				
16007006032	16007006	को				
16007006033	16007006	लौट				
16007006034	16007006	गए				
16007006035	16007006	और				
16007006036	16007006	यहूदा	y			
16007006037	16007006	,		y		
16007006038	16007006	एक				
16007006039	16007006	पुरुष				
16007006040	16007006	अपने				
16007006041	16007006	नगर				
16007006042	16007006	के				
16007006043	16007006	लिए	y			
16007006044	16007006	,		y		
16007007001	16007007	जो				
16007007002	16007007	जरुब्बाबेल				
16007007003	16007007	के				
16007007004	16007007	साथ				
16007007005	16007007	आए				
16007007006	16007007	थे	y			
16007007007	16007007	,		y		
16007007008	16007007	येशुअ	y			
16007007009	16007007	,		y		
16007007010	16007007	नहेम्याह	y			
16007007011	16007007	,		y		
16007007012	16007007	अजर्याह	y			
16007007013	16007007	,		y		
16007007014	16007007	राम्याह	y			
16007007015	16007007	,		y		
16007007016	16007007	नहमानी	y			
16007007017	16007007	,		y		
16007007018	16007007	मोर्दकै	y			
16007007019	16007007	,		y		
16007007020	16007007	बिलशान	y			
16007007021	16007007	,		y		
16007007022	16007007	मिस्पेरेत	y			
16007007023	16007007	,		y		
16007007024	16007007	बिगवै	y			
16007007025	16007007	,		y		
16007007026	16007007	नहूम	y			
16007007027	16007007	,		y		
16007007028	16007007	बानाह	y			
16007007029	16007007	।		y		
16007007030	16007007	इस्राएल				
16007007031	16007007	के				
16007007032	16007007	लोगों				
16007007033	16007007	के				
16007007034	16007007	पुरुषों				
16007007035	16007007	की				
16007007036	16007007	सँख्या	y			
16007007037	16007007	:		y		
16007008001	16007008	परोश				
16007008002	16007008	के				
16007008003	16007008	पुत्र				
16007008004	16007008	2	y			
16007008005	16007008	,		y		
16007008006	16007008	172				
16007008007	16007008	थे	y			
16007008008	16007008	।		y		
16007009001	16007009	शपत्याह				
16007009002	16007009	के				
16007009003	16007009	पुत्र				
16007009004	16007009	372				
16007009005	16007009	थे	y			
16007009006	16007009	।		y		
16007010001	16007010	आरह				
16007010002	16007010	के				
16007010003	16007010	पुत्र				
16007010004	16007010	652				
16007010005	16007010	थे	y			
16007010006	16007010	.		y		
16007011001	16007011	पहत्मोआब				
16007011002	16007011	के				
16007011003	16007011	पुत्र	y			
16007011004	16007011	,		y		
16007011005	16007011	येशुअ				
16007011006	16007011	के				
16007011007	16007011	पुत्रों				
16007011008	16007011	से				
16007011009	16007011	और				
16007011010	16007011	योआब	y			
16007011011	16007011	,		y		
16007011012	16007011	2	y			
16007011013	16007011	,		y		
16007011014	16007011	818				
16007011015	16007011	थे	y			
16007011016	16007011	।		y		
16007012001	16007012	एलाम				
16007012002	16007012	के				
16007012003	16007012	पुत्र				
16007012004	16007012	1	y			
16007012005	16007012	,		y		
16007012006	16007012	254				
16007012007	16007012	थे	y			
16007012008	16007012	.		y		
16007013001	16007013	जत्तू				
16007013002	16007013	के				
16007013003	16007013	पुत्र				
16007013004	16007013	845				
16007013005	16007013	थे	y			
16007013006	16007013	।		y		
16007014001	16007014	जक्कई				
16007014002	16007014	के				
16007014003	16007014	पुत्र				
16007014004	16007014	760				
16007014005	16007014	थे	y			
16007014006	16007014	।		y		
16007015001	16007015	बिन्नूई				
16007015002	16007015	के				
16007015003	16007015	पुत्र				
16007015004	16007015	648				
16007015005	16007015	थे	y			
16007015006	16007015	।		y		
16007016001	16007016	बेबै				
16007016002	16007016	के				
16007016003	16007016	पुत्र				
16007016004	16007016	628				
16007016005	16007016	थे	y			
16007016006	16007016	।		y		
16007017001	16007017	अजगाद				
16007017002	16007017	के				
16007017003	16007017	पुत्र				
16007017004	16007017	2	y			
16007017005	16007017	,		y		
16007017006	16007017	322				
16007017007	16007017	थे	y			
16007017008	16007017	।		y		
16007018001	16007018	अदोनीकाम				
16007018002	16007018	के				
16007018003	16007018	पुत्र				
16007018004	16007018	667				
16007018005	16007018	थे	y			
16007018006	16007018	।		y		
16007019001	16007019	बिगवै				
16007019002	16007019	के				
16007019003	16007019	पुत्र				
16007019004	16007019	2	y			
16007019005	16007019	,		y		
16007019006	16007019	067				
16007019007	16007019	थे	y			
16007019008	16007019	।		y		
16007020001	16007020	आदीन				
16007020002	16007020	के				
16007020003	16007020	पुत्र				
16007020004	16007020	655				
16007020005	16007020	थे	y			
16007020006	16007020	।		y		
16007021001	16007021	आतेर				
16007021002	16007021	के				
16007021003	16007021	पुत्र	y			
16007021004	16007021	,		y		
16007021005	16007021	हिजकिय्याह				
16007021006	16007021	का	y			
16007021007	16007021	,		y		
16007021008	16007021	98				
16007021009	16007021	थे	y			
16007021010	16007021	।		y		
16007022001	16007022	हाशूम				
16007022002	16007022	के				
16007022003	16007022	पुत्र				
16007022004	16007022	328				
16007022005	16007022	थे	y			
16007022006	16007022	।		y		
16007023001	16007023	बेसै				
16007023002	16007023	के				
16007023003	16007023	पुत्र				
16007023004	16007023	324				
16007023005	16007023	थे	y			
16007023006	16007023	।		y		
16007024001	16007024	हारीफ				
16007024002	16007024	के				
16007024003	16007024	पुत्र				
16007024004	16007024	112				
16007024005	16007024	थे	y			
16007024006	16007024	।		y		
16007025001	16007025	गिबोन				
16007025002	16007025	के				
16007025003	16007025	पुत्र				
16007025004	16007025	95				
16007025005	16007025	थे	y			
16007025006	16007025	।		y		
16007026001	16007026	बैतलहम				
16007026002	16007026	के				
16007026003	16007026	पुरुष				
16007026004	16007026	और				
16007026005	16007026	नतोपा				
16007026006	16007026	188				
16007026007	16007026	थे	y			
16007026008	16007026	।		y		
16007027001	16007027	अनातोत				
16007027002	16007027	के				
16007027003	16007027	पुरुष				
16007027004	16007027	128				
16007027005	16007027	थे	y			
16007027006	16007027	।		y		
16007028001	16007028	बेतजमावत				
16007028002	16007028	के				
16007028003	16007028	पुरुष				
16007028004	16007028	42				
16007028005	16007028	थे	y			
16007028006	16007028	।		y		
16007029001	16007029	किर्यत्यारीम				
16007029002	16007029	के				
16007029003	16007029	पुरुष	y			
16007029004	16007029	,		y		
16007029005	16007029	कपीरा				
16007029006	16007029	और				
16007029007	16007029	बेरोत				
16007029008	16007029	743				
16007029009	16007029	थे	y			
16007029010	16007029	।		y		
16007030001	16007030	रामाह				
16007030002	16007030	और				
16007030003	16007030	गेबा				
16007030004	16007030	के				
16007030005	16007030	पुरुष				
16007030006	16007030	621				
16007030007	16007030	थे	y			
16007030008	16007030	।		y		
16007031001	16007031	मिकमाश				
16007031002	16007031	के				
16007031003	16007031	पुरुष				
16007031004	16007031	122				
16007031005	16007031	थे	y			
16007031006	16007031	।		y		
16007032001	16007032	बेतेल				
16007032002	16007032	के				
16007032003	16007032	पुरुष				
16007032004	16007032	और				
16007032005	16007032	आई				
16007032006	16007032	123				
16007032007	16007032	थे	y			
16007032008	16007032	।		y		
16007033001	16007033	दूसरे				
16007033002	16007033	नबो				
16007033003	16007033	के				
16007033004	16007033	पुरुष				
16007033005	16007033	52				
16007033006	16007033	थे	y			
16007033007	16007033	।		y		
16007034001	16007034	दूसरे				
16007034002	16007034	एलाम				
16007034003	16007034	के				
16007034004	16007034	पुत्र				
16007034005	16007034	1	y			
16007034006	16007034	,		y		
16007034007	16007034	254				
16007034008	16007034	थे	y			
16007034009	16007034	।		y		
16007035001	16007035	हारीम				
16007035002	16007035	के				
16007035003	16007035	पुत्र				
16007035004	16007035	320				
16007035005	16007035	थे	y			
16007035006	16007035	।		y		
16007036001	16007036	यरीहो				
16007036002	16007036	के				
16007036003	16007036	पुत्र				
16007036004	16007036	345				
16007036005	16007036	थे	y			
16007036006	16007036	।		y		
16007037001	16007037	लोद				
16007037002	16007037	के				
16007037003	16007037	पुत्र	y			
16007037004	16007037	,		y		
16007037005	16007037	हादीद				
16007037006	16007037	और				
16007037007	16007037	ओनो				
16007037008	16007037	721				
16007037009	16007037	थे	y			
16007037010	16007037	।		y		
16007038001	16007038	सना				
16007038002	16007038	के				
16007038003	16007038	पुत्र				
16007038004	16007038	3	y			
16007038005	16007038	,		y		
16007038006	16007038	930				
16007038007	16007038	हुए	y			
16007038008	16007038	।		y		
16007039001	16007039	याजक	y			
16007039002	16007039	:		y		
16007039003	16007039	यदायाह				
16007039004	16007039	के				
16007039005	16007039	पुत्र	y			
16007039006	16007039	,		y		
16007039007	16007039	येशुअ				
16007039008	16007039	के				
16007039009	16007039	घराने				
16007039010	16007039	का	y			
16007039011	16007039	,		y		
16007039012	16007039	973				
16007039013	16007039	थे	y			
16007039014	16007039	;		y		
16007040001	16007040	इम्मेर				
16007040002	16007040	के				
16007040003	16007040	पुत्र				
16007040004	16007040	1	y			
16007040005	16007040	,		y		
16007040006	16007040	052				
16007040007	16007040	थे	y			
16007040008	16007040	;		y		
16007041001	16007041	पशहूर				
16007041002	16007041	के				
16007041003	16007041	पुत्र				
16007041004	16007041	एक	y			
16007041005	16007041	,		y		
16007041006	16007041	247				
16007041007	16007041	थे	y			
16007041008	16007041	;		y		
16007042001	16007042	हारीम				
16007042002	16007042	के				
16007042003	16007042	पुत्र				
16007042004	16007042	1	y			
16007042005	16007042	,		y		
16007042006	16007042	017				
16007042007	16007042	थे	y			
16007042008	16007042	।		y		
16007043001	16007043	लेवीय	y			
16007043002	16007043	:		y		
16007043003	16007043	येशुअ				
16007043004	16007043	के				
16007043005	16007043	पुत्र	y			
16007043006	16007043	,		y		
16007043007	16007043	कदमीएल				
16007043008	16007043	का	y			
16007043009	16007043	,		y		
16007043010	16007043	होदवा				
16007043011	16007043	के				
16007043012	16007043	पुत्रों				
16007043013	16007043	से	y			
16007043014	16007043	,		y		
16007043015	16007043	74				
16007043016	16007043	थे				
16007044001	16007044	जिन्होंने				
16007044002	16007044	गाया	y			
16007044003	16007044	:		y		
16007044004	16007044	आसाप				
16007044005	16007044	के				
16007044006	16007044	पुत्र				
16007044007	16007044	148				
16007044008	16007044	थे	y			
16007044009	16007044	।		y		
16007045001	16007045	द्वारपाल	y			
16007045002	16007045	:		y		
16007045003	16007045	शल्लूम				
16007045004	16007045	के				
16007045005	16007045	पुत्र	y			
16007045006	16007045	,		y		
16007045007	16007045	आतेर				
16007045008	16007045	के				
16007045009	16007045	पुत्र	y			
16007045010	16007045	,		y		
16007045011	16007045	तल्मोन				
16007045012	16007045	के				
16007045013	16007045	पुत्र	y			
16007045014	16007045	,		y		
16007045015	16007045	अक्कूब				
16007045016	16007045	के				
16007045017	16007045	पुत्र	y			
16007045018	16007045	,		y		
16007045019	16007045	हतीता				
16007045020	16007045	के				
16007045021	16007045	पुत्र	y			
16007045022	16007045	,		y		
16007045023	16007045	शोबै				
16007045024	16007045	के				
16007045025	16007045	पुत्र	y			
16007045026	16007045	,		y		
16007045027	16007045	138				
16007045028	16007045	थे	y			
16007045029	16007045	।		y		
16007046001	16007046	नतीन				
16007046002	16007046	थे	y			
16007046003	16007046	:		y		
16007046004	16007046	सीहा				
16007046005	16007046	के				
16007046006	16007046	पुत्र	y			
16007046007	16007046	,		y		
16007046008	16007046	हसूपा				
16007046009	16007046	के				
16007046010	16007046	पुत्र	y			
16007046011	16007046	,		y		
16007046012	16007046	तब्बाओत				
16007046013	16007046	के				
16007046014	16007046	पुत्र	y			
16007046015	16007046	,		y		
16007047001	16007047	केरोस				
16007047002	16007047	के				
16007047003	16007047	पुत्र	y			
16007047004	16007047	,		y		
16007047005	16007047	सीआ				
16007047006	16007047	के				
16007047007	16007047	पुत्र	y			
16007047008	16007047	,		y		
16007047009	16007047	पादोन				
16007047010	16007047	के				
16007047011	16007047	पुत्र	y			
16007047012	16007047	,		y		
16007048001	16007048	लबाना				
16007048002	16007048	के				
16007048003	16007048	पुत्र	y			
16007048004	16007048	,		y		
16007048005	16007048	हगाबा				
16007048006	16007048	के				
16007048007	16007048	पुत्र	y			
16007048008	16007048	,		y		
16007048009	16007048	शल्मै				
16007048010	16007048	के				
16007048011	16007048	पुत्र	y			
16007048012	16007048	,		y		
16007049001	16007049	हानान				
16007049002	16007049	के				
16007049003	16007049	पुत्र	y			
16007049004	16007049	,		y		
16007049005	16007049	गिद्देल				
16007049006	16007049	के				
16007049007	16007049	पुत्र	y			
16007049008	16007049	,		y		
16007049009	16007049	गहर				
16007049010	16007049	के				
16007049011	16007049	पुत्र	y			
16007049012	16007049	,		y		
16007050001	16007050	रायाह				
16007050002	16007050	के				
16007050003	16007050	पुत्र	y			
16007050004	16007050	,		y		
16007050005	16007050	रसीन				
16007050006	16007050	के				
16007050007	16007050	पुत्र	y			
16007050008	16007050	,		y		
16007050009	16007050	नकोदा				
16007050010	16007050	के				
16007050011	16007050	पुत्र	y			
16007050012	16007050	,		y		
16007051001	16007051	गज्जाम				
16007051002	16007051	के				
16007051003	16007051	पुत्र	y			
16007051004	16007051	,		y		
16007051005	16007051	उज्जा				
16007051006	16007051	के				
16007051007	16007051	पुत्र	y			
16007051008	16007051	,		y		
16007051009	16007051	पासेह				
16007051010	16007051	के				
16007051011	16007051	पुत्र	y			
16007051012	16007051	,		y		
16007052001	16007052	बेसै				
16007052002	16007052	के				
16007052003	16007052	पुत्र	y			
16007052004	16007052	,		y		
16007052005	16007052	मूनीम				
16007052006	16007052	के				
16007052007	16007052	पुत्र	y			
16007052008	16007052	,		y		
16007052009	16007052	नपूशस				
16007052010	16007052	के				
16007052011	16007052	पुत्र	y			
16007052012	16007052	,		y		
16007053001	16007053	बकबूक				
16007053002	16007053	के				
16007053003	16007053	पुत्र	y			
16007053004	16007053	,		y		
16007053005	16007053	हकूपा				
16007053006	16007053	के				
16007053007	16007053	पुत्र	y			
16007053008	16007053	,		y		
16007053009	16007053	हर्हूर				
16007053010	16007053	के				
16007053011	16007053	पुत्र	y			
16007053012	16007053	,		y		
16007054001	16007054	बसलीत				
16007054002	16007054	के				
16007054003	16007054	पुत्र	y			
16007054004	16007054	,		y		
16007054005	16007054	महीदा				
16007054006	16007054	के				
16007054007	16007054	पुत्र	y			
16007054008	16007054	,		y		
16007054009	16007054	हर्शा				
16007054010	16007054	के				
16007054011	16007054	पुत्र	y			
16007054012	16007054	,		y		
16007055001	16007055	बर्कोस				
16007055002	16007055	के				
16007055003	16007055	पुत्र	y			
16007055004	16007055	,		y		
16007055005	16007055	सीसरा				
16007055006	16007055	के				
16007055007	16007055	पुत्र	y			
16007055008	16007055	,		y		
16007055009	16007055	तेमह				
16007055010	16007055	के				
16007055011	16007055	पुत्र	y			
16007055012	16007055	,		y		
16007056001	16007056	नसीह				
16007056002	16007056	के				
16007056003	16007056	पुत्र	y			
16007056004	16007056	,		y		
16007056005	16007056	हतीपा				
16007056006	16007056	के				
16007056007	16007056	पुत्र	y			
16007056008	16007056	।		y		
16007057001	16007057	सुलैमान				
16007057002	16007057	के				
16007057003	16007057	सेवकों				
16007057004	16007057	के				
16007057005	16007057	पुत्र				
16007057006	16007057	थे	y			
16007057007	16007057	:		y		
16007057008	16007057	सोतै				
16007057009	16007057	के				
16007057010	16007057	पुत्र	y			
16007057011	16007057	,		y		
16007057012	16007057	सोपेरेत				
16007057013	16007057	के				
16007057014	16007057	पुत्र	y			
16007057015	16007057	,		y		
16007057016	16007057	परीदा				
16007057017	16007057	के				
16007057018	16007057	पुत्र	y			
16007057019	16007057	,		y		
16007058001	16007058	याला				
16007058002	16007058	के				
16007058003	16007058	पुत्र	y			
16007058004	16007058	,		y		
16007058005	16007058	दर्कोन				
16007058006	16007058	के				
16007058007	16007058	पुत्र	y			
16007058008	16007058	,		y		
16007058009	16007058	गिद्देल				
16007058010	16007058	के				
16007058011	16007058	पुत्र	y			
16007058012	16007058	,		y		
16007059001	16007059	शपत्याह				
16007059002	16007059	के				
16007059003	16007059	पुत्र	y			
16007059004	16007059	,		y		
16007059005	16007059	हत्तील				
16007059006	16007059	के				
16007059007	16007059	पुत्र	y			
16007059008	16007059	,		y		
16007059009	16007059	पोकेरेत-सबायीम				
16007059010	16007059	के				
16007059011	16007059	पुत्र	y			
16007059012	16007059	,		y		
16007059013	16007059	आमोन				
16007059014	16007059	के				
16007059015	16007059	पुत्र	y			
16007059016	16007059	।		y		
16007060001	16007060	सभी				
16007060002	16007060	नतीन				
16007060003	16007060	और				
16007060004	16007060	सुलैमान				
16007060005	16007060	के				
16007060006	16007060	सेवकों				
16007060007	16007060	के				
16007060008	16007060	पुत्र				
16007060009	16007060	392				
16007060010	16007060	थे	y			
16007060011	16007060	।		y		
16007061001	16007061	और				
16007061002	16007061	ये				
16007061003	16007061	हैं				
16007061004	16007061	वे				
16007061005	16007061	जो				
16007061006	16007061	तेल्मेलाह				
16007061007	16007061	से				
16007061008	16007061	ऊपर				
16007061009	16007061	गए	y			
16007061010	16007061	,		y		
16007061011	16007061	तेलहर्शा	y			
16007061012	16007061	,		y		
16007061013	16007061	करूब	y			
16007061014	16007061	,		y		
16007061015	16007061	अदोन	y			
16007061016	16007061	,		y		
16007061017	16007061	और				
16007061018	16007061	इम्मेर	y			
16007061019	16007061	,		y		
16007061020	16007061	पर				
16007061021	16007061	वे				
16007061022	16007061	उनके				
16007061023	16007061	पिताओं				
16007061024	16007061	के				
16007061025	16007061	घर				
16007061026	16007061	को				
16007061027	16007061	न				
16007061028	16007061	बता				
16007061029	16007061	सके				
16007061030	16007061	और				
16007061031	16007061	उनके				
16007061032	16007061	बीज	y			
16007061033	16007061	,		y		
16007061034	16007061	कि				
16007061035	16007061	वे				
16007061036	16007061	इस्राएल				
16007061037	16007061	के				
16007061038	16007061	हैं	y			
16007061039	16007061	।		y		
16007062001	16007062	दलायाह				
16007062002	16007062	के				
16007062003	16007062	पुत्र	y			
16007062004	16007062	,		y		
16007062005	16007062	तोबियाह				
16007062006	16007062	के				
16007062007	16007062	पुत्र	y			
16007062008	16007062	,		y		
16007062009	16007062	नकोदा				
16007062010	16007062	के				
16007062011	16007062	पुत्र	y			
16007062012	16007062	,		y		
16007062013	16007062	642				
16007062014	16007062	थे	y			
16007062015	16007062	।		y		
16007063001	16007063	और				
16007063002	16007063	याजकों				
16007063003	16007063	से	y			
16007063004	16007063	:		y		
16007063005	16007063	हबायाह				
16007063006	16007063	के				
16007063007	16007063	पुत्र	y			
16007063008	16007063	;		y		
16007063009	16007063	हक्कोस				
16007063010	16007063	के				
16007063011	16007063	पुत्र	y			
16007063012	16007063	;		y		
16007063013	16007063	बर्जिल्लै				
16007063014	16007063	के				
16007063015	16007063	पुत्र	y			
16007063016	16007063	,		y		
16007063017	16007063	जिसने				
16007063018	16007063	गिलादी				
16007063019	16007063	बर्जिल्लै				
16007063020	16007063	की				
16007063021	16007063	बेटियों				
16007063022	16007063	में				
16007063023	16007063	से				
16007063024	16007063	एक				
16007063025	16007063	पत्नी				
16007063026	16007063	ली				
16007063027	16007063	थी	y			
16007063028	16007063	,		y		
16007063029	16007063	और				
16007063030	16007063	वह				
16007063031	16007063	उनके				
16007063032	16007063	नाम				
16007063033	16007063	से				
16007063034	16007063	पुकारा				
16007063035	16007063	गया	y			
16007063036	16007063	।		y		
16007064001	16007064	इन				
16007064002	16007064	लोगों				
16007064003	16007064	ने				
16007064004	16007064	उनके				
16007064005	16007064	बीच				
16007064006	16007064	अपना				
16007064007	16007064	लेखा				
16007064008	16007064	ढूँढ़ा				
16007064009	16007064	जो				
16007064010	16007064	वंशावली				
16007064011	16007064	द्वारा				
16007064012	16007064	सूचीबद्ध				
16007064013	16007064	किए				
16007064014	16007064	गए				
16007064015	16007064	थे	y			
16007064016	16007064	,		y		
16007064017	16007064	पर				
16007064018	16007064	यह				
16007064019	16007064	नहीं				
16007064020	16007064	मिला				
16007064021	16007064	था	y			
16007064022	16007064	।		y		
16007064023	16007064	और				
16007064024	16007064	वे				
16007064025	16007064	याजकपद				
16007064026	16007064	से				
16007064027	16007064	हटा				
16007064028	16007064	दिए				
16007064029	16007064	गए				
16007064030	16007064	थे	y			
16007064031	16007064	।		y		
16007065001	16007065	और				
16007065002	16007065	तिर्शाता				
16007065003	16007065	ने				
16007065004	16007065	उन				
16007065005	16007065	से				
16007065006	16007065	कहा	y			
16007065007	16007065	:		y		
16007065008	16007065	कि				
16007065009	16007065	वे				
16007065010	16007065	परमपवित्र				
16007065011	16007065	भोजन				
16007065012	16007065	में				
16007065013	16007065	से				
16007065014	16007065	कुछ				
16007065015	16007065	न				
16007065016	16007065	खाएँ				
16007065017	16007065	जब				
16007065018	16007065	तक				
16007065019	16007065	कि				
16007065020	16007065	याजक				
16007065021	16007065	ऊरीम				
16007065022	16007065	और				
16007065023	16007065	तुम्मीम				
16007065024	16007065	के				
16007065025	16007065	साथ				
16007065026	16007065	खड़े				
16007065027	16007065	नहीं				
16007065028	16007065	होते	y			
16007065029	16007065	।		y		
16007066001	16007066	सारी				
16007066002	16007066	मण्डली	y			
16007066003	16007066	,		y		
16007066004	16007066	एक				
16007066005	16007066	के				
16007066006	16007066	रूप				
16007066007	16007066	में	y			
16007066008	16007066	,		y		
16007066009	16007066	42	y			
16007066010	16007066	,		y		
16007066011	16007066	360				
16007066012	16007066	थी	y			
16007066013	16007066	:		y		
16007067001	16007067	उनके				
16007067002	16007067	पुरुष				
16007067003	16007067	सेवकों				
16007067004	16007067	के				
16007067005	16007067	अतिरिक्त				
16007067006	16007067	और				
16007067007	16007067	उनकी				
16007067008	16007067	स्त्री				
16007067009	16007067	सेविकाएँ	y			
16007067010	16007067	,		y		
16007067011	16007067	ये				
16007067012	16007067	थे				
16007067013	16007067	7	y			
16007067014	16007067	,		y		
16007067015	16007067	337	y			
16007067016	16007067	;		y		
16007067017	16007067	और				
16007067018	16007067	उनके				
16007067019	16007067	लिए	y			
16007067020	16007067	,		y		
16007067021	16007067	पुरुष				
16007067022	16007067	जो				
16007067023	16007067	गाते				
16007067024	16007067	थे				
16007067025	16007067	और				
16007067026	16007067	स्त्रियाँ				
16007067027	16007067	जो				
16007067028	16007067	गाती				
16007067029	16007067	थीं				
16007067030	16007067	245				
16007067031	16007067	थे	y			
16007067032	16007067	।		y		
16007068001	16007068	घोड़े				
16007068002	16007068	736				
16007068003	16007068	थे	y			
16007068004	16007068	।		y		
16007068005	16007068	खच्चर				
16007068006	16007068	245				
16007068007	16007068	थे	y			
16007068008	16007068	।		y		
16007069001	16007068	ऊँट				
16007069002	16007068	435				
16007069003	16007068	थे	y			
16007069004	16007068	।		y		
16007069005	16007068	गदहों				
16007069006	16007068	की				
16007069007	16007068	सँख्या				
16007069008	16007068	6	y			
16007069009	16007068	,		y		
16007069010	16007068	720				
16007069011	16007068	थी	y			
16007069012	16007068	।		y		
16007070001	16007069	और				
16007070002	16007069	पिताओं				
16007070003	16007069	के				
16007070004	16007069	प्रधानों				
16007070005	16007069	में				
16007070006	16007069	से				
16007070007	16007069	कुछ				
16007070008	16007069	ने				
16007070009	16007069	काम				
16007070010	16007069	के				
16007070011	16007069	लिए				
16007070012	16007069	अधिकाई				
16007070013	16007069	से				
16007070014	16007069	दिया	y			
16007070015	16007069	।		y		
16007070016	16007069	तिर्शाता				
16007070017	16007069	ने				
16007070018	16007069	कोषागार				
16007070019	16007069	को				
16007070020	16007069	1	y			
16007070021	16007069	,		y		
16007070022	16007069	000				
16007070023	16007069	सोने				
16007070024	16007069	के				
16007070025	16007069	दर्कमोन				
16007070026	16007069	दिए	y			
16007070027	16007069	,		y		
16007070028	16007069	50				
16007070029	16007069	कटोरे	y			
16007070030	16007069	,		y		
16007070031	16007069	याजकों				
16007070032	16007069	के				
16007070033	16007069	530				
16007070034	16007069	अंगरखे	y			
16007070035	16007069	।		y		
16007071001	16007070	और				
16007071002	16007070	पिताओं				
16007071003	16007070	के				
16007071004	16007070	प्रधानों				
16007071005	16007070	में				
16007071006	16007070	से				
16007071007	16007070	कितनों				
16007071008	16007070	ने				
16007071009	16007070	काम				
16007071010	16007070	के				
16007071011	16007070	कोषागार				
16007071012	16007070	में				
16007071013	16007070	20	y			
16007071014	16007070	,		y		
16007071015	16007070	000				
16007071016	16007070	सोने				
16007071017	16007070	की				
16007071018	16007070	दर्कमोन				
16007071019	16007070	और				
16007071020	16007070	2	y			
16007071021	16007070	,		y		
16007071022	16007070	200				
16007071023	16007070	चाँदी				
16007071024	16007070	माने	y			
16007071025	16007070	।		y		
16007072001	16007071	और				
16007072002	16007071	बचे				
16007072003	16007071	हुओं				
16007072004	16007071	ने				
16007072005	16007071	जो				
16007072006	16007071	कुछ				
16007072007	16007071	दिया	y			
16007072008	16007071	,		y		
16007072009	16007071	वह				
16007072010	16007071	20	y			
16007072011	16007071	,		y		
16007072012	16007071	000				
16007072013	16007071	सोने				
16007072014	16007071	के				
16007072015	16007071	दर्कमोन				
16007072016	16007071	थे	y			
16007072017	16007071	,		y		
16007072018	16007071	और				
16007072019	16007071	2	y			
16007072020	16007071	,		y		
16007072021	16007071	000				
16007072022	16007071	चाँदी				
16007072023	16007071	माने	y			
16007072024	16007071	,		y		
16007072025	16007071	और				
16007072026	16007071	याजकों				
16007072027	16007071	के				
16007072028	16007071	67				
16007072029	16007071	अंगरखे	y			
16007072030	16007071	।	y	y		
16007072031	16007071	”		y		
16007073001	16007072	और				
16007073002	16007072	याजकों	y			
16007073003	16007072	,		y		
16007073004	16007072	और				
16007073005	16007072	लेवीय	y			
16007073006	16007072	,		y		
16007073007	16007072	और				
16007073008	16007072	द्वारपाल	y			
16007073009	16007072	,		y		
16007073010	16007072	और				
16007073011	16007072	जो				
16007073012	16007072	गाते				
16007073013	16007072	थे	y			
16007073014	16007072	,		y		
16007073015	16007072	और				
16007073016	16007072	लोगों				
16007073017	16007072	में				
16007073018	16007072	से				
16007073019	16007072	कुछ	y			
16007073020	16007072	,		y		
16007073021	16007072	और				
16007073022	16007072	नतीन	y			
16007073023	16007072	,		y		
16007073024	16007072	और				
16007073025	16007072	सब				
16007073026	16007072	इस्राएली				
16007073027	16007072	उनके				
16007073028	16007072	नगरों				
16007073029	16007072	में				
16007073030	16007072	रहने				
16007073031	16007072	लगे	y			
16007073032	16007072	।		y		
16007073033	16007072	और				
16007073034	16007072	सातवाँ				
16007073035	16007072	महीना				
16007073036	16007072	आया	y			
16007073037	16007072	,		y		
16007073038	16007072	और				
16007073039	16007072	इस्राएल				
16007073040	16007072	के				
16007073041	16007072	पुत्र				
16007073042	16007072	अपने				
16007073043	16007072	नगरों				
16007073044	16007072	में				
16007073045	16007072	थे	y			
16007073046	16007072	।		y		
16008001001	16008001	और				
16008001002	16008001	सब				
16008001003	16008001	लोग				
16008001004	16008001	एक				
16008001005	16008001	पुरुष				
16008001006	16008001	की				
16008001007	16008001	तरह				
16008001008	16008001	खुले				
16008001009	16008001	स्थान				
16008001010	16008001	पर				
16008001011	16008001	इकट्ठे				
16008001012	16008001	हुए				
16008001013	16008001	जो				
16008001014	16008001	जल				
16008001015	16008001	फाटक				
16008001016	16008001	के				
16008001017	16008001	मुँह				
16008001018	16008001	के				
16008001019	16008001	साम्हने				
16008001020	16008001	है	y			
16008001021	16008001	।		y		
16008001022	16008001	और				
16008001023	16008001	उन्होंने				
16008001024	16008001	एज्रा				
16008001025	16008001	शास्त्री				
16008001026	16008001	से				
16008001027	16008001	कहा				
16008001028	16008001	कि				
16008001029	16008001	मूसा				
16008001030	16008001	की				
16008001031	16008001	व्यवस्था				
16008001032	16008001	की				
16008001033	16008001	पुस्तक				
16008001034	16008001	लाए	y			
16008001035	16008001	,		y		
16008001036	16008001	जिसकी				
16008001037	16008001	आज्ञा				
16008001038	16008001	यहोवा				
16008001039	16008001	ने				
16008001040	16008001	इस्राएल				
16008001041	16008001	को				
16008001042	16008001	दी				
16008001043	16008001	थी	y			
16008001044	16008001	।		y		
16008002001	16008002	और				
16008002002	16008002	एज्रा				
16008002003	16008002	याजक				
16008002004	16008002	सातवें				
16008002005	16008002	महीने				
16008002006	16008002	के				
16008002007	16008002	पहले				
16008002008	16008002	दिन	y			
16008002009	16008002	,		y		
16008002010	16008002	व्यवस्था				
16008002011	16008002	को				
16008002012	16008002	मण्डली				
16008002013	16008002	के				
16008002014	16008002	मुँह				
16008002015	16008002	के				
16008002016	16008002	साम्हने				
16008002017	16008002	ले				
16008002018	16008002	आया				
16008002019	16008002	दोनों				
16008002020	16008002	पुरुषों				
16008002021	16008002	और				
16008002022	16008002	स्त्रियों				
16008002023	16008002	और				
16008002024	16008002	वे				
16008002025	16008002	सब				
16008002026	16008002	जो				
16008002027	16008002	सुनकर				
16008002028	16008002	समझते				
16008002029	16008002	थे	y			
16008002030	16008002	।		y		
16008003001	16008003	और				
16008003002	16008003	उसने				
16008003003	16008003	उसे				
16008003004	16008003	खुले				
16008003005	16008003	स्थान				
16008003006	16008003	के				
16008003007	16008003	मुँह				
16008003008	16008003	के				
16008003009	16008003	साम्हने				
16008003010	16008003	ऊँची				
16008003011	16008003	आवाज				
16008003012	16008003	से				
16008003013	16008003	पढ़ा				
16008003014	16008003	जो				
16008003015	16008003	जल				
16008003016	16008003	फाटक				
16008003017	16008003	के				
16008003018	16008003	साम्हने				
16008003019	16008003	है	y			
16008003020	16008003	,		y		
16008003021	16008003	प्रकाश				
16008003022	16008003	से				
16008003023	16008003	दिन				
16008003024	16008003	के				
16008003025	16008003	मध्य				
16008003026	16008003	तक	y			
16008003027	16008003	,		y		
16008003028	16008003	पुरुषों				
16008003029	16008003	के				
16008003030	16008003	सामने				
16008003031	16008003	और				
16008003032	16008003	स्त्रियों	y			
16008003033	16008003	,		y		
16008003034	16008003	और				
16008003035	16008003	जो				
16008003036	16008003	सुनकर				
16008003037	16008003	समझते				
16008003038	16008003	थे	y			
16008003039	16008003	।		y		
16008003040	16008003	और				
16008003041	16008003	सब				
16008003042	16008003	लोगों				
16008003043	16008003	के				
16008003044	16008003	कानों				
16008003045	16008003	ने				
16008003046	16008003	व्यवस्था				
16008003047	16008003	की				
16008003048	16008003	पुस्तक				
16008003049	16008003	सुनी	y			
16008003050	16008003	।		y		
16008004001	16008004	और				
16008004002	16008004	एज्रा				
16008004003	16008004	शास्त्री				
16008004004	16008004	लकड़ी				
16008004005	16008004	के				
16008004006	16008004	एक				
16008004007	16008004	चबूतरे				
16008004008	16008004	पर				
16008004009	16008004	खड़ा				
16008004010	16008004	था				
16008004011	16008004	जिसे				
16008004012	16008004	उन्होंने				
16008004013	16008004	इसी				
16008004014	16008004	उद्देश्य				
16008004015	16008004	से				
16008004016	16008004	बनाया				
16008004017	16008004	था	y			
16008004018	16008004	।		y		
16008004019	16008004	और				
16008004020	16008004	उसके				
16008004021	16008004	पास				
16008004022	16008004	खड़े				
16008004023	16008004	था	y			
16008004024	16008004	:		y		
16008004025	16008004	मत्तिय्याह	y			
16008004026	16008004	,		y		
16008004027	16008004	और				
16008004028	16008004	शेमा	y			
16008004029	16008004	,		y		
16008004030	16008004	और				
16008004031	16008004	अनायाह	y			
16008004032	16008004	,		y		
16008004033	16008004	और				
16008004034	16008004	ऊरिय्याह	y			
16008004035	16008004	,		y		
16008004036	16008004	और				
16008004037	16008004	हिल्किय्याह	y			
16008004038	16008004	,		y		
16008004039	16008004	और				
16008004040	16008004	मासेयाह	y			
16008004041	16008004	,		y		
16008004042	16008004	उसके				
16008004043	16008004	दाहिने				
16008004044	16008004	हाथ				
16008004045	16008004	पर	y			
16008004046	16008004	;		y		
16008004047	16008004	और				
16008004048	16008004	उसके				
16008004049	16008004	बाएँ				
16008004050	16008004	से	y			
16008004051	16008004	,		y		
16008004052	16008004	पदायाह	y			
16008004053	16008004	,		y		
16008004054	16008004	और				
16008004055	16008004	मीशाएल	y			
16008004056	16008004	,		y		
16008004057	16008004	और				
16008004058	16008004	मल्किय्याह	y			
16008004059	16008004	,		y		
16008004060	16008004	और				
16008004061	16008004	हाशूम	y			
16008004062	16008004	,		y		
16008004063	16008004	हश्बद्दाना	y			
16008004064	16008004	,		y		
16008004065	16008004	जकर्याह	y			
16008004066	16008004	,		y		
16008004067	16008004	मशुल्लाम	y			
16008004068	16008004	।		y		
16008005001	16008005	और				
16008005002	16008005	एज्रा				
16008005003	16008005	ने				
16008005004	16008005	पुस्तक				
16008005005	16008005	को				
16008005006	16008005	सब				
16008005007	16008005	लोगों				
16008005008	16008005	मुँह				
16008005009	16008005	के				
16008005010	16008005	साम्हने				
16008005011	16008005	खोला	y			
16008005012	16008005	,		y		
16008005013	16008005	क्योंकि				
16008005014	16008005	वह				
16008005015	16008005	सब				
16008005016	16008005	लोगों				
16008005017	16008005	से				
16008005018	16008005	ऊँचा				
16008005019	16008005	था	y			
16008005020	16008005	।		y		
16008005021	16008005	और				
16008005022	16008005	जैसे				
16008005023	16008005	ही				
16008005024	16008005	उसने				
16008005025	16008005	खोला	y			
16008005026	16008005	,		y		
16008005027	16008005	सभी				
16008005028	16008005	लोग				
16008005029	16008005	खड़े				
16008005030	16008005	हुए	y			
16008005031	16008005	।		y		
16008006001	16008006	और				
16008006002	16008006	एज्रा				
16008006003	16008006	ने				
16008006004	16008006	यहोवा				
16008006005	16008006	महान				
16008006006	16008006	परमेश्वर				
16008006007	16008006	को				
16008006008	16008006	धन्य				
16008006009	16008006	कहा	y			
16008006010	16008006	।		y		
16008006011	16008006	और				
16008006012	16008006	सभी				
16008006013	16008006	लोगों				
16008006014	16008006	ने				
16008006015	16008006	उत्तर				
16008006016	16008006	दिया	y			
16008006017	16008006	,		y		
16008006018	16008006	""""	y	y		
16008006019	16008006	आमीन	y			
16008006020	16008006	!		y		
16008006021	16008006	आमीन	y			
16008006022	16008006	!	y	y		
16008006023	16008006	""""	y	y		
16008006024	16008006	अपने				
16008006025	16008006	हाथों				
16008006026	16008006	को				
16008006027	16008006	ऊपर				
16008006028	16008006	उठाकर	y			
16008006029	16008006	।		y		
16008006030	16008006	और				
16008006031	16008006	उन्होंने				
16008006032	16008006	घुटने				
16008006033	16008006	टेक				
16008006034	16008006	दिए				
16008006035	16008006	और				
16008006036	16008006	यहोवा				
16008006037	16008006	को				
16008006038	16008006	दण्डवत्				
16008006039	16008006	किया	y			
16008006040	16008006	,		y		
16008006041	16008006	भूमि				
16008006042	16008006	पर				
16008006043	16008006	नथुनें	y			
16008006044	16008006	।		y		
16008007001	16008007	और				
16008007002	16008007	येशुअ	y			
16008007003	16008007	,		y		
16008007004	16008007	और				
16008007005	16008007	बानी	y			
16008007006	16008007	,		y		
16008007007	16008007	और				
16008007008	16008007	शेरेब्याह	y			
16008007009	16008007	,		y		
16008007010	16008007	यामीन	y			
16008007011	16008007	,		y		
16008007012	16008007	अक्कूब	y			
16008007013	16008007	,		y		
16008007014	16008007	शब्बतै	y			
16008007015	16008007	,		y		
16008007016	16008007	होदिय्याह	y			
16008007017	16008007	,		y		
16008007018	16008007	मासेयाह	y			
16008007019	16008007	,		y		
16008007020	16008007	कलीता	y			
16008007021	16008007	,		y		
16008007022	16008007	अजर्याह	y			
16008007023	16008007	,		y		
16008007024	16008007	योजाबाद	y			
16008007025	16008007	,		y		
16008007026	16008007	हानान	y			
16008007027	16008007	,		y		
16008007028	16008007	पलायाह	y			
16008007029	16008007	,		y		
16008007030	16008007	और				
16008007031	16008007	लेवीय				
16008007032	16008007	प्रजा				
16008007033	16008007	को				
16008007034	16008007	व्‍यवस्‍था				
16008007035	16008007	समझा				
16008007036	16008007	रहे				
16008007037	16008007	थे	y			
16008007038	16008007	।		y		
16008007039	16008007	और				
16008007040	16008007	लोग				
16008007041	16008007	अपने				
16008007042	16008007	स्थान				
16008007043	16008007	में				
16008007044	16008007	थे	y			
16008007045	16008007	।		y		
16008008001	16008008	और				
16008008002	16008008	उन्होंने				
16008008003	16008008	पुस्तक				
16008008004	16008008	को				
16008008005	16008008	ऊँची				
16008008006	16008008	आवाज				
16008008007	16008008	से				
16008008008	16008008	सावधानीपूर्वक				
16008008009	16008008	पढ़ा	y			
16008008010	16008008	,		y		
16008008011	16008008	परमेश्वर				
16008008012	16008008	की				
16008008013	16008008	व्यवस्था				
16008008014	16008008	से	y			
16008008015	16008008	,		y		
16008008016	16008008	और				
16008008017	16008008	व्याख्या				
16008008018	16008008	निर्धारित				
16008008019	16008008	की	y			
16008008020	16008008	।		y		
16008008021	16008008	और				
16008008022	16008008	वे				
16008008023	16008008	पढ़ने				
16008008024	16008008	को				
16008008025	16008008	समझ				
16008008026	16008008	गए	y			
16008008027	16008008	।		y		
16008009001	16008009	और				
16008009002	16008009	नहेम्याह	y			
16008009003	16008009	,		y		
16008009004	16008009	जो				
16008009005	16008009	तिर्शाता				
16008009006	16008009	था	y			
16008009007	16008009	,		y		
16008009008	16008009	और				
16008009009	16008009	एज्रा	y			
16008009010	16008009	,		y		
16008009011	16008009	याजक	y			
16008009012	16008009	,		y		
16008009013	16008009	शास्त्री	y			
16008009014	16008009	,		y		
16008009015	16008009	और				
16008009016	16008009	लेवीय				
16008009017	16008009	जो				
16008009018	16008009	लोगों				
16008009019	16008009	को				
16008009020	16008009	समझा				
16008009021	16008009	रहे				
16008009022	16008009	थे	y			
16008009023	16008009	,		y		
16008009024	16008009	सभी				
16008009025	16008009	लोगों				
16008009026	16008009	से				
16008009027	16008009	कहा	y			
16008009028	16008009	:		y		
16008009029	16008009	“	y	y		
16008009030	16008009	आज				
16008009031	16008009	पवित्र				
16008009032	16008009	है	y			
16008009033	16008009	;		y		
16008009034	16008009	वह				
16008009035	16008009	तेरे				
16008009036	16008009	परमेश्वर				
16008009037	16008009	यहोवा				
16008009038	16008009	से				
16008009039	16008009	संबंधित				
16008009040	16008009	है	y			
16008009041	16008009	।		y		
16008009042	16008009	शोक				
16008009043	16008009	ना				
16008009044	16008009	करो				
16008009045	16008009	और				
16008009046	16008009	मत				
16008009047	16008009	रोओ	y			
16008009048	16008009	।	y	y		
16008009049	16008009	”		y		
16008009050	16008009	क्योंकि				
16008009051	16008009	सब				
16008009052	16008009	लोग				
16008009053	16008009	व्‍यवस्‍था				
16008009054	16008009	के				
16008009055	16008009	शब्दों				
16008009056	16008009	को				
16008009057	16008009	सुनकर				
16008009058	16008009	रो				
16008009059	16008009	रहे				
16008009060	16008009	थे	y			
16008009061	16008009	।		y		
16008010001	16008010	और				
16008010002	16008010	उसने				
16008010003	16008010	उन				
16008010004	16008010	से				
16008010005	16008010	कहा	y			
16008010006	16008010	,		y		
16008010007	16008010	""""	y	y		
16008010008	16008010	जाओ	y			
16008010009	16008010	,		y		
16008010010	16008010	चर्बी				
16008010011	16008010	खाओ				
16008010012	16008010	और				
16008010013	16008010	मीठा				
16008010014	16008010	पियो	y			
16008010015	16008010	,		y		
16008010016	16008010	और				
16008010017	16008010	उन्हें				
16008010018	16008010	कुछ				
16008010019	16008010	भाग				
16008010020	16008010	भेजो				
16008010021	16008010	जिनके				
16008010022	16008010	लिये				
16008010023	16008010	कुछ				
16008010024	16008010	तैयार				
16008010025	16008010	नहीं				
16008010026	16008010	है	y			
16008010027	16008010	,		y		
16008010028	16008010	क्योंकि				
16008010029	16008010	आज				
16008010030	16008010	पवित्र				
16008010031	16008010	है	y			
16008010032	16008010	,		y		
16008010033	16008010	हमारे				
16008010034	16008010	परमेश्वर				
16008010035	16008010	से				
16008010036	16008010	संबंधित	y			
16008010037	16008010	।		y		
16008010038	16008010	और				
16008010039	16008010	शोक				
16008010040	16008010	मत				
16008010041	16008010	करो	y			
16008010042	16008010	,		y		
16008010043	16008010	क्योंकि	y			
16008010044	16008010	,		y		
16008010045	16008010	यहोवा				
16008010046	16008010	का				
16008010047	16008010	आनन्द	y			
16008010048	16008010	,		y		
16008010049	16008010	यह				
16008010050	16008010	तुम्हारी				
16008010051	16008010	सामर्थ्य				
16008010052	16008010	है	y			
16008010053	16008010	।	y	y		
16008010054	16008010	""""		y		
16008011001	16008011	और				
16008011002	16008011	लेवियों				
16008011003	16008011	ने				
16008011004	16008011	सब				
16008011005	16008011	लोगों				
16008011006	16008011	को				
16008011007	16008011	चुप				
16008011008	16008011	करा				
16008011009	16008011	दिया	y			
16008011010	16008011	,		y		
16008011011	16008011	कहते				
16008011012	16008011	हुए	y			
16008011013	16008011	,		y		
16008011014	16008011	""""	y	y		
16008011015	16008011	चुप				
16008011016	16008011	रहो	y			
16008011017	16008011	,		y		
16008011018	16008011	क्योंकि				
16008011019	16008011	आज				
16008011020	16008011	पवित्र				
16008011021	16008011	है	y			
16008011022	16008011	।		y		
16008011023	16008011	और				
16008011024	16008011	शोक				
16008011025	16008011	मत				
16008011026	16008011	करो	y			
16008011027	16008011	।	y	y		
16008011028	16008011	”		y		
16008012001	16008012	और				
16008012002	16008012	सब				
16008012003	16008012	लोग				
16008012004	16008012	खाने				
16008012005	16008012	और				
16008012006	16008012	पीने				
16008012007	16008012	और				
16008012008	16008012	भागों				
16008012009	16008012	को				
16008012010	16008012	भेजने				
16008012011	16008012	को				
16008012012	16008012	और				
16008012013	16008012	एक				
16008012014	16008012	बड़ा				
16008012015	16008012	आनन्द				
16008012016	16008012	करने				
16008012017	16008012	को				
16008012018	16008012	गए	y			
16008012019	16008012	,		y		
16008012020	16008012	क्योंकि				
16008012021	16008012	वे				
16008012022	16008012	शब्दों				
16008012023	16008012	को				
16008012024	16008012	समझते				
16008012025	16008012	थे				
16008012026	16008012	जिससे				
16008012027	16008012	उन्हें				
16008012028	16008012	ज्ञात				
16008012029	16008012	करा				
16008012030	16008012	दिया				
16008012031	16008012	गया				
16008012032	16008012	था	y			
16008012033	16008012	।		y		
16008013001	16008013	और				
16008013002	16008013	दूसरे				
16008013003	16008013	दिन	y			
16008013004	16008013	,		y		
16008013005	16008013	सभी				
16008013006	16008013	लोगों				
16008013007	16008013	के				
16008013008	16008013	पिताओं				
16008013009	16008013	के				
16008013010	16008013	प्रधान	y			
16008013011	16008013	,		y		
16008013012	16008013	याजक	y			
16008013013	16008013	,		y		
16008013014	16008013	और				
16008013015	16008013	लेवीय				
16008013016	16008013	एज्रा				
16008013017	16008013	शास्त्री				
16008013018	16008013	के				
16008013019	16008013	पास				
16008013020	16008013	इकट्ठे				
16008013021	16008013	हुए	y			
16008013022	16008013	,		y		
16008013023	16008013	यहाँ				
16008013024	16008013	तक				
16008013025	16008013	कि				
16008013026	16008013	व्यवस्था				
16008013027	16008013	के				
16008013028	16008013	शब्दों				
16008013029	16008013	पर				
16008013030	16008013	ध्यान				
16008013031	16008013	देने				
16008013032	16008013	के				
16008013033	16008013	लिए	y			
16008013034	16008013	।		y		
16008014001	16008014	और				
16008014002	16008014	उन्हें				
16008014003	16008014	व्यवस्था				
16008014004	16008014	में				
16008014005	16008014	लिखा				
16008014006	16008014	हुआ				
16008014007	16008014	मिला				
16008014008	16008014	जिसे				
16008014009	16008014	यहोवा				
16008014010	16008014	ने				
16008014011	16008014	मूसा				
16008014012	16008014	के				
16008014013	16008014	हाथ				
16008014014	16008014	से				
16008014015	16008014	आज्ञा				
16008014016	16008014	दी				
16008014017	16008014	थी	y			
16008014018	16008014	:		y		
16008014019	16008014	कि				
16008014020	16008014	इस्राएल				
16008014021	16008014	के				
16008014022	16008014	पुत्रों				
16008014023	16008014	को				
16008014024	16008014	सातवें				
16008014025	16008014	महीने				
16008014026	16008014	के				
16008014027	16008014	पर्व				
16008014028	16008014	के				
16008014029	16008014	समय				
16008014030	16008014	झोपड़ियों				
16008014031	16008014	में				
16008014032	16008014	रहना				
16008014033	16008014	चाहिए	y			
16008014034	16008014	;		y		
16008015001	16008015	और				
16008015002	16008015	यह				
16008015003	16008015	कि				
16008015004	16008015	उन्हें				
16008015005	16008015	दूसरों				
16008015006	16008015	को				
16008015007	16008015	सुनने				
16008015008	16008015	का				
16008015009	16008015	कारण				
16008015010	16008015	बनना				
16008015011	16008015	चाहिए				
16008015012	16008015	और				
16008015013	16008015	उनके				
16008015014	16008015	सब				
16008015015	16008015	नगरों				
16008015016	16008015	में				
16008015017	16008015	एक				
16008015018	16008015	ध्वनि				
16008015019	16008015	को				
16008015020	16008015	पास				
16008015021	16008015	करना				
16008015022	16008015	चाहिए				
16008015023	16008015	और				
16008015024	16008015	यरूशलेम				
16008015025	16008015	में	y			
16008015026	16008015	,		y		
16008015027	16008015	कहते				
16008015028	16008015	हुए	y			
16008015029	16008015	,		y		
16008015030	16008015	""""	y	y		
16008015031	16008015	बाहर				
16008015032	16008015	पहाड़				
16008015033	16008015	पर				
16008015034	16008015	जाओ	y			
16008015035	16008015	,		y		
16008015036	16008015	और				
16008015037	16008015	जैतून				
16008015038	16008015	की				
16008015039	16008015	डालियाँ				
16008015040	16008015	लाओ	y			
16008015041	16008015	,		y		
16008015042	16008015	और				
16008015043	16008015	तेल				
16008015044	16008015	वृक्षों				
16008015045	16008015	की				
16008015046	16008015	शाखाएँ	y			
16008015047	16008015	,		y		
16008015048	16008015	और				
16008015049	16008015	मेंहदी				
16008015050	16008015	की				
16008015051	16008015	शाखाएँ	y			
16008015052	16008015	,		y		
16008015053	16008015	और				
16008015054	16008015	खजूर				
16008015055	16008015	की				
16008015056	16008015	शाखाएँ	y			
16008015057	16008015	,		y		
16008015058	16008015	और				
16008015059	16008015	पत्तेदार				
16008015060	16008015	वृक्षों				
16008015061	16008015	की				
16008015062	16008015	शाखाएँ	y			
16008015063	16008015	,		y		
16008015064	16008015	झोपड़ियाँ				
16008015065	16008015	बनाने				
16008015066	16008015	के				
16008015067	16008015	लिए	y			
16008015068	16008015	,		y		
16008015069	16008015	जैसा				
16008015070	16008015	लिखा				
16008015071	16008015	है	y			
16008015072	16008015	।	y	y		
16008015073	16008015	""""		y		
16008016001	16008016	और				
16008016002	16008016	लोग				
16008016003	16008016	बाहर				
16008016004	16008016	निकल				
16008016005	16008016	गए				
16008016006	16008016	और				
16008016007	16008016	लाए				
16008016008	16008016	और				
16008016009	16008016	अपने				
16008016010	16008016	लिए				
16008016011	16008016	झोपड़ियाँ				
16008016012	16008016	बना				
16008016013	16008016	लीं	y			
16008016014	16008016	,		y		
16008016015	16008016	एक				
16008016016	16008016	पुरुष				
16008016017	16008016	अपनी				
16008016018	16008016	छत				
16008016019	16008016	पर	y			
16008016020	16008016	,		y		
16008016021	16008016	और				
16008016022	16008016	उनके				
16008016023	16008016	आँगनों				
16008016024	16008016	में	y			
16008016025	16008016	,		y		
16008016026	16008016	और				
16008016027	16008016	परमेश्वर				
16008016028	16008016	के				
16008016029	16008016	घर				
16008016030	16008016	के				
16008016031	16008016	आंगनों				
16008016032	16008016	में	y			
16008016033	16008016	,		y		
16008016034	16008016	और				
16008016035	16008016	जल				
16008016036	16008016	के				
16008016037	16008016	फाटक				
16008016038	16008016	के				
16008016039	16008016	खुले				
16008016040	16008016	क्षेत्र				
16008016041	16008016	में	y			
16008016042	16008016	,		y		
16008016043	16008016	और				
16008016044	16008016	एप्रैम				
16008016045	16008016	के				
16008016046	16008016	फाटक				
16008016047	16008016	के				
16008016048	16008016	खुले				
16008016049	16008016	क्षेत्र				
16008016050	16008016	में	y			
16008016051	16008016	।		y		
16008017001	16008017	और				
16008017002	16008017	सारी				
16008017003	16008017	मण्डली	y			
16008017004	16008017	,		y		
16008017005	16008017	वे				
16008017006	16008017	जो				
16008017007	16008017	कैद				
16008017008	16008017	से				
16008017009	16008017	लौटे				
16008017010	16008017	थे	y			
16008017011	16008017	,		y		
16008017012	16008017	झोपड़ियाँ				
16008017013	16008017	बनाईं	y			
16008017014	16008017	,		y		
16008017015	16008017	और				
16008017016	16008017	वे				
16008017017	16008017	झोंपडिय़ों				
16008017018	16008017	में				
16008017019	16008017	रहने				
16008017020	16008017	लगे	y			
16008017021	16008017	।		y		
16008017022	16008017	क्योंकि				
16008017023	16008017	इस्राएलियों				
16008017024	16008017	ने				
16008017025	16008017	नून				
16008017026	16008017	के				
16008017027	16008017	पुत्र				
16008017028	16008017	यहोशू				
16008017029	16008017	के				
16008017030	16008017	दिनों				
16008017031	16008017	से				
16008017032	16008017	लेकर				
16008017033	16008017	उस				
16008017034	16008017	दिन				
16008017035	16008017	तक				
16008017036	16008017	ऐसा				
16008017037	16008017	नहीं				
16008017038	16008017	किया				
16008017039	16008017	था	y			
16008017040	16008017	।		y		
16008017041	16008017	और				
16008017042	16008017	वहाँ				
16008017043	16008017	बहुत				
16008017044	16008017	बड़ा				
16008017045	16008017	आनन्द				
16008017046	16008017	था	y			
16008017047	16008017	।		y		
16008018001	16008018	और				
16008018002	16008018	उसने				
16008018003	16008018	परमेश्वर				
16008018004	16008018	की				
16008018005	16008018	व्यवस्था				
16008018006	16008018	की				
16008018007	16008018	पुस्तक				
16008018008	16008018	में				
16008018009	16008018	से				
16008018010	16008018	ऊँचे				
16008018011	16008018	आवाज				
16008018012	16008018	से				
16008018013	16008018	पढ़ा	y			
16008018014	16008018	,		y		
16008018015	16008018	दिन				
16008018016	16008018	प्रति				
16008018017	16008018	दिन	y			
16008018018	16008018	,		y		
16008018019	16008018	पहले				
16008018020	16008018	दिन				
16008018021	16008018	से				
16008018022	16008018	अन्तिम				
16008018023	16008018	दिन				
16008018024	16008018	तक	y			
16008018025	16008018	।		y		
16008018026	16008018	और				
16008018027	16008018	उन्होंने				
16008018028	16008018	सात				
16008018029	16008018	दिनों				
16008018030	16008018	तक				
16008018031	16008018	उत्सव				
16008018032	16008018	मनाया	y			
16008018033	16008018	,		y		
16008018034	16008018	और				
16008018035	16008018	आठवें				
16008018036	16008018	दिन				
16008018037	16008018	एक				
16008018038	16008018	सभा	y			
16008018039	16008018	,		y		
16008018040	16008018	अध्यादेश				
16008018041	16008018	के				
16008018042	16008018	अनुसार	y			
16008018043	16008018	।		y		
16009001001	16009001	और				
16009001002	16009001	इसी				
16009001003	16009001	महीने				
16009001004	16009001	के				
16009001005	16009001	24				
16009001006	16009001	वें				
16009001007	16009001	दिन				
16009001008	16009001	इस्राएल				
16009001009	16009001	के				
16009001010	16009001	पुत्र				
16009001011	16009001	उपवास				
16009001012	16009001	में				
16009001013	16009001	इकट्ठे				
16009001014	16009001	हुए				
16009001015	16009001	और				
16009001016	16009001	टाट				
16009001017	16009001	में	y			
16009001018	16009001	,		y		
16009001019	16009001	और				
16009001020	16009001	उन				
16009001021	16009001	पर				
16009001022	16009001	धूल				
16009001023	16009001	थी	y			
16009001024	16009001	।		y		
16009002001	16009002	और				
16009002002	16009002	इस्राएल				
16009002003	16009002	का				
16009002004	16009002	बीज				
16009002005	16009002	परदेशी				
16009002006	16009002	के				
16009002007	16009002	सब				
16009002008	16009002	पुत्रों				
16009002009	16009002	से				
16009002010	16009002	अलग				
16009002011	16009002	हो				
16009002012	16009002	गया	y			
16009002013	16009002	।		y		
16009002014	16009002	और				
16009002015	16009002	वे				
16009002016	16009002	खड़े				
16009002017	16009002	हो				
16009002018	16009002	गए	y			
16009002019	16009002	,		y		
16009002020	16009002	और				
16009002021	16009002	उन्होंने				
16009002022	16009002	अपने				
16009002023	16009002	पापों				
16009002024	16009002	के				
16009002025	16009002	विषय				
16009002026	16009002	में				
16009002027	16009002	अंगीकार				
16009002028	16009002	किया				
16009002029	16009002	और				
16009002030	16009002	उनके				
16009002031	16009002	पिताओं				
16009002032	16009002	के				
16009002033	16009002	अधर्म				
16009002034	16009002	के				
16009002035	16009002	काम	y			
16009002036	16009002	।		y		
16009003001	16009003	और				
16009003002	16009003	वे				
16009003003	16009003	उनके				
16009003004	16009003	स्थान				
16009003005	16009003	पर				
16009003006	16009003	उठे	y			
16009003007	16009003	,		y		
16009003008	16009003	और				
16009003009	16009003	उन्होंने				
16009003010	16009003	उनके				
16009003011	16009003	परमेश्वर				
16009003012	16009003	यहोवा				
16009003013	16009003	की				
16009003014	16009003	व्यवस्था				
16009003015	16009003	की				
16009003016	16009003	पुस्तक				
16009003017	16009003	को				
16009003018	16009003	ऊँचे				
16009003019	16009003	आवाज				
16009003020	16009003	में				
16009003021	16009003	पढ़ा				
16009003022	16009003	दिन				
16009003023	16009003	का				
16009003024	16009003	एक				
16009003025	16009003	चौथाई	y			
16009003026	16009003	,		y		
16009003027	16009003	और				
16009003028	16009003	एक				
16009003029	16009003	चौथाई				
16009003030	16009003	दिन				
16009003031	16009003	अंगीकार				
16009003032	16009003	करते				
16009003033	16009003	रहे				
16009003034	16009003	थे				
16009003035	16009003	और				
16009003036	16009003	स्वयं				
16009003037	16009003	को				
16009003038	16009003	उनके				
16009003039	16009003	परमेश्वर				
16009003040	16009003	यहोवा				
16009003041	16009003	को				
16009003042	16009003	दण्डवत				
16009003043	16009003	किया	y			
16009003044	16009003	।		y		
16009004001	16009004	और				
16009004002	16009004	येशुअ				
16009004003	16009004	लेवियों				
16009004004	16009004	की				
16009004005	16009004	सीढ़ियों				
16009004006	16009004	पर				
16009004007	16009004	चढ़				
16009004008	16009004	गया	y			
16009004009	16009004	,		y		
16009004010	16009004	और				
16009004011	16009004	बानी	y			
16009004012	16009004	,		y		
16009004013	16009004	कदमीएल	y			
16009004014	16009004	,		y		
16009004015	16009004	शबन्याह	y			
16009004016	16009004	,		y		
16009004017	16009004	बन्नी	y			
16009004018	16009004	,		y		
16009004019	16009004	शेरेब्याह	y			
16009004020	16009004	,		y		
16009004021	16009004	बानी	y			
16009004022	16009004	,		y		
16009004023	16009004	कनानी	y			
16009004024	16009004	।		y		
16009004025	16009004	और				
16009004026	16009004	उन्होंने				
16009004027	16009004	उनके				
16009004028	16009004	परमेश्वर				
16009004029	16009004	यहोवा				
16009004030	16009004	को				
16009004031	16009004	ऊँचे				
16009004032	16009004	आवाज				
16009004033	16009004	से				
16009004034	16009004	पुकारा	y			
16009004035	16009004	।		y		
16009005001	16009005	और				
16009005002	16009005	लेवीय	y			
16009005003	16009005	,		y		
16009005004	16009005	येशुअ	y			
16009005005	16009005	,		y		
16009005006	16009005	कदमीएल	y			
16009005007	16009005	,		y		
16009005008	16009005	बानी	y			
16009005009	16009005	,		y		
16009005010	16009005	हशब्नयाह	y			
16009005011	16009005	,		y		
16009005012	16009005	शेरेब्याह	y			
16009005013	16009005	,		y		
16009005014	16009005	होदिय्याह	y			
16009005015	16009005	,		y		
16009005016	16009005	शबन्याह	y			
16009005017	16009005	,		y		
16009005018	16009005	पतह्याह	y			
16009005019	16009005	,		y		
16009005020	16009005	ने				
16009005021	16009005	कहा	y			
16009005022	16009005	,		y		
16009005023	16009005	“	y	y		
16009005024	16009005	उठो	y			
16009005025	16009005	!		y		
16009005026	16009005	अपने				
16009005027	16009005	परमेश्वर				
16009005028	16009005	यहोवा				
16009005029	16009005	को				
16009005030	16009005	अनादि				
16009005031	16009005	से				
16009005032	16009005	अनन्तकाल				
16009005033	16009005	तक				
16009005034	16009005	धन्य				
16009005035	16009005	कहो	y			
16009005036	16009005	!		y		
16009005037	16009005	और				
16009005038	16009005	वे				
16009005039	16009005	तेरे				
16009005040	16009005	महिमामय				
16009005041	16009005	नाम				
16009005042	16009005	को				
16009005043	16009005	आशीष				
16009005044	16009005	दें	y			
16009005045	16009005	,		y		
16009005046	16009005	जो				
16009005047	16009005	सारी				
16009005048	16009005	आशीष				
16009005049	16009005	और				
16009005050	16009005	स्तुति				
16009005051	16009005	से				
16009005052	16009005	ऊँचा				
16009005053	16009005	है	y			
16009005054	16009005	।		y		
16009006001	16009006	तू				
16009006002	16009006	ही				
16009006003	16009006	वह				
16009006004	16009006	है	y			
16009006005	16009006	,		y		
16009006006	16009006	यहोवा	y			
16009006007	16009006	:		y		
16009006008	16009006	तूने				
16009006009	16009006	ही				
16009006010	16009006	स्वर्गों				
16009006011	16009006	को				
16009006012	16009006	बनाया				
16009006013	16009006	है	y			
16009006014	16009006	,		y		
16009006015	16009006	स्वर्गों				
16009006016	16009006	के				
16009006017	16009006	स्वर्गों				
16009006018	16009006	को				
16009006019	16009006	और				
16009006020	16009006	उनके				
16009006021	16009006	सभी				
16009006022	16009006	मेजबान	y			
16009006023	16009006	,		y		
16009006024	16009006	पृथ्वी				
16009006025	16009006	और				
16009006026	16009006	जो				
16009006027	16009006	कुछ				
16009006028	16009006	उस				
16009006029	16009006	पर				
16009006030	16009006	है	y			
16009006031	16009006	,		y		
16009006032	16009006	समुद्र				
16009006033	16009006	और				
16009006034	16009006	जो				
16009006035	16009006	कुछ				
16009006036	16009006	उन				
16009006037	16009006	में				
16009006038	16009006	है	y			
16009006039	16009006	;		y		
16009006040	16009006	और				
16009006041	16009006	तू				
16009006042	16009006	उन				
16009006043	16009006	सब				
16009006044	16009006	को				
16009006045	16009006	जीवित				
16009006046	16009006	रहने				
16009006047	16009006	का				
16009006048	16009006	कारण				
16009006049	16009006	है	y			
16009006050	16009006	;		y		
16009006051	16009006	और				
16009006052	16009006	स्वर्गों				
16009006053	16009006	का				
16009006054	16009006	मेजबाज				
16009006055	16009006	तुझे				
16009006056	16009006	दण्डवत				
16009006057	16009006	करता				
16009006058	16009006	है	y			
16009006059	16009006	।		y		
16009007001	16009007	तू				
16009007002	16009007	ही				
16009007003	16009007	वह				
16009007004	16009007	है	y			
16009007005	16009007	,		y		
16009007006	16009007	यहोवा	y			
16009007007	16009007	,		y		
16009007008	16009007	परमेश्वर				
16009007009	16009007	जिसने				
16009007010	16009007	अब्राम				
16009007011	16009007	को				
16009007012	16009007	चुना	y			
16009007013	16009007	।		y		
16009007014	16009007	साथ				
16009007015	16009007	ही	y			
16009007016	16009007	,		y		
16009007017	16009007	तू				
16009007018	16009007	उसे				
16009007019	16009007	कसदियों				
16009007020	16009007	के				
16009007021	16009007	ऊर				
16009007022	16009007	से				
16009007023	16009007	निकाल				
16009007024	16009007	लाया	y			
16009007025	16009007	।		y		
16009007026	16009007	साथ				
16009007027	16009007	ही	y			
16009007028	16009007	,		y		
16009007029	16009007	तूने				
16009007030	16009007	उसका				
16009007031	16009007	नाम				
16009007032	16009007	'अब्राहम'रखा	y			
16009007033	16009007	।		y		
16009008001	16009008	साथ				
16009008002	16009008	ही	y			
16009008003	16009008	,		y		
16009008004	16009008	तूने				
16009008005	16009008	उसका				
16009008006	16009008	मन				
16009008007	16009008	तेरे				
16009008008	16009008	मुँह				
16009008009	16009008	के				
16009008010	16009008	आगे				
16009008011	16009008	विश्वासयोग्य				
16009008012	16009008	पाया	y			
16009008013	16009008	:		y		
16009008014	16009008	और				
16009008015	16009008	उसके				
16009008016	16009008	साथ				
16009008017	16009008	वाचा				
16009008018	16009008	को				
16009008019	16009008	बाँधा	y			
16009008020	16009008	,		y		
16009008021	16009008	कनानियों				
16009008022	16009008	की				
16009008023	16009008	भूमि				
16009008024	16009008	देने				
16009008025	16009008	के				
16009008026	16009008	लिए	y			
16009008027	16009008	,		y		
16009008028	16009008	हित्तीयों	y			
16009008029	16009008	,		y		
16009008030	16009008	एमोरियों	y			
16009008031	16009008	,		y		
16009008032	16009008	परिज्जियों	y			
16009008033	16009008	,		y		
16009008034	16009008	यबूसियों	y			
16009008035	16009008	,		y		
16009008036	16009008	गिर्गाशियों	y			
16009008037	16009008	,		y		
16009008038	16009008	उसका				
16009008039	16009008	बीज				
16009008040	16009008	को				
16009008041	16009008	देने				
16009008042	16009008	के				
16009008043	16009008	लिए	y			
16009008044	16009008	;		y		
16009008045	16009008	और				
16009008046	16009008	तूने				
16009008047	16009008	अपनी				
16009008048	16009008	बातें				
16009008049	16009008	स्थिर				
16009008050	16009008	की				
16009008051	16009008	हैं	y			
16009008052	16009008	,		y		
16009008053	16009008	क्योंकि				
16009008054	16009008	तू				
16009008055	16009008	धर्मी				
16009008056	16009008	है	y			
16009008057	16009008	।		y		
16009009001	16009009	और				
16009009002	16009009	तुने				
16009009003	16009009	मिस्र				
16009009004	16009009	में				
16009009005	16009009	हमारे				
16009009006	16009009	पिताओं				
16009009007	16009009	के				
16009009008	16009009	दु:ख				
16009009009	16009009	को				
16009009010	16009009	देखा	y			
16009009011	16009009	,		y		
16009009012	16009009	और				
16009009013	16009009	सरकण्डों				
16009009014	16009009	के				
16009009015	16009009	समुद्र				
16009009016	16009009	पर				
16009009017	16009009	तूने				
16009009018	16009009	उनका				
16009009019	16009009	रोना				
16009009020	16009009	सुना	y			
16009009021	16009009	।		y		
16009010001	16009010	और				
16009010002	16009010	तूने				
16009010003	16009010	चिन्ह				
16009010004	16009010	दिए				
16009010005	16009010	और				
16009010006	16009010	फ़िरौन				
16009010007	16009010	को				
16009010008	16009010	चमत्कार	y			
16009010009	16009010	,		y		
16009010010	16009010	और				
16009010011	16009010	उसके				
16009010012	16009010	सब				
16009010013	16009010	सेवकों				
16009010014	16009010	को	y			
16009010015	16009010	,		y		
16009010016	16009010	और				
16009010017	16009010	उसके				
16009010018	16009010	देश				
16009010019	16009010	के				
16009010020	16009010	सब				
16009010021	16009010	लोगों				
16009010022	16009010	को	y			
16009010023	16009010	,		y		
16009010024	16009010	क्योंकि				
16009010025	16009010	तू				
16009010026	16009010	जानते				
16009010027	16009010	था				
16009010028	16009010	कि				
16009010029	16009010	वे				
16009010030	16009010	उनके				
16009010031	16009010	प्रति				
16009010032	16009010	ढिठाई				
16009010033	16009010	से				
16009010034	16009010	काम				
16009010035	16009010	कर				
16009010036	16009010	रहे				
16009010037	16009010	थे	y			
16009010038	16009010	।		y		
16009010039	16009010	और				
16009010040	16009010	तूने				
16009010041	16009010	अपने				
16009010042	16009010	लिए				
16009010043	16009010	एक				
16009010044	16009010	नाम				
16009010045	16009010	बनाया	y			
16009010046	16009010	,		y		
16009010047	16009010	जैसा				
16009010048	16009010	कि				
16009010049	16009010	आज				
16009010050	16009010	का				
16009010051	16009010	दिन				
16009010052	16009010	है	y			
16009010053	16009010	।		y		
16009011001	16009011	और				
16009011002	16009011	तूने				
16009011003	16009011	समुद्र				
16009011004	16009011	को				
16009011005	16009011	उनके				
16009011006	16009011	मुँह				
16009011007	16009011	के				
16009011008	16009011	साम्हने				
16009011009	16009011	खोल				
16009011010	16009011	दिया	y			
16009011011	16009011	,		y		
16009011012	16009011	और				
16009011013	16009011	वे				
16009011014	16009011	सूखी				
16009011015	16009011	भूमि				
16009011016	16009011	पर				
16009011017	16009011	समुद्र				
16009011018	16009011	के				
16009011019	16009011	बीच				
16009011020	16009011	से				
16009011021	16009011	होकर				
16009011022	16009011	चले	y			
16009011023	16009011	।		y		
16009011024	16009011	और				
16009011025	16009011	तूने				
16009011026	16009011	उनका				
16009011027	16009011	पीछा				
16009011028	16009011	करने				
16009011029	16009011	वालों				
16009011030	16009011	को				
16009011031	16009011	गहराईयों				
16009011032	16009011	में				
16009011033	16009011	डाल				
16009011034	16009011	दिया	y			
16009011035	16009011	,		y		
16009011036	16009011	शक्तिशाली				
16009011037	16009011	जलों				
16009011038	16009011	में				
16009011039	16009011	एक				
16009011040	16009011	पत्थर				
16009011041	16009011	की				
16009011042	16009011	तरह	y			
16009011043	16009011	।		y		
16009012001	16009012	और				
16009012002	16009012	तू				
16009012003	16009012	दिन				
16009012004	16009012	को				
16009012005	16009012	बादल				
16009012006	16009012	के				
16009012007	16009012	खम्भे				
16009012008	16009012	के				
16009012009	16009012	द्वारा				
16009012010	16009012	उनकी				
16009012011	16009012	अगुवाई				
16009012012	16009012	करता				
16009012013	16009012	था	y			
16009012014	16009012	,		y		
16009012015	16009012	और				
16009012016	16009012	उनके				
16009012017	16009012	लिए				
16009012018	16009012	चमकने				
16009012019	16009012	के				
16009012020	16009012	लिए				
16009012021	16009012	रात				
16009012022	16009012	को				
16009012023	16009012	आग				
16009012024	16009012	का				
16009012025	16009012	खम्भा				
16009012026	16009012	रखा				
16009012027	16009012	उसमें				
16009012028	16009012	जिस				
16009012029	16009012	मार्ग				
16009012030	16009012	में				
16009012031	16009012	उन्हें				
16009012032	16009012	जाना				
16009012033	16009012	है				
16009013001	16009013	और				
16009013002	16009013	तू				
16009013003	16009013	सीनै				
16009013004	16009013	के				
16009013005	16009013	पहाड़				
16009013006	16009013	पर				
16009013007	16009013	उतर				
16009013008	16009013	आया				
16009013009	16009013	और				
16009013010	16009013	उनके				
16009013011	16009013	साथ				
16009013012	16009013	स्वर्ग				
16009013013	16009013	से				
16009013014	16009013	बातें				
16009013015	16009013	कीं	y			
16009013016	16009013	।		y		
16009013017	16009013	और				
16009013018	16009013	तूने				
16009013019	16009013	उन्हें				
16009013020	16009013	धर्मी				
16009013021	16009013	न्याय				
16009013022	16009013	दिया				
16009013023	16009013	और				
16009013024	16009013	सत्य				
16009013025	16009013	के				
16009013026	16009013	कानून	y			
16009013027	16009013	,		y		
16009013028	16009013	भली				
16009013029	16009013	विधियाँ				
16009013030	16009013	और				
16009013031	16009013	आज्ञाएँ	y			
16009013032	16009013	।		y		
16009014001	16009014	और				
16009014002	16009014	तूने				
16009014003	16009014	उन्हें				
16009014004	16009014	अपना				
16009014005	16009014	पवित्र				
16009014006	16009014	सब्त				
16009014007	16009014	प्रगट				
16009014008	16009014	किया	y			
16009014009	16009014	।		y		
16009014010	16009014	और				
16009014011	16009014	तूने				
16009014012	16009014	आज्ञाओं				
16009014013	16009014	के				
16009014014	16009014	साथ				
16009014015	16009014	सचेत				
16009014016	16009014	किया	y			
16009014017	16009014	,		y		
16009014018	16009014	और				
16009014019	16009014	विधियाँ	y			
16009014020	16009014	,		y		
16009014021	16009014	और				
16009014022	16009014	एक				
16009014023	16009014	व्यवस्था	y			
16009014024	16009014	,		y		
16009014025	16009014	अपने				
16009014026	16009014	दास				
16009014027	16009014	मूसा				
16009014028	16009014	के				
16009014029	16009014	हाथ				
16009014030	16009014	द्वारा	y			
16009014031	16009014	।		y		
16009015001	16009015	और				
16009015002	16009015	तूने				
16009015003	16009015	उन्हें				
16009015004	16009015	उनकी				
16009015005	16009015	भूख				
16009015006	16009015	के				
16009015007	16009015	लिए				
16009015008	16009015	स्वर्ग				
16009015009	16009015	से				
16009015010	16009015	रोटी				
16009015011	16009015	दी	y			
16009015012	16009015	,		y		
16009015013	16009015	और				
16009015014	16009015	तूने				
16009015015	16009015	चट्टान				
16009015016	16009015	में				
16009015017	16009015	से				
16009015018	16009015	उनकी				
16009015019	16009015	प्यास				
16009015020	16009015	के				
16009015021	16009015	लिये				
16009015022	16009015	उनके				
16009015023	16009015	लिये				
16009015024	16009015	जल				
16009015025	16009015	निकाला	y			
16009015026	16009015	।		y		
16009015027	16009015	और				
16009015028	16009015	तूने				
16009015029	16009015	उन				
16009015030	16009015	से				
16009015031	16009015	कहा				
16009015032	16009015	कि				
16009015033	16009015	देश				
16009015034	16009015	के				
16009015035	16009015	अधिकारी				
16009015036	16009015	होने				
16009015037	16009015	के				
16009015038	16009015	लिए				
16009015039	16009015	भीतर				
16009015040	16009015	जाओ				
16009015041	16009015	जिसे				
16009015042	16009015	तूने				
16009015043	16009015	उन्हें				
16009015044	16009015	देने				
16009015045	16009015	के				
16009015046	16009015	लिए				
16009015047	16009015	तेरे				
16009015048	16009015	हाथ				
16009015049	16009015	को				
16009015050	16009015	उठाया				
16009015051	16009015	था	y			
16009015052	16009015	।		y		
16009016001	16009016	पर				
16009016002	16009016	वे				
16009016003	16009016	और				
16009016004	16009016	हमारे				
16009016005	16009016	पिताओं	y			
16009016006	16009016	,		y		
16009016007	16009016	उन्होंने				
16009016008	16009016	ढिठाई				
16009016009	16009016	से				
16009016010	16009016	काम				
16009016011	16009016	लिया	y			
16009016012	16009016	।		y		
16009016013	16009016	और				
16009016014	16009016	उन्होंने				
16009016015	16009016	अपनी				
16009016016	16009016	गर्दन				
16009016017	16009016	कठोर				
16009016018	16009016	कर				
16009016019	16009016	ली				
16009016020	16009016	और				
16009016021	16009016	तेरी				
16009016022	16009016	आज्ञाओं				
16009016023	16009016	को				
16009016024	16009016	न				
16009016025	16009016	माना	y			
16009016026	16009016	।		y		
16009017001	16009017	और				
16009017002	16009017	उन्होंने				
16009017003	16009017	सुनने				
16009017004	16009017	से				
16009017005	16009017	इन्कार				
16009017006	16009017	कर				
16009017007	16009017	दिया	y			
16009017008	16009017	,		y		
16009017009	16009017	और				
16009017010	16009017	उन्होंने				
16009017011	16009017	तेरे				
16009017012	16009017	अद्भुत				
16009017013	16009017	कामों				
16009017014	16009017	को				
16009017015	16009017	स्मरण				
16009017016	16009017	न				
16009017017	16009017	किया				
16009017018	16009017	जिसका				
16009017019	16009017	तूने				
16009017020	16009017	उनके				
16009017021	16009017	साथ				
16009017022	16009017	प्रदर्शन				
16009017023	16009017	किया	y			
16009017024	16009017	।		y		
16009017025	16009017	और				
16009017026	16009017	उन्होंने				
16009017027	16009017	अपनी				
16009017028	16009017	गर्दन				
16009017029	16009017	कठोर				
16009017030	16009017	कर				
16009017031	16009017	ली				
16009017032	16009017	और				
16009017033	16009017	उनके				
16009017034	16009017	विद्रोह				
16009017035	16009017	में				
16009017036	16009017	अपने				
16009017037	16009017	दासत्व				
16009017038	16009017	पर				
16009017039	16009017	लौटने				
16009017040	16009017	के				
16009017041	16009017	लिए				
16009017042	16009017	एक				
16009017043	16009017	प्रधान				
16009017044	16009017	चुना	y			
16009017045	16009017	।		y		
16009017046	16009017	पर				
16009017047	16009017	तू				
16009017048	16009017	क्षमा				
16009017049	16009017	का				
16009017050	16009017	एक				
16009017051	16009017	परमेश्वर				
16009017052	16009017	है	y			
16009017053	16009017	,		y		
16009017054	16009017	अनुग्रहकारी				
16009017055	16009017	और				
16009017056	16009017	दयालु	y			
16009017057	16009017	,		y		
16009017058	16009017	नथुनों				
16009017059	16009017	का				
16009017060	16009017	लम्बा				
16009017061	16009017	और				
16009017062	16009017	वाचाई				
16009017063	16009017	विश्वासयोग्यता				
16009017064	16009017	से				
16009017065	16009017	भरपूर	y			
16009017066	16009017	,		y		
16009017067	16009017	और				
16009017068	16009017	तूने				
16009017069	16009017	उन्हें				
16009017070	16009017	नहीं				
16009017071	16009017	छोड़ा	y			
16009017072	16009017	।		y		
16009018001	16009018	तब				
16009018002	16009018	भी				
16009018003	16009018	जब				
16009018004	16009018	उन्होंने				
16009018005	16009018	अपने				
16009018006	16009018	लिए				
16009018007	16009018	एक				
16009018008	16009018	बछड़े				
16009018009	16009018	का				
16009018010	16009018	चित्र				
16009018011	16009018	बनाया				
16009018012	16009018	और				
16009018013	16009018	कहा	y			
16009018014	16009018	,		y		
16009018015	16009018	'यह				
16009018016	16009018	तुम्हारा				
16009018017	16009018	परमेश्वर				
16009018018	16009018	है				
16009018019	16009018	जो				
16009018020	16009018	तुम्हें				
16009018021	16009018	मिस्र				
16009018022	16009018	से				
16009018023	16009018	निकाल				
16009018024	16009018	लाया	y			
16009018025	16009018	,	y	y		
16009018026	16009018	'और				
16009018027	16009018	उन्होंने				
16009018028	16009018	बड़ी				
16009018029	16009018	ईशनिन्दाओं				
16009018030	16009018	को				
16009018031	16009018	प्रदर्शित				
16009018032	16009018	किया				
16009018033	16009018	था	y			
16009018034	16009018	,		y		
16009019001	16009019	तौभी				
16009019002	16009019	तू	y			
16009019003	16009019	,		y		
16009019004	16009019	अपनी				
16009019005	16009019	महान				
16009019006	16009019	दया				
16009019007	16009019	में	y			
16009019008	16009019	,		y		
16009019009	16009019	उन्हें				
16009019010	16009019	जंगल				
16009019011	16009019	में				
16009019012	16009019	नहीं				
16009019013	16009019	छोड़ा	y			
16009019014	16009019	।		y		
16009019015	16009019	उसने				
16009019016	16009019	बादल				
16009019017	16009019	के				
16009019018	16009019	खम्भे				
16009019019	16009019	को				
16009019020	16009019	दिन				
16009019021	16009019	में				
16009019022	16009019	उन				
16009019023	16009019	पर				
16009019024	16009019	से				
16009019025	16009019	न				
16009019026	16009019	हटाया				
16009019027	16009019	ताकि				
16009019028	16009019	उन्हें				
16009019029	16009019	मार्ग				
16009019030	16009019	पर				
16009019031	16009019	अगुवाई				
16009019032	16009019	दे	y			
16009019033	16009019	,		y		
16009019034	16009019	और				
16009019035	16009019	न				
16009019036	16009019	ही				
16009019037	16009019	उनके				
16009019038	16009019	लिए				
16009019039	16009019	चमकने				
16009019040	16009019	के				
16009019041	16009019	लिए				
16009019042	16009019	रात				
16009019043	16009019	के				
16009019044	16009019	आग				
16009019045	16009019	के				
16009019046	16009019	खम्भे				
16009019047	16009019	को				
16009019048	16009019	और				
16009019049	16009019	जिस				
16009019050	16009019	मार्ग				
16009019051	16009019	में				
16009019052	16009019	उन्हें				
16009019053	16009019	जाना				
16009019054	16009019	चाहिए	y			
16009019055	16009019	।		y		
16009020001	16009020	और				
16009020002	16009020	तूने				
16009020003	16009020	उन्हें				
16009020004	16009020	गूढ़ज्ञान				
16009020005	16009020	देने				
16009020006	16009020	के				
16009020007	16009020	लिए				
16009020008	16009020	अपनी				
16009020009	16009020	भली				
16009020010	16009020	आत्मा				
16009020011	16009020	दी	y			
16009020012	16009020	।		y		
16009020013	16009020	और				
16009020014	16009020	तूने				
16009020015	16009020	अपना				
16009020016	16009020	मन्ना				
16009020017	16009020	उनके				
16009020018	16009020	मुँह				
16009020019	16009020	से				
16009020020	16009020	न				
16009020021	16009020	रोका	y			
16009020022	16009020	,		y		
16009020023	16009020	और				
16009020024	16009020	तूने				
16009020025	16009020	उन्हें				
16009020026	16009020	उनकी				
16009020027	16009020	प्यास				
16009020028	16009020	के				
16009020029	16009020	लिए				
16009020030	16009020	पानी				
16009020031	16009020	दिया	y			
16009020032	16009020	।		y		
16009021001	16009021	और				
16009021002	16009021	तूने				
16009021003	16009021	उन्हें				
16009021004	16009021	जंगल				
16009021005	16009021	में				
16009021006	16009021	चालीस				
16009021007	16009021	वर्षों				
16009021008	16009021	तक				
16009021009	16009021	संभाला	y			
16009021010	16009021	;		y		
16009021011	16009021	उन्हें				
16009021012	16009021	कमी				
16009021013	16009021	नहीं				
16009021014	16009021	थी	y			
16009021015	16009021	।		y		
16009021016	16009021	उनके				
16009021017	16009021	कपड़े				
16009021018	16009021	खराब				
16009021019	16009021	नहीं				
16009021020	16009021	हुए	y			
16009021021	16009021	,		y		
16009021022	16009021	और				
16009021023	16009021	उनके				
16009021024	16009021	पाँव				
16009021025	16009021	नहीं				
16009021026	16009021	फूले	y			
16009021027	16009021	।		y		
16009022001	16009022	और				
16009022002	16009022	तूने				
16009022003	16009022	उन्हें				
16009022004	16009022	राज्य				
16009022005	16009022	दिए				
16009022006	16009022	और				
16009022007	16009022	लोग	y			
16009022008	16009022	,		y		
16009022009	16009022	और				
16009022010	16009022	तूने				
16009022011	16009022	उन्हें				
16009022012	16009022	आंवटित				
16009022013	16009022	किया				
16009022014	16009022	जहाँ				
16009022015	16009022	तक				
16009022016	16009022	कोनें				
16009022017	16009022	हैं	y			
16009022018	16009022	।		y		
16009022019	16009022	और				
16009022020	16009022	उन्होंने				
16009022021	16009022	सीहोन				
16009022022	16009022	की				
16009022023	16009022	भूमि				
16009022024	16009022	पर				
16009022025	16009022	अधिकार				
16009022026	16009022	कर				
16009022027	16009022	लिया	y			
16009022028	16009022	,		y		
16009022029	16009022	यहाँ				
16009022030	16009022	तक				
16009022031	16009022	कि				
16009022032	16009022	हेशबोन				
16009022033	16009022	के				
16009022034	16009022	राजा				
16009022035	16009022	की				
16009022036	16009022	भूमि				
16009022037	16009022	भी	y			
16009022038	16009022	,		y		
16009022039	16009022	और				
16009022040	16009022	ओग				
16009022041	16009022	की				
16009022042	16009022	भूमि	y			
16009022043	16009022	,		y		
16009022044	16009022	बाशान				
16009022045	16009022	का				
16009022046	16009022	राजा	y			
16009022047	16009022	।		y		
16009023001	16009023	और				
16009023002	16009023	तूने				
16009023003	16009023	उनके				
16009023004	16009023	पुत्रों				
16009023005	16009023	को				
16009023006	16009023	स्वर्गों				
16009023007	16009023	के				
16009023008	16009023	तारों				
16009023009	16009023	के				
16009023010	16009023	जैसे				
16009023011	16009023	गुणा				
16009023012	16009023	कर				
16009023013	16009023	दिया	y			
16009023014	16009023	।		y		
16009023015	16009023	और				
16009023016	16009023	तू				
16009023017	16009023	उन्हें				
16009023018	16009023	उस				
16009023019	16009023	भूमि				
16009023020	16009023	में				
16009023021	16009023	ले				
16009023022	16009023	आया				
16009023023	16009023	जिसे				
16009023024	16009023	तूने				
16009023025	16009023	उनके				
16009023026	16009023	पिताओं				
16009023027	16009023	से				
16009023028	16009023	कहा				
16009023029	16009023	था				
16009023030	16009023	कि				
16009023031	16009023	उसमें				
16009023032	16009023	प्रवेश				
16009023033	16009023	करें				
16009023034	16009023	ताकि				
16009023035	16009023	उसे				
16009023036	16009023	अधिकार				
16009023037	16009023	में				
16009023038	16009023	लें	y			
16009023039	16009023	।		y		
16009024001	16009024	और				
16009024002	16009024	पुत्र				
16009024003	16009024	अंदर				
16009024004	16009024	गए				
16009024005	16009024	और				
16009024006	16009024	भूमि				
16009024007	16009024	पर				
16009024008	16009024	अधिकार				
16009024009	16009024	किया	y			
16009024010	16009024	,		y		
16009024011	16009024	और				
16009024012	16009024	उनके				
16009024013	16009024	मुँह				
16009024014	16009024	के				
16009024015	16009024	साम्हने				
16009024016	16009024	तूने				
16009024017	16009024	भूमि				
16009024018	16009024	के				
16009024019	16009024	निवासियों	y			
16009024020	16009024	,		y		
16009024021	16009024	कनानियों				
16009024022	16009024	के				
16009024023	16009024	वश				
16009024024	16009024	में				
16009024025	16009024	किया	y			
16009024026	16009024	।		y		
16009024027	16009024	और				
16009024028	16009024	तूने				
16009024029	16009024	उन्हें				
16009024030	16009024	उनके				
16009024031	16009024	हाथ				
16009024032	16009024	में				
16009024033	16009024	कर				
16009024034	16009024	दिया	y			
16009024035	16009024	,		y		
16009024036	16009024	उनके				
16009024037	16009024	राजाओं	y			
16009024038	16009024	,		y		
16009024039	16009024	और				
16009024040	16009024	भूमि				
16009024041	16009024	के				
16009024042	16009024	लोगों	y			
16009024043	16009024	,		y		
16009024044	16009024	उनकी				
16009024045	16009024	इच्छा				
16009024046	16009024	के				
16009024047	16009024	अनुसार				
16009024048	16009024	उनके				
16009024049	16009024	साथ				
16009024050	16009024	करने				
16009024051	16009024	को	y			
16009024052	16009024	।		y		
16009025001	16009025	और				
16009025002	16009025	उन्होंने				
16009025003	16009025	गढ़वाले				
16009025004	16009025	नगरों				
16009025005	16009025	पर				
16009025006	16009025	कब्ज़ा				
16009025007	16009025	कर				
16009025008	16009025	लिया				
16009025009	16009025	और				
16009025010	16009025	मोटा				
16009025011	16009025	मैदान	y			
16009025012	16009025	।		y		
16009025013	16009025	और				
16009025014	16009025	उनका				
16009025015	16009025	अधिकार				
16009025016	16009025	सब				
16009025017	16009025	अच्छी				
16009025018	16009025	वस्तुओं				
16009025019	16009025	से				
16009025020	16009025	भरे				
16009025021	16009025	हुए				
16009025022	16009025	घर				
16009025023	16009025	पर				
16009025024	16009025	था	y			
16009025025	16009025	,		y		
16009025026	16009025	खुदे				
16009025027	16009025	हुए				
16009025028	16009025	हौदें	y			
16009025029	16009025	,		y		
16009025030	16009025	दाख				
16009025031	16009025	की				
16009025032	16009025	बारियाँ				
16009025033	16009025	और				
16009025034	16009025	जैतून				
16009025035	16009025	की				
16009025036	16009025	बाग	y			
16009025037	16009025	,		y		
16009025038	16009025	और				
16009025039	16009025	बहुतायत				
16009025040	16009025	में				
16009025041	16009025	भोजन				
16009025042	16009025	वृक्ष	y			
16009025043	16009025	।		y		
16009025044	16009025	और				
16009025045	16009025	उन्होंने				
16009025046	16009025	खाया				
16009025047	16009025	और				
16009025048	16009025	संतुष्ट				
16009025049	16009025	हुए				
16009025050	16009025	और				
16009025051	16009025	मोटे				
16009025052	16009025	हो				
16009025053	16009025	गए				
16009025054	16009025	और				
16009025055	16009025	तेरी				
16009025056	16009025	महान				
16009025057	16009025	भलाई				
16009025058	16009025	में				
16009025059	16009025	प्रगट				
16009025060	16009025	हुए	y			
16009025061	16009025	।		y		
16009026001	16009026	और				
16009026002	16009026	उन्होंने				
16009026003	16009026	अवज्ञा				
16009026004	16009026	की				
16009026005	16009026	और				
16009026006	16009026	तुझ				
16009026007	16009026	से				
16009026008	16009026	बलवा				
16009026009	16009026	किया	y			
16009026010	16009026	,		y		
16009026011	16009026	और				
16009026012	16009026	उन्होंने				
16009026013	16009026	तेरी				
16009026014	16009026	व्यवस्था				
16009026015	16009026	को				
16009026016	16009026	उनकी				
16009026017	16009026	पीठ				
16009026018	16009026	के				
16009026019	16009026	पीछे				
16009026020	16009026	डाल				
16009026021	16009026	दिया	y			
16009026022	16009026	।		y		
16009026023	16009026	और				
16009026024	16009026	उन्होंने				
16009026025	16009026	तेरे				
16009026026	16009026	भविष्यद्वक्ताओं				
16009026027	16009026	को				
16009026028	16009026	मार				
16009026029	16009026	डाला	y			
16009026030	16009026	,		y		
16009026031	16009026	जिन्होंने				
16009026032	16009026	उनके				
16009026033	16009026	विरुद्ध				
16009026034	16009026	गवाही				
16009026035	16009026	दी				
16009026036	16009026	ताकि				
16009026037	16009026	उन्हें				
16009026038	16009026	तेरे				
16009026039	16009026	पास				
16009026040	16009026	ले				
16009026041	16009026	आएँ	y			
16009026042	16009026	।		y		
16009026043	16009026	और				
16009026044	16009026	उन्होंने				
16009026045	16009026	बड़ी				
16009026046	16009026	ईशनिन्दाओं				
16009026047	16009026	को				
16009026048	16009026	प्रदर्शित				
16009026049	16009026	किया	y			
16009026050	16009026	।		y		
16009027001	16009027	और				
16009027002	16009027	तूने				
16009027003	16009027	उन्हें				
16009027004	16009027	उनके				
16009027005	16009027	विरोधियों				
16009027006	16009027	के				
16009027007	16009027	हाथ				
16009027008	16009027	में				
16009027009	16009027	दे				
16009027010	16009027	दिया	y			
16009027011	16009027	,		y		
16009027012	16009027	और				
16009027013	16009027	उन्होंने				
16009027014	16009027	उन्हें				
16009027015	16009027	प्रताड़ित				
16009027016	16009027	किया	y			
16009027017	16009027	।		y		
16009027018	16009027	और				
16009027019	16009027	संकट				
16009027020	16009027	के				
16009027021	16009027	समय				
16009027022	16009027	उन्होंने				
16009027023	16009027	तेरी				
16009027024	16009027	दुहाई				
16009027025	16009027	दी	y			
16009027026	16009027	,		y		
16009027027	16009027	और				
16009027028	16009027	तूने				
16009027029	16009027	स्वयं				
16009027030	16009027	स्‍वर्ग				
16009027031	16009027	से				
16009027032	16009027	सुना	y			
16009027033	16009027	।		y		
16009027034	16009027	और	y			
16009027035	16009027	,		y		
16009027036	16009027	आपनी				
16009027037	16009027	बड़ी				
16009027038	16009027	दया				
16009027039	16009027	के				
16009027040	16009027	अनुसार	y			
16009027041	16009027	,		y		
16009027042	16009027	तूने				
16009027043	16009027	उन्हें				
16009027044	16009027	उद्धारकर्ताओं				
16009027045	16009027	को				
16009027046	16009027	दिया	y			
16009027047	16009027	,		y		
16009027048	16009027	और				
16009027049	16009027	उन्होंने				
16009027050	16009027	उन्हें				
16009027051	16009027	उनके				
16009027052	16009027	विरोधियों				
16009027053	16009027	के				
16009027054	16009027	हाथ				
16009027055	16009027	से				
16009027056	16009027	बचाया	y			
16009027057	16009027	।		y		
16009028001	16009028	और				
16009028002	16009028	जब				
16009028003	16009028	उनको				
16009028004	16009028	विश्राम				
16009028005	16009028	मिला	y			
16009028006	16009028	,		y		
16009028007	16009028	वे				
16009028008	16009028	तेरे				
16009028009	16009028	मुँह				
16009028010	16009028	के				
16009028011	16009028	साम्हने				
16009028012	16009028	बुराई				
16009028013	16009028	करने				
16009028014	16009028	को				
16009028015	16009028	लौट				
16009028016	16009028	गए	y			
16009028017	16009028	।		y		
16009028018	16009028	और				
16009028019	16009028	तूने				
16009028020	16009028	उन्हें				
16009028021	16009028	उनके				
16009028022	16009028	शत्रुओं				
16009028023	16009028	के				
16009028024	16009028	हाथ				
16009028025	16009028	में				
16009028026	16009028	छोड़				
16009028027	16009028	दिया	y			
16009028028	16009028	,		y		
16009028029	16009028	और				
16009028030	16009028	उन्होंने				
16009028031	16009028	उन्हें				
16009028032	16009028	प्रताड़ित				
16009028033	16009028	किया	y			
16009028034	16009028	।		y		
16009028035	16009028	और				
16009028036	16009028	वे				
16009028037	16009028	लौटे				
16009028038	16009028	और				
16009028039	16009028	तेरी				
16009028040	16009028	दुहाई				
16009028041	16009028	दी	y			
16009028042	16009028	,		y		
16009028043	16009028	और				
16009028044	16009028	तूने				
16009028045	16009028	स्वर्गों				
16009028046	16009028	से				
16009028047	16009028	सुना				
16009028048	16009028	है				
16009028049	16009028	और				
16009028050	16009028	तेरी				
16009028051	16009028	दया				
16009028052	16009028	के				
16009028053	16009028	अनुसार				
16009028054	16009028	उन्हें				
16009028055	16009028	बहुत				
16009028056	16009028	बार				
16009028057	16009028	छुड़ाया	y			
16009028058	16009028	।		y		
16009029001	16009029	और				
16009029002	16009029	तूने				
16009029003	16009029	उनके				
16009029004	16009029	विरुद्ध				
16009029005	16009029	गवाही				
16009029006	16009029	दी				
16009029007	16009029	ताकि				
16009029008	16009029	उन्हें				
16009029009	16009029	तेरे				
16009029010	16009029	कानून				
16009029011	16009029	की				
16009029012	16009029	ओर				
16009029013	16009029	ले				
16009029014	16009029	आएँ	y			
16009029015	16009029	।		y		
16009029016	16009029	पर				
16009029017	16009029	जहाँ				
16009029018	16009029	तक				
16009029019	16009029	उनकी				
16009029020	16009029	बात				
16009029021	16009029	है	y			
16009029022	16009029	,		y		
16009029023	16009029	उन्होंने				
16009029024	16009029	ढिठाई				
16009029025	16009029	वाला				
16009029026	16009029	व्यवहार				
16009029027	16009029	किया				
16009029028	16009029	और				
16009029029	16009029	तेरी				
16009029030	16009029	आज्ञाओं				
16009029031	16009029	को				
16009029032	16009029	न				
16009029033	16009029	माना	y			
16009029034	16009029	।		y		
16009029035	16009029	और	y			
16009029036	16009029	,		y		
16009029037	16009029	तेरे				
16009029038	16009029	निर्णयों				
16009029039	16009029	के				
16009029040	16009029	संबंध				
16009029041	16009029	में	y			
16009029042	16009029	,		y		
16009029043	16009029	उन्होंने				
16009029044	16009029	उनके				
16009029045	16009029	विरुद्ध				
16009029046	16009029	पाप				
16009029047	16009029	किया	y			
16009029048	16009029	,		y		
16009029049	16009029	ऐसे	y			
16009029050	16009029	,		y		
16009029051	16009029	यदि				
16009029052	16009029	एक				
16009029053	16009029	व्यक्ति				
16009029054	16009029	करता				
16009029055	16009029	है	y			
16009029056	16009029	,		y		
16009029057	16009029	तब				
16009029058	16009029	वह				
16009029059	16009029	उनके				
16009029060	16009029	द्वारा				
16009029061	16009029	जीवित				
16009029062	16009029	रहेगा	y			
16009029063	16009029	।		y		
16009029064	16009029	और				
16009029065	16009029	उन्होंने				
16009029066	16009029	हठीला				
16009029067	16009029	कंधा				
16009029068	16009029	दिया	y			
16009029069	16009029	,		y		
16009029070	16009029	और				
16009029071	16009029	उनकी				
16009029072	16009029	गर्दन				
16009029073	16009029	कठोर				
16009029074	16009029	कर				
16009029075	16009029	दी	y			
16009029076	16009029	,		y		
16009029077	16009029	और				
16009029078	16009029	नहीं				
16009029079	16009029	सुनी	y			
16009029080	16009029	।		y		
16009030001	16009030	और				
16009030002	16009030	तू				
16009030003	16009030	उनके				
16009030004	16009030	साथ				
16009030005	16009030	कई				
16009030006	16009030	वर्षों				
16009030007	16009030	तक				
16009030008	16009030	बने				
16009030009	16009030	रहा	y			
16009030010	16009030	,		y		
16009030011	16009030	और				
16009030012	16009030	तूने				
16009030013	16009030	तेरी				
16009030014	16009030	आत्मा				
16009030015	16009030	से				
16009030016	16009030	उनके				
16009030017	16009030	विरुद्ध				
16009030018	16009030	गवाही				
16009030019	16009030	दी				
16009030020	16009030	तेरे				
16009030021	16009030	भविष्यद्वक्ताओं				
16009030022	16009030	के				
16009030023	16009030	हाथ				
16009030024	16009030	द्वारा	y			
16009030025	16009030	,		y		
16009030026	16009030	परन्तु				
16009030027	16009030	उन्होंने				
16009030028	16009030	एक				
16009030029	16009030	कान				
16009030030	16009030	न				
16009030031	16009030	दिया	y			
16009030032	16009030	।		y		
16009030033	16009030	और				
16009030034	16009030	तूने				
16009030035	16009030	उन्हें				
16009030036	16009030	भूमियों				
16009030037	16009030	के				
16009030038	16009030	लोगों				
16009030039	16009030	के				
16009030040	16009030	हाथ				
16009030041	16009030	में				
16009030042	16009030	कर				
16009030043	16009030	दिया	y			
16009030044	16009030	।		y		
16009031001	16009031	पर	y			
16009031002	16009031	,		y		
16009031003	16009031	तेरी				
16009031004	16009031	बहुत				
16009031005	16009031	सारी				
16009031006	16009031	दया				
16009031007	16009031	में	y			
16009031008	16009031	,		y		
16009031009	16009031	तूने				
16009031010	16009031	उनका				
16009031011	16009031	पूरा				
16009031012	16009031	अन्त				
16009031013	16009031	नहीं				
16009031014	16009031	किया	y			
16009031015	16009031	,		y		
16009031016	16009031	और				
16009031017	16009031	तूने				
16009031018	16009031	उन्हें				
16009031019	16009031	नहीं				
16009031020	16009031	त्यागा	y			
16009031021	16009031	।		y		
16009031022	16009031	क्योंकि				
16009031023	16009031	तू				
16009031024	16009031	अनुग्रहकारी				
16009031025	16009031	है				
16009031026	16009031	और				
16009031027	16009031	दयालु				
16009031028	16009031	परमेश्वर	y			
16009031029	16009031	।		y		
16009032001	16009032	इसलिए				
16009032002	16009032	अब	y			
16009032003	16009032	,		y		
16009032004	16009032	हमारे				
16009032005	16009032	परमेश्वर	y			
16009032006	16009032	,		y		
16009032007	16009032	महान	y			
16009032008	16009032	,		y		
16009032009	16009032	पराक्रमी	y			
16009032010	16009032	,		y		
16009032011	16009032	और				
16009032012	16009032	भययोग्य				
16009032013	16009032	परमेश्वर	y			
16009032014	16009032	,		y		
16009032015	16009032	जो				
16009032016	16009032	वाचा				
16009032017	16009032	और				
16009032018	16009032	वाचाई				
16009032019	16009032	विश्वासयोग्यता				
16009032020	16009032	रखता				
16009032021	16009032	है	y			
16009032022	16009032	,		y		
16009032023	16009032	तेरे				
16009032024	16009032	मुँह				
16009032025	16009032	के				
16009032026	16009032	आगे				
16009032027	16009032	हर				
16009032028	16009032	कठिनाई				
16009032029	16009032	को				
16009032030	16009032	कम				
16009032031	16009032	न				
16009032032	16009032	होने				
16009032033	16009032	दें	y			
16009032034	16009032	,		y		
16009032035	16009032	जिसने				
16009032036	16009032	हमें				
16009032037	16009032	ढूंढ				
16009032038	16009032	लिया				
16009032039	16009032	है	y			
16009032040	16009032	,		y		
16009032041	16009032	हमारे				
16009032042	16009032	राजाओं	y			
16009032043	16009032	,		y		
16009032044	16009032	हमारे				
16009032045	16009032	अगुवों	y			
16009032046	16009032	,		y		
16009032047	16009032	और				
16009032048	16009032	हमारे				
16009032049	16009032	याजकों	y			
16009032050	16009032	,		y		
16009032051	16009032	और				
16009032052	16009032	हमारे				
16009032053	16009032	भविष्यद्वक्ताओं	y			
16009032054	16009032	,		y		
16009032055	16009032	और				
16009032056	16009032	हमारे				
16009032057	16009032	पिताओं	y			
16009032058	16009032	,		y		
16009032059	16009032	और				
16009032060	16009032	अश्शूर				
16009032061	16009032	के				
16009032062	16009032	राजाओं				
16009032063	16009032	के				
16009032064	16009032	दिनों				
16009032065	16009032	से				
16009032066	16009032	तेरी				
16009032067	16009032	सारे				
16009032068	16009032	लोग				
16009032069	16009032	आज				
16009032070	16009032	के				
16009032071	16009032	दिन				
16009032072	16009032	तक	y			
16009032073	16009032	।		y		
16009033001	16009033	और				
16009033002	16009033	तू				
16009033003	16009033	उस				
16009033004	16009033	सब				
16009033005	16009033	के				
16009033006	16009033	विषय				
16009033007	16009033	में				
16009033008	16009033	धर्मी				
16009033009	16009033	है				
16009033010	16009033	जो				
16009033011	16009033	हम				
16009033012	16009033	पर				
16009033013	16009033	आ				
16009033014	16009033	पड़ा				
16009033015	16009033	है				
16009033016	16009033	क्योंकि				
16009033017	16009033	तूने				
16009033018	16009033	विश्वासयोग्यता				
16009033019	16009033	से				
16009033020	16009033	काम				
16009033021	16009033	किया				
16009033022	16009033	है	y			
16009033023	16009033	;		y		
16009033024	16009033	परन्तु				
16009033025	16009033	जहाँ				
16009033026	16009033	तक				
16009033027	16009033	हमारी				
16009033028	16009033	बात				
16009033029	16009033	है	y			
16009033030	16009033	,		y		
16009033031	16009033	हमने				
16009033032	16009033	दुष्टता				
16009033033	16009033	भरा				
16009033034	16009033	व्यवहार				
16009033035	16009033	किया				
16009033036	16009033	है	y			
16009033037	16009033	।		y		
16009034001	16009034	और				
16009034002	16009034	हमारे				
16009034003	16009034	राजाओं	y			
16009034004	16009034	,		y		
16009034005	16009034	हमारे				
16009034006	16009034	अगुवों	y			
16009034007	16009034	,		y		
16009034008	16009034	हमारे				
16009034009	16009034	याजकों	y			
16009034010	16009034	,		y		
16009034011	16009034	और				
16009034012	16009034	हमारे				
16009034013	16009034	पिताओं				
16009034014	16009034	ने				
16009034015	16009034	तेरे				
16009034016	16009034	कानून				
16009034017	16009034	नहीं				
16009034018	16009034	माने	y			
16009034019	16009034	।		y		
16009034020	16009034	और				
16009034021	16009034	उन्होंने				
16009034022	16009034	तेरी				
16009034023	16009034	आज्ञाओं				
16009034024	16009034	पर				
16009034025	16009034	ध्यान				
16009034026	16009034	नहीं				
16009034027	16009034	दिया				
16009034028	16009034	या				
16009034029	16009034	तेरी				
16009034030	16009034	गवाहियों				
16009034031	16009034	पर				
16009034032	16009034	जो				
16009034033	16009034	गवाही				
16009034034	16009034	तूने				
16009034035	16009034	उनके				
16009034036	16009034	विरुद्ध				
16009034037	16009034	दी				
16009034038	16009034	है	y			
16009034039	16009034	।		y		
16009035001	16009035	और				
16009035002	16009035	जहाँ				
16009035003	16009035	तक				
16009035004	16009035	उनकी				
16009035005	16009035	बात				
16009035006	16009035	है	y			
16009035007	16009035	,		y		
16009035008	16009035	उन्होंने				
16009035009	16009035	उनके				
16009035010	16009035	राज्य				
16009035011	16009035	में				
16009035012	16009035	तेरी				
16009035013	16009035	सेवा				
16009035014	16009035	नहीं				
16009035015	16009035	की	y			
16009035016	16009035	,		y		
16009035017	16009035	और				
16009035018	16009035	तेरी				
16009035019	16009035	महान				
16009035020	16009035	भलाई				
16009035021	16009035	में				
16009035022	16009035	जो				
16009035023	16009035	तूने				
16009035024	16009035	उन्हें				
16009035025	16009035	दी				
16009035026	16009035	थी	y			
16009035027	16009035	,		y		
16009035028	16009035	और				
16009035029	16009035	विस्तार				
16009035030	16009035	में				
16009035031	16009035	और				
16009035032	16009035	मोटी				
16009035033	16009035	भूमि				
16009035034	16009035	जो				
16009035035	16009035	तूने				
16009035036	16009035	उनके				
16009035037	16009035	मुँह				
16009035038	16009035	के				
16009035039	16009035	दी				
16009035040	16009035	थी	y			
16009035041	16009035	।		y		
16009035042	16009035	और				
16009035043	16009035	वे				
16009035044	16009035	अपने				
16009035045	16009035	बुरे				
16009035046	16009035	कामों				
16009035047	16009035	से				
16009035048	16009035	न				
16009035049	16009035	फिरे	y			
16009035050	16009035	।		y		
16009036001	16009036	आज				
16009036002	16009036	हमें				
16009036003	16009036	देख	y			
16009036004	16009036	;		y		
16009036005	16009036	हम				
16009036006	16009036	सेवक				
16009036007	16009036	हैं	y			
16009036008	16009036	।		y		
16009036009	16009036	और				
16009036010	16009036	भूमि				
16009036011	16009036	जो				
16009036012	16009036	तूने				
16009036013	16009036	हमारे				
16009036014	16009036	पिताओं				
16009036015	16009036	को				
16009036016	16009036	दी	y			
16009036017	16009036	,		y		
16009036018	16009036	इसका				
16009036019	16009036	फल				
16009036020	16009036	खाने				
16009036021	16009036	को				
16009036022	16009036	और				
16009036023	16009036	इसकी				
16009036024	16009036	भलाई	y			
16009036025	16009036	;		y		
16009036026	16009036	हमें				
16009036027	16009036	देख	y			
16009036028	16009036	,		y		
16009036029	16009036	हम				
16009036030	16009036	इसमें				
16009036031	16009036	सेवक				
16009036032	16009036	हैं	y			
16009036033	16009036	!		y		
16009037001	16009037	और				
16009037002	16009037	उसकी				
16009037003	16009037	बड़ी				
16009037004	16009037	उपज				
16009037005	16009037	राजाओं				
16009037006	16009037	से				
16009037007	16009037	संबंधित				
16009037008	16009037	है				
16009037009	16009037	जिसे				
16009037010	16009037	तूने				
16009037011	16009037	हमारे				
16009037012	16009037	पापों				
16009037013	16009037	के				
16009037014	16009037	कारण				
16009037015	16009037	उनकी				
16009037016	16009037	इच्छा				
16009037017	16009037	के				
16009037018	16009037	अनुसार	y			
16009037019	16009037	,		y		
16009037020	16009037	और				
16009037021	16009037	हमारे				
16009037022	16009037	शरीर				
16009037023	16009037	और				
16009037024	16009037	हमारे				
16009037025	16009037	पशुओं				
16009037026	16009037	पर				
16009037027	16009037	शासन				
16009037028	16009037	करने				
16009037029	16009037	के				
16009037030	16009037	लिए				
16009037031	16009037	हमारे				
16009037032	16009037	ऊपर				
16009037033	16009037	ठहराई				
16009037034	16009037	है	y			
16009037035	16009037	।		y		
16009037036	16009037	और				
16009037037	16009037	हम				
16009037038	16009037	बड़े				
16009037039	16009037	संकट				
16009037040	16009037	में				
16009037041	16009037	हैं	y			
16009037042	16009037	।		y		
16009038001	16010001	और				
16009038002	16010001	इन				
16009038003	16010001	सब				
16009038004	16010001	में	y			
16009038005	16010001	,		y		
16009038006	16010001	हम				
16009038007	16010001	एक				
16009038008	16010001	विश्वासयोग्य				
16009038009	16010001	वाचा				
16009038010	16010001	को				
16009038011	16010001	तोड़				
16009038012	16010001	रहे				
16009038013	16010001	हैं	y			
16009038014	16010001	,		y		
16009038015	16010001	और				
16009038016	16010001	यहाँ				
16009038017	16010001	तक				
16009038018	16010001	कि				
16009038019	16010001	मुहरबंद				
16009038020	16010001	दस्तावेज़				
16009038021	16010001	पर				
16009038022	16010001	लिख				
16009038023	16010001	रहे				
16009038024	16010001	हैं				
16009038025	16010001	हमारे				
16009038026	16010001	अगुवे	y			
16009038027	16010001	,		y		
16009038028	16010001	हमारे				
16009038029	16010001	लेवीय	y			
16009038030	16010001	,		y		
16009038031	16010001	हमारे				
16009038032	16010001	याजक	y			
16009038033	16010001	।	y	y		
16009038034	16010001	”		y		
16010001001	16010002	और				
16010001002	16010002	मुहरबन्द				
16010001003	16010002	दस्तावेजों				
16010001004	16010002	पर				
16010001005	16010002	ये				
16010001006	16010002	थे	y			
16010001007	16010002	:		y		
16010001008	16010002	नहेम्याह	y			
16010001009	16010002	,		y		
16010001010	16010002	तिर्शता	y			
16010001011	16010002	,		y		
16010001012	16010002	हकल्याह				
16010001013	16010002	का				
16010001014	16010002	पुत्र	y			
16010001015	16010002	,		y		
16010001016	16010002	और				
16010001017	16010002	सिदकिय्याह	y			
16010001018	16010002	,		y		
16010002001	16010003	सरायाह	y			
16010002002	16010003	,		y		
16010002003	16010003	अजर्याह	y			
16010002004	16010003	,		y		
16010002005	16010003	यिर्मयाह	y			
16010002006	16010003	,		y		
16010003001	16010004	पशहूर	y			
16010003002	16010004	,		y		
16010003003	16010004	अमर्याह	y			
16010003004	16010004	,		y		
16010003005	16010004	मल्किय्याह	y			
16010003006	16010004	,		y		
16010004001	16010005	हत्तूश	y			
16010004002	16010005	,		y		
16010004003	16010005	शबन्याह	y			
16010004004	16010005	,		y		
16010004005	16010005	मल्लूक	y			
16010004006	16010005	,		y		
16010005001	16010006	हारीम	y			
16010005002	16010006	,		y		
16010005003	16010006	मरेमोत	y			
16010005004	16010006	,		y		
16010005005	16010006	ओबद्याह	y			
16010005006	16010006	,		y		
16010006001	16010007	दानिय्येल	y			
16010006002	16010007	,		y		
16010006003	16010007	गिन्नतोन	y			
16010006004	16010007	,		y		
16010006005	16010007	बारूक	y			
16010006006	16010007	,		y		
16010007001	16010008	मशुल्लाम	y			
16010007002	16010008	,		y		
16010007003	16010008	अबिय्याह	y			
16010007004	16010008	,		y		
16010007005	16010008	मिय्यामीन	y			
16010007006	16010008	,		y		
16010008001	16010009	माज्याह	y			
16010008002	16010009	,		y		
16010008003	16010009	बिलगै	y			
16010008004	16010009	,		y		
16010008005	16010009	शमायाह	y			
16010008006	16010009	।		y		
16010008007	16010009	ये				
16010008008	16010009	याजक				
16010008009	16010009	थे	y			
16010008010	16010009	।		y		
16010009001	16010010	और				
16010009002	16010010	लेवीय				
16010009003	16010010	थे	y			
16010009004	16010010	:		y		
16010009005	16010010	यहाँ				
16010009006	16010010	तक				
16010009007	16010010	कि				
16010009008	16010010	येशुअ	y			
16010009009	16010010	,		y		
16010009010	16010010	आजन्याह				
16010009011	16010010	का				
16010009012	16010010	पुत्र	y			
16010009013	16010010	;		y		
16010009014	16010010	बिन्नूई	y			
16010009015	16010010	,		y		
16010009016	16010010	हेनादाद				
16010009017	16010010	की				
16010009018	16010010	सन्तान				
16010009019	16010010	में				
16010009020	16010010	से	y			
16010009021	16010010	;		y		
16010009022	16010010	कदमीएल	y			
16010009023	16010010	;		y		
16010010001	16010011	उनके				
16010010002	16010011	भाई				
16010010003	16010011	भी	y			
16010010004	16010011	,		y		
16010010005	16010011	शबन्याह	y			
16010010006	16010011	,		y		
16010010007	16010011	होदिय्याह	y			
16010010008	16010011	,		y		
16010010009	16010011	कलीता	y			
16010010010	16010011	,		y		
16010010011	16010011	पलायाह	y			
16010010012	16010011	,		y		
16010010013	16010011	हानान	y			
16010010014	16010011	,		y		
16010011001	16010012	मीका	y			
16010011002	16010012	,		y		
16010011003	16010012	रहोब	y			
16010011004	16010012	,		y		
16010011005	16010012	हशब्याह	y			
16010011006	16010012	,		y		
16010012001	16010013	जक्कूर	y			
16010012002	16010013	,		y		
16010012003	16010013	शेरेब्याह	y			
16010012004	16010013	,		y		
16010012005	16010013	शबन्याह	y			
16010012006	16010013	,		y		
16010013001	16010014	होदिय्याह	y			
16010013002	16010014	,		y		
16010013003	16010014	बानी	y			
16010013004	16010014	,		y		
16010013005	16010014	बनीनू	y			
16010013006	16010014	।		y		
16010014001	16010015	लोगों				
16010014002	16010015	के				
16010014003	16010015	प्रधान				
16010014004	16010015	थे	y			
16010014005	16010015	:		y		
16010014006	16010015	परोश	y			
16010014007	16010015	,		y		
16010014008	16010015	पहत्मोआब	y			
16010014009	16010015	,		y		
16010014010	16010015	एलाम	y			
16010014011	16010015	,		y		
16010014012	16010015	जत्तू	y			
16010014013	16010015	,		y		
16010014014	16010015	बानी	y			
16010014015	16010015	,		y		
16010015001	16010016	बुन्नी	y			
16010015002	16010016	,		y		
16010015003	16010016	अजगद	y			
16010015004	16010016	,		y		
16010015005	16010016	बेबै	y			
16010015006	16010016	,		y		
16010016001	16010017	अदोनिय्याह	y			
16010016002	16010017	,		y		
16010016003	16010017	बिगवै	y			
16010016004	16010017	,		y		
16010016005	16010017	आदिन	y			
16010016006	16010017	,		y		
16010017001	16010018	आतेर	y			
16010017002	16010018	,		y		
16010017003	16010018	हिजकिय्याह	y			
16010017004	16010018	,		y		
16010017005	16010018	अज्जूर	y			
16010017006	16010018	,		y		
16010018001	16010019	होदिय्याह	y			
16010018002	16010019	,		y		
16010018003	16010019	हाशूम	y			
16010018004	16010019	,		y		
16010018005	16010019	बेसै	y			
16010018006	16010019	,		y		
16010019001	16010020	हारीफ	y			
16010019002	16010020	,		y		
16010019003	16010020	अनातोत	y			
16010019004	16010020	,		y		
16010019005	16010020	नोबै	y			
16010019006	16010020	,		y		
16010020001	16010021	मग्पीआश	y			
16010020002	16010021	,		y		
16010020003	16010021	मशुल्लाम	y			
16010020004	16010021	,		y		
16010020005	16010021	हेजीर	y			
16010020006	16010021	,		y		
16010021001	16010022	मशेजबेल	y			
16010021002	16010022	,		y		
16010021003	16010022	सादोक	y			
16010021004	16010022	,		y		
16010021005	16010022	जदूद	y			
16010021006	16010022	,		y		
16010022001	16010023	पलत्याह	y			
16010022002	16010023	,		y		
16010022003	16010023	हानान	y			
16010022004	16010023	,		y		
16010022005	16010023	अनायाह	y			
16010022006	16010023	,		y		
16010023001	16010024	होशे	y			
16010023002	16010024	,		y		
16010023003	16010024	हनन्याह	y			
16010023004	16010024	,		y		
16010023005	16010024	हश्शूब	y			
16010023006	16010024	,		y		
16010024001	16010025	हल्लोहेश	y			
16010024002	16010025	,		y		
16010024003	16010025	पिल्हा	y			
16010024004	16010025	,		y		
16010024005	16010025	शोबेक	y			
16010024006	16010025	,		y		
16010025001	16010026	रहूम	y			
16010025002	16010026	,		y		
16010025003	16010026	हशब्ना	y			
16010025004	16010026	,		y		
16010025005	16010026	मासेयाह	y			
16010025006	16010026	,		y		
16010026001	16010027	अहिय्याह	y			
16010026002	16010027	,		y		
16010026003	16010027	हानान	y			
16010026004	16010027	,		y		
16010026005	16010027	आनान	y			
16010026006	16010027	,		y		
16010027001	16010028	मल्लूक	y			
16010027002	16010028	,		y		
16010027003	16010028	हारीम	y			
16010027004	16010028	,		y		
16010027005	16010028	बानाह	y			
16010027006	16010028	।		y		
16010028001	16010029	और				
16010028002	16010029	शेष				
16010028003	16010029	लोग	y			
16010028004	16010029	,		y		
16010028005	16010029	याजक	y			
16010028006	16010029	,		y		
16010028007	16010029	लेवीय	y			
16010028008	16010029	,		y		
16010028009	16010029	द्वारपाल	y			
16010028010	16010029	,		y		
16010028011	16010029	जो				
16010028012	16010029	गाते				
16010028013	16010029	हैं	y			
16010028014	16010029	,		y		
16010028015	16010029	नतीन	y			
16010028016	16010029	,		y		
16010028017	16010029	और				
16010028018	16010029	सभी				
16010028019	16010029	जो				
16010028020	16010029	भूमियों				
16010028021	16010029	के				
16010028022	16010029	लोगों				
16010028023	16010029	से				
16010028024	16010029	परमेश्वर				
16010028025	16010029	के				
16010028026	16010029	कानून				
16010028027	16010029	के				
16010028028	16010029	अनुसार				
16010028029	16010029	अलग				
16010028030	16010029	हो				
16010028031	16010029	रहे				
16010028032	16010029	थे	y			
16010028033	16010029	,		y		
16010028034	16010029	उनकी				
16010028035	16010029	पत्नियाँ	y			
16010028036	16010029	,		y		
16010028037	16010029	उनके				
16010028038	16010029	पुत्र				
16010028039	16010029	और				
16010028040	16010029	उनकी				
16010028041	16010029	पुत्रियाँ	y			
16010028042	16010029	,		y		
16010028043	16010029	जो				
16010028044	16010029	सब				
16010028045	16010029	जानते				
16010028046	16010029	थे	y			
16010028047	16010029	,		y		
16010028048	16010029	समझने				
16010028049	16010029	में				
16010028050	16010029	सक्षम				
16010028051	16010029	होने				
16010028052	16010029	के				
16010028053	16010029	कारण	y			
16010028054	16010029	,		y		
16010029001	16010030	अपने				
16010029002	16010030	भाइयों				
16010029003	16010030	से				
16010029004	16010030	चिपक				
16010029005	16010030	रहे				
16010029006	16010030	थे	y			
16010029007	16010030	,		y		
16010029008	16010030	उनके				
16010029009	16010030	कुलीनों	y			
16010029010	16010030	,		y		
16010029011	16010030	और				
16010029012	16010030	एक				
16010029013	16010030	शाप				
16010029014	16010030	में				
16010029015	16010030	प्रवेश				
16010029016	16010030	कर				
16010029017	16010030	रहे				
16010029018	16010030	थे				
16010029019	16010030	और				
16010029020	16010030	एक				
16010029021	16010030	शपथ				
16010029022	16010030	में	y			
16010029023	16010030	:		y		
16010029024	16010030	परमेश्वर				
16010029025	16010030	के				
16010029026	16010030	कानून				
16010029027	16010030	में				
16010029028	16010030	चलने				
16010029029	16010030	के				
16010029030	16010030	लिए	y			
16010029031	16010030	,		y		
16010029032	16010030	जिसे				
16010029033	16010030	परमेश्वर				
16010029034	16010030	के				
16010029035	16010030	सेवक				
16010029036	16010030	मूसा				
16010029037	16010030	के				
16010029038	16010030	हाथ				
16010029039	16010030	से				
16010029040	16010030	दिया				
16010029041	16010030	गया				
16010029042	16010030	था	y			
16010029043	16010030	;		y		
16010029044	16010030	और				
16010029045	16010030	रखने				
16010029046	16010030	को				
16010029047	16010030	और				
16010029048	16010030	हमारे				
16010029049	16010030	प्रभु				
16010029050	16010030	यहोवा				
16010029051	16010030	की				
16010029052	16010030	सब				
16010029053	16010030	आज्ञाओं				
16010029054	16010030	का				
16010029055	16010030	पालन				
16010029056	16010030	करने				
16010029057	16010030	को	y			
16010029058	16010030	,		y		
16010029059	16010030	और				
16010029060	16010030	उसके				
16010029061	16010030	निर्णयों				
16010029062	16010030	और				
16010029063	16010030	उसकी				
16010029064	16010030	विधियों	y			
16010029065	16010030	;		y		
16010030001	16010031	और				
16010030002	16010031	कि				
16010030003	16010031	हम				
16010030004	16010031	भूमि				
16010030005	16010031	के				
16010030006	16010031	लोगों				
16010030007	16010031	को				
16010030008	16010031	हमारी				
16010030009	16010031	पुत्रियाँ				
16010030010	16010031	नहीं				
16010030011	16010031	देंगे	y			
16010030012	16010031	,		y		
16010030013	16010031	और				
16010030014	16010031	हम				
16010030015	16010031	उनकी				
16010030016	16010031	पुत्रियों				
16010030017	16010031	को				
16010030018	16010031	हमारे				
16010030019	16010031	पुत्रों				
16010030020	16010031	के				
16010030021	16010031	लिए				
16010030022	16010031	नहीं				
16010030023	16010031	लेंगे	y			
16010030024	16010031	;		y		
16010031001	16010032	और	y			
16010031002	16010032	,		y		
16010031003	16010032	सब्त				
16010031004	16010032	के				
16010031005	16010032	दिन				
16010031006	16010032	या				
16010031007	16010032	पवित्र				
16010031008	16010032	दिन				
16010031009	16010032	पर	y			
16010031010	16010032	,		y		
16010031011	16010032	हम				
16010031012	16010032	भूमि				
16010031013	16010032	के				
16010031014	16010032	लोगों				
16010031015	16010032	से				
16010031016	16010032	न				
16010031017	16010032	लेंगे	y			
16010031018	16010032	,		y		
16010031019	16010032	सामान				
16010031020	16010032	लाने				
16010031021	16010032	वाले				
16010031022	16010032	और				
16010031023	16010032	सब				
16010031024	16010032	प्रकार				
16010031025	16010032	का				
16010031026	16010032	अन्न				
16010031027	16010032	सब्त				
16010031028	16010032	के				
16010031029	16010032	दिन				
16010031030	16010032	बेचने				
16010031031	16010032	को	y			
16010031032	16010032	;		y		
16010031033	16010032	और				
16010031034	16010032	हम				
16010031035	16010032	सातवें				
16010031036	16010032	वर्ष				
16010031037	16010032	को				
16010031038	16010032	अकेला				
16010031039	16010032	छोड़ेंगे				
16010031040	16010032	और				
16010031041	16010032	प्रत्येक				
16010031042	16010032	हाथ				
16010031043	16010032	का				
16010031044	16010032	ब्याज	y			
16010031045	16010032	।		y		
16010032001	16010033	साथ				
16010032002	16010033	ही	y			
16010032003	16010033	,		y		
16010032004	16010033	हमने				
16010032005	16010033	अपने				
16010032006	16010033	परमेश्वर				
16010032007	16010033	के				
16010032008	16010033	घर				
16010032009	16010033	की				
16010032010	16010033	सेवा				
16010032011	16010033	के				
16010032012	16010033	लिए				
16010032013	16010033	एक				
16010032014	16010033	वर्ष				
16010032015	16010033	में				
16010032016	16010033	एक				
16010032017	16010033	तिहाई				
16010032018	16010033	शेकेल				
16010032019	16010033	हमें				
16010032020	16010033	देने				
16010032021	16010033	की				
16010032022	16010033	आज्ञाएँ				
16010032023	16010033	दीं	y			
16010032024	16010033	।		y		
16010033001	16010034	पंक्तियों				
16010033002	16010034	में				
16010033003	16010034	रोटी				
16010033004	16010034	के				
16010033005	16010034	लिए				
16010033006	16010034	और				
16010033007	16010034	नित्य				
16010033008	16010034	भेंट	y			
16010033009	16010034	,		y		
16010033010	16010034	और				
16010033011	16010034	नित्य				
16010033012	16010034	होमबलि				
16010033013	16010034	के				
16010033014	16010034	लिए	y			
16010033015	16010034	,		y		
16010033016	16010034	सब्त	y			
16010033017	16010034	,		y		
16010033018	16010034	नए				
16010033019	16010034	चाँदों	y			
16010033020	16010034	,		y		
16010033021	16010034	नियत				
16010033022	16010034	समयों				
16010033023	16010034	के				
16010033024	16010034	लिए	y			
16010033025	16010034	,		y		
16010033026	16010034	और				
16010033027	16010034	पवित्र				
16010033028	16010034	वस्तुओं				
16010033029	16010034	के				
16010033030	16010034	लिए	y			
16010033031	16010034	,		y		
16010033032	16010034	और				
16010033033	16010034	इस्राएल				
16010033034	16010034	को				
16010033035	16010034	ढकने				
16010033036	16010034	के				
16010033037	16010034	लिए				
16010033038	16010034	पापबलि				
16010033039	16010034	के				
16010033040	16010034	लिए	y			
16010033041	16010034	,		y		
16010033042	16010034	और				
16010033043	16010034	हमारे				
16010033044	16010034	परमेश्वर				
16010033045	16010034	के				
16010033046	16010034	घर				
16010033047	16010034	का				
16010033048	16010034	सब				
16010033049	16010034	काम	y			
16010033050	16010034	।		y		
16010034001	16010035	और				
16010034002	16010035	हमने				
16010034003	16010035	याजकों				
16010034004	16010035	के				
16010034005	16010035	बीच				
16010034006	16010035	चिट्ठियाँ				
16010034007	16010035	डाली	y			
16010034008	16010035	,		y		
16010034009	16010035	लेवीय	y			
16010034010	16010035	,		y		
16010034011	16010035	और				
16010034012	16010035	लोग	y			
16010034013	16010035	:		y		
16010034014	16010035	लकड़ी				
16010034015	16010035	के				
16010034016	16010035	टुकड़ों				
16010034017	16010035	की				
16010034018	16010035	भेंट				
16010034019	16010035	के				
16010034020	16010035	संबंध				
16010034021	16010035	में	y			
16010034022	16010035	,		y		
16010034023	16010035	उन्हें				
16010034024	16010035	हमारे				
16010034025	16010035	परमेश्वर				
16010034026	16010035	के				
16010034027	16010035	घर				
16010034028	16010035	में				
16010034029	16010035	लाने				
16010034030	16010035	के				
16010034031	16010035	लिए	y			
16010034032	16010035	,		y		
16010034033	16010035	हमारे				
16010034034	16010035	पिताओं				
16010034035	16010035	के				
16010034036	16010035	घर				
16010034037	16010035	के				
16010034038	16010035	लिए				
16010034039	16010035	प्रति				
16010034040	16010035	वर्ष				
16010034041	16010035	नियत				
16010034042	16010035	समयों				
16010034043	16010035	पर	y			
16010034044	16010035	,		y		
16010034045	16010035	हमारे				
16010034046	16010035	परमेश्वर				
16010034047	16010035	यहोवा				
16010034048	16010035	की				
16010034049	16010035	वेदी				
16010034050	16010035	पर				
16010034051	16010035	जलाने				
16010034052	16010035	के				
16010034053	16010035	लिये				
16010034054	16010035	जैसा				
16010034055	16010035	कानून				
16010034056	16010035	में				
16010034057	16010035	लिखा				
16010034058	16010035	है	y			
16010034059	16010035	;		y		
16010035001	16010036	और				
16010035002	16010036	हमारी				
16010035003	16010036	मिट्टी				
16010035004	16010036	का				
16010035005	16010036	पहला				
16010035006	16010036	फल				
16010035007	16010036	लाने				
16010035008	16010036	के				
16010035009	16010036	लिए				
16010035010	16010036	और				
16010035011	16010036	प्रत्येक				
16010035012	16010036	वृक्ष				
16010035013	16010036	के				
16010035014	16010036	सब				
16010035015	16010036	फलों				
16010035016	16010036	का				
16010035017	16010036	पहिला				
16010035018	16010036	फल	y			
16010035019	16010036	,		y		
16010035020	16010036	प्रति				
16010035021	16010036	वर्ष	y			
16010035022	16010036	,		y		
16010035023	16010036	यहोवा				
16010035024	16010036	के				
16010035025	16010036	घर				
16010035026	16010036	को	y			
16010035027	16010036	;		y		
16010036001	16010037	और				
16010036002	16010037	हमारे				
16010036003	16010037	पुत्रों				
16010036004	16010037	के				
16010036005	16010037	पहलौठे				
16010036006	16010037	और				
16010036007	16010037	हमारे				
16010036008	16010037	पशुधन	y			
16010036009	16010037	,		y		
16010036010	16010037	जैसा				
16010036011	16010037	कि				
16010036012	16010037	व्यवस्था				
16010036013	16010037	में				
16010036014	16010037	लिखा				
16010036015	16010037	है	y			
16010036016	16010037	,		y		
16010036017	16010037	यहाँ				
16010036018	16010037	तक				
16010036019	16010037	कि				
16010036020	16010037	हमारे				
16010036021	16010037	समूहों				
16010036022	16010037	के				
16010036023	16010037	पहलौठे				
16010036024	16010037	भी				
16010036025	16010037	और				
16010036026	16010037	हमारे				
16010036027	16010037	झुंड	y			
16010036028	16010037	,		y		
16010036029	16010037	उन्हें				
16010036030	16010037	हमारे				
16010036031	16010037	परमेश्वर				
16010036032	16010037	के				
16010036033	16010037	घर				
16010036034	16010037	में				
16010036035	16010037	लाने				
16010036036	16010037	के				
16010036037	16010037	लिए	y			
16010036038	16010037	,		y		
16010036039	16010037	याजकों				
16010036040	16010037	को	y			
16010036041	16010037	,		y		
16010036042	16010037	जो				
16010036043	16010037	हमारे				
16010036044	16010037	परमेश्वर				
16010036045	16010037	के				
16010036046	16010037	भवन				
16010036047	16010037	में				
16010036048	16010037	सेवा				
16010036049	16010037	करते				
16010036050	16010037	हैं	y			
16010036051	16010037	।		y		
16010037001	16010038	और				
16010037002	16010038	हम				
16010037003	16010038	लाएंगे	y			
16010037004	16010038	:		y		
16010037005	16010038	हमारे				
16010037006	16010038	आटे				
16010037007	16010038	का				
16010037008	16010038	पहला				
16010037009	16010038	और				
16010037010	16010038	हमारी				
16010037011	16010038	भेंटें	y			
16010037012	16010038	,		y		
16010037013	16010038	और				
16010037014	16010038	प्रत्येक				
16010037015	16010038	वृक्ष				
16010037016	16010038	का				
16010037017	16010038	फल	y			
16010037018	16010038	,		y		
16010037019	16010038	दाखमधु	y			
16010037020	16010038	,		y		
16010037021	16010038	और				
16010037022	16010038	तेल	y			
16010037023	16010038	,		y		
16010037024	16010038	याजकों				
16010037025	16010038	के				
16010037026	16010038	लिए	y			
16010037027	16010038	,		y		
16010037028	16010038	हमारे				
16010037029	16010038	परमेश्वर				
16010037030	16010038	के				
16010037031	16010038	घर				
16010037032	16010038	की				
16010037033	16010038	कोठरियों				
16010037034	16010038	में	y			
16010037035	16010038	;		y		
16010037036	16010038	और				
16010037037	16010038	हमारी				
16010037038	16010038	मिट्टी				
16010037039	16010038	का				
16010037040	16010038	दशमांश				
16010037041	16010038	लेवियों				
16010037042	16010038	के				
16010037043	16010038	लिए	y			
16010037044	16010038	।		y		
16010037045	16010038	और				
16010037046	16010038	वे	y			
16010037047	16010038	,		y		
16010037048	16010038	लेवीय	y			
16010037049	16010038	,		y		
16010037050	16010038	हमारे				
16010037051	16010038	परिश्रम				
16010037052	16010038	का				
16010037053	16010038	दशमांश				
16010037054	16010038	सब				
16010037055	16010038	नगरों				
16010037056	16010038	में				
16010037057	16010038	प्राप्त				
16010037058	16010038	करने				
16010037059	16010038	वाले				
16010037060	16010038	होंगे	y			
16010037061	16010038	।		y		
16010038001	16010039	और				
16010038002	16010039	एक				
16010038003	16010039	याजक				
16010038004	16010039	जो				
16010038005	16010039	हारून				
16010038006	16010039	का				
16010038007	16010039	पुत्र				
16010038008	16010039	है				
16010038009	16010039	वह				
16010038010	16010039	लेवियों				
16010038011	16010039	के				
16010038012	16010039	साथ				
16010038013	16010039	रहेगा				
16010038014	16010039	जब				
16010038015	16010039	लेवीय				
16010038016	16010039	दशमांश				
16010038017	16010039	प्राप्त				
16010038018	16010039	करते				
16010038019	16010039	हैं	y			
16010038020	16010039	।		y		
16010038021	16010039	और				
16010038022	16010039	लेवीय				
16010038023	16010039	दशमांश				
16010038024	16010039	का				
16010038025	16010039	दशमांश				
16010038026	16010039	हमारे				
16010038027	16010039	परमेश्वर				
16010038028	16010039	के				
16010038029	16010039	घर				
16010038030	16010039	में				
16010038031	16010039	ले				
16010038032	16010039	आएंगे	y			
16010038033	16010039	,		y		
16010038034	16010039	कोषागार				
16010038035	16010039	के				
16010038036	16010039	घर				
16010038037	16010039	के				
16010038038	16010039	कोठरियों				
16010038039	16010039	में	y			
16010038040	16010039	।		y		
16010039001	16010040	क्योंकि				
16010039002	16010040	इस्राएल				
16010039003	16010040	के				
16010039004	16010040	पुत्रों				
16010039005	16010040	के				
16010039006	16010040	लिए				
16010039007	16010040	और				
16010039008	16010040	लेवी				
16010039009	16010040	के				
16010039010	16010040	पुत्र				
16010039011	16010040	अन्नबलि				
16010039012	16010040	को				
16010039013	16010040	कोठरियों				
16010039014	16010040	में				
16010039015	16010040	ले				
16010039016	16010040	आएंगे	y			
16010039017	16010040	,		y		
16010039018	16010040	दाखमधु	y			
16010039019	16010040	,		y		
16010039020	16010040	और				
16010039021	16010040	तेल	y			
16010039022	16010040	।		y		
16010039023	16010040	और				
16010039024	16010040	पवित्रस्थान				
16010039025	16010040	के				
16010039026	16010040	लिये				
16010039027	16010040	बर्तन				
16010039028	16010040	होंगे	y			
16010039029	16010040	,		y		
16010039030	16010040	और				
16010039031	16010040	याजकों	y			
16010039032	16010040	,		y		
16010039033	16010040	वे				
16010039034	16010040	जो				
16010039035	16010040	सेवा				
16010039036	16010040	कर				
16010039037	16010040	रहे				
16010039038	16010040	हैं	y			
16010039039	16010040	,		y		
16010039040	16010040	और				
16010039041	16010040	द्वारपाल	y			
16010039042	16010040	,		y		
16010039043	16010040	और				
16010039044	16010040	जो				
16010039045	16010040	गाते				
16010039046	16010040	हैं	y			
16010039047	16010040	।		y		
16010039048	16010040	और				
16010039049	16010040	हम				
16010039050	16010040	हमारे				
16010039051	16010040	परमेश्वर				
16010039052	16010040	के				
16010039053	16010040	घर				
16010039054	16010040	की				
16010039055	16010040	अनदेखी				
16010039056	16010040	नहीं				
16010039057	16010040	करेंगे	y			
16010039058	16010040	।		y		
16011001001	16011001	और				
16011001002	16011001	लोगों				
16011001003	16011001	के				
16011001004	16011001	अगुवे				
16011001005	16011001	यरूशलेम				
16011001006	16011001	में				
16011001007	16011001	रहने				
16011001008	16011001	लगे	y			
16011001009	16011001	।		y		
16011001010	16011001	और				
16011001011	16011001	शेष				
16011001012	16011001	लोगों				
16011001013	16011001	ने				
16011001014	16011001	चिट्ठियाँ				
16011001015	16011001	डाली	y			
16011001016	16011001	,		y		
16011001017	16011001	कि				
16011001018	16011001	दस				
16011001019	16011001	में				
16011001020	16011001	से				
16011001021	16011001	एक				
16011001022	16011001	को				
16011001023	16011001	पवित्र				
16011001024	16011001	नगर				
16011001025	16011001	यरूशलेम				
16011001026	16011001	में				
16011001027	16011001	रहने				
16011001028	16011001	के				
16011001029	16011001	लिए				
16011001030	16011001	ले				
16011001031	16011001	आए	y			
16011001032	16011001	,		y		
16011001033	16011001	और				
16011001034	16011001	नौ				
16011001035	16011001	हाथ				
16011001036	16011001	नगरों				
16011001037	16011001	में				
16011001038	16011001	थे	y			
16011001039	16011001	।		y		
16011002001	16011002	और				
16011002002	16011002	लोगों				
16011002003	16011002	ने				
16011002004	16011002	सभी				
16011002005	16011002	पुरुषों				
16011002006	16011002	को				
16011002007	16011002	आशीष				
16011002008	16011002	दी	y			
16011002009	16011002	,		y		
16011002010	16011002	जिन्होंने				
16011002011	16011002	यरूशलेम				
16011002012	16011002	में				
16011002013	16011002	रहने				
16011002014	16011002	में				
16011002015	16011002	वास				
16011002016	16011002	करना				
16011002017	16011002	स्वेच्छा				
16011002018	16011002	से				
16011002019	16011002	चाहा	y			
16011002020	16011002	।		y		
16011003001	16011003	और				
16011003002	16011003	प्रान्त				
16011003003	16011003	के				
16011003004	16011003	ये				
16011003005	16011003	प्रधान				
16011003006	16011003	हैं				
16011003007	16011003	जो				
16011003008	16011003	यरूशलेम				
16011003009	16011003	में				
16011003010	16011003	रहते				
16011003011	16011003	थे	y			
16011003012	16011003	।		y		
16011003013	16011003	और				
16011003014	16011003	यहूदा				
16011003015	16011003	के				
16011003016	16011003	नगरों				
16011003017	16011003	में				
16011003018	16011003	वे				
16011003019	16011003	रहते				
16011003020	16011003	थे	y			
16011003021	16011003	,		y		
16011003022	16011003	एक				
16011003023	16011003	पुरुष				
16011003024	16011003	अपनी				
16011003025	16011003	सम्पत्ति				
16011003026	16011003	पर	y			
16011003027	16011003	,		y		
16011003028	16011003	उनके				
16011003029	16011003	नगरों				
16011003030	16011003	में	y			
16011003031	16011003	:		y		
16011003032	16011003	इस्राएल	y			
16011003033	16011003	,		y		
16011003034	16011003	याजकों	y			
16011003035	16011003	,		y		
16011003036	16011003	और				
16011003037	16011003	लेवीय	y			
16011003038	16011003	,		y		
16011003039	16011003	और				
16011003040	16011003	नतीन	y			
16011003041	16011003	,		y		
16011003042	16011003	और				
16011003043	16011003	सुलैमान				
16011003044	16011003	के				
16011003045	16011003	सेवकों				
16011003046	16011003	के				
16011003047	16011003	पुत्र	y			
16011003048	16011003	।		y		
16011004001	16011004	और				
16011004002	16011004	यहूदा				
16011004003	16011004	के				
16011004004	16011004	पुत्रों				
16011004005	16011004	में				
16011004006	16011004	से				
16011004007	16011004	कुछ				
16011004008	16011004	और				
16011004009	16011004	बिन्यामीन				
16011004010	16011004	के				
16011004011	16011004	पुत्रों				
16011004012	16011004	में				
16011004013	16011004	से				
16011004014	16011004	यरूशलेम				
16011004015	16011004	में				
16011004016	16011004	रहते				
16011004017	16011004	थे	y			
16011004018	16011004	।		y		
16011004019	16011004	यहूदा				
16011004020	16011004	के				
16011004021	16011004	पुत्रों				
16011004022	16011004	में				
16011004023	16011004	से				
16011004024	16011004	ये				
16011004025	16011004	थे	y			
16011004026	16011004	:		y		
16011004027	16011004	अतायाह	y			
16011004028	16011004	,		y		
16011004029	16011004	उज्जिय्याह				
16011004030	16011004	का				
16011004031	16011004	पुत्र	y			
16011004032	16011004	,		y		
16011004033	16011004	जकर्याह				
16011004034	16011004	का				
16011004035	16011004	पुत्र	y			
16011004036	16011004	,		y		
16011004037	16011004	अमर्याह				
16011004038	16011004	का				
16011004039	16011004	पुत्र	y			
16011004040	16011004	,		y		
16011004041	16011004	शपत्याह				
16011004042	16011004	का				
16011004043	16011004	पुत्र	y			
16011004044	16011004	,		y		
16011004045	16011004	महललेल				
16011004046	16011004	का				
16011004047	16011004	पुत्र	y			
16011004048	16011004	,		y		
16011004049	16011004	पेरेस				
16011004050	16011004	के				
16011004051	16011004	पुत्रों				
16011004052	16011004	में				
16011004053	16011004	से	y			
16011004054	16011004	;		y		
16011005001	16011005	और				
16011005002	16011005	मासेयाह	y			
16011005003	16011005	,		y		
16011005004	16011005	बारूक				
16011005005	16011005	का				
16011005006	16011005	पुत्र	y			
16011005007	16011005	,		y		
16011005008	16011005	कोल्होजे				
16011005009	16011005	का				
16011005010	16011005	पुत्र	y			
16011005011	16011005	,		y		
16011005012	16011005	हजायाह				
16011005013	16011005	का				
16011005014	16011005	पुत्र	y			
16011005015	16011005	,		y		
16011005016	16011005	अदायाह				
16011005017	16011005	का				
16011005018	16011005	पुत्र	y			
16011005019	16011005	,		y		
16011005020	16011005	योयारीब				
16011005021	16011005	का				
16011005022	16011005	पुत्र	y			
16011005023	16011005	,		y		
16011005024	16011005	जकर्याह				
16011005025	16011005	का				
16011005026	16011005	पुत्र	y			
16011005027	16011005	,		y		
16011005028	16011005	शीलोई				
16011005029	16011005	का				
16011005030	16011005	एक				
16011005031	16011005	पुत्र	y			
16011005032	16011005	।		y		
16011006001	16011006	पेरेस				
16011006002	16011006	के				
16011006003	16011006	सभी				
16011006004	16011006	पुत्र	y			
16011006005	16011006	,		y		
16011006006	16011006	जो				
16011006007	16011006	यरूशलेम				
16011006008	16011006	में				
16011006009	16011006	रहते				
16011006010	16011006	हैं	y			
16011006011	16011006	,		y		
16011006012	16011006	सामर्थ्य				
16011006013	16011006	के				
16011006014	16011006	468				
16011006015	16011006	पुरुष				
16011006016	16011006	थे	y			
16011006017	16011006	।		y		
16011007001	16011007	और				
16011007002	16011007	बिन्यामीन				
16011007003	16011007	के				
16011007004	16011007	ये				
16011007005	16011007	पुत्र				
16011007006	16011007	हैं	y			
16011007007	16011007	:		y		
16011007008	16011007	सल्लू	y			
16011007009	16011007	,		y		
16011007010	16011007	मशुल्लाम				
16011007011	16011007	का				
16011007012	16011007	पुत्र	y			
16011007013	16011007	,		y		
16011007014	16011007	योएद				
16011007015	16011007	का				
16011007016	16011007	पुत्र	y			
16011007017	16011007	,		y		
16011007018	16011007	पदायाह				
16011007019	16011007	का				
16011007020	16011007	पुत्र	y			
16011007021	16011007	,		y		
16011007022	16011007	कोलायाह				
16011007023	16011007	का				
16011007024	16011007	पुत्र	y			
16011007025	16011007	,		y		
16011007026	16011007	मासेयाह				
16011007027	16011007	का				
16011007028	16011007	पुत्र	y			
16011007029	16011007	,		y		
16011007030	16011007	इतीएह				
16011007031	16011007	का				
16011007032	16011007	पुत्र	y			
16011007033	16011007	,		y		
16011007034	16011007	यशायाह				
16011007035	16011007	का				
16011007036	16011007	पुत्र	y			
16011007037	16011007	;		y		
16011008001	16011008	और				
16011008002	16011008	उसके				
16011008003	16011008	पीछे	y			
16011008004	16011008	,		y		
16011008005	16011008	गब्बै	y			
16011008006	16011008	,		y		
16011008007	16011008	सल्लै	y			
16011008008	16011008	,		y		
16011008009	16011008	928	y			
16011008010	16011008	.		y		
16011009001	16011009	और				
16011009002	16011009	योएल				
16011009003	16011009	जिक्री				
16011009004	16011009	का				
16011009005	16011009	पुत्र				
16011009006	16011009	उनके				
16011009007	16011009	लिए				
16011009008	16011009	निरीक्षक				
16011009009	16011009	था	y			
16011009010	16011009	।		y		
16011009011	16011009	और				
16011009012	16011009	यहूदा	y			
16011009013	16011009	,		y		
16011009014	16011009	हस्सनूआ				
16011009015	16011009	का				
16011009016	16011009	पुत्र	y			
16011009017	16011009	,		y		
16011009018	16011009	शहर				
16011009019	16011009	के				
16011009020	16011009	ऊपर				
16011009021	16011009	दूसरा				
16011009022	16011009	था	y			
16011009023	16011009	।		y		
16011010001	16011010	याजकों				
16011010002	16011010	से	y			
16011010003	16011010	:		y		
16011010004	16011010	यदायाह				
16011010005	16011010	योयारीब				
16011010006	16011010	का				
16011010007	16011010	पुत्र	y			
16011010008	16011010	;		y		
16011010009	16011010	याकीन	y			
16011010010	16011010	;		y		
16011011001	16011011	सरायाह	y			
16011011002	16011011	,		y		
16011011003	16011011	हिल्किय्याह				
16011011004	16011011	का				
16011011005	16011011	पुत्र	y			
16011011006	16011011	,		y		
16011011007	16011011	मशुल्लाम				
16011011008	16011011	का				
16011011009	16011011	पुत्र	y			
16011011010	16011011	,		y		
16011011011	16011011	सादोक				
16011011012	16011011	का				
16011011013	16011011	पुत्र	y			
16011011014	16011011	,		y		
16011011015	16011011	मरायोत				
16011011016	16011011	का				
16011011017	16011011	पुत्र	y			
16011011018	16011011	,		y		
16011011019	16011011	अहीतूब				
16011011020	16011011	का				
16011011021	16011011	पुत्र	y			
16011011022	16011011	,		y		
16011011023	16011011	परमेश्वर				
16011011024	16011011	के				
16011011025	16011011	घर				
16011011026	16011011	का				
16011011027	16011011	अगुवा	y			
16011011028	16011011	;		y		
16011012001	16011012	और				
16011012002	16011012	उनके				
16011012003	16011012	भाई	y			
16011012004	16011012	,		y		
16011012005	16011012	जो				
16011012006	16011012	घर				
16011012007	16011012	का				
16011012008	16011012	काम				
16011012009	16011012	कर				
16011012010	16011012	रहे				
16011012011	16011012	थे	y			
16011012012	16011012	,		y		
16011012013	16011012	822				
16011012014	16011012	थे	y			
16011012015	16011012	;		y		
16011012016	16011012	और				
16011012017	16011012	अदायाह	y			
16011012018	16011012	,		y		
16011012019	16011012	यरोहाम				
16011012020	16011012	का				
16011012021	16011012	पुत्र	y			
16011012022	16011012	,		y		
16011012023	16011012	पलल्याह				
16011012024	16011012	का				
16011012025	16011012	पुत्र	y			
16011012026	16011012	,		y		
16011012027	16011012	अमसी				
16011012028	16011012	का				
16011012029	16011012	पुत्र	y			
16011012030	16011012	,		y		
16011012031	16011012	जकर्याह				
16011012032	16011012	का				
16011012033	16011012	पुत्र	y			
16011012034	16011012	,		y		
16011012035	16011012	पशहूर				
16011012036	16011012	का				
16011012037	16011012	पुत्र	y			
16011012038	16011012	,		y		
16011012039	16011012	मल्किय्याह				
16011012040	16011012	का				
16011012041	16011012	पुत्र	y			
16011012042	16011012	;		y		
16011013001	16011013	और				
16011013002	16011013	उसके				
16011013003	16011013	भाई	y			
16011013004	16011013	,		y		
16011013005	16011013	पितओं				
16011013006	16011013	के				
16011013007	16011013	प्रधान	y			
16011013008	16011013	,		y		
16011013009	16011013	242				
16011013010	16011013	थे	y			
16011013011	16011013	;		y		
16011013012	16011013	और				
16011013013	16011013	अमशै	y			
16011013014	16011013	,		y		
16011013015	16011013	अजरेल				
16011013016	16011013	का				
16011013017	16011013	पुत्र	y			
16011013018	16011013	,		y		
16011013019	16011013	अहजै				
16011013020	16011013	का				
16011013021	16011013	पुत्र	y			
16011013022	16011013	,		y		
16011013023	16011013	मशिल्लेमोत				
16011013024	16011013	का				
16011013025	16011013	पुत्र	y			
16011013026	16011013	,		y		
16011013027	16011013	इम्मेर				
16011013028	16011013	का				
16011013029	16011013	पुत्र	y			
16011013030	16011013	;		y		
16011014001	16011014	और				
16011014002	16011014	उनके				
16011014003	16011014	भाई	y			
16011014004	16011014	,		y		
16011014005	16011014	सामर्थ्य				
16011014006	16011014	के				
16011014007	16011014	पराक्रमी				
16011014008	16011014	पुरुष	y			
16011014009	16011014	,		y		
16011014010	16011014	128				
16011014011	16011014	थे	y			
16011014012	16011014	।		y		
16011014013	16011014	और				
16011014014	16011014	हग्गदोलीम				
16011014015	16011014	का				
16011014016	16011014	पुत्र				
16011014017	16011014	जब्दीएल				
16011014018	16011014	उनका				
16011014019	16011014	निरीक्षक				
16011014020	16011014	था	y			
16011014021	16011014	।		y		
16011015001	16011015	और				
16011015002	16011015	लेवियों				
16011015003	16011015	से	y			
16011015004	16011015	:		y		
16011015005	16011015	शमायाह	y			
16011015006	16011015	,		y		
16011015007	16011015	हश्शूब				
16011015008	16011015	का				
16011015009	16011015	पुत्र	y			
16011015010	16011015	,		y		
16011015011	16011015	अज्रीकाम				
16011015012	16011015	का				
16011015013	16011015	पुत्र	y			
16011015014	16011015	,		y		
16011015015	16011015	हशब्याह				
16011015016	16011015	का				
16011015017	16011015	पुत्र	y			
16011015018	16011015	,		y		
16011015019	16011015	बुन्नी				
16011015020	16011015	का				
16011015021	16011015	पुत्र	y			
16011015022	16011015	;		y		
16011016001	16011016	और				
16011016002	16011016	शब्बतै				
16011016003	16011016	और				
16011016004	16011016	योजाबाद	y			
16011016005	16011016	,		y		
16011016006	16011016	लेवियों				
16011016007	16011016	के				
16011016008	16011016	प्रधानों				
16011016009	16011016	से	y			
16011016010	16011016	,		y		
16011016011	16011016	परमेश्वर				
16011016012	16011016	के				
16011016013	16011016	घर				
16011016014	16011016	के				
16011016015	16011016	बाहर				
16011016016	16011016	का				
16011016017	16011016	काम				
16011016018	16011016	कर				
16011016019	16011016	रहे				
16011016020	16011016	थे	y			
16011016021	16011016	;		y		
16011017001	16011017	और				
16011017002	16011017	मत्तन्याह	y			
16011017003	16011017	,		y		
16011017004	16011017	मीका				
16011017005	16011017	का				
16011017006	16011017	पुत्र	y			
16011017007	16011017	,		y		
16011017008	16011017	जब्दी				
16011017009	16011017	का				
16011017010	16011017	पुत्र	y			
16011017011	16011017	,		y		
16011017012	16011017	आसाप				
16011017013	16011017	का				
16011017014	16011017	पुत्र	y			
16011017015	16011017	,		y		
16011017016	16011017	आरम्भ				
16011017017	16011017	का				
16011017018	16011017	प्रधान				
16011017019	16011017	जिसने				
16011017020	16011017	धन्यवादी				
16011017021	16011017	प्रार्थना				
16011017022	16011017	भेंट				
16011017023	16011017	चढ़ाई	y			
16011017024	16011017	;		y		
16011017025	16011017	और				
16011017026	16011017	बकबुक्याह	y			
16011017027	16011017	,		y		
16011017028	16011017	अपने				
16011017029	16011017	भाइयों				
16011017030	16011017	से				
16011017031	16011017	दूसरा	y			
16011017032	16011017	;		y		
16011017033	16011017	और				
16011017034	16011017	अब्दा	y			
16011017035	16011017	,		y		
16011017036	16011017	शम्मू				
16011017037	16011017	का				
16011017038	16011017	पुत्र	y			
16011017039	16011017	,		y		
16011017040	16011017	गालाल				
16011017041	16011017	का				
16011017042	16011017	पुत्र	y			
16011017043	16011017	,		y		
16011017044	16011017	यदूतून				
16011017045	16011017	का				
16011017046	16011017	पुत्र	y			
16011017047	16011017	।		y		
16011017048	16011017	ग				
16011017049	16011017	घ				
16011018001	16011018	पवित्र				
16011018002	16011018	नगर				
16011018003	16011018	के				
16011018004	16011018	सब				
16011018005	16011018	लेवीय				
16011018006	16011018	284				
16011018007	16011018	थे	y			
16011018008	16011018	।		y		
16011019001	16011019	और				
16011019002	16011019	द्वारपाल	y			
16011019003	16011019	,		y		
16011019004	16011019	अक्कूब	y			
16011019005	16011019	,		y		
16011019006	16011019	तल्मोन	y			
16011019007	16011019	,		y		
16011019008	16011019	और				
16011019009	16011019	उनके				
16011019010	16011019	भाई	y			
16011019011	16011019	,		y		
16011019012	16011019	जो				
16011019013	16011019	फाटकों				
16011019014	16011019	की				
16011019015	16011019	सुरक्षा				
16011019016	16011019	करते				
16011019017	16011019	थे	y			
16011019018	16011019	,		y		
16011019019	16011019	172				
16011019020	16011019	थे	y			
16011019021	16011019	।		y		
16011020001	16011020	और				
16011020002	16011020	शेष				
16011020003	16011020	इस्राएल	y			
16011020004	16011020	,		y		
16011020005	16011020	याजक	y			
16011020006	16011020	,		y		
16011020007	16011020	लेवीय	y			
16011020008	16011020	,		y		
16011020009	16011020	यहूदा				
16011020010	16011020	के				
16011020011	16011020	सब				
16011020012	16011020	नगरों				
16011020013	16011020	में				
16011020014	16011020	थे	y			
16011020015	16011020	,		y		
16011020016	16011020	एक				
16011020017	16011020	पुरुष				
16011020018	16011020	अपनी				
16011020019	16011020	धरोहर				
16011020020	16011020	में				
16011020021	16011020	।		y		
16011021001	16011021	और				
16011021002	16011021	नतीन				
16011021003	16011021	ओपेल				
16011021004	16011021	में				
16011021005	16011021	वास				
16011021006	16011021	कर				
16011021007	16011021	रहे				
16011021008	16011021	थे	y			
16011021009	16011021	,		y		
16011021010	16011021	और				
16011021011	16011021	सीहा				
16011021012	16011021	और				
16011021013	16011021	गिश्पा				
16011021014	16011021	नतीनों				
16011021015	16011021	के				
16011021016	16011021	ऊपर				
16011021017	16011021	थे	y			
16011021018	16011021	।		y		
16011022001	16011022	और				
16011022002	16011022	यरूशलेम				
16011022003	16011022	में				
16011022004	16011022	लेवियों				
16011022005	16011022	का				
16011022006	16011022	निरीक्षक				
16011022007	16011022	उज्जी				
16011022008	16011022	था	y			
16011022009	16011022	,		y		
16011022010	16011022	बानी				
16011022011	16011022	का				
16011022012	16011022	पुत्र	y			
16011022013	16011022	,		y		
16011022014	16011022	हशब्याह				
16011022015	16011022	का				
16011022016	16011022	पुत्र	y			
16011022017	16011022	,		y		
16011022018	16011022	मत्तन्याह				
16011022019	16011022	का				
16011022020	16011022	पुत्र	y			
16011022021	16011022	,		y		
16011022022	16011022	मीका				
16011022023	16011022	का				
16011022024	16011022	पुत्र	y			
16011022025	16011022	,		y		
16011022026	16011022	आसाप				
16011022027	16011022	के				
16011022028	16011022	पुत्रों				
16011022029	16011022	में				
16011022030	16011022	से	y			
16011022031	16011022	,		y		
16011022032	16011022	जो				
16011022033	16011022	गाते				
16011022034	16011022	थे	y			
16011022035	16011022	,		y		
16011022036	16011022	जो				
16011022037	16011022	परमेश्वर				
16011022038	16011022	के				
16011022039	16011022	घर				
16011022040	16011022	के				
16011022041	16011022	काम				
16011022042	16011022	के				
16011022043	16011022	ऊपर				
16011022044	16011022	थे	y			
16011022045	16011022	।		y		
16011023001	16011023	क्योंकि				
16011023002	16011023	उन				
16011023003	16011023	पर				
16011023004	16011023	राजा				
16011023005	16011023	की				
16011023006	16011023	आज्ञा				
16011023007	16011023	थी	y			
16011023008	16011023	,		y		
16011023009	16011023	जो				
16011023010	16011023	उनकी				
16011023011	16011023	सहायता				
16011023012	16011023	करते				
16011023013	16011023	थे				
16011023014	16011023	जो				
16011023015	16011023	गाते				
16011023016	16011023	थे				
16011023017	16011023	उनके				
16011023018	16011023	दिन				
16011023019	16011023	में				
16011023020	16011023	एक				
16011023021	16011023	दैनिक				
16011023022	16011023	विषय				
16011023023	16011023	था	y			
16011023024	16011023	।		y		
16011024001	16011024	और				
16011024002	16011024	पतह्याह	y			
16011024003	16011024	,		y		
16011024004	16011024	मशेजबेल				
16011024005	16011024	का				
16011024006	16011024	पुत्र	y			
16011024007	16011024	,		y		
16011024008	16011024	जेरह				
16011024009	16011024	के				
16011024010	16011024	पुत्रों				
16011024011	16011024	में				
16011024012	16011024	से	y			
16011024013	16011024	,		y		
16011024014	16011024	यहूदा				
16011024015	16011024	का				
16011024016	16011024	पुत्र	y			
16011024017	16011024	,		y		
16011024018	16011024	प्रजा				
16011024019	16011024	के				
16011024020	16011024	प्रत्येक				
16011024021	16011024	विषय				
16011024022	16011024	के				
16011024023	16011024	लिए				
16011024024	16011024	राजा				
16011024025	16011024	के				
16011024026	16011024	हाथ				
16011024027	16011024	में				
16011024028	16011024	था	y			
16011024029	16011024	।		y		
16011025001	16011025	और				
16011025002	16011025	गाँवों				
16011025003	16011025	के				
16011025004	16011025	लिए				
16011025005	16011025	उनके				
16011025006	16011025	खेतों				
16011025007	16011025	में	y			
16011025008	16011025	,		y		
16011025009	16011025	यहूदा				
16011025010	16011025	के				
16011025011	16011025	पुत्रों				
16011025012	16011025	में				
16011025013	16011025	से				
16011025014	16011025	कुछ				
16011025015	16011025	रहते				
16011025016	16011025	थे	y			
16011025017	16011025	:		y		
16011025018	16011025	किर्यतअर्बा				
16011025019	16011025	में				
16011025020	16011025	और				
16011025021	16011025	उसकी				
16011025022	16011025	पुत्रियाँ	y			
16011025023	16011025	;		y		
16011025024	16011025	और				
16011025025	16011025	दीबोन				
16011025026	16011025	में				
16011025027	16011025	और				
16011025028	16011025	उसकी				
16011025029	16011025	पुत्रियाँ	y			
16011025030	16011025	;		y		
16011025031	16011025	और				
16011025032	16011025	यकब्सेल				
16011025033	16011025	में				
16011025034	16011025	और				
16011025035	16011025	उसके				
16011025036	16011025	गांव	y			
16011025037	16011025	;		y		
16011026001	16011026	और				
16011026002	16011026	येशुअ				
16011026003	16011026	में	y			
16011026004	16011026	;		y		
16011026005	16011026	और				
16011026006	16011026	मोलादा				
16011026007	16011026	में	y			
16011026008	16011026	;		y		
16011026009	16011026	और				
16011026010	16011026	बेत्पेलेत				
16011026011	16011026	में	y			
16011026012	16011026	;		y		
16011027001	16011027	और				
16011027002	16011027	हसर्शूआल				
16011027003	16011027	में	y			
16011027004	16011027	;		y		
16011027005	16011027	और				
16011027006	16011027	बेर्शेबा				
16011027007	16011027	में				
16011027008	16011027	और				
16011027009	16011027	उसकी				
16011027010	16011027	पुत्रियाँ	y			
16011027011	16011027	;		y		
16011028001	16011028	और				
16011028002	16011028	सिकलग				
16011028003	16011028	में	y			
16011028004	16011028	;		y		
16011028005	16011028	और				
16011028006	16011028	मकोना				
16011028007	16011028	और				
16011028008	16011028	उसकी				
16011028009	16011028	पुत्रियाँ	y			
16011028010	16011028	;		y		
16011029001	16011029	और				
16011029002	16011029	एन्निम्मोन				
16011029003	16011029	में	y			
16011029004	16011029	;		y		
16011029005	16011029	और				
16011029006	16011029	सोरा				
16011029007	16011029	में	y			
16011029008	16011029	;		y		
16011029009	16011029	और				
16011029010	16011029	यर्मूत				
16011029011	16011029	में	y			
16011029012	16011029	;		y		
16011030001	16011030	जानोह	y			
16011030002	16011030	,		y		
16011030003	16011030	अदुल्लाम				
16011030004	16011030	और				
16011030005	16011030	उनके				
16011030006	16011030	गाँवों	y			
16011030007	16011030	;		y		
16011030008	16011030	लाकीश				
16011030009	16011030	और				
16011030010	16011030	उसके				
16011030011	16011030	खेतों	y			
16011030012	16011030	;		y		
16011030013	16011030	अजेका				
16011030014	16011030	और				
16011030015	16011030	उसकी				
16011030016	16011030	पुत्रियाँ	y			
16011030017	16011030	।		y		
16011030018	16011030	और				
16011030019	16011030	उन्होंने				
16011030020	16011030	बेर्शेबा				
16011030021	16011030	तक				
16011030022	16011030	डेरे				
16011030023	16011030	खड़े				
16011030024	16011030	किए				
16011030025	16011030	दूर				
16011030026	16011030	से				
16011030027	16011030	दूर				
16011030028	16011030	लेकर				
16011030029	16011030	हिन्नोम				
16011030030	16011030	की				
16011030031	16011030	तराई				
16011030032	16011030	तक	y			
16011030033	16011030	;		y		
16011031001	16011031	और				
16011031002	16011031	गेबा				
16011031003	16011031	से				
16011031004	16011031	बिन्यामीन				
16011031005	16011031	के				
16011031006	16011031	पुत्र	y			
16011031007	16011031	,		y		
16011031008	16011031	मिकमाश				
16011031009	16011031	पर	y			
16011031010	16011031	,		y		
16011031011	16011031	और				
16011031012	16011031	अय्या	y			
16011031013	16011031	,		y		
16011031014	16011031	और				
16011031015	16011031	बेतेल				
16011031016	16011031	और				
16011031017	16011031	उसकी				
16011031018	16011031	पुत्रियाँ	y			
16011031019	16011031	,		y		
16011032001	16011032	अनातोत	y			
16011032002	16011032	,		y		
16011032003	16011032	नोब	y			
16011032004	16011032	,		y		
16011032005	16011032	हनन्याह	y			
16011032006	16011032	,		y		
16011033001	16011033	हासोर	y			
16011033002	16011033	,		y		
16011033003	16011033	रामाह	y			
16011033004	16011033	,		y		
16011033005	16011033	गित्तैम	y			
16011033006	16011033	,		y		
16011034001	16011034	हादीद	y			
16011034002	16011034	,		y		
16011034003	16011034	सबोईम	y			
16011034004	16011034	,		y		
16011034005	16011034	नबल्लत	y			
16011034006	16011034	,		y		
16011035001	16011035	लोद	y			
16011035002	16011035	,		y		
16011035003	16011035	और				
16011035004	16011035	ओनो	y			
16011035005	16011035	,		y		
16011035006	16011035	कारीगरों				
16011035007	16011035	की				
16011035008	16011035	तराई	y			
16011035009	16011035	;		y		
16011036001	16011036	और				
16011036002	16011036	कुछ				
16011036003	16011036	लेवियों				
16011036004	16011036	में				
16011036005	16011036	से	y			
16011036006	16011036	,		y		
16011036007	16011036	जो				
16011036008	16011036	यहूदा				
16011036009	16011036	के				
16011036010	16011036	दल				
16011036011	16011036	थे	y			
16011036012	16011036	,		y		
16011036013	16011036	बिन्यामीन				
16011036014	16011036	में	y			
16011036015	16011036	।		y		
16012001001	16012001	और				
16012001002	16012001	याजक				
16012001003	16012001	ये				
16012001004	16012001	हैं				
16012001005	16012001	और				
16012001006	16012001	लेवीय				
16012001007	16012001	जो				
16012001008	16012001	जरूब्बाबेल				
16012001009	16012001	शालतीएल				
16012001010	16012001	के				
16012001011	16012001	पुत्र				
16012001012	16012001	के				
16012001013	16012001	साथ				
16012001014	16012001	आए	y			
16012001015	16012001	,		y		
16012001016	16012001	और				
16012001017	16012001	येशुअ	y			
16012001018	16012001	:		y		
16012001019	16012001	सरायाह	y			
16012001020	16012001	,		y		
16012001021	16012001	यिर्मयाह	y			
16012001022	16012001	,		y		
16012001023	16012001	एज्रा	y			
16012001024	16012001	,		y		
16012002001	16012002	अमर्याह	y			
16012002002	16012002	,		y		
16012002003	16012002	मल्लूक	y			
16012002004	16012002	,		y		
16012002005	16012002	हत्तूश	y			
16012002006	16012002	,		y		
16012003001	16012003	शकन्याह	y			
16012003002	16012003	,		y		
16012003003	16012003	रहूम	y			
16012003004	16012003	,		y		
16012003005	16012003	मरेमोत	y			
16012003006	16012003	,		y		
16012004001	16012004	इद्दो	y			
16012004002	16012004	,		y		
16012004003	16012004	गिन्नतोई	y			
16012004004	16012004	,		y		
16012004005	16012004	अबिय्याह	y			
16012004006	16012004	,		y		
16012005001	16012005	मिय्यामीन	y			
16012005002	16012005	,		y		
16012005003	16012005	माद्याह	y			
16012005004	16012005	,		y		
16012005005	16012005	बिल्गा	y			
16012005006	16012005	,		y		
16012006001	16012006	शमायाह				
16012006002	16012006	और				
16012006003	16012006	योयारीब	y			
16012006004	16012006	,		y		
16012006005	16012006	यदायाह	y			
16012006006	16012006	,		y		
16012007001	16012007	श				
16012007002	16012007	सल्लू	y			
16012007003	16012007	,		y		
16012007004	16012007	आमोक	y			
16012007005	16012007	,		y		
16012007006	16012007	हिल्किय्याह	y			
16012007007	16012007	,		y		
16012007008	16012007	यदायाह	y			
16012007009	16012007	।		y		
16012007010	16012007	ये				
16012007011	16012007	याजकों				
16012007012	16012007	के				
16012007013	16012007	प्रधान				
16012007014	16012007	थे				
16012007015	16012007	और				
16012007016	16012007	येशुअ				
16012007017	16012007	के				
16012007018	16012007	दिनों				
16012007019	16012007	में				
16012007020	16012007	उनके				
16012007021	16012007	भाई	y			
16012007022	16012007	।		y		
16012008001	16012008	और				
16012008002	16012008	लेवीय				
16012008003	16012008	ये				
16012008004	16012008	थे	y			
16012008005	16012008	:		y		
16012008006	16012008	येशुअ	y			
16012008007	16012008	;		y		
16012008008	16012008	बिन्नूई	y			
16012008009	16012008	;		y		
16012008010	16012008	कदमीएल	y			
16012008011	16012008	;		y		
16012008012	16012008	शेरेब्याह	y			
16012008013	16012008	;		y		
16012008014	16012008	यहूदा	y			
16012008015	16012008	;		y		
16012008016	16012008	मत्तन्याह	y			
16012008017	16012008	,		y		
16012008018	16012008	वह				
16012008019	16012008	और				
16012008020	16012008	उसके				
16012008021	16012008	भाई				
16012008022	16012008	धन्यवाद				
16012008023	16012008	के				
16012008024	16012008	गीत				
16012008025	16012008	गाते				
16012008026	16012008	थे	y			
16012008027	16012008	;		y		
16012009001	16012009	और				
16012009002	16012009	बकबुक्याह				
16012009003	16012009	और				
16012009004	16012009	उन्नो	y			
16012009005	16012009	,		y		
16012009006	16012009	उनके				
16012009007	16012009	भाई	y			
16012009008	16012009	,		y		
16012009009	16012009	सेवाकाई				
16012009010	16012009	की				
16012009011	16012009	घड़ियों				
16012009012	16012009	में				
16012009013	16012009	उनके				
16012009014	16012009	विपरीत				
16012009015	16012009	थे	y			
16012009016	16012009	।		y		
16012010001	16012010	और				
16012010002	16012010	येशुअ				
16012010003	16012010	ने				
16012010004	16012010	योयाकीम				
16012010005	16012010	को				
16012010006	16012010	पाला	y			
16012010007	16012010	;		y		
16012010008	16012010	और				
16012010009	16012010	योयाकीम				
16012010010	16012010	ने				
16012010011	16012010	एल्याशीब				
16012010012	16012010	को				
16012010013	16012010	पाला	y			
16012010014	16012010	;		y		
16012010015	16012010	और				
16012010016	16012010	एल्याशीब	y			
16012010017	16012010	,		y		
16012010018	16012010	योयादा	y			
16012010019	16012010	;		y		
16012011001	16012011	और				
16012011002	16012011	योयादा				
16012011003	16012011	ने				
16012011004	16012011	योनातान				
16012011005	16012011	को				
16012011006	16012011	पाला	y			
16012011007	16012011	;		y		
16012011008	16012011	और				
16012011009	16012011	योनातान				
16012011010	16012011	ने				
16012011011	16012011	यद्दू				
16012011012	16012011	को				
16012011013	16012011	पाला	y			
16012011014	16012011	।		y		
16012012001	16012012	और				
16012012002	16012012	योयाकीम				
16012012003	16012012	याजकों				
16012012004	16012012	के				
16012012005	16012012	दिनों				
16012012006	16012012	में				
16012012007	16012012	पिताओं				
16012012008	16012012	के				
16012012009	16012012	प्रधान				
16012012010	16012012	थे	y			
16012012011	16012012	:		y		
16012012012	16012012	सरायाह				
16012012013	16012012	का	y			
16012012014	16012012	,		y		
16012012015	16012012	मरायाह				
16012012016	16012012	का	y			
16012012017	16012012	;		y		
16012012018	16012012	यिर्मयाह				
16012012019	16012012	का	y			
16012012020	16012012	,		y		
16012012021	16012012	हनन्याह	y			
16012012022	16012012	;		y		
16012013001	16012013	एज्रा				
16012013002	16012013	का	y			
16012013003	16012013	,		y		
16012013004	16012013	मशुल्लाम	y			
16012013005	16012013	;		y		
16012013006	16012013	अमर्याह				
16012013007	16012013	का	y			
16012013008	16012013	,		y		
16012013009	16012013	यहोहानान	y			
16012013010	16012013	;		y		
16012014001	16012014	मल्लूकी				
16012014002	16012014	का	y			
16012014003	16012014	,		y		
16012014004	16012014	योनातान	y			
16012014005	16012014	;		y		
16012014006	16012014	शबन्याह				
16012014007	16012014	का	y			
16012014008	16012014	,		y		
16012014009	16012014	यूसुफ	y			
16012014010	16012014	;		y		
16012014011	16012014	क				
16012015001	16012015	हारीम				
16012015002	16012015	का	y			
16012015003	16012015	,		y		
16012015004	16012015	अदना	y			
16012015005	16012015	;		y		
16012015006	16012015	मरायोत				
16012015007	16012015	का	y			
16012015008	16012015	,		y		
16012015009	16012015	हेलकै	y			
16012015010	16012015	;		y		
16012016001	16012016	इद्दो				
16012016002	16012016	का	y			
16012016003	16012016	,		y		
16012016004	16012016	जकर्याह	y			
16012016005	16012016	;		y		
16012016006	16012016	गिन्नतोन				
16012016007	16012016	का	y			
16012016008	16012016	,		y		
16012016009	16012016	मशुल्लाम	y			
16012016010	16012016	;		y		
16012017001	16012017	अबिय्याह				
16012017002	16012017	का	y			
16012017003	16012017	,		y		
16012017004	16012017	जिक्री	y			
16012017005	16012017	;		y		
16012017006	16012017	मिन्यामीन				
16012017007	16012017	का	y			
16012017008	16012017	,		y		
16012017009	16012017	मोअद्याह				
16012017010	16012017	का	y			
16012017011	16012017	,		y		
16012017012	16012017	पिलतै	y			
16012017013	16012017	;		y		
16012018001	16012018	बिल्गा				
16012018002	16012018	का	y			
16012018003	16012018	,		y		
16012018004	16012018	शम्मू	y			
16012018005	16012018	;		y		
16012018006	16012018	शमायाह				
16012018007	16012018	का	y			
16012018008	16012018	,		y		
16012018009	16012018	यहोनातान	y			
16012018010	16012018	;		y		
16012019001	16012019	योयारीब				
16012019002	16012019	का	y			
16012019003	16012019	,		y		
16012019004	16012019	मत्तनै	y			
16012019005	16012019	;		y		
16012019006	16012019	यदायाह				
16012019007	16012019	का	y			
16012019008	16012019	,		y		
16012019009	16012019	उज्जी	y			
16012019010	16012019	;		y		
16012020001	16012020	सल्लै				
16012020002	16012020	का	y			
16012020003	16012020	,		y		
16012020004	16012020	कल्लै	y			
16012020005	16012020	;		y		
16012020006	16012020	आमोक				
16012020007	16012020	का	y			
16012020008	16012020	,		y		
16012020009	16012020	एबेर	y			
16012020010	16012020	;		y		
16012021001	16012021	हिल्किय्याह				
16012021002	16012021	का	y			
16012021003	16012021	,		y		
16012021004	16012021	हशब्याह	y			
16012021005	16012021	;		y		
16012021006	16012021	यदायाह				
16012021007	16012021	का	y			
16012021008	16012021	,		y		
16012021009	16012021	नतनेल	y			
16012021010	16012021	।		y		
16012022001	16012022	एल्याशीब				
16012022002	16012022	के				
16012022003	16012022	दिनों				
16012022004	16012022	में	y			
16012022005	16012022	,		y		
16012022006	16012022	लेवीय				
16012022007	16012022	योयादा	y			
16012022008	16012022	,		y		
16012022009	16012022	और				
16012022010	16012022	योहानान	y			
16012022011	16012022	,		y		
16012022012	16012022	और				
16012022013	16012022	यद्दू	y			
16012022014	16012022	,		y		
16012022015	16012022	पिताओं				
16012022016	16012022	के				
16012022017	16012022	प्रधानों				
16012022018	16012022	के				
16012022019	16012022	रूप				
16012022020	16012022	में				
16012022021	16012022	लिखे				
16012022022	16012022	गए				
16012022023	16012022	थे	y			
16012022024	16012022	:		y		
16012022025	16012022	याजक				
16012022026	16012022	भी	y			
16012022027	16012022	,		y		
16012022028	16012022	दारा				
16012022029	16012022	फारसी				
16012022030	16012022	के				
16012022031	16012022	शासन				
16012022032	16012022	के				
16012022033	16012022	दौरान	y			
16012022034	16012022	।		y		
16012023001	16012023	लेवी				
16012023002	16012023	के				
16012023003	16012023	पुत्र	y			
16012023004	16012023	,		y		
16012023005	16012023	पिताओं				
16012023006	16012023	के				
16012023007	16012023	प्रधानों	y			
16012023008	16012023	,		y		
16012023009	16012023	योहानान				
16012023010	16012023	के				
16012023011	16012023	दिनों				
16012023012	16012023	तक				
16012023013	16012023	की				
16012023014	16012023	घटनाओं				
16012023015	16012023	की				
16012023016	16012023	पुस्तक				
16012023017	16012023	में				
16012023018	16012023	लिखा				
16012023019	16012023	गया				
16012023020	16012023	था	y			
16012023021	16012023	,		y		
16012023022	16012023	एल्याशीब				
16012023023	16012023	का				
16012023024	16012023	पुत्र	y			
16012023025	16012023	।		y		
16012024001	16012024	और				
16012024002	16012024	लेवियों				
16012024003	16012024	के				
16012024004	16012024	प्रधान				
16012024005	16012024	हशब्याह				
16012024006	16012024	थे	y			
16012024007	16012024	,		y		
16012024008	16012024	शेरेब्याह	y			
16012024009	16012024	,		y		
16012024010	16012024	और				
16012024011	16012024	येशुअ	y			
16012024012	16012024	,		y		
16012024013	16012024	कदमीएल				
16012024014	16012024	का				
16012024015	16012024	पुत्र	y			
16012024016	16012024	,		y		
16012024017	16012024	उनके				
16012024018	16012024	विपरीत				
16012024019	16012024	उनके				
16012024020	16012024	भाइयों				
16012024021	16012024	के				
16012024022	16012024	साथ	y			
16012024023	16012024	,		y		
16012024024	16012024	सेवा				
16012024025	16012024	की				
16012024026	16012024	घड़ी				
16012024027	16012024	द्वारा				
16012024028	16012024	सेवा				
16012024029	16012024	की				
16012024030	16012024	घड़ी	y			
16012024031	16012024	,		y		
16012024032	16012024	स्तुति				
16012024033	16012024	देने				
16012024034	16012024	और				
16012024035	16012024	दाऊद				
16012024036	16012024	की				
16012024037	16012024	आज्ञा				
16012024038	16012024	से				
16012024039	16012024	धन्यवाद				
16012024040	16012024	देना	y			
16012024041	16012024	,		y		
16012024042	16012024	परमेश्वर				
16012024043	16012024	का				
16012024044	16012024	पुरुष	y			
16012024045	16012024	।		y		
16012025001	16012025	मत्तन्याह	y			
16012025002	16012025	,		y		
16012025003	16012025	और				
16012025004	16012025	बकबुक्याह	y			
16012025005	16012025	,		y		
16012025006	16012025	ओबद्याह	y			
16012025007	16012025	,		y		
16012025008	16012025	मशुल्लाम	y			
16012025009	16012025	,		y		
16012025010	16012025	तल्मोन	y			
16012025011	16012025	,		y		
16012025012	16012025	अक्कूब	y			
16012025013	16012025	,		y		
16012025014	16012025	संरक्षक				
16012025015	16012025	थे	y			
16012025016	16012025	,		y		
16012025017	16012025	द्वारपाल	y			
16012025018	16012025	,		y		
16012025019	16012025	फाटकों				
16012025020	16012025	पर				
16012025021	16012025	भण्डारगृहों				
16012025022	16012025	के				
16012025023	16012025	प्रहरी	y			
16012025024	16012025	।		y		
16012026001	16012026	योयाकीम				
16012026002	16012026	के				
16012026003	16012026	दिनों				
16012026004	16012026	में				
16012026005	16012026	ये				
16012026006	16012026	थे	y			
16012026007	16012026	,		y		
16012026008	16012026	येशुअ				
16012026009	16012026	का				
16012026010	16012026	पुत्र	y			
16012026011	16012026	,		y		
16012026012	16012026	योसादाक				
16012026013	16012026	का				
16012026014	16012026	पुत्र	y			
16012026015	16012026	,		y		
16012026016	16012026	और				
16012026017	16012026	राज्यपाल				
16012026018	16012026	नहेम्याह				
16012026019	16012026	के				
16012026020	16012026	दिनों				
16012026021	16012026	में				
16012026022	16012026	और				
16012026023	16012026	एज्रा	y			
16012026024	16012026	,		y		
16012026025	16012026	याजक	y			
16012026026	16012026	,		y		
16012026027	16012026	शास्त्री	y			
16012026028	16012026	।		y		
16012027001	16012027	और				
16012027002	16012027	यरूशलेम				
16012027003	16012027	की				
16012027004	16012027	दीवार				
16012027005	16012027	के				
16012027006	16012027	समर्पण				
16012027007	16012027	पर	y			
16012027008	16012027	,		y		
16012027009	16012027	उन्होंने				
16012027010	16012027	उनके				
16012027011	16012027	सब				
16012027012	16012027	स्थानों				
16012027013	16012027	से				
16012027014	16012027	लेवियों				
16012027015	16012027	को				
16012027016	16012027	ढूंढ़ा	y			
16012027017	16012027	,		y		
16012027018	16012027	उन्हें				
16012027019	16012027	आनन्द				
16012027020	16012027	के				
16012027021	16012027	साथ				
16012027022	16012027	समर्पण				
16012027023	16012027	को				
16012027024	16012027	करने				
16012027025	16012027	के				
16012027026	16012027	लिए				
16012027027	16012027	यरूशलेम				
16012027028	16012027	लाने				
16012027029	16012027	के				
16012027030	16012027	लिए	y			
16012027031	16012027	,		y		
16012027032	16012027	और				
16012027033	16012027	धन्यवाद				
16012027034	16012027	के				
16012027035	16012027	साथ	y			
16012027036	16012027	,		y		
16012027037	16012027	और				
16012027038	16012027	गीत				
16012027039	16012027	के				
16012027040	16012027	साथ	y			
16012027041	16012027	,		y		
16012027042	16012027	झाँझें	y			
16012027043	16012027	,		y		
16012027044	16012027	सारंगियाँ	y			
16012027045	16012027	,		y		
16012027046	16012027	और				
16012027047	16012027	वीणाएँ	y			
16012027048	16012027	।		y		
16012028001	16012028	और				
16012028002	16012028	उनके				
16012028003	16012028	पुत्र				
16012028004	16012028	जो				
16012028005	16012028	गाते				
16012028006	16012028	थे				
16012028007	16012028	ने				
16012028008	16012028	अपने				
16012028009	16012028	आप				
16012028010	16012028	को				
16012028011	16012028	इकट्ठा				
16012028012	16012028	किया	y			
16012028013	16012028	,		y		
16012028014	16012028	दोनों				
16012028015	16012028	यरूशलेम				
16012028016	16012028	के				
16012028017	16012028	चारों				
16012028018	16012028	ओर				
16012028019	16012028	के				
16012028020	16012028	घेरे				
16012028021	16012028	से				
16012028022	16012028	और				
16012028023	16012028	नतोपाती				
16012028024	16012028	के				
16012028025	16012028	गांवों				
16012028026	16012028	से	y			
16012028027	16012028	,		y		
16012029001	16012029	और				
16012029002	16012029	बेतगिलगाल				
16012029003	16012029	से				
16012029004	16012029	और				
16012029005	16012029	गेबा				
16012029006	16012029	के				
16012029007	16012029	खेतों				
16012029008	16012029	से				
16012029009	16012029	और				
16012029010	16012029	अज्मावेत	y			
16012029011	16012029	;		y		
16012029012	16012029	क्योंकि				
16012029013	16012029	जो				
16012029014	16012029	गाते				
16012029015	16012029	थे				
16012029016	16012029	उन्होंने				
16012029017	16012029	यरूशलेम				
16012029018	16012029	के				
16012029019	16012029	चारों				
16012029020	16012029	ओर				
16012029021	16012029	अपने				
16012029022	16012029	लिए				
16012029023	16012029	गांव				
16012029024	16012029	बसाए				
16012029025	16012029	थे	y			
16012029026	16012029	।		y		
16012030001	16012030	और				
16012030002	16012030	याजकों				
16012030003	16012030	और				
16012030004	16012030	लेवियों				
16012030005	16012030	ने				
16012030006	16012030	अपने				
16012030007	16012030	आप				
16012030008	16012030	को				
16012030009	16012030	शुद्ध				
16012030010	16012030	किया	y			
16012030011	16012030	।		y		
16012030012	16012030	और				
16012030013	16012030	उन्होंने				
16012030014	16012030	लोगों				
16012030015	16012030	को				
16012030016	16012030	शुद्ध				
16012030017	16012030	किया	y			
16012030018	16012030	,		y		
16012030019	16012030	और				
16012030020	16012030	फाटकों	y			
16012030021	16012030	,		y		
16012030022	16012030	और				
16012030023	16012030	दीवार	y			
16012030024	16012030	।		y		
16012031001	16012031	और				
16012031002	16012031	मैंने				
16012031003	16012031	यहूदा				
16012031004	16012031	के				
16012031005	16012031	अधिकारियों				
16012031006	16012031	को				
16012031007	16012031	दीवर				
16012031008	16012031	की				
16012031009	16012031	चोटी				
16012031010	16012031	पर				
16012031011	16012031	चढ़ा				
16012031012	16012031	दिया	y			
16012031013	16012031	।		y		
16012031014	16012031	और				
16012031015	16012031	मैंने				
16012031016	16012031	धन्यवाद				
16012031017	16012031	देने				
16012031018	16012031	वाले				
16012031019	16012031	दो				
16012031020	16012031	बड़े				
16012031021	16012031	समूहों				
16012031022	16012031	को				
16012031023	16012031	खड़ा				
16012031024	16012031	किया	y			
16012031025	16012031	,		y		
16012031026	16012031	और				
16012031027	16012031	कूड़ा				
16012031028	16012031	फाटक				
16012031029	16012031	की				
16012031030	16012031	ओर				
16012031031	16012031	दीवार				
16012031032	16012031	के				
16012031033	16012031	ऊपर				
16012031034	16012031	दाईं				
16012031035	16012031	हाथ				
16012031036	16012031	को				
16012031037	16012031	शोभायात्राएँ	y			
16012031038	16012031	।		y		
16012032001	16012032	और				
16012032002	16012032	उनके				
16012032003	16012032	पीछे				
16012032004	16012032	होशायाह	y			
16012032005	16012032	,		y		
16012032006	16012032	यहूदा				
16012032007	16012032	के				
16012032008	16012032	आधे				
16012032009	16012032	अधिकारी	y			
16012032010	16012032	,		y		
16012033001	16012033	और				
16012033002	16012033	अजर्याह	y			
16012033003	16012033	,		y		
16012033004	16012033	एज्रा	y			
16012033005	16012033	,		y		
16012033006	16012033	और				
16012033007	16012033	मशुल्लाम	y			
16012033008	16012033	,		y		
16012034001	16012034	यहूदा	y			
16012034002	16012034	,		y		
16012034003	16012034	और				
16012034004	16012034	बिन्यामीन	y			
16012034005	16012034	,		y		
16012034006	16012034	और				
16012034007	16012034	शमायाह	y			
16012034008	16012034	,		y		
16012034009	16012034	और				
16012034010	16012034	यिर्मयाह				
16012034011	16012034	गए	y			
16012034012	16012034	।		y		
16012035001	16012035	और				
16012035002	16012035	याजकों				
16012035003	16012035	के				
16012035004	16012035	पुत्रों				
16012035005	16012035	में				
16012035006	16012035	से				
16012035007	16012035	कितनों				
16012035008	16012035	के				
16012035009	16012035	पास				
16012035010	16012035	तुरहियाँ				
16012035011	16012035	थीं	y			
16012035012	16012035	:		y		
16012035013	16012035	जकर्याह	y			
16012035014	16012035	,		y		
16012035015	16012035	योनातान				
16012035016	16012035	का				
16012035017	16012035	पुत्र	y			
16012035018	16012035	,		y		
16012035019	16012035	शमायाह				
16012035020	16012035	का				
16012035021	16012035	पुत्र	y			
16012035022	16012035	,		y		
16012035023	16012035	मत्तन्याह				
16012035024	16012035	का				
16012035025	16012035	पुत्र	y			
16012035026	16012035	,		y		
16012035027	16012035	मीकायाह				
16012035028	16012035	का				
16012035029	16012035	पुत्र	y			
16012035030	16012035	,		y		
16012035031	16012035	जक्कूर				
16012035032	16012035	का				
16012035033	16012035	पुत्र	y			
16012035034	16012035	,		y		
16012035035	16012035	आसाप				
16012035036	16012035	का				
16012035037	16012035	पुत्र	y			
16012035038	16012035	;		y		
16012036001	16012036	और				
16012036002	16012036	उसके				
16012036003	16012036	भाई	y			
16012036004	16012036	,		y		
16012036005	16012036	शमायाह	y			
16012036006	16012036	,		y		
16012036007	16012036	अजरेल	y			
16012036008	16012036	,		y		
16012036009	16012036	मिललै	y			
16012036010	16012036	,		y		
16012036011	16012036	गिललै	y			
16012036012	16012036	,		y		
16012036013	16012036	माऐ	y			
16012036014	16012036	,		y		
16012036015	16012036	नतनेल	y			
16012036016	16012036	,		y		
16012036017	16012036	यहूदा	y			
16012036018	16012036	,		y		
16012036019	16012036	हनानी	y			
16012036020	16012036	,		y		
16012036021	16012036	दाऊद				
16012036022	16012036	के				
16012036023	16012036	गीत				
16012036024	16012036	के				
16012036025	16012036	वाद्य				
16012036026	16012036	यंत्रों				
16012036027	16012036	के				
16012036028	16012036	साथ	y			
16012036029	16012036	,		y		
16012036030	16012036	परमेश्वर				
16012036031	16012036	का				
16012036032	16012036	पुरुष	y			
16012036033	16012036	।		y		
16012036034	16012036	और				
16012036035	16012036	उनके				
16012036036	16012036	मुँह				
16012036037	16012036	के				
16012036038	16012036	साम्हने				
16012036039	16012036	शास्त्री				
16012036040	16012036	एज्रा				
16012036041	16012036	था	y			
16012036042	16012036	।		y		
16012037001	16012037	और				
16012037002	16012037	सोता				
16012037003	16012037	फाटक				
16012037004	16012037	के				
16012037005	16012037	पास				
16012037006	16012037	और				
16012037007	16012037	उनके				
16012037008	16012037	विपरीत	y			
16012037009	16012037	,		y		
16012037010	16012037	वे				
16012037011	16012037	दाऊद				
16012037012	16012037	के				
16012037013	16012037	नगर				
16012037014	16012037	की				
16012037015	16012037	सीढ़ियों				
16012037016	16012037	पर				
16012037017	16012037	चढ़				
16012037018	16012037	गए	y			
16012037019	16012037	,		y		
16012037020	16012037	दाऊद				
16012037021	16012037	के				
16012037022	16012037	घर				
16012037023	16012037	की				
16012037024	16012037	चोटी				
16012037025	16012037	पर				
16012037026	16012037	दीवार				
16012037027	16012037	की				
16012037028	16012037	चढ़ाई				
16012037029	16012037	पर				
16012037030	16012037	और				
16012037031	16012037	जल				
16012037032	16012037	फाटक				
16012037033	16012037	तक	y			
16012037034	16012037	,		y		
16012037035	16012037	पूर्व	y			
16012037036	16012037	।		y		
16012038001	16012038	और				
16012038002	16012038	दूसरा				
16012038003	16012038	धन्यवादी				
16012038004	16012038	समूह	y			
16012038005	16012038	,		y		
16012038006	16012038	जो				
16012038007	16012038	विपरीत				
16012038008	16012038	दिशा				
16012038009	16012038	में				
16012038010	16012038	जा				
16012038011	16012038	रहा				
16012038012	16012038	है	y			
16012038013	16012038	,		y		
16012038014	16012038	और				
16012038015	16012038	मैं				
16012038016	16012038	इसके				
16012038017	16012038	बाद	y			
16012038018	16012038	,		y		
16012038019	16012038	आधे				
16012038020	16012038	लोगों				
16012038021	16012038	के				
16012038022	16012038	साथ				
16012038023	16012038	दीवार				
16012038024	16012038	के				
16012038025	16012038	ऊपर	y			
16012038026	16012038	,		y		
16012038027	16012038	भट्टियों				
16012038028	16012038	की				
16012038029	16012038	गुम्मट				
16012038030	16012038	की				
16012038031	16012038	चोटी				
16012038032	16012038	पर				
16012038033	16012038	यहाँ				
16012038034	16012038	तक				
16012038035	16012038	कि				
16012038036	16012038	चौड़ी				
16012038037	16012038	दीवार				
16012038038	16012038	तक	y			
16012038039	16012038	,		y		
16012039001	16012039	और				
16012039002	16012039	एप्रैम				
16012039003	16012039	के				
16012039004	16012039	फाटक				
16012039005	16012039	की				
16012039006	16012039	चोटी				
16012039007	16012039	पर	y			
16012039008	16012039	,		y		
16012039009	16012039	और				
16012039010	16012039	पुराने				
16012039011	16012039	फाटक				
16012039012	16012039	के				
16012039013	16012039	ऊपर	y			
16012039014	16012039	,		y		
16012039015	16012039	और				
16012039016	16012039	मछली				
16012039017	16012039	फाटक				
16012039018	16012039	के				
16012039019	16012039	ऊपर				
16012039020	16012039	और				
16012039021	16012039	हननेल				
16012039022	16012039	का				
16012039023	16012039	गुम्मट				
16012039024	16012039	और				
16012039025	16012039	सौ				
16012039026	16012039	का				
16012039027	16012039	गुम्मट	y			
16012039028	16012039	,		y		
16012039029	16012039	यहाँ				
16012039030	16012039	तक				
16012039031	16012039	कि				
16012039032	16012039	भेड़				
16012039033	16012039	फाटक				
16012039034	16012039	तक	y			
16012039035	16012039	:		y		
16012039036	16012039	और				
16012039037	16012039	वे				
16012039038	16012039	पहरुओं				
16012039039	16012039	के				
16012039040	16012039	फाटक				
16012039041	16012039	पर				
16012039042	16012039	खड़े				
16012039043	16012039	रहे	y			
16012039044	16012039	।		y		
16012040001	16012040	और				
16012040002	16012040	धन्यवाद				
16012040003	16012040	देने				
16012040004	16012040	वाले				
16012040005	16012040	दो				
16012040006	16012040	समूह				
16012040007	16012040	परमेश्वर				
16012040008	16012040	के				
16012040009	16012040	घर				
16012040010	16012040	के				
16012040011	16012040	पास				
16012040012	16012040	खड़े				
16012040013	16012040	हुए	y			
16012040014	16012040	:		y		
16012040015	16012040	मैं				
16012040016	16012040	भी	y			
16012040017	16012040	,		y		
16012040018	16012040	और				
16012040019	16012040	आधे				
16012040020	16012040	अधिपति				
16012040021	16012040	मेरे				
16012040022	16012040	साथ	y			
16012040023	16012040	;		y		
16012041001	16012041	और				
16012041002	16012041	याजक				
16012041003	16012041	एलयाकीम	y			
16012041004	16012041	,		y		
16012041005	16012041	मासेयाह	y			
16012041006	16012041	,		y		
16012041007	16012041	मिन्यामीन	y			
16012041008	16012041	,		y		
16012041009	16012041	मीकायाह	y			
16012041010	16012041	,		y		
16012041011	16012041	एल्योएनै	y			
16012041012	16012041	,		y		
16012041013	16012041	जकर्याह	y			
16012041014	16012041	,		y		
16012041015	16012041	हनन्याह	y			
16012041016	16012041	,		y		
16012041017	16012041	तुरहियाँ				
16012041018	16012041	के				
16012041019	16012041	साथ	y			
16012041020	16012041	;		y		
16012042001	16012042	और				
16012042002	16012042	मासेयाह	y			
16012042003	16012042	,		y		
16012042004	16012042	और				
16012042005	16012042	शमायाह	y			
16012042006	16012042	,		y		
16012042007	16012042	और				
16012042008	16012042	एलीआजर	y			
16012042009	16012042	,		y		
16012042010	16012042	और				
16012042011	16012042	उज्जी	y			
16012042012	16012042	,		y		
16012042013	16012042	और				
16012042014	16012042	यहोहानान	y			
16012042015	16012042	,		y		
16012042016	16012042	और				
16012042017	16012042	मल्कियाह	y			
16012042018	16012042	,		y		
16012042019	16012042	और				
16012042020	16012042	एलाम	y			
16012042021	16012042	,		y		
16012042022	16012042	और				
16012042023	16012042	एजेर	y			
16012042024	16012042	।		y		
16012042025	16012042	और				
16012042026	16012042	जो				
16012042027	16012042	गाते				
16012042028	16012042	थे				
16012042029	16012042	उन्होंने				
16012042030	16012042	अपने				
16012042031	16012042	आप				
16012042032	16012042	को				
16012042033	16012042	सुनाया	y			
16012042034	16012042	,		y		
16012042035	16012042	यिज्रह्याह				
16012042036	16012042	निरीक्षक				
16012042037	16012042	के				
16012042038	16012042	साथ	y			
16012042039	16012042	।		y		
16012043001	16012043	और				
16012043002	16012043	उस				
16012043003	16012043	दिन				
16012043004	16012043	उन्होंने				
16012043005	16012043	बड़े				
16012043006	16012043	बलिदान				
16012043007	16012043	किए	y			
16012043008	16012043	,		y		
16012043009	16012043	और				
16012043010	16012043	वे				
16012043011	16012043	आनन्दित				
16012043012	16012043	हुए	y			
16012043013	16012043	,		y		
16012043014	16012043	क्योंकि				
16012043015	16012043	परमेश्वर				
16012043016	16012043	ने				
16012043017	16012043	उन्हें				
16012043018	16012043	बड़े				
16012043019	16012043	आनन्द				
16012043020	16012043	से				
16012043021	16012043	हर्षित				
16012043022	16012043	किया				
16012043023	16012043	था	y			
16012043024	16012043	।		y		
16012043025	16012043	हाँ	y			
16012043026	16012043	,		y		
16012043027	16012043	यहाँ				
16012043028	16012043	तक				
16012043029	16012043	कि				
16012043030	16012043	स्त्रियाँ				
16012043031	16012043	भी				
16012043032	16012043	और				
16012043033	16012043	बच्चे				
16012043034	16012043	आनन्दित				
16012043035	16012043	हुए	y			
16012043036	16012043	,		y		
16012043037	16012043	इसलिए				
16012043038	16012043	यरूशलेम				
16012043039	16012043	का				
16012043040	16012043	आनन्द				
16012043041	16012043	दूर				
16012043042	16012043	तक				
16012043043	16012043	सुना				
16012043044	16012043	गया				
16012043045	16012043	था	y			
16012043046	16012043	।		y		
16012044001	16012044	और				
16012044002	16012044	उस				
16012044003	16012044	दिन				
16012044004	16012044	भण्डारगृहों				
16012044005	16012044	की				
16012044006	16012044	कोठरियों				
16012044007	16012044	पर				
16012044008	16012044	पुरुष				
16012044009	16012044	नियुक्त				
16012044010	16012044	किए				
16012044011	16012044	गए	y			
16012044012	16012044	,		y		
16012044013	16012044	भेंटों				
16012044014	16012044	के				
16012044015	16012044	लिए	y			
16012044016	16012044	,		y		
16012044017	16012044	पहले				
16012044018	16012044	फलों				
16012044019	16012044	के				
16012044020	16012044	लिए	y			
16012044021	16012044	,		y		
16012044022	16012044	और				
16012044023	16012044	दशमांश				
16012044024	16012044	के				
16012044025	16012044	लिए	y			
16012044026	16012044	,		y		
16012044027	16012044	याजकों				
16012044028	16012044	के				
16012044029	16012044	लिए				
16012044030	16012044	व्यवस्था				
16012044031	16012044	के				
16012044032	16012044	भागों				
16012044033	16012044	को				
16012044034	16012044	नगरों				
16012044035	16012044	के				
16012044036	16012044	खेतों				
16012044037	16012044	में				
16012044038	16012044	से				
16012044039	16012044	उनमें				
16012044040	16012044	इकट्ठा				
16012044041	16012044	करना				
16012044042	16012044	और				
16012044043	16012044	लेवियों				
16012044044	16012044	के				
16012044045	16012044	लिए	y			
16012044046	16012044	।		y		
16012044047	16012044	क्योंकि				
16012044048	16012044	यहूदा				
16012044049	16012044	याजकों				
16012044050	16012044	के				
16012044051	16012044	कारण				
16012044052	16012044	आनन्दित				
16012044053	16012044	हुआ				
16012044054	16012044	और				
16012044055	16012044	लेवियों				
16012044056	16012044	के				
16012044057	16012044	ऊपर	y			
16012044058	16012044	,		y		
16012044059	16012044	जो				
16012044060	16012044	खड़े				
16012044061	16012044	हुए				
16012044062	16012044	थे	y			
16012044063	16012044	।		y		
16012045001	16012045	और				
16012045002	16012045	उन्होंने				
16012045003	16012045	उनके				
16012045004	16012045	परमेश्वर				
16012045005	16012045	की				
16012045006	16012045	सेवा				
16012045007	16012045	घड़ी				
16012045008	16012045	की				
16012045009	16012045	चौकसी				
16012045010	16012045	की				
16012045011	16012045	और				
16012045012	16012045	शुद्धिकरण				
16012045013	16012045	की				
16012045014	16012045	सेवा				
16012045015	16012045	घड़ी	y			
16012045016	16012045	,		y		
16012045017	16012045	साथ				
16012045018	16012045	ही				
16012045019	16012045	जो				
16012045020	16012045	गाते				
16012045021	16012045	थे				
16012045022	16012045	और				
16012045023	16012045	द्वारपाल	y			
16012045024	16012045	,		y		
16012045025	16012045	दाऊद				
16012045026	16012045	की				
16012045027	16012045	आज्ञा				
16012045028	16012045	के				
16012045029	16012045	अनुसार				
16012045030	16012045	और				
16012045031	16012045	उसका				
16012045032	16012045	पुत्र				
16012045033	16012045	सुलैमान	y			
16012045034	16012045	।		y		
16012046001	16012046	क्योंकि				
16012046002	16012046	दाऊद				
16012046003	16012046	के				
16012046004	16012046	दिनों				
16012046005	16012046	में				
16012046006	16012046	और				
16012046007	16012046	आसाप	y			
16012046008	16012046	,		y		
16012046009	16012046	प्राचीन				
16012046010	16012046	काल				
16012046011	16012046	से				
16012046012	16012046	जो				
16012046013	16012046	गाते				
16012046014	16012046	थे				
16012046015	16012046	उनका				
16012046016	16012046	एक				
16012046017	16012046	प्रधान				
16012046018	16012046	होता				
16012046019	16012046	था	y			
16012046020	16012046	,		y		
16012046021	16012046	और				
16012046022	16012046	स्तुति				
16012046023	16012046	के				
16012046024	16012046	गीत				
16012046025	16012046	और				
16012046026	16012046	परमेश्वर				
16012046027	16012046	को				
16012046028	16012046	धन्यवाद	y			
16012046029	16012046	।		y		
16012046030	16012046	ख				
16012047001	16012047	और				
16012047002	16012047	जरुब्बाबेल				
16012047003	16012047	के				
16012047004	16012047	दिनों				
16012047005	16012047	में				
16012047006	16012047	और				
16012047007	16012047	नहेम्याह				
16012047008	16012047	के				
16012047009	16012047	दिनों				
16012047010	16012047	में	y			
16012047011	16012047	,		y		
16012047012	16012047	सब				
16012047013	16012047	इस्राएली				
16012047014	16012047	गाने				
16012047015	16012047	वालों				
16012047016	16012047	के				
16012047017	16012047	भागों				
16012047018	16012047	को				
16012047019	16012047	दे				
16012047020	16012047	रहे				
16012047021	16012047	थे				
16012047022	16012047	और				
16012047023	16012047	द्वारपाल	y			
16012047024	16012047	,		y		
16012047025	16012047	उनके				
16012047026	16012047	दिन				
16012047027	16012047	में				
16012047028	16012047	एक				
16012047029	16012047	दैनिक				
16012047030	16012047	विषय				
16012047031	16012047	के				
16012047032	16012047	रूप				
16012047033	16012047	में	y			
16012047034	16012047	।		y		
16012047035	16012047	और				
16012047036	16012047	वे				
16012047037	16012047	लेवियों				
16012047038	16012047	के				
16012047039	16012047	लिए				
16012047040	16012047	पवित्र				
16012047041	16012047	कर				
16012047042	16012047	रहे				
16012047043	16012047	थे	y			
16012047044	16012047	,		y		
16012047045	16012047	और				
16012047046	16012047	लेवीय				
16012047047	16012047	हारून				
16012047048	16012047	के				
16012047049	16012047	पुत्रों				
16012047050	16012047	के				
16012047051	16012047	लिए				
16012047052	16012047	पवित्र				
16012047053	16012047	कर				
16012047054	16012047	रहे				
16012047055	16012047	थे	y			
16012047056	16012047	।		y		
16013001001	16013001	उस				
16013001002	16013001	दिन				
16013001003	16013001	मूसा				
16013001004	16013001	की				
16013001005	16013001	पुस्तक				
16013001006	16013001	में				
16013001007	16013001	पढ़ा				
16013001008	16013001	गया	y			
16013001009	16013001	,		y		
16013001010	16013001	लोगों				
16013001011	16013001	के				
16013001012	16013001	कानों				
16013001013	16013001	में	y			
16013001014	16013001	,		y		
16013001015	16013001	और				
16013001016	16013001	उसमें				
16013001017	16013001	लिखा				
16013001018	16013001	हुआ				
16013001019	16013001	मिला	y			
16013001020	16013001	,		y		
16013001021	16013001	कि				
16013001022	16013001	कोई				
16013001023	16013001	अम्मोनी				
16013001024	16013001	या				
16013001025	16013001	मोआबी				
16013001026	16013001	अनन्त				
16013001027	16013001	काल				
16013001028	16013001	तक				
16013001029	16013001	परमेश्वर				
16013001030	16013001	की				
16013001031	16013001	मण्डली				
16013001032	16013001	में				
16013001033	16013001	प्रवेश				
16013001034	16013001	न				
16013001035	16013001	करने				
16013001036	16013001	पाए	y			
16013001037	16013001	।		y		
16013002001	16013002	क्योंकि				
16013002002	16013002	उन्होंने				
16013002003	16013002	इस्त्राएलियों				
16013002004	16013002	के				
16013002005	16013002	पुत्रों				
16013002006	16013002	से				
16013002007	16013002	मुलाकात				
16013002008	16013002	नहीं				
16013002009	16013002	की				
16013002010	16013002	रोटी				
16013002011	16013002	के				
16013002012	16013002	साथ				
16013002013	16013002	और				
16013002014	16013002	पानी				
16013002015	16013002	के				
16013002016	16013002	साथ	y			
16013002017	16013002	।		y		
16013002018	16013002	और				
16013002019	16013002	उसने				
16013002020	16013002	बिलाम				
16013002021	16013002	को				
16013002022	16013002	उनके				
16013002023	16013002	विरुद्ध				
16013002024	16013002	शाप				
16013002025	16013002	देने				
16013002026	16013002	के				
16013002027	16013002	लिए				
16013002028	16013002	काम				
16013002029	16013002	पर				
16013002030	16013002	रखा	y			
16013002031	16013002	,		y		
16013002032	16013002	पर				
16013002033	16013002	हमारे				
16013002034	16013002	परमेश्वर				
16013002035	16013002	ने				
16013002036	16013002	शाप				
16013002037	16013002	को				
16013002038	16013002	एक				
16013002039	16013002	आशीष				
16013002040	16013002	में				
16013002041	16013002	उलट				
16013002042	16013002	दिया	y			
16013002043	16013002	।		y		
16013003001	16013003	और				
16013003002	16013003	हुआ				
16013003003	16013003	ये				
16013003004	16013003	कि	y			
16013003005	16013003	,		y		
16013003006	16013003	जैसे				
16013003007	16013003	ही				
16013003008	16013003	उन्होंने				
16013003009	16013003	व्यवस्था				
16013003010	16013003	को				
16013003011	16013003	सुना	y			
16013003012	16013003	,		y		
16013003013	16013003	उन्होंने				
16013003014	16013003	सब				
16013003015	16013003	मिली-जुली				
16013003016	16013003	संगति				
16013003017	16013003	को				
16013003018	16013003	इस्राएल				
16013003019	16013003	से				
16013003020	16013003	अलग				
16013003021	16013003	कर				
16013003022	16013003	दिया	y			
16013003023	16013003	।		y		
16013004001	16013004	अब	y			
16013004002	16013004	,		y		
16013004003	16013004	इसके				
16013004004	16013004	मुँह				
16013004005	16013004	के				
16013004006	16013004	सामने	y			
16013004007	16013004	,		y		
16013004008	16013004	एल्याशीब				
16013004009	16013004	याजक	y			
16013004010	16013004	,		y		
16013004011	16013004	तोबियाह				
16013004012	16013004	का				
16013004013	16013004	निकट-संबंधी	y			
16013004014	16013004	,		y		
16013004015	16013004	हमारे				
16013004016	16013004	परमेश्वर				
16013004017	16013004	के				
16013004018	16013004	घर				
16013004019	16013004	की				
16013004020	16013004	कोठरी				
16013004021	16013004	में				
16013004022	16013004	रखा				
16013004023	16013004	गया				
16013004024	16013004	था	y			
16013004025	16013004	।		y		
16013005001	16013005	और				
16013005002	16013005	उसने				
16013005003	16013005	उसके				
16013005004	16013005	लिये				
16013005005	16013005	एक				
16013005006	16013005	बड़ी				
16013005007	16013005	कोठरी				
16013005008	16013005	बनाई	y			
16013005009	16013005	,		y		
16013005010	16013005	और				
16013005011	16013005	वहाँ				
16013005012	16013005	पहले				
16013005013	16013005	वे				
16013005014	16013005	भेंट				
16013005015	16013005	चढ़ा				
16013005016	16013005	रहे				
16013005017	16013005	थे	y			
16013005018	16013005	:		y		
16013005019	16013005	लोबान	y			
16013005020	16013005	;		y		
16013005021	16013005	और				
16013005022	16013005	पात्र	y			
16013005023	16013005	;		y		
16013005024	16013005	और				
16013005025	16013005	अनाज				
16013005026	16013005	के				
16013005027	16013005	दशमांश	y			
16013005028	16013005	,		y		
16013005029	16013005	दाखमधु	y			
16013005030	16013005	,		y		
16013005031	16013005	और				
16013005032	16013005	तेल	y			
16013005033	16013005	,		y		
16013005034	16013005	लेवियों				
16013005035	16013005	के				
16013005036	16013005	लिए				
16013005037	16013005	आज्ञा	y			
16013005038	16013005	,		y		
16013005039	16013005	और				
16013005040	16013005	जो				
16013005041	16013005	गाते				
16013005042	16013005	थे	y			
16013005043	16013005	,		y		
16013005044	16013005	और				
16013005045	16013005	द्वारपाल	y			
16013005046	16013005	;		y		
16013005047	16013005	और				
16013005048	16013005	याजकों				
16013005049	16013005	की				
16013005050	16013005	भेंटें	y			
16013005051	16013005	।		y		
16013006001	16013006	और				
16013006002	16013006	इस				
16013006003	16013006	सब				
16013006004	16013006	के				
16013006005	16013006	बीच				
16013006006	16013006	मैं				
16013006007	16013006	यरूशलेम				
16013006008	16013006	में				
16013006009	16013006	नहीं				
16013006010	16013006	था	y			
16013006011	16013006	।		y		
16013006012	16013006	क्योंकि				
16013006013	16013006	अर्तक्षत्र				
16013006014	16013006	के				
16013006015	16013006	वर्ष				
16013006016	16013006	32				
16013006017	16013006	में				
16013006018	16013006	मैं				
16013006019	16013006	राजा				
16013006020	16013006	के				
16013006021	16013006	पास				
16013006022	16013006	गया				
16013006023	16013006	था	y			
16013006024	16013006	,		y		
16013006025	16013006	बाबेल				
16013006026	16013006	का				
16013006027	16013006	राजा	y			
16013006028	16013006	।		y		
16013006029	16013006	और				
16013006030	16013006	दिनों				
16013006031	16013006	के				
16013006032	16013006	अंत				
16013006033	16013006	में				
16013006034	16013006	मैंने				
16013006035	16013006	राजा				
16013006036	16013006	से				
16013006037	16013006	छुट्टी				
16013006038	16013006	मांगी	y			
16013006039	16013006	।		y		
16013007001	16013007	और				
16013007002	16013007	मैं				
16013007003	16013007	यरूशलेम				
16013007004	16013007	आया	y			
16013007005	16013007	।		y		
16013007006	16013007	और				
16013007007	16013007	मैं				
16013007008	16013007	बुराई				
16013007009	16013007	के				
16013007010	16013007	बारे				
16013007011	16013007	में				
16013007012	16013007	समझ				
16013007013	16013007	गया				
16013007014	16013007	जो				
16013007015	16013007	एल्याशीब				
16013007016	16013007	ने				
16013007017	16013007	तोबियाह				
16013007018	16013007	के				
16013007019	16013007	प्रति				
16013007020	16013007	परमेश्वर				
16013007021	16013007	के				
16013007022	16013007	घर				
16013007023	16013007	के				
16013007024	16013007	आंगनों				
16013007025	16013007	में				
16013007026	16013007	उसके				
16013007027	16013007	लिए				
16013007028	16013007	कोठरी				
16013007029	16013007	बनाकर				
16013007030	16013007	की				
16013007031	16013007	थी	y			
16013007032	16013007	।		y		
16013008001	16013008	और				
16013008002	16013008	यह				
16013008003	16013008	मेरे				
16013008004	16013008	लिए				
16013008005	16013008	अत्याधिक				
16013008006	16013008	बुरा				
16013008007	16013008	था	y			
16013008008	16013008	,		y		
16013008009	16013008	और				
16013008010	16013008	मैंने				
16013008011	16013008	तोबियाह				
16013008012	16013008	के				
16013008013	16013008	घर				
16013008014	16013008	की				
16013008015	16013008	सब				
16013008016	16013008	वस्तुएँ				
16013008017	16013008	भण्डार				
16013008018	16013008	कमरे				
16013008019	16013008	से				
16013008020	16013008	बाहर				
16013008021	16013008	फेंक				
16013008022	16013008	दी	y			
16013008023	16013008	।		y		
16013009001	16013009	और				
16013009002	16013009	मैं				
16013009003	16013009	बोला	y			
16013009004	16013009	,		y		
16013009005	16013009	और				
16013009006	16013009	उन्होंने				
16013009007	16013009	कोठरियों				
16013009008	16013009	को				
16013009009	16013009	शुद्ध				
16013009010	16013009	किया	y			
16013009011	16013009	।		y		
16013009012	16013009	और				
16013009013	16013009	मैंने				
16013009014	16013009	वहाँ				
16013009015	16013009	परमेश्वर				
16013009016	16013009	के				
16013009017	16013009	घर				
16013009018	16013009	के				
16013009019	16013009	पात्रों				
16013009020	16013009	को				
16013009021	16013009	लौटा				
16013009022	16013009	दिया	y			
16013009023	16013009	,		y		
16013009024	16013009	भेंट				
16013009025	16013009	और				
16013009026	16013009	धूप				
16013009027	16013009	के				
16013009028	16013009	साथ	y			
16013009029	16013009	।		y		
16013010001	16013010	और				
16013010002	16013010	मुझे				
16013010003	16013010	पता				
16013010004	16013010	था				
16013010005	16013010	कि				
16013010006	16013010	लेवियों				
16013010007	16013010	के				
16013010008	16013010	भाग				
16013010009	16013010	नहीं				
16013010010	16013010	दिए				
16013010011	16013010	गए				
16013010012	16013010	थे	y			
16013010013	16013010	,		y		
16013010014	16013010	और				
16013010015	16013010	लेवीय				
16013010016	16013010	और				
16013010017	16013010	वे				
16013010018	16013010	जो				
16013010019	16013010	गाते				
16013010020	16013010	थे	y			
16013010021	16013010	,		y		
16013010022	16013010	जिन्होंने				
16013010023	16013010	काम				
16013010024	16013010	किया	y			
16013010025	16013010	,		y		
16013010026	16013010	भाग				
16013010027	16013010	गए				
16013010028	16013010	थे	y			
16013010029	16013010	,		y		
16013010030	16013010	एक				
16013010031	16013010	पुरुष				
16013010032	16013010	अपने				
16013010033	16013010	खेत				
16013010034	16013010	के				
16013010035	16013010	लिए	y			
16013010036	16013010	।		y		
16013011001	16013011	और				
16013011002	16013011	मैंने				
16013011003	16013011	अधिपति				
16013011004	16013011	को				
16013011005	16013011	डाँटा	y			
16013011006	16013011	,		y		
16013011007	16013011	और				
16013011008	16013011	मैंने				
16013011009	16013011	कहा	y			
16013011010	16013011	,		y		
16013011011	16013011	""""	y	y		
16013011012	16013011	परमेश्वर				
16013011013	16013011	का				
16013011014	16013011	घर				
16013011015	16013011	क्यों				
16013011016	16013011	त्याग				
16013011017	16013011	दिया				
16013011018	16013011	गया				
16013011019	16013011	है	y			
16013011020	16013011	?	y	y		
16013011021	16013011	"""और"				
16013011022	16013011	मैंने				
16013011023	16013011	उन्हें				
16013011024	16013011	इकट्ठा				
16013011025	16013011	किया				
16013011026	16013011	और				
16013011027	16013011	उन्हें				
16013011028	16013011	उनके				
16013011029	16013011	ठिकानों				
16013011030	16013011	पर				
16013011031	16013011	खड़ा				
16013011032	16013011	कर				
16013011033	16013011	दिया	y			
16013011034	16013011	।		y		
16013012001	16013012	और				
16013012002	16013012	सारा				
16013012003	16013012	यहूदा				
16013012004	16013012	अन्न				
16013012005	16013012	का				
16013012006	16013012	दशमांश				
16013012007	16013012	ले				
16013012008	16013012	आया	y			
16013012009	16013012	,		y		
16013012010	16013012	और				
16013012011	16013012	दाखमधु	y			
16013012012	16013012	,		y		
16013012013	16013012	और				
16013012014	16013012	कोषागारों				
16013012015	16013012	में				
16013012016	16013012	तेल	y			
16013012017	16013012	।		y		
16013013001	16013013	और				
16013013002	16013013	मैंने				
16013013003	16013013	कोषागारों				
16013013004	16013013	के				
16013013005	16013013	ऊपर				
16013013006	16013013	कोषाध्यक्ष				
16013013007	16013013	नियुक्त				
16013013008	16013013	किए	y			
16013013009	16013013	:		y		
16013013010	16013013	शेलेम्याह				
16013013011	16013013	याजक	y			
16013013012	16013013	,		y		
16013013013	16013013	और				
16013013014	16013013	सादोक				
16013013015	16013013	शास्त्री	y			
16013013016	16013013	,		y		
16013013017	16013013	और				
16013013018	16013013	लेवियों				
16013013019	16013013	में				
16013013020	16013013	से				
16013013021	16013013	पदायाह	y			
16013013022	16013013	;		y		
16013013023	16013013	और				
16013013024	16013013	उनके				
16013013025	16013013	हाथ				
16013013026	16013013	में				
16013013027	16013013	हानान				
16013013028	16013013	था	y			
16013013029	16013013	,		y		
16013013030	16013013	जक्कूर				
16013013031	16013013	का				
16013013032	16013013	पुत्र	y			
16013013033	16013013	,		y		
16013013034	16013013	मत्तन्याह				
16013013035	16013013	का				
16013013036	16013013	पुत्र	y			
16013013037	16013013	।		y		
16013013038	16013013	क्योंकि				
16013013039	16013013	वे				
16013013040	16013013	विश्वासयोग्य				
16013013041	16013013	माने				
16013013042	16013013	जाते				
16013013043	16013013	थे	y			
16013013044	16013013	,		y		
16013013045	16013013	और				
16013013046	16013013	उन्हें				
16013013047	16013013	उनके				
16013013048	16013013	भाइयों				
16013013049	16013013	को				
16013013050	16013013	बाँटना				
16013013051	16013013	था	y			
16013013052	16013013	।		y		
16013014001	16013014	मुझे				
16013014002	16013014	स्मरण				
16013014003	16013014	रख	y			
16013014004	16013014	,		y		
16013014005	16013014	हे				
16013014006	16013014	मेरे				
16013014007	16013014	परमेश्वर	y			
16013014008	16013014	,		y		
16013014009	16013014	इस				
16013014010	16013014	संबंध				
16013014011	16013014	में	y			
16013014012	16013014	,		y		
16013014013	16013014	और				
16013014014	16013014	मेरी				
16013014015	16013014	विश्वासयोग्य				
16013014016	16013014	करूणा				
16013014017	16013014	को				
16013014018	16013014	मिटा				
16013014019	16013014	न				
16013014020	16013014	देना				
16013014021	16013014	जो				
16013014022	16013014	मैंने				
16013014023	16013014	मेरे				
16013014024	16013014	परमेश्वर				
16013014025	16013014	के				
16013014026	16013014	घर				
16013014027	16013014	के				
16013014028	16013014	लिए				
16013014029	16013014	की				
16013014030	16013014	है				
16013014031	16013014	और				
16013014032	16013014	इसकी				
16013014033	16013014	सेवा				
16013014034	16013014	घड़ियों				
16013014035	16013014	के				
16013014036	16013014	लिए	y			
16013014037	16013014	।		y		
16013015001	16013015	उन				
16013015002	16013015	दिनों				
16013015003	16013015	में				
16013015004	16013015	मैंने				
16013015005	16013015	यहूदा				
16013015006	16013015	में				
16013015007	16013015	सब्त				
16013015008	16013015	के				
16013015009	16013015	दिन				
16013015010	16013015	दाखरस				
16013015011	16013015	के				
16013015012	16013015	कुण्डों				
16013015013	16013015	को				
16013015014	16013015	रौंदते				
16013015015	16013015	हुओं				
16013015016	16013015	को				
16013015017	16013015	देखा	y			
16013015018	16013015	,		y		
16013015019	16013015	और				
16013015020	16013015	जो				
16013015021	16013015	अन्न-के-ढेर				
16013015022	16013015	ला				
16013015023	16013015	रहे				
16013015024	16013015	हैं	y			
16013015025	16013015	,		y		
16013015026	16013015	और				
16013015027	16013015	जो				
16013015028	16013015	गधों				
16013015029	16013015	पर				
16013015030	16013015	लाद				
16013015031	16013015	रहे				
16013015032	16013015	हैं	y			
16013015033	16013015	,		y		
16013015034	16013015	हाँ	y			
16013015035	16013015	,		y		
16013015036	16013015	यहाँ				
16013015037	16013015	तक				
16013015038	16013015	कि				
16013015039	16013015	दाखमधु	y			
16013015040	16013015	,		y		
16013015041	16013015	अंगूर	y			
16013015042	16013015	,		y		
16013015043	16013015	और				
16013015044	16013015	अंजीर	y			
16013015045	16013015	,		y		
16013015046	16013015	और				
16013015047	16013015	सभी				
16013015048	16013015	प्रकार				
16013015049	16013015	के				
16013015050	16013015	भार	y			
16013015051	16013015	,		y		
16013015052	16013015	और				
16013015053	16013015	जो				
16013015054	16013015	सब्त				
16013015055	16013015	के				
16013015056	16013015	दिन				
16013015057	16013015	यरूशलेम				
16013015058	16013015	को				
16013015059	16013015	ला				
16013015060	16013015	रहे				
16013015061	16013015	थे	y			
16013015062	16013015	।		y		
16013015063	16013015	और				
16013015064	16013015	मैंने				
16013015065	16013015	उनके				
16013015066	16013015	बेचने				
16013015067	16013015	के				
16013015068	16013015	प्रावधानों				
16013015069	16013015	के				
16013015070	16013015	दिन				
16013015071	16013015	विरोध				
16013015072	16013015	किया	y			
16013015073	16013015	।		y		
16013016001	16013016	और				
16013016002	16013016	सोरी				
16013016003	16013016	जो				
16013016004	16013016	उसमें				
16013016005	16013016	रहते				
16013016006	16013016	थे				
16013016007	16013016	मछलियाँ				
16013016008	16013016	ला				
16013016009	16013016	रहे				
16013016010	16013016	थे				
16013016011	16013016	और				
16013016012	16013016	सभी				
16013016013	16013016	प्रकार				
16013016014	16013016	के				
16013016015	16013016	उत्पाद				
16013016016	16013016	और				
16013016017	16013016	सब्त				
16013016018	16013016	के				
16013016019	16013016	दिन				
16013016020	16013016	उन्हें				
16013016021	16013016	यहूदा				
16013016022	16013016	के				
16013016023	16013016	पुत्रों				
16013016024	16013016	को				
16013016025	16013016	बेच				
16013016026	16013016	रहे				
16013016027	16013016	थे	y			
16013016028	16013016	,		y		
16013016029	16013016	यहाँ				
16013016030	16013016	तक				
16013016031	16013016	कि				
16013016032	16013016	यरूशलेम				
16013016033	16013016	में				
16013016034	16013016	भी	y			
16013016035	16013016	।		y		
16013017001	16013017	और				
16013017002	16013017	मैं				
16013017003	16013017	यहूदा				
16013017004	16013017	के				
16013017005	16013017	कुलीनों				
16013017006	16013017	से				
16013017007	16013017	विरोध				
16013017008	16013017	करता				
16013017009	16013017	रहा	y			
16013017010	16013017	।		y		
16013017011	16013017	और				
16013017012	16013017	मैंने				
16013017013	16013017	उनसे				
16013017014	16013017	कहा	y			
16013017015	16013017	,		y		
16013017016	16013017	""""	y	y		
16013017017	16013017	यह				
16013017018	16013017	क्या				
16013017019	16013017	बुराई				
16013017020	16013017	है				
16013017021	16013017	जो				
16013017022	16013017	तुम				
16013017023	16013017	कर				
16013017024	16013017	रहे				
16013017025	16013017	हो	y			
16013017026	16013017	,		y		
16013017027	16013017	और				
16013017028	16013017	सब्त				
16013017029	16013017	के				
16013017030	16013017	दिन				
16013017031	16013017	को				
16013017032	16013017	अपवित्र				
16013017033	16013017	करना	y			
16013017034	16013017	?		y		
16013018001	16013018	क्या				
16013018002	16013018	तुम्हारे				
16013018003	16013018	पिताओं				
16013018004	16013018	ने				
16013018005	16013018	इस				
16013018006	16013018	प्रकार				
16013018007	16013018	नहीं				
16013018008	16013018	किया	y			
16013018009	16013018	,		y		
16013018010	16013018	और				
16013018011	16013018	हमारा				
16013018012	16013018	परमेश्वर				
16013018013	16013018	यह				
16013018014	16013018	सब				
16013018015	16013018	बुराई				
16013018016	16013018	हम				
16013018017	16013018	पर				
16013018018	16013018	लाया				
16013018019	16013018	और				
16013018020	16013018	इस				
16013018021	16013018	नगर				
16013018022	16013018	पर	y			
16013018023	16013018	?		y		
16013018024	16013018	और				
16013018025	16013018	तुम				
16013018026	16013018	सब्त				
16013018027	16013018	को				
16013018028	16013018	अपवित्र				
16013018029	16013018	करके				
16013018030	16013018	इस्राएल				
16013018031	16013018	पर				
16013018032	16013018	क्रोध				
16013018033	16013018	बढ़ा				
16013018034	16013018	रहे				
16013018035	16013018	हो	y			
16013018036	16013018	।	y	y		
16013018037	16013018	”		y		
16013019001	16013019	और				
16013019002	16013019	हुआ				
16013019003	16013019	ये				
16013019004	16013019	कि	y			
16013019005	16013019	,		y		
16013019006	16013019	जब				
16013019007	16013019	सब्त				
16013019008	16013019	के				
16013019009	16013019	दिन				
16013019010	16013019	यरूशलेम				
16013019011	16013019	के				
16013019012	16013019	फाटकों				
16013019013	16013019	के				
16013019014	16013019	मुँह				
16013019015	16013019	के				
16013019016	16013019	साम्हने				
16013019017	16013019	अन्धेरा				
16013019018	16013019	बढ़				
16013019019	16013019	गया	y			
16013019020	16013019	,		y		
16013019021	16013019	मैं				
16013019022	16013019	बोला	y			
16013019023	16013019	,		y		
16013019024	16013019	और				
16013019025	16013019	दरवाजे				
16013019026	16013019	बंद				
16013019027	16013019	थे	y			
16013019028	16013019	,		y		
16013019029	16013019	और				
16013019030	16013019	मैंने				
16013019031	16013019	कहा				
16013019032	16013019	कि				
16013019033	16013019	वे				
16013019034	16013019	सब्त				
16013019035	16013019	के				
16013019036	16013019	दिन				
16013019037	16013019	बाद				
16013019038	16013019	तक				
16013019039	16013019	उन्हें				
16013019040	16013019	न				
16013019041	16013019	खोलें	y			
16013019042	16013019	।		y		
16013019043	16013019	और				
16013019044	16013019	मैंने				
16013019045	16013019	मेरे				
16013019046	16013019	जवान				
16013019047	16013019	पुरुषों				
16013019048	16013019	में				
16013019049	16013019	से				
16013019050	16013019	कुछ				
16013019051	16013019	को				
16013019052	16013019	फाटकों				
16013019053	16013019	पर				
16013019054	16013019	खड़ा				
16013019055	16013019	किया	y			
16013019056	16013019	;		y		
16013019057	16013019	सब्त				
16013019058	16013019	के				
16013019059	16013019	दिन				
16013019060	16013019	एक				
16013019061	16013019	भार				
16013019062	16013019	प्रवेश				
16013019063	16013019	नहीं				
16013019064	16013019	कर				
16013019065	16013019	सकता				
16013019066	16013019	था	y			
16013019067	16013019	।		y		
16013020001	16013020	और				
16013020002	16013020	जो				
16013020003	16013020	व्यापार				
16013020004	16013020	करते				
16013020005	16013020	थे				
16013020006	16013020	और				
16013020007	16013020	जो				
16013020008	16013020	बेचने				
16013020009	16013020	के				
16013020010	16013020	लिए				
16013020011	16013020	सब				
16013020012	16013020	प्रकार				
16013020013	16013020	का				
16013020014	16013020	माल				
16013020015	16013020	बेचते				
16013020016	16013020	थे				
16013020017	16013020	यरूशलेम				
16013020018	16013020	से				
16013020019	16013020	बाहर				
16013020020	16013020	रहते				
16013020021	16013020	थे				
16013020022	16013020	एक				
16013020023	16013020	समय				
16013020024	16013020	या				
16013020025	16013020	दो	y			
16013020026	16013020	।		y		
16013021001	16013021	और				
16013021002	16013021	मैंने				
16013021003	16013021	उनके				
16013021004	16013021	विरुद्ध				
16013021005	16013021	गवाही				
16013021006	16013021	दी	y			
16013021007	16013021	,		y		
16013021008	16013021	और				
16013021009	16013021	मैंने				
16013021010	16013021	उनसे				
16013021011	16013021	कहा	y			
16013021012	16013021	,		y		
16013021013	16013021	“	y	y		
16013021014	16013021	तुम				
16013021015	16013021	दीवार				
16013021016	16013021	के				
16013021017	16013021	सामने				
16013021018	16013021	क्यों				
16013021019	16013021	अस्थाई				
16013021020	16013021	ठहराव				
16013021021	16013021	बना				
16013021022	16013021	रहे				
16013021023	16013021	हो	y			
16013021024	16013021	?		y		
16013021025	16013021	यदि				
16013021026	16013021	तुम				
16013021027	16013021	दोहराते				
16013021028	16013021	हो	y			
16013021029	16013021	,		y		
16013021030	16013021	मैं				
16013021031	16013021	तुम				
16013021032	16013021	पर				
16013021033	16013021	एक				
16013021034	16013021	हाथ				
16013021035	16013021	बढ़ाऊँगा	y			
16013021036	16013021	!	y	y		
16013021037	16013021	”		y		
16013021038	16013021	उस				
16013021039	16013021	समय				
16013021040	16013021	से	y			
16013021041	16013021	,		y		
16013021042	16013021	वे				
16013021043	16013021	सब्त				
16013021044	16013021	के				
16013021045	16013021	दिन				
16013021046	16013021	नहीं				
16013021047	16013021	आए	y			
16013021048	16013021	।		y		
16013022001	16013022	और				
16013022002	16013022	मैंने				
16013022003	16013022	लेवियों				
16013022004	16013022	से				
16013022005	16013022	कहा				
16013022006	16013022	कि				
16013022007	16013022	वे				
16013022008	16013022	अपने				
16013022009	16013022	आप				
16013022010	16013022	को				
16013022011	16013022	शुद्ध				
16013022012	16013022	करें				
16013022013	16013022	और				
16013022014	16013022	सब्त				
16013022015	16013022	के				
16013022016	16013022	दिन				
16013022017	16013022	को				
16013022018	16013022	पवित्र				
16013022019	16013022	ठहराने				
16013022020	16013022	के				
16013022021	16013022	लिये				
16013022022	16013022	फाटकों				
16013022023	16013022	की				
16013022024	16013022	देखरेख				
16013022025	16013022	करने				
16013022026	16013022	के				
16013022027	16013022	लिए				
16013022028	16013022	आएँ	y			
16013022029	16013022	।		y		
16013022030	16013022	इस				
16013022031	16013022	विषय				
16013022032	16013022	में				
16013022033	16013022	भी				
16013022034	16013022	मुझे				
16013022035	16013022	स्मरण				
16013022036	16013022	रख	y			
16013022037	16013022	,		y		
16013022038	16013022	मेरे				
16013022039	16013022	परमेश्वर	y			
16013022040	16013022	,		y		
16013022041	16013022	और				
16013022042	16013022	अपनी				
16013022043	16013022	वाचाई				
16013022044	16013022	विश्वासयोग्यता				
16013022045	16013022	की				
16013022046	16013022	बड़ी				
16013022047	16013022	महानता				
16013022048	16013022	अनुसार				
16013022049	16013022	मुझ				
16013022050	16013022	पर				
16013022051	16013022	दया				
16013022052	16013022	कर	y			
16013022053	16013022	।		y		
16013023001	16013023	उन				
16013023002	16013023	दिनों				
16013023003	16013023	मैंने				
16013023004	16013023	यहूदियों				
16013023005	16013023	को				
16013023006	16013023	भी				
16013023007	16013023	देखा				
16013023008	16013023	था				
16013023009	16013023	जिन्होंने				
16013023010	16013023	अशदोदी				
16013023011	16013023	को				
16013023012	16013023	निवास				
16013023013	16013023	दिया				
16013023014	16013023	था	y			
16013023015	16013023	,		y		
16013023016	16013023	अम्मोनी	y			
16013023017	16013023	,		y		
16013023018	16013023	और				
16013023019	16013023	मोआबी				
16013023020	16013023	स्त्रियाँ	y			
16013023021	16013023	।		y		
16013024001	16013024	और				
16013024002	16013024	उनके				
16013024003	16013024	पुत्र	y			
16013024004	16013024	,		y		
16013024005	16013024	आधे				
16013024006	16013024	अशदोदी				
16013024007	16013024	बोल				
16013024008	16013024	रहे				
16013024009	16013024	थे	y			
16013024010	16013024	,		y		
16013024011	16013024	और				
16013024012	16013024	उनमें				
16013024013	16013024	से				
16013024014	16013024	कोई				
16013024015	16013024	भी				
16013024016	16013024	इब्रानी				
16013024017	16013024	बोलना				
16013024018	16013024	नहीं				
16013024019	16013024	जानता				
16013024020	16013024	था	y			
16013024021	16013024	,		y		
16013024022	16013024	लेकिन				
16013024023	16013024	लोगों				
16013024024	16013024	की				
16013024025	16013024	बोली				
16013024026	16013024	के				
16013024027	16013024	अनुसार				
16013024028	16013024	लोगों				
16013024029	16013024	के				
16013024030	16013024	समूह				
16013024031	16013024	प्रति				
16013024032	16013024	समूह	y			
16013024033	16013024	।		y		
16013025001	16013025	और				
16013025002	16013025	मैंने				
16013025003	16013025	उन्हें				
16013025004	16013025	डाँटा	y			
16013025005	16013025	,		y		
16013025006	16013025	और				
16013025007	16013025	उन्हें				
16013025008	16013025	शाप				
16013025009	16013025	दिया	y			
16013025010	16013025	,		y		
16013025011	16013025	और				
16013025012	16013025	उनके				
16013025013	16013025	कुछ				
16013025014	16013025	पुरुषों				
16013025015	16013025	को				
16013025016	16013025	मारा	y			
16013025017	16013025	,		y		
16013025018	16013025	और				
16013025019	16013025	उनके				
16013025020	16013025	बाल				
16013025021	16013025	नोचे	y			
16013025022	16013025	।		y		
16013025023	16013025	और				
16013025024	16013025	मैंने				
16013025025	16013025	उन्हें				
16013025026	16013025	परमेश्वर				
16013025027	16013025	की				
16013025028	16013025	एक				
16013025029	16013025	शपथ				
16013025030	16013025	खिलाई	y			
16013025031	16013025	:		y		
16013025032	16013025	“	y	y		
16013025033	16013025	यदि				
16013025034	16013025	तुम				
16013025035	16013025	अपनी				
16013025036	16013025	पुत्रियों				
16013025037	16013025	को				
16013025038	16013025	उनके				
16013025039	16013025	पुत्रों				
16013025040	16013025	को				
16013025041	16013025	देते				
16013025042	16013025	हो	y			
16013025043	16013025	,		y		
16013025044	16013025	या				
16013025045	16013025	यदि				
16013025046	16013025	तुम				
16013025047	16013025	उनकी				
16013025048	16013025	पुत्रियों				
16013025049	16013025	में				
16013025050	16013025	से				
16013025051	16013025	अपने				
16013025052	16013025	पुत्रों				
16013025053	16013025	के				
16013025054	16013025	लिए				
16013025055	16013025	उठा				
16013025056	16013025	लेते				
16013025057	16013025	हो	y			
16013025058	16013025	,		y		
16013025059	16013025	या				
16013025060	16013025	अपने				
16013025061	16013025	लिए	y			
16013025062	16013025	!		y		
16013026001	16013026	क्या				
16013026002	16013026	सुलैमान				
16013026003	16013026	ने				
16013026004	16013026	नहीं	y			
16013026005	16013026	,		y		
16013026006	16013026	इस्राएल				
16013026007	16013026	का				
16013026008	16013026	राजा	y			
16013026009	16013026	,		y		
16013026010	16013026	इन				
16013026011	16013026	बातों				
16013026012	16013026	के				
16013026013	16013026	संबंध				
16013026014	16013026	में				
16013026015	16013026	पाप				
16013026016	16013026	किया	y			
16013026017	16013026	?		y		
16013026018	16013026	तौभी				
16013026019	16013026	बहुत				
16013026020	16013026	से				
16013026021	16013026	राष्ट्रों				
16013026022	16013026	में				
16013026023	16013026	उसके				
16013026024	16013026	तुल्य				
16013026025	16013026	कोई				
16013026026	16013026	राजा				
16013026027	16013026	न				
16013026028	16013026	हुआ	y			
16013026029	16013026	;		y		
16013026030	16013026	और				
16013026031	16013026	वह				
16013026032	16013026	उसके				
16013026033	16013026	परमेश्वर				
16013026034	16013026	का				
16013026035	16013026	प्रिय				
16013026036	16013026	था	y			
16013026037	16013026	,		y		
16013026038	16013026	और				
16013026039	16013026	परमेश्वर				
16013026040	16013026	ने				
16013026041	16013026	उसे				
16013026042	16013026	सारे				
16013026043	16013026	इस्राएल				
16013026044	16013026	के				
16013026045	16013026	ऊपर				
16013026046	16013026	राजा				
16013026047	16013026	के				
16013026048	16013026	रूप				
16013026049	16013026	में				
16013026050	16013026	दिया	y			
16013026051	16013026	।		y		
16013026052	16013026	परदेशी				
16013026053	16013026	स्त्रियों				
16013026054	16013026	ने				
16013026055	16013026	यहाँ				
16013026056	16013026	तक				
16013026057	16013026	कि				
16013026058	16013026	उस				
16013026059	16013026	से				
16013026060	16013026	भी				
16013026061	16013026	पाप				
16013026062	16013026	करवा				
16013026063	16013026	दिया	y			
16013026064	16013026	।		y		
16013027001	16013027	क्या				
16013027002	16013027	हमें				
16013027003	16013027	तब				
16013027004	16013027	तेरी				
16013027005	16013027	बात				
16013027006	16013027	सुननी				
16013027007	16013027	चाहिए	y			
16013027008	16013027	,		y		
16013027009	16013027	यह				
16013027010	16013027	सब				
16013027011	16013027	बड़ी				
16013027012	16013027	बुराई				
16013027013	16013027	करने				
16013027014	16013027	के				
16013027015	16013027	लिए	y			
16013027016	16013027	,		y		
16013027017	16013027	हमारे				
16013027018	16013027	परमेश्वर				
16013027019	16013027	के				
16013027020	16013027	प्रति				
16013027021	16013027	अविश्वासयोग्यता				
16013027022	16013027	से				
16013027023	16013027	काम				
16013027024	16013027	करने				
16013027025	16013027	के				
16013027026	16013027	लिए				
16013027027	16013027	और				
16013027028	16013027	परदेशी				
16013027029	16013027	स्त्रियों				
16013027030	16013027	को				
16013027031	16013027	एक				
16013027032	16013027	निवास				
16013027033	16013027	दें	y			
16013027034	16013027	?	y	y		
16013027035	16013027	”		y		
16013027036	16013027	क				
16013028001	16013028	और				
16013028002	16013028	योयादा				
16013028003	16013028	के				
16013028004	16013028	पुत्रों				
16013028005	16013028	में				
16013028006	16013028	से				
16013028007	16013028	एक	y			
16013028008	16013028	,		y		
16013028009	16013028	एल्याशीब				
16013028010	16013028	महायाजक				
16013028011	16013028	का				
16013028012	16013028	पुत्र	y			
16013028013	16013028	,		y		
16013028014	16013028	होरोनी				
16013028015	16013028	सम्बल्लत				
16013028016	16013028	का				
16013028017	16013028	दामाद				
16013028018	16013028	था	y			
16013028019	16013028	।		y		
16013028020	16013028	और				
16013028021	16013028	मैंने				
16013028022	16013028	उसे				
16013028023	16013028	अपने				
16013028024	16013028	पास				
16013028025	16013028	से				
16013028026	16013028	भाग				
16013028027	16013028	जाने				
16013028028	16013028	दिया	y			
16013028029	16013028	।		y		
16013029001	16013029	उन्हें				
16013029002	16013029	स्मरण				
16013029003	16013029	रख	y			
16013029004	16013029	,		y		
16013029005	16013029	मेरे				
16013029006	16013029	परमेश्वर	y			
16013029007	16013029	,		y		
16013029008	16013029	याजकपद				
16013029009	16013029	के				
16013029010	16013029	अपवित्र				
16013029011	16013029	होने				
16013029012	16013029	के				
16013029013	16013029	कारण				
16013029014	16013029	और				
16013029015	16013029	याजकपद				
16013029016	16013029	की				
16013029017	16013029	वाचा				
16013029018	16013029	और				
16013029019	16013029	लेवीय	y			
16013029020	16013029	।		y		
16013030001	16013030	और				
16013030002	16013030	मैंने				
16013030003	16013030	उन्हें				
16013030004	16013030	सब				
16013030005	16013030	विदेशी				
16013030006	16013030	से				
16013030007	16013030	शुद्ध				
16013030008	16013030	किया	y			
16013030009	16013030	।		y		
16013030010	16013030	और				
16013030011	16013030	मैं				
16013030012	16013030	सेवा				
16013030013	16013030	घड़ियों				
16013030014	16013030	को				
16013030015	16013030	खड़ा				
16013030016	16013030	करने				
16013030017	16013030	का				
16013030018	16013030	कारण				
16013030019	16013030	बना	y			
16013030020	16013030	:		y		
16013030021	16013030	याजकों				
16013030022	16013030	के				
16013030023	16013030	लिए				
16013030024	16013030	और				
16013030025	16013030	लेवियों				
16013030026	16013030	के				
16013030027	16013030	लिए	y			
16013030028	16013030	,		y		
16013030029	16013030	अपने				
16013030030	16013030	काम				
16013030031	16013030	में				
16013030032	16013030	एक				
16013030033	16013030	पुरुष	y			
16013030034	16013030	;		y		
16013031001	16013031	और				
16013031002	16013031	लकड़ी				
16013031003	16013031	के				
16013031004	16013031	टुकड़ों				
16013031005	16013031	को				
16013031006	16013031	भेंट				
16013031007	16013031	चढ़ाने				
16013031008	16013031	के				
16013031009	16013031	लिए				
16013031010	16013031	नियत				
16013031011	16013031	समयों				
16013031012	16013031	पर	y			
16013031013	16013031	;		y		
16013031014	16013031	और				
16013031015	16013031	पहले				
16013031016	16013031	फलों				
16013031017	16013031	के				
16013031018	16013031	लिए	y			
16013031019	16013031	।		y		
16013031020	16013031	मुझे				
16013031021	16013031	स्मरण				
16013031022	16013031	रख	y			
16013031023	16013031	,		y		
16013031024	16013031	मेरे				
16013031025	16013031	परमेश्वर	y			
16013031026	16013031	,		y		
16013031027	16013031	अच्छे				
16013031028	16013031	के				
16013031029	16013031	लिए	y			
16013031030	16013031	।		y		
17001001001	17001001	अब				
17001001002	17001001	यह				
17001001003	17001001	क्षयर्ष				
17001001004	17001001	के				
17001001005	17001001	दिनों				
17001001006	17001001	में				
17001001007	17001001	हुआ				
17001001008	17001001	(	y	y		
17001001009	17001001	वह				
17001001010	17001001	क्षयर्ष				
17001001011	17001001	था	y			
17001001012	17001001	,		y		
17001001013	17001001	वह				
17001001014	17001001	जिसने				
17001001015	17001001	भारत				
17001001016	17001001	पर				
17001001017	17001001	शासन				
17001001018	17001001	किया				
17001001019	17001001	यहाँ				
17001001020	17001001	तक				
17001001021	17001001	कि				
17001001022	17001001	दूर				
17001001023	17001001	तक				
17001001024	17001001	इथियोपिया	y			
17001001025	17001001	,		y		
17001001026	17001001	127				
17001001027	17001001	प्रांतों				
17001001028	17001001	पर	y			
17001001029	17001001	)	y	y		
17001001030	17001001	;		y		
17001002001	17001002	उन				
17001002002	17001002	दिनों				
17001002003	17001002	में	y			
17001002004	17001002	,		y		
17001002005	17001002	जब				
17001002006	17001002	राजा				
17001002007	17001002	क्षयर्ष				
17001002008	17001002	अपनी				
17001002009	17001002	राज				
17001002010	17001002	सत्ता				
17001002011	17001002	के				
17001002012	17001002	सिंहासन				
17001002013	17001002	पर				
17001002014	17001002	बैठा	y			
17001002015	17001002	,		y		
17001002016	17001002	जो				
17001002017	17001002	कि				
17001002018	17001002	शूशन				
17001002019	17001002	राजगढ़				
17001002020	17001002	में				
17001002021	17001002	थी	y			
17001002022	17001002	:		y		
17001003001	17001003	उसके				
17001003002	17001003	शासनकाल				
17001003003	17001003	के				
17001003004	17001003	तीसरे				
17001003005	17001003	वर्ष				
17001003006	17001003	में	y			
17001003007	17001003	,		y		
17001003008	17001003	उसने				
17001003009	17001003	अपने				
17001003010	17001003	सभी				
17001003011	17001003	अधिकारियों				
17001003012	17001003	के				
17001003013	17001003	लिए				
17001003014	17001003	भोज				
17001003015	17001003	किया				
17001003016	17001003	और				
17001003017	17001003	उसके				
17001003018	17001003	प्रशासकों	y			
17001003019	17001003	,		y		
17001003020	17001003	फारस				
17001003021	17001003	और				
17001003022	17001003	मादै				
17001003023	17001003	की				
17001003024	17001003	सेना	y			
17001003025	17001003	,		y		
17001003026	17001003	कुलीनों	y			
17001003027	17001003	,		y		
17001003028	17001003	और				
17001003029	17001003	अपने				
17001003030	17001003	चेहरे				
17001003031	17001003	के				
17001003032	17001003	सामने				
17001003033	17001003	प्रांतों				
17001003034	17001003	के				
17001003035	17001003	अधिकारियों	y			
17001003036	17001003	,		y		
17001004001	17001004	जब				
17001004002	17001004	उसने				
17001004003	17001004	अपने				
17001004004	17001004	राज्य				
17001004005	17001004	की				
17001004006	17001004	महिमा				
17001004007	17001004	के				
17001004008	17001004	धन				
17001004009	17001004	को				
17001004010	17001004	प्रदर्शित				
17001004011	17001004	किया				
17001004012	17001004	और				
17001004013	17001004	अपनी				
17001004014	17001004	महानता				
17001004015	17001004	के				
17001004016	17001004	सौंदर्य				
17001004017	17001004	का				
17001004018	17001004	वैभव				
17001004019	17001004	कई				
17001004020	17001004	दिनों	y			
17001004021	17001004	,		y		
17001004022	17001004	180				
17001004023	17001004	दिनों				
17001004024	17001004	तक	y			
17001004025	17001004	।		y		
17001005001	17001005	और				
17001005002	17001005	जब				
17001005003	17001005	वे				
17001005004	17001005	दिन				
17001005005	17001005	पूरे				
17001005006	17001005	हो				
17001005007	17001005	गए	y			
17001005008	17001005	,		y		
17001005009	17001005	राजा				
17001005010	17001005	ने				
17001005011	17001005	उन				
17001005012	17001005	सभी				
17001005013	17001005	लोगों				
17001005014	17001005	के				
17001005015	17001005	लिए				
17001005016	17001005	एक				
17001005017	17001005	भोज				
17001005018	17001005	किया				
17001005019	17001005	जो				
17001005020	17001005	शूशन				
17001005021	17001005	राजगढ़				
17001005022	17001005	में				
17001005023	17001005	पाए				
17001005024	17001005	जाते				
17001005025	17001005	थे	y			
17001005026	17001005	,		y		
17001005027	17001005	बड़े				
17001005028	17001005	से				
17001005029	17001005	लेकर				
17001005030	17001005	छोटे				
17001005031	17001005	तक	y			
17001005032	17001005	,		y		
17001005033	17001005	सात				
17001005034	17001005	दिनों				
17001005035	17001005	के				
17001005036	17001005	लिए	y			
17001005037	17001005	,		y		
17001005038	17001005	राजा				
17001005039	17001005	के				
17001005040	17001005	महल				
17001005041	17001005	की				
17001005042	17001005	वाटिका				
17001005043	17001005	के				
17001005044	17001005	आंगन				
17001005045	17001005	में	y			
17001005046	17001005	।		y		
17001006001	17001006	वहाँ				
17001006002	17001006	कपास				
17001006003	17001006	की				
17001006004	17001006	सूत				
17001006005	17001006	और				
17001006006	17001006	नीले				
17001006007	17001006	पर्दे				
17001006008	17001006	लटके				
17001006009	17001006	हुए				
17001006010	17001006	थे	y			
17001006011	17001006	।		y		
17001006012	17001006	सन				
17001006013	17001006	और				
17001006014	17001006	बैंगनी				
17001006015	17001006	चांदी				
17001006016	17001006	के				
17001006017	17001006	छल्ले				
17001006018	17001006	और				
17001006019	17001006	संगमरमर				
17001006020	17001006	के				
17001006021	17001006	खंभों				
17001006022	17001006	पर				
17001006023	17001006	पीले				
17001006024	17001006	और				
17001006025	17001006	मोती				
17001006026	17001006	और				
17001006027	17001006	कीमती				
17001006028	17001006	पत्थर				
17001006029	17001006	के				
17001006030	17001006	फर्श				
17001006031	17001006	पर				
17001006032	17001006	सोने				
17001006033	17001006	और				
17001006034	17001006	चांदी				
17001006035	17001006	के				
17001006036	17001006	सोफे				
17001006037	17001006	थे	y			
17001006038	17001006	।		y		
17001007001	17001007	और				
17001007002	17001007	सेवा				
17001007003	17001007	का				
17001007004	17001007	काम				
17001007005	17001007	सोने				
17001007006	17001007	के				
17001007007	17001007	बर्तनों				
17001007008	17001007	में	y			
17001007009	17001007	,		y		
17001007010	17001007	अन्य				
17001007011	17001007	बर्तनों				
17001007012	17001007	से				
17001007013	17001007	भिन्न	y			
17001007014	17001007	;		y		
17001007015	17001007	और				
17001007016	17001007	राजा				
17001007017	17001007	के				
17001007018	17001007	हाथ				
17001007019	17001007	के				
17001007020	17001007	अनुसार				
17001007021	17001007	राज				
17001007022	17001007	सत्ता				
17001007023	17001007	की				
17001007024	17001007	शराब				
17001007025	17001007	प्रचुर				
17001007026	17001007	मात्रा				
17001007027	17001007	में				
17001007028	17001007	थी	y			
17001007029	17001007	।		y		
17001008001	17001008	और				
17001008002	17001008	पीना				
17001008003	17001008	नियम				
17001008004	17001008	के				
17001008005	17001008	अनुसार				
17001008006	17001008	था	y			
17001008007	17001008	,		y		
17001008008	17001008	""""	y	y		
17001008009	17001008	कोई				
17001008010	17001008	मजबूरी				
17001008011	17001008	नहीं				
17001008012	17001008	है	y			
17001008013	17001008	,	y	y		
17001008014	17001008	""""		y		
17001008015	17001008	क्योंकि				
17001008016	17001008	इसी				
17001008017	17001008	प्रकार				
17001008018	17001008	राजा				
17001008019	17001008	ने				
17001008020	17001008	अपने				
17001008021	17001008	घर				
17001008022	17001008	के				
17001008023	17001008	हर				
17001008024	17001008	नरीक्षक				
17001008025	17001008	के				
17001008026	17001008	लिए	y			
17001008027	17001008	,		y		
17001008028	17001008	आदमी				
17001008029	17001008	प्रति				
17001008030	17001008	आदमी				
17001008031	17001008	की				
17001008032	17001008	इच्छा				
17001008033	17001008	के				
17001008034	17001008	अनुसार				
17001008035	17001008	करने				
17001008036	17001008	के				
17001008037	17001008	लिए				
17001008038	17001008	स्थापित				
17001008039	17001008	किया				
17001008040	17001008	था	y			
17001008041	17001008	।		y		
17001009001	17001009	वशती				
17001009002	17001009	रानी				
17001009003	17001009	ने				
17001009004	17001009	भी				
17001009005	17001009	राज				
17001009006	17001009	सत्ता				
17001009007	17001009	के				
17001009008	17001009	महल				
17001009009	17001009	में				
17001009010	17001009	स्त्रियों				
17001009011	17001009	के				
17001009012	17001009	लिए				
17001009013	17001009	भोज				
17001009014	17001009	दिया				
17001009015	17001009	जो				
17001009016	17001009	राजा				
17001009017	17001009	क्षयर्ष				
17001009018	17001009	से				
17001009019	17001009	संबंधित				
17001009020	17001009	था	y			
17001009021	17001009	।		y		
17001010001	17001010	सातवें				
17001010002	17001010	दिन	y			
17001010003	17001010	,		y		
17001010004	17001010	जब				
17001010005	17001010	राजा				
17001010006	17001010	का				
17001010007	17001010	दिल				
17001010008	17001010	शराब				
17001010009	17001010	से				
17001010010	17001010	प्रसन्न				
17001010011	17001010	हुआ	y			
17001010012	17001010	,		y		
17001010013	17001010	तो				
17001010014	17001010	उसने				
17001010015	17001010	महूमान	y			
17001010016	17001010	,		y		
17001010017	17001010	बिजता	y			
17001010018	17001010	,		y		
17001010019	17001010	हर्बोना	y			
17001010020	17001010	,		y		
17001010021	17001010	बिगता	y			
17001010022	17001010	,		y		
17001010023	17001010	अबगता	y			
17001010024	17001010	,		y		
17001010025	17001010	जेतेर				
17001010026	17001010	और				
17001010027	17001010	कर्कस				
17001010028	17001010	से				
17001010029	17001010	कहा				
17001010030	17001010	(	y	y		
17001010031	17001010	सात				
17001010032	17001010	खोजे				
17001010033	17001010	जो				
17001010034	17001010	राजा				
17001010035	17001010	क्षयर्ष				
17001010036	17001010	के				
17001010037	17001010	चेहरे				
17001010038	17001010	के				
17001010039	17001010	आगे				
17001010040	17001010	सेवा				
17001010041	17001010	करते				
17001010042	17001010	थे	y			
17001010043	17001010	)	y	y		
17001010044	17001010	,		y		
17001011001	17001011	वशती				
17001011002	17001011	रानी				
17001011003	17001011	को				
17001011004	17001011	राज				
17001011005	17001011	सत्ता				
17001011006	17001011	के				
17001011007	17001011	मुकुट				
17001011008	17001011	में				
17001011009	17001011	राजा				
17001011010	17001011	के				
17001011011	17001011	चेहरे				
17001011012	17001011	के				
17001011013	17001011	आगे				
17001011014	17001011	लाया				
17001011015	17001011	जाए				
17001011016	17001011	ताकि				
17001011017	17001011	लोगों				
17001011018	17001011	को				
17001011019	17001011	दिखाया				
17001011020	17001011	जाए				
17001011021	17001011	और				
17001011022	17001011	उसकी				
17001011023	17001011	सुंदरता				
17001011024	17001011	अधिकारियों				
17001011025	17001011	को	y			
17001011026	17001011	;		y		
17001011027	17001011	क्योंकि				
17001011028	17001011	वह				
17001011029	17001011	दिखावे				
17001011030	17001011	में				
17001011031	17001011	प्रसन्न				
17001011032	17001011	करने				
17001011033	17001011	वाली				
17001011034	17001011	थी	y			
17001011035	17001011	।		y		
17001012001	17001012	परन्तु				
17001012002	17001012	रानी				
17001012003	17001012	वशती				
17001012004	17001012	ने				
17001012005	17001012	राजा				
17001012006	17001012	के				
17001012007	17001012	शब्द				
17001012008	17001012	पर				
17001012009	17001012	आने				
17001012010	17001012	से				
17001012011	17001012	इनकार				
17001012012	17001012	कर				
17001012013	17001012	दिया				
17001012014	17001012	जो				
17001012015	17001012	कि				
17001012016	17001012	खोजों				
17001012017	17001012	के				
17001012018	17001012	हाथ				
17001012019	17001012	से				
17001012020	17001012	आया				
17001012021	17001012	था	y			
17001012022	17001012	।		y		
17001012023	17001012	तब				
17001012024	17001012	राजा				
17001012025	17001012	बहुत				
17001012026	17001012	क्रोधित				
17001012027	17001012	हुआ	y			
17001012028	17001012	,		y		
17001012029	17001012	और				
17001012030	17001012	उसका				
17001012031	17001012	क्रोध				
17001012032	17001012	उसके				
17001012033	17001012	भीतर				
17001012034	17001012	जलने				
17001012035	17001012	लगा	y			
17001012036	17001012	।		y		
17001013001	17001013	तब				
17001013002	17001013	राजा				
17001013003	17001013	ने				
17001013004	17001013	बुद्धिमान				
17001013005	17001013	पुरुषों				
17001013006	17001013	से				
17001013007	17001013	कहा	y			
17001013008	17001013	,		y		
17001013009	17001013	जो				
17001013010	17001013	समयों				
17001013011	17001013	के				
17001013012	17001013	ज्ञाता				
17001013013	17001013	थे				
17001013014	17001013	(	y	y		
17001013015	17001013	क्योंकि				
17001013016	17001013	राजा				
17001013017	17001013	की				
17001013018	17001013	नीति				
17001013019	17001013	उसके				
17001013020	17001013	चेहरे				
17001013021	17001013	के				
17001013022	17001013	आगे				
17001013023	17001013	रहने				
17001013024	17001013	वालों				
17001013025	17001013	सभी				
17001013026	17001013	के				
17001013027	17001013	लिए				
17001013028	17001013	इसी				
17001013029	17001013	प्रकार				
17001013030	17001013	थी				
17001013031	17001013	जो				
17001013032	17001013	कानून				
17001013033	17001013	और				
17001013034	17001013	न्याय				
17001013035	17001013	के				
17001013036	17001013	ज्ञाता				
17001013037	17001013	थे	y			
17001013038	17001013	;		y		
17001014001	17001014	और				
17001014002	17001014	उसके				
17001014003	17001014	निकट				
17001014004	17001014	रहने				
17001014005	17001014	वाले				
17001014006	17001014	थे	y			
17001014007	17001014	,		y		
17001014008	17001014	कर्शना	y			
17001014009	17001014	,		y		
17001014010	17001014	शेतार	y			
17001014011	17001014	,		y		
17001014012	17001014	अदमाता	y			
17001014013	17001014	,		y		
17001014014	17001014	तर्शीश	y			
17001014015	17001014	,		y		
17001014016	17001014	मेरेस	y			
17001014017	17001014	,		y		
17001014018	17001014	मर्सना	y			
17001014019	17001014	,		y		
17001014020	17001014	और				
17001014021	17001014	ममूकान	y			
17001014022	17001014	,		y		
17001014023	17001014	फारस				
17001014024	17001014	और				
17001014025	17001014	मादै				
17001014026	17001014	के				
17001014027	17001014	सात				
17001014028	17001014	अधिकारी				
17001014029	17001014	जो				
17001014030	17001014	राजा				
17001014031	17001014	के				
17001014032	17001014	चेहरे				
17001014033	17001014	के				
17001014034	17001014	दर्शी				
17001014035	17001014	थे	y			
17001014036	17001014	,		y		
17001014037	17001014	जो				
17001014038	17001014	राज्य				
17001014039	17001014	में				
17001014040	17001014	सबसे				
17001014041	17001014	पहले				
17001014042	17001014	बैठते				
17001014043	17001014	थे	y			
17001014044	17001014	)	y	y		
17001014045	17001014	:		y		
17001015001	17001015	कानून				
17001015002	17001015	के				
17001015003	17001015	अनुसार	y			
17001015004	17001015	,		y		
17001015005	17001015	रानी				
17001015006	17001015	वशती				
17001015007	17001015	के				
17001015008	17001015	इस				
17001015009	17001015	व्यवहार				
17001015010	17001015	के				
17001015011	17001015	अनुसार				
17001015012	17001015	क्या				
17001015013	17001015	किया				
17001015014	17001015	जाना				
17001015015	17001015	चाहिए	y			
17001015016	17001015	,		y		
17001015017	17001015	कि				
17001015018	17001015	उसने				
17001015019	17001015	खोजों				
17001015020	17001015	के				
17001015021	17001015	हाथ				
17001015022	17001015	भेजी				
17001015023	17001015	राजा				
17001015024	17001015	क्षयर्ष				
17001015025	17001015	की				
17001015026	17001015	आज्ञा				
17001015027	17001015	पूरी				
17001015028	17001015	नहीं				
17001015029	17001015	की				
17001015030	17001015	थी	y			
17001015031	17001015	?	y	y		
17001015032	17001015	""""		y		
17001016001	17001016	और				
17001016002	17001016	ममूकान				
17001016003	17001016	ने				
17001016004	17001016	राजा				
17001016005	17001016	के				
17001016006	17001016	चेहरे				
17001016007	17001016	के				
17001016008	17001016	आगे				
17001016009	17001016	उत्तर				
17001016010	17001016	दिया				
17001016011	17001016	और				
17001016012	17001016	अधिकारियों	y			
17001016013	17001016	,		y		
17001016014	17001016	""""	y	y		
17001016015	17001016	अकेले				
17001016016	17001016	राजा				
17001016017	17001016	की				
17001016018	17001016	ओर				
17001016019	17001016	वशती				
17001016020	17001016	रानी				
17001016021	17001016	ने				
17001016022	17001016	गलत				
17001016023	17001016	काम				
17001016024	17001016	नहीं				
17001016025	17001016	किया				
17001016026	17001016	है	y			
17001016027	17001016	,		y		
17001016028	17001016	परन्तु				
17001016029	17001016	सभी				
17001016030	17001016	अधिकारियों				
17001016031	17001016	की				
17001016032	17001016	ओर				
17001016033	17001016	और				
17001016034	17001016	सभी				
17001016035	17001016	लोगों				
17001016036	17001016	की				
17001016037	17001016	ओर				
17001016038	17001016	जो				
17001016039	17001016	राजा				
17001016040	17001016	क्षयर्ष				
17001016041	17001016	के				
17001016042	17001016	सभी				
17001016043	17001016	प्रांतों				
17001016044	17001016	में				
17001016045	17001016	हैं	y			
17001016046	17001016	।		y		
17001017001	17001017	क्योंकि				
17001017002	17001017	रानी				
17001017003	17001017	का				
17001017004	17001017	विषय				
17001017005	17001017	सभी				
17001017006	17001017	स्त्रियों				
17001017007	17001017	के				
17001017008	17001017	पास				
17001017009	17001017	जाएगा	y			
17001017010	17001017	,		y		
17001017011	17001017	अपने				
17001017012	17001017	पतियों				
17001017013	17001017	को				
17001017014	17001017	अपनी				
17001017015	17001017	आँखों				
17001017016	17001017	में				
17001017017	17001017	तिरस्कार				
17001017018	17001017	करने				
17001017019	17001017	के				
17001017020	17001017	लिए				
17001017021	17001017	जब				
17001017022	17001017	वे				
17001017023	17001017	कहती				
17001017024	17001017	हैं	y			
17001017025	17001017	,		y		
17001017026	17001017	'राजा				
17001017027	17001017	क्षयर्ष				
17001017028	17001017	ने				
17001017029	17001017	कहा				
17001017030	17001017	कि				
17001017031	17001017	उसके				
17001017032	17001017	चेहरे				
17001017033	17001017	के				
17001017034	17001017	आगे				
17001017035	17001017	वशती				
17001017036	17001017	रानी				
17001017037	17001017	को				
17001017038	17001017	लाओ	y			
17001017039	17001017	,		y		
17001017040	17001017	परन्तु				
17001017041	17001017	वह				
17001017042	17001017	नहीं				
17001017043	17001017	आई	y			
17001017044	17001017	।	y	y		
17001017045	17001017	'		y		
17001018001	17001018	अब				
17001018002	17001018	इस				
17001018003	17001018	दिन	y			
17001018004	17001018	,		y		
17001018005	17001018	फारस				
17001018006	17001018	और				
17001018007	17001018	मादै				
17001018008	17001018	की				
17001018009	17001018	कुलीन				
17001018010	17001018	स्त्रियाँ				
17001018011	17001018	जिन्होंने				
17001018012	17001018	रानी				
17001018013	17001018	का				
17001018014	17001018	विषय				
17001018015	17001018	बात				
17001018016	17001018	सुना				
17001018017	17001018	राजा				
17001018018	17001018	के				
17001018019	17001018	सभी				
17001018020	17001018	अधिकारियों				
17001018021	17001018	से				
17001018022	17001018	बात				
17001018023	17001018	करेंगी	y			
17001018024	17001018	;		y		
17001018025	17001018	और				
17001018026	17001018	वहाँ				
17001018027	17001018	अवमानना				
17001018028	17001018	और				
17001018029	17001018	क्रोध				
17001018030	17001018	पर्याप्त				
17001018031	17001018	होगा	y			
17001018032	17001018	!		y		
17001019001	17001019	यदि				
17001019002	17001019	यह				
17001019003	17001019	राजा				
17001019004	17001019	के				
17001019005	17001019	लिए				
17001019006	17001019	अच्छा				
17001019007	17001019	है	y			
17001019008	17001019	,		y		
17001019009	17001019	तो				
17001019010	17001019	राज				
17001019011	17001019	सत्ता				
17001019012	17001019	से				
17001019013	17001019	एक				
17001019014	17001019	राजाज्ञा				
17001019015	17001019	उसके				
17001019016	17001019	चेहरे				
17001019017	17001019	के				
17001019018	17001019	आगे				
17001019019	17001019	से				
17001019020	17001019	बाहर				
17001019021	17001019	जाए	y			
17001019022	17001019	,		y		
17001019023	17001019	और				
17001019024	17001019	इसे				
17001019025	17001019	फारस				
17001019026	17001019	और				
17001019027	17001019	मादै				
17001019028	17001019	के				
17001019029	17001019	कानूनों				
17001019030	17001019	में				
17001019031	17001019	लिखा				
17001019032	17001019	जाए				
17001019033	17001019	(	y	y		
17001019034	17001019	जो				
17001019035	17001019	नहीं				
17001019036	17001019	बदलते				
17001019037	17001019	हैं	y			
17001019038	17001019	)		y		
17001019039	17001019	कि				
17001019040	17001019	राजा				
17001019041	17001019	क्षयर्ष				
17001019042	17001019	के				
17001019043	17001019	चेहरे				
17001019044	17001019	के				
17001019045	17001019	आगे				
17001019046	17001019	वशती				
17001019047	17001019	कभी				
17001019048	17001019	नहीं				
17001019049	17001019	आएगी	y			
17001019050	17001019	;		y		
17001019051	17001019	और				
17001019052	17001019	राजा				
17001019053	17001019	उसकी				
17001019054	17001019	राज				
17001019055	17001019	सत्ता				
17001019056	17001019	को				
17001019057	17001019	पड़ोसी				
17001019058	17001019	महिला				
17001019059	17001019	को				
17001019060	17001019	दे	y			
17001019061	17001019	,		y		
17001019062	17001019	स्त्री				
17001019063	17001019	जो				
17001019064	17001019	उससे				
17001019065	17001019	उत्तम				
17001019066	17001019	है	y			
17001019067	17001019	।		y		
17001020001	17001020	तब				
17001020002	17001020	राजा				
17001020003	17001020	की				
17001020004	17001020	राजाज्ञा				
17001020005	17001020	सुनी				
17001020006	17001020	जाएगी				
17001020007	17001020	जिसे				
17001020008	17001020	वह				
17001020009	17001020	अपने				
17001020010	17001020	सारे				
17001020011	17001020	राज्य				
17001020012	17001020	के				
17001020013	17001020	लिए				
17001020014	17001020	बनाएगा	y			
17001020015	17001020	,		y		
17001020016	17001020	यद्यपि				
17001020017	17001020	यह				
17001020018	17001020	सबसे				
17001020019	17001020	बड़ी				
17001020020	17001020	है	y			
17001020021	17001020	।		y		
17001020022	17001020	तब				
17001020023	17001020	सारी				
17001020024	17001020	स्त्रियाँ				
17001020025	17001020	उनके				
17001020026	17001020	पतियों				
17001020027	17001020	को				
17001020028	17001020	सम्मान				
17001020029	17001020	देंगी	y			
17001020030	17001020	,		y		
17001020031	17001020	बड़े				
17001020032	17001020	से				
17001020033	17001020	लेकर				
17001020034	17001020	छोटे				
17001020035	17001020	तक	y			
17001020036	17001020	।		y		
17001020037	17001020	”		y		
17001021001	17001021	यह				
17001021002	17001021	शब्द				
17001021003	17001021	राजा				
17001021004	17001021	और				
17001021005	17001021	अधिकारियों				
17001021006	17001021	की				
17001021007	17001021	दृष्टि				
17001021008	17001021	में				
17001021009	17001021	अच्छा				
17001021010	17001021	लगा	y			
17001021011	17001021	;		y		
17001021012	17001021	और				
17001021013	17001021	राजा				
17001021014	17001021	ने				
17001021015	17001021	ममूकान				
17001021016	17001021	के				
17001021017	17001021	शब्द				
17001021018	17001021	के				
17001021019	17001021	अनुसार				
17001021020	17001021	काम				
17001021021	17001021	किया	y			
17001021022	17001021	।		y		
17001022001	17001022	और				
17001022002	17001022	उसने				
17001022003	17001022	राजा				
17001022004	17001022	के				
17001022005	17001022	सारे				
17001022006	17001022	प्रान्तों				
17001022007	17001022	को				
17001022008	17001022	उनके				
17001022009	17001022	अपने				
17001022010	17001022	अक्षरों				
17001022011	17001022	के				
17001022012	17001022	अनुसार	y			
17001022013	17001022	,		y		
17001022014	17001022	प्रान्त				
17001022015	17001022	दर				
17001022016	17001022	प्रान्त				
17001022017	17001022	और				
17001022018	17001022	लोग				
17001022019	17001022	दर				
17001022020	17001022	लोग				
17001022021	17001022	उनकी				
17001022022	17001022	अपनी				
17001022023	17001022	भाषा				
17001022024	17001022	के				
17001022025	17001022	अनुसार				
17001022026	17001022	पत्र				
17001022027	17001022	भेजे				
17001022028	17001022	कि				
17001022029	17001022	प्रत्येक				
17001022030	17001022	पुरुष				
17001022031	17001022	को				
17001022032	17001022	अपने				
17001022033	17001022	घर				
17001022034	17001022	में				
17001022035	17001022	शासन				
17001022036	17001022	करना				
17001022037	17001022	चाहिए				
17001022038	17001022	और				
17001022039	17001022	अपने				
17001022040	17001022	लोगों				
17001022041	17001022	की				
17001022042	17001022	भाषा				
17001022043	17001022	के				
17001022044	17001022	अनुसार				
17001022045	17001022	बोला				
17001022046	17001022	करे	y			
17001022047	17001022	।		y		
17002001001	17002001	इन				
17002001002	17002001	बातों				
17002001003	17002001	के				
17002001004	17002001	बाद	y			
17002001005	17002001	,		y		
17002001006	17002001	जब				
17002001007	17002001	राजा				
17002001008	17002001	क्षयर्ष				
17002001009	17002001	का				
17002001010	17002001	क्रोध				
17002001011	17002001	कम				
17002001012	17002001	हो				
17002001013	17002001	गया	y			
17002001014	17002001	,		y		
17002001015	17002001	उसने				
17002001016	17002001	वशती				
17002001017	17002001	को				
17002001018	17002001	स्मरण				
17002001019	17002001	किया				
17002001020	17002001	और				
17002001021	17002001	उसने				
17002001022	17002001	क्या				
17002001023	17002001	किया				
17002001024	17002001	था	y			
17002001025	17002001	,		y		
17002001026	17002001	और				
17002001027	17002001	उसके				
17002001028	17002001	विषय				
17002001029	17002001	में				
17002001030	17002001	क्या				
17002001031	17002001	निर्णय				
17002001032	17002001	लिया				
17002001033	17002001	गया				
17002001034	17002001	था	y			
17002001035	17002001	।		y		
17002002001	17002002	तब				
17002002002	17002002	राजा				
17002002003	17002002	की				
17002002004	17002002	सेवा				
17002002005	17002002	करने				
17002002006	17002002	वाले				
17002002007	17002002	जवान				
17002002008	17002002	पुरुषों				
17002002009	17002002	ने				
17002002010	17002002	उससे				
17002002011	17002002	कहा	y			
17002002012	17002002	,		y		
17002002013	17002002	""""	y	y		
17002002014	17002002	उन्हें				
17002002015	17002002	राजा				
17002002016	17002002	के				
17002002017	17002002	लिए				
17002002018	17002002	जवान				
17002002019	17002002	स्त्रियों				
17002002020	17002002	की				
17002002021	17002002	खोज				
17002002022	17002002	करने				
17002002023	17002002	दे				
17002002024	17002002	जो				
17002002025	17002002	कुंवारी				
17002002026	17002002	हैं				
17002002027	17002002	और				
17002002028	17002002	दिखावे				
17002002029	17002002	में				
17002002030	17002002	मनभावनी				
17002002031	17002002	हो	y			
17002002032	17002002	।		y		
17002003001	17002003	और				
17002003002	17002003	राजा				
17002003003	17002003	अपने				
17002003004	17002003	राज्य				
17002003005	17002003	के				
17002003006	17002003	सभी				
17002003007	17002003	प्रांतों				
17002003008	17002003	में				
17002003009	17002003	प्रशासकों				
17002003010	17002003	को				
17002003011	17002003	नियुक्त				
17002003012	17002003	करे	y			
17002003013	17002003	।		y		
17002003014	17002003	तब				
17002003015	17002003	वे				
17002003016	17002003	हर				
17002003017	17002003	उस				
17002003018	17002003	जवान				
17002003019	17002003	स्त्री				
17002003020	17002003	को				
17002003021	17002003	इकट्ठा				
17002003022	17002003	करे	y			
17002003023	17002003	,		y		
17002003024	17002003	जो				
17002003025	17002003	एक				
17002003026	17002003	कुंवारी				
17002003027	17002003	हो				
17002003028	17002003	और				
17002003029	17002003	शूशन				
17002003030	17002003	राजगढ़				
17002003031	17002003	दिखावे				
17002003032	17002003	में				
17002003033	17002003	मनभावनी				
17002003034	17002003	हो	y			
17002003035	17002003	,		y		
17002003036	17002003	स्त्रियों				
17002003037	17002003	के				
17002003038	17002003	घर				
17002003039	17002003	हेगे				
17002003040	17002003	(	y	y		
17002003041	17002003	राजा				
17002003042	17002003	का				
17002003043	17002003	खोजा				
17002003044	17002003	जो				
17002003045	17002003	स्त्रियों				
17002003046	17002003	का				
17002003047	17002003	नरीक्षक				
17002003048	17002003	है	y			
17002003049	17002003	)		y		
17002003050	17002003	के				
17002003051	17002003	हाथ				
17002003052	17002003	में	y			
17002003053	17002003	।		y		
17002003054	17002003	फिर				
17002003055	17002003	उनको				
17002003056	17002003	मलहमों				
17002003057	17002003	को				
17002003058	17002003	दे	y			
17002003059	17002003	।		y		
17002004001	17002004	तब				
17002004002	17002004	जवान				
17002004003	17002004	स्त्री				
17002004004	17002004	जो				
17002004005	17002004	राजा				
17002004006	17002004	की				
17002004007	17002004	आँखों				
17002004008	17002004	में				
17002004009	17002004	मनभावनी				
17002004010	17002004	हो				
17002004011	17002004	वशती				
17002004012	17002004	की				
17002004013	17002004	जगह				
17002004014	17002004	रानी				
17002004015	17002004	बन				
17002004016	17002004	जाए	y			
17002004017	17002004	।	y	y		
17002004018	17002004	”		y		
17002004019	17002004	और				
17002004020	17002004	शब्द				
17002004021	17002004	राजा				
17002004022	17002004	की				
17002004023	17002004	आँखों				
17002004024	17002004	में				
17002004025	17002004	प्रसन्न				
17002004026	17002004	करने				
17002004027	17002004	वाला				
17002004028	17002004	था	y			
17002004029	17002004	,		y		
17002004030	17002004	इसलिए				
17002004031	17002004	उसने				
17002004032	17002004	ऐसे				
17002004033	17002004	ही				
17002004034	17002004	किया	y			
17002004035	17002004	।		y		
17002005001	17002005	एक				
17002005002	17002005	आदमी	y			
17002005003	17002005	,		y		
17002005004	17002005	एक				
17002005005	17002005	यहूदी	y			
17002005006	17002005	,		y		
17002005007	17002005	शूशन				
17002005008	17002005	राज				
17002005009	17002005	गढ़				
17002005010	17002005	में				
17002005011	17002005	था	y			
17002005012	17002005	,		y		
17002005013	17002005	और				
17002005014	17002005	उसका				
17002005015	17002005	नाम				
17002005016	17002005	मोर्दकै				
17002005017	17002005	था	y			
17002005018	17002005	,		y		
17002005019	17002005	याईर				
17002005020	17002005	का				
17002005021	17002005	पुत्र	y			
17002005022	17002005	,		y		
17002005023	17002005	शिमी				
17002005024	17002005	का				
17002005025	17002005	पुत्र	y			
17002005026	17002005	,		y		
17002005027	17002005	कीश				
17002005028	17002005	का				
17002005029	17002005	पुत्र				
17002005030	17002005	(	y	y		
17002005031	17002005	एक				
17002005032	17002005	आदमी	y			
17002005033	17002005	,		y		
17002005034	17002005	एक				
17002005035	17002005	बिन्यामीन	y			
17002005036	17002005	,		y		
17002006001	17002006	जो				
17002006002	17002006	यरूशलेम				
17002006003	17002006	से				
17002006004	17002006	उन				
17002006005	17002006	निर्वासित				
17002006006	17002006	के				
17002006007	17002006	संग				
17002006008	17002006	निर्वासित				
17002006009	17002006	किया				
17002006010	17002006	गया				
17002006011	17002006	था				
17002006012	17002006	जो				
17002006013	17002006	यकोन्याह				
17002006014	17002006	के				
17002006015	17002006	साथ				
17002006016	17002006	निर्वासित				
17002006017	17002006	किए				
17002006018	17002006	गए				
17002006019	17002006	थे	y			
17002006020	17002006	,		y		
17002006021	17002006	यहूदा				
17002006022	17002006	के				
17002006023	17002006	राजा	y			
17002006024	17002006	,		y		
17002006025	17002006	जिसे				
17002006026	17002006	नबूकदनेस्सर				
17002006027	17002006	बेबीलोन				
17002006028	17002006	के				
17002006029	17002006	राजा				
17002006030	17002006	ने				
17002006031	17002006	निर्वासित				
17002006032	17002006	किया				
17002006033	17002006	था	y			
17002006034	17002006	)	y	y		
17002006035	17002006	।		y		
17002007001	17002007	और				
17002007002	17002007	वह				
17002007003	17002007	हदास्स				
17002007004	17002007	(	y	y		
17002007005	17002007	वह				
17002007006	17002007	एस्तेर				
17002007007	17002007	थी	y			
17002007008	17002007	)		y		
17002007009	17002007	को				
17002007010	17002007	पाल				
17002007011	17002007	रहा				
17002007012	17002007	था	y			
17002007013	17002007	,		y		
17002007014	17002007	अपने				
17002007015	17002007	चाचा				
17002007016	17002007	की				
17002007017	17002007	पुत्री	y			
17002007018	17002007	,		y		
17002007019	17002007	उसके				
17002007020	17002007	माता				
17002007021	17002007	पिता				
17002007022	17002007	नहीं				
17002007023	17002007	थे	y			
17002007024	17002007	।		y		
17002007025	17002007	अब				
17002007026	17002007	जवान				
17002007027	17002007	स्त्री				
17002007028	17002007	रूप				
17002007029	17002007	में				
17002007030	17002007	सुंदर				
17002007031	17002007	थी				
17002007032	17002007	और				
17002007033	17002007	दिखावे				
17002007034	17002007	में				
17002007035	17002007	मनभावनी	y			
17002007036	17002007	।		y		
17002007037	17002007	उसके				
17002007038	17002007	पिता				
17002007039	17002007	और				
17002007040	17002007	उसकी				
17002007041	17002007	माता				
17002007042	17002007	की				
17002007043	17002007	मृत्यु				
17002007044	17002007	पर	y			
17002007045	17002007	,		y		
17002007046	17002007	मोर्दकै				
17002007047	17002007	ने				
17002007048	17002007	उसे				
17002007049	17002007	एक				
17002007050	17002007	पुत्री				
17002007051	17002007	जैसे				
17002007052	17002007	ले				
17002007053	17002007	लिया				
17002007054	17002007	था	y			
17002007055	17002007	।		y		
17002008001	17002008	इसलिए				
17002008002	17002008	ऐसा				
17002008003	17002008	हुआ				
17002008004	17002008	कि	y			
17002008005	17002008	,		y		
17002008006	17002008	जब				
17002008007	17002008	राजा				
17002008008	17002008	की				
17002008009	17002008	राजाज्ञा				
17002008010	17002008	और				
17002008011	17002008	उसका				
17002008012	17002008	कानून				
17002008013	17002008	सुना				
17002008014	17002008	गया	y			
17002008015	17002008	,		y		
17002008016	17002008	और				
17002008017	17002008	जब				
17002008018	17002008	कई				
17002008019	17002008	जवान				
17002008020	17002008	स्त्रियाँ				
17002008021	17002008	शूशन				
17002008022	17002008	राज				
17002008023	17002008	गढ़				
17002008024	17002008	में				
17002008025	17002008	हेगे				
17002008026	17002008	के				
17002008027	17002008	हाथ				
17002008028	17002008	में				
17002008029	17002008	इकट्ठी				
17002008030	17002008	की				
17002008031	17002008	गईं	y			
17002008032	17002008	,		y		
17002008033	17002008	एस्तेर				
17002008034	17002008	को				
17002008035	17002008	राजा				
17002008036	17002008	के				
17002008037	17002008	महल				
17002008038	17002008	में				
17002008039	17002008	हेगे				
17002008040	17002008	के				
17002008041	17002008	हाथ				
17002008042	17002008	में				
17002008043	17002008	ले				
17002008044	17002008	जाया				
17002008045	17002008	गया				
17002008046	17002008	(	y	y		
17002008047	17002008	जो				
17002008048	17002008	स्त्रियों				
17002008049	17002008	का				
17002008050	17002008	निरीक्षक				
17002008051	17002008	था	y			
17002008052	17002008	)	y	y		
17002008053	17002008	।		y		
17002009001	17002009	और				
17002009002	17002009	वह				
17002009003	17002009	जवान				
17002009004	17002009	स्त्री				
17002009005	17002009	उसकी				
17002009006	17002009	आँखों				
17002009007	17002009	में				
17002009008	17002009	मनभावनी				
17002009009	17002009	थी	y			
17002009010	17002009	,		y		
17002009011	17002009	और				
17002009012	17002009	उसने				
17002009013	17002009	उसके				
17002009014	17002009	चेहरे				
17002009015	17002009	के				
17002009016	17002009	आगे				
17002009017	17002009	दयालुता				
17002009018	17002009	को				
17002009019	17002009	ऊँचा				
17002009020	17002009	किया	y			
17002009021	17002009	।		y		
17002009022	17002009	इसलिए				
17002009023	17002009	उसने				
17002009024	17002009	शीघ्रता				
17002009025	17002009	से				
17002009026	17002009	उसे				
17002009027	17002009	मलहमों				
17002009028	17002009	को				
17002009029	17002009	दिया	y			
17002009030	17002009	,		y		
17002009031	17002009	उसे				
17002009032	17002009	भोजन				
17002009033	17002009	के				
17002009034	17002009	हिस्से				
17002009035	17002009	दिए	y			
17002009036	17002009	,		y		
17002009037	17002009	और				
17002009038	17002009	उसे				
17002009039	17002009	राजा				
17002009040	17002009	के				
17002009041	17002009	घर				
17002009042	17002009	से				
17002009043	17002009	सात				
17002009044	17002009	चुनी				
17002009045	17002009	हुई				
17002009046	17002009	जवान				
17002009047	17002009	स्त्रियों				
17002009048	17002009	को				
17002009049	17002009	दिया	y			
17002009050	17002009	।		y		
17002009051	17002009	और				
17002009052	17002009	उसने				
17002009053	17002009	उसे				
17002009054	17002009	और				
17002009055	17002009	उसकी				
17002009056	17002009	जवान				
17002009057	17002009	स्त्रियों				
17002009058	17002009	को				
17002009059	17002009	स्त्रियों				
17002009060	17002009	के				
17002009061	17002009	घर				
17002009062	17002009	के				
17002009063	17002009	सर्वोत्तम				
17002009064	17002009	स्थान				
17002009065	17002009	पर				
17002009066	17002009	स्थानांतरित				
17002009067	17002009	कर				
17002009068	17002009	दिया	y			
17002009069	17002009	।		y		
17002010001	17002010	एस्तेर				
17002010002	17002010	ने				
17002010003	17002010	अपने				
17002010004	17002010	लोगों				
17002010005	17002010	की				
17002010006	17002010	घोषणा				
17002010007	17002010	नहीं				
17002010008	17002010	की				
17002010009	17002010	थी				
17002010010	17002010	या				
17002010011	17002010	उसकी				
17002010012	17002010	वंशावली	y			
17002010013	17002010	,		y		
17002010014	17002010	क्योंकि				
17002010015	17002010	मोर्दकै				
17002010016	17002010	ने				
17002010017	17002010	उस				
17002010018	17002010	पर				
17002010019	17002010	एक				
17002010020	17002010	निर्देश				
17002010021	17002010	का				
17002010022	17002010	भार				
17002010023	17002010	डाला				
17002010024	17002010	था				
17002010025	17002010	कि				
17002010026	17002010	उसे				
17002010027	17002010	यह				
17002010028	17002010	नहीं				
17002010029	17002010	बताना				
17002010030	17002010	चाहिए	y			
17002010031	17002010	।		y		
17002011001	17002011	और				
17002011002	17002011	सदैव				
17002011003	17002011	दिन				
17002011004	17002011	प्रतिदिन				
17002011005	17002011	मोर्दकै				
17002011006	17002011	स्त्रियों				
17002011007	17002011	के				
17002011008	17002011	घर				
17002011009	17002011	के				
17002011010	17002011	आंगन				
17002011011	17002011	के				
17002011012	17002011	चेहरे				
17002011013	17002011	के				
17002011014	17002011	आगे				
17002011015	17002011	चलता				
17002011016	17002011	था	y			
17002011017	17002011	,		y		
17002011018	17002011	ताकि				
17002011019	17002011	एस्तेर				
17002011020	17002011	की				
17002011021	17002011	शांति				
17002011022	17002011	को				
17002011023	17002011	जाने				
17002011024	17002011	और				
17002011025	17002011	उसके				
17002011026	17002011	साथ				
17002011027	17002011	क्या				
17002011028	17002011	किया				
17002011029	17002011	जा				
17002011030	17002011	रहा				
17002011031	17002011	था	y			
17002011032	17002011	।		y		
17002012001	17002012	अब				
17002012002	17002012	जब				
17002012003	17002012	राजा				
17002012004	17002012	क्षयर्ष				
17002012005	17002012	के				
17002012006	17002012	पास				
17002012007	17002012	जवान				
17002012008	17002012	स्त्री				
17002012009	17002012	प्रति				
17002012010	17002012	जवान				
17002012011	17002012	स्त्री				
17002012012	17002012	को				
17002012013	17002012	जाने				
17002012014	17002012	की				
17002012015	17002012	बारी				
17002012016	17002012	आई	y			
17002012017	17002012	,		y		
17002012018	17002012	यह				
17002012019	17002012	उसके				
17002012020	17002012	12				
17002012021	17002012	महीने				
17002012022	17002012	बाद				
17002012023	17002012	था	y			
17002012024	17002012	,		y		
17002012025	17002012	स्त्रियों				
17002012026	17002012	के				
17002012027	17002012	कानून				
17002012028	17002012	के				
17002012029	17002012	अनुसार	y			
17002012030	17002012	।		y		
17002012031	17002012	क्योंकि				
17002012032	17002012	इस				
17002012033	17002012	प्रकार				
17002012034	17002012	उनके				
17002012035	17002012	सौंदर्यीकरण				
17002012036	17002012	के				
17002012037	17002012	दिन				
17002012038	17002012	पूरे				
17002012039	17002012	होंगे	y			
17002012040	17002012	:		y		
17002012041	17002012	गन्धरस				
17002012042	17002012	द्वारा				
17002012043	17002012	तेल				
17002012044	17002012	से				
17002012045	17002012	छह				
17002012046	17002012	महीने	y			
17002012047	17002012	,		y		
17002012048	17002012	फिर				
17002012049	17002012	सुगन्धों				
17002012050	17002012	द्वारा				
17002012051	17002012	छह				
17002012052	17002012	महीने	y			
17002012053	17002012	,		y		
17002012054	17002012	और				
17002012055	17002012	स्त्रियों				
17002012056	17002012	की				
17002012057	17002012	मलहमों				
17002012058	17002012	द्वारा	y			
17002012059	17002012	।		y		
17002013001	17002013	फिर				
17002013002	17002013	इस				
17002013003	17002013	पर	y			
17002013004	17002013	,		y		
17002013005	17002013	जवान				
17002013006	17002013	स्त्री				
17002013007	17002013	राजा				
17002013008	17002013	के				
17002013009	17002013	पास				
17002013010	17002013	जाएगी	y			
17002013011	17002013	।		y		
17002013012	17002013	जो				
17002013013	17002013	कुछ				
17002013014	17002013	भी				
17002013015	17002013	उसने				
17002013016	17002013	कहा				
17002013017	17002013	उसे				
17002013018	17002013	दिया				
17002013019	17002013	जाएगा	y			
17002013020	17002013	,		y		
17002013021	17002013	स्त्रियों				
17002013022	17002013	के				
17002013023	17002013	घर				
17002013024	17002013	से				
17002013025	17002013	उसके				
17002013026	17002013	साथ				
17002013027	17002013	राजा				
17002013028	17002013	के				
17002013029	17002013	घर				
17002013030	17002013	तक				
17002013031	17002013	जाने				
17002013032	17002013	के				
17002013033	17002013	लिए	y			
17002013034	17002013	।		y		
17002014001	17002014	शाम				
17002014002	17002014	को				
17002014003	17002014	वह				
17002014004	17002014	जाएगी	y			
17002014005	17002014	,		y		
17002014006	17002014	और				
17002014007	17002014	सुबह				
17002014008	17002014	वह				
17002014009	17002014	स्त्रियों				
17002014010	17002014	के				
17002014011	17002014	दूसरे				
17002014012	17002014	घर				
17002014013	17002014	में				
17002014014	17002014	लौट				
17002014015	17002014	जाएगी	y			
17002014016	17002014	,		y		
17002014017	17002014	शशगज				
17002014018	17002014	(	y	y		
17002014019	17002014	राजा				
17002014020	17002014	का				
17002014021	17002014	खोजा				
17002014022	17002014	जो				
17002014023	17002014	रखेलियों				
17002014024	17002014	का				
17002014025	17002014	निरीक्षक				
17002014026	17002014	था	y			
17002014027	17002014	)		y		
17002014028	17002014	के				
17002014029	17002014	हाथ				
17002014030	17002014	में	y			
17002014031	17002014	।		y		
17002014032	17002014	वह				
17002014033	17002014	फिर				
17002014034	17002014	राजा				
17002014035	17002014	के				
17002014036	17002014	पास				
17002014037	17002014	नहीं				
17002014038	17002014	जाएगी	y			
17002014039	17002014	,		y		
17002014040	17002014	यदि				
17002014041	17002014	राजा				
17002014042	17002014	उस				
17002014043	17002014	में				
17002014044	17002014	प्रसन्न				
17002014045	17002014	हो				
17002014046	17002014	जाता				
17002014047	17002014	था				
17002014048	17002014	और				
17002014049	17002014	उसे				
17002014050	17002014	नाम				
17002014051	17002014	द्वारा				
17002014052	17002014	बुलाया				
17002014053	17002014	जाता				
17002014054	17002014	था	y			
17002014055	17002014	।		y		
17002015001	17002015	अब				
17002015002	17002015	जब				
17002015003	17002015	एस्तेर				
17002015004	17002015	(	y	y		
17002015005	17002015	अबीहैल				
17002015006	17002015	की				
17002015007	17002015	पुत्री	y			
17002015008	17002015	,		y		
17002015009	17002015	मोर्दकै				
17002015010	17002015	के				
17002015011	17002015	चाचा	y			
17002015012	17002015	,		y		
17002015013	17002015	जिसने				
17002015014	17002015	उसे				
17002015015	17002015	अपने				
17002015016	17002015	लिए				
17002015017	17002015	एक				
17002015018	17002015	पुत्री				
17002015019	17002015	जैसे				
17002015020	17002015	लिया				
17002015021	17002015	था	y			
17002015022	17002015	)		y		
17002015023	17002015	की				
17002015024	17002015	बारी				
17002015025	17002015	राजा				
17002015026	17002015	के				
17002015027	17002015	पास				
17002015028	17002015	जाने				
17002015029	17002015	के				
17002015030	17002015	लिए				
17002015031	17002015	आई	y			
17002015032	17002015	,		y		
17002015033	17002015	उसने				
17002015034	17002015	कुछ				
17002015035	17002015	भी				
17002015036	17002015	नहीं				
17002015037	17002015	चाहा				
17002015038	17002015	केवल				
17002015039	17002015	इसके				
17002015040	17002015	कि				
17002015041	17002015	जो				
17002015042	17002015	हेगे				
17002015043	17002015	(	y	y		
17002015044	17002015	राजा				
17002015045	17002015	का				
17002015046	17002015	खोजा				
17002015047	17002015	जो				
17002015048	17002015	स्त्रियों				
17002015049	17002015	का				
17002015050	17002015	निरीक्षक				
17002015051	17002015	था	y			
17002015052	17002015	)		y		
17002015053	17002015	ने				
17002015054	17002015	क्या				
17002015055	17002015	कहा	y			
17002015056	17002015	।		y		
17002015057	17002015	और				
17002015058	17002015	एस्तेर				
17002015059	17002015	प्रत्येक				
17002015060	17002015	उसकी				
17002015061	17002015	आँखों				
17002015062	17002015	में				
17002015063	17002015	कृपा				
17002015064	17002015	की				
17002015065	17002015	पात्र				
17002015066	17002015	हुई				
17002015067	17002015	जिसने				
17002015068	17002015	उसे				
17002015069	17002015	देखा	y			
17002015070	17002015	।		y		
17002016001	17002016	अतः				
17002016002	17002016	एस्तेर				
17002016003	17002016	को				
17002016004	17002016	राजा				
17002016005	17002016	क्षयर्ष				
17002016006	17002016	के				
17002016007	17002016	पास				
17002016008	17002016	ले				
17002016009	17002016	जाया				
17002016010	17002016	गया	y			
17002016011	17002016	,		y		
17002016012	17002016	उसके				
17002016013	17002016	राजसत्ता				
17002016014	17002016	के				
17002016015	17002016	महल				
17002016016	17002016	की				
17002016017	17002016	ओर	y			
17002016018	17002016	,		y		
17002016019	17002016	दसवें				
17002016020	17002016	महीने				
17002016021	17002016	में				
17002016022	17002016	(	y	y		
17002016023	17002016	जो				
17002016024	17002016	तेबेत				
17002016025	17002016	का				
17002016026	17002016	महीना				
17002016027	17002016	है	y			
17002016028	17002016	)	y	y		
17002016029	17002016	,		y		
17002016030	17002016	उसके				
17002016031	17002016	शासन				
17002016032	17002016	के				
17002016033	17002016	सातवें				
17002016034	17002016	वर्ष				
17002016035	17002016	में	y			
17002016036	17002016	।		y		
17002017001	17002017	और				
17002017002	17002017	राजा				
17002017003	17002017	सभी				
17002017004	17002017	स्त्रियों				
17002017005	17002017	से				
17002017006	17002017	अधिक				
17002017007	17002017	एस्तेर				
17002017008	17002017	को				
17002017009	17002017	प्यार				
17002017010	17002017	किया				
17002017011	17002017	और				
17002017012	17002017	उसने				
17002017013	17002017	ऊँची				
17002017014	17002017	कृपा				
17002017015	17002017	पाई				
17002017016	17002017	और				
17002017017	17002017	सभी				
17002017018	17002017	कुंवारियों				
17002017019	17002017	से				
17002017020	17002017	अधिक				
17002017021	17002017	उसके				
17002017022	17002017	चेहरे				
17002017023	17002017	के				
17002017024	17002017	आगे				
17002017025	17002017	दयालुता	y			
17002017026	17002017	।		y		
17002017027	17002017	इसलिए				
17002017028	17002017	उसने				
17002017029	17002017	उसके				
17002017030	17002017	सिर				
17002017031	17002017	पर				
17002017032	17002017	राज				
17002017033	17002017	सत्ता				
17002017034	17002017	का				
17002017035	17002017	एक				
17002017036	17002017	मुकुट				
17002017037	17002017	स्थापित				
17002017038	17002017	किया	y			
17002017039	17002017	,		y		
17002017040	17002017	और				
17002017041	17002017	उसने				
17002017042	17002017	वशती				
17002017043	17002017	की				
17002017044	17002017	जगह				
17002017045	17002017	उसे				
17002017046	17002017	रानी				
17002017047	17002017	बना				
17002017048	17002017	दिया	y			
17002017049	17002017	।		y		
17002018001	17002018	तब				
17002018002	17002018	राजा				
17002018003	17002018	ने				
17002018004	17002018	अपने				
17002018005	17002018	सभी				
17002018006	17002018	अधिकारियों				
17002018007	17002018	के				
17002018008	17002018	लिए				
17002018009	17002018	एक				
17002018010	17002018	बड़ा				
17002018011	17002018	भोज				
17002018012	17002018	दिया	y			
17002018013	17002018	,		y		
17002018014	17002018	और				
17002018015	17002018	उसके				
17002018016	17002018	सेवकों	y			
17002018017	17002018	,		y		
17002018018	17002018	ऐस्तर				
17002018019	17002018	का				
17002018020	17002018	भोज	y			
17002018021	17002018	।		y		
17002018022	17002018	और				
17002018023	17002018	उसने				
17002018024	17002018	प्रांतों				
17002018025	17002018	के				
17002018026	17002018	लिए				
17002018027	17002018	एक				
17002018028	17002018	छुट्टी				
17002018029	17002018	बनाई	y			
17002018030	17002018	,		y		
17002018031	17002018	और				
17002018032	17002018	उसने				
17002018033	17002018	राजा				
17002018034	17002018	के				
17002018035	17002018	हाथ				
17002018036	17002018	के				
17002018037	17002018	अनुसार				
17002018038	17002018	उपहार				
17002018039	17002018	दिए	y			
17002018040	17002018	।		y		
17002019001	17002019	अब				
17002019002	17002019	जब				
17002019003	17002019	कुंवारियों				
17002019004	17002019	को				
17002019005	17002019	दूसरी				
17002019006	17002019	बार				
17002019007	17002019	इकट्ठा				
17002019008	17002019	किया				
17002019009	17002019	जा				
17002019010	17002019	रहा				
17002019011	17002019	था	y			
17002019012	17002019	,		y		
17002019013	17002019	मोर्दकै				
17002019014	17002019	तब				
17002019015	17002019	राजा				
17002019016	17002019	के				
17002019017	17002019	फाटक				
17002019018	17002019	पर				
17002019019	17002019	बैठा				
17002019020	17002019	था	y			
17002019021	17002019	।		y		
17002020001	17002020	एस्तेर				
17002020002	17002020	ने				
17002020003	17002020	अभी				
17002020004	17002020	तक				
17002020005	17002020	अपनी				
17002020006	17002020	वंशवली				
17002020007	17002020	को				
17002020008	17002020	घोषित				
17002020009	17002020	नहीं				
17002020010	17002020	किया				
17002020011	17002020	था				
17002020012	17002020	(	y	y		
17002020013	17002020	अर्थात	y			
17002020014	17002020	,		y		
17002020015	17002020	उसके				
17002020016	17002020	लोग	y			
17002020017	17002020	)	y	y		
17002020018	17002020	,		y		
17002020019	17002020	उस				
17002020020	17002020	निर्देश				
17002020021	17002020	के				
17002020022	17002020	अनुसार				
17002020023	17002020	जिसे				
17002020024	17002020	मोर्दकै				
17002020025	17002020	ने				
17002020026	17002020	उस				
17002020027	17002020	पर				
17002020028	17002020	डाला				
17002020029	17002020	था	y			
17002020030	17002020	।		y		
17002020031	17002020	और				
17002020032	17002020	एस्तेर				
17002020033	17002020	मोर्दकै				
17002020034	17002020	की				
17002020035	17002020	आज्ञा				
17002020036	17002020	का				
17002020037	17002020	पालन				
17002020038	17002020	करती				
17002020039	17002020	रही	y			
17002020040	17002020	,		y		
17002020041	17002020	उसी				
17002020042	17002020	के				
17002020043	17002020	अनुसार				
17002020044	17002020	जैसा				
17002020045	17002020	वह				
17002020046	17002020	उसके				
17002020047	17002020	साथ				
17002020048	17002020	उसके				
17002020049	17002020	लालन-पालन				
17002020050	17002020	में				
17002020051	17002020	रही				
17002020052	17002020	थी	y			
17002020053	17002020	।		y		
17002021001	17002021	उन				
17002021002	17002021	दिनों				
17002021003	17002021	में	y			
17002021004	17002021	,		y		
17002021005	17002021	जब				
17002021006	17002021	मोर्दकै				
17002021007	17002021	राजा				
17002021008	17002021	के				
17002021009	17002021	फाटक				
17002021010	17002021	पर				
17002021011	17002021	बैठा				
17002021012	17002021	था	y			
17002021013	17002021	,		y		
17002021014	17002021	बिगताना				
17002021015	17002021	और				
17002021016	17002021	तेरेश				
17002021017	17002021	(	y	y		
17002021018	17002021	राजा				
17002021019	17002021	के				
17002021020	17002021	दो				
17002021021	17002021	खोजे				
17002021022	17002021	जो				
17002021023	17002021	द्वार				
17002021024	17002021	मार्ग				
17002021025	17002021	के				
17002021026	17002021	रक्षक				
17002021027	17002021	थे	y			
17002021028	17002021	)		y		
17002021029	17002021	क्रोधित				
17002021030	17002021	हो				
17002021031	17002021	गए	y			
17002021032	17002021	;		y		
17002021033	17002021	और				
17002021034	17002021	उन्होंने				
17002021035	17002021	राजा				
17002021036	17002021	क्षयर्ष				
17002021037	17002021	के				
17002021038	17002021	विरूद्ध				
17002021039	17002021	एक				
17002021040	17002021	हाथ				
17002021041	17002021	फैलाने				
17002021042	17002021	का				
17002021043	17002021	प्रयास				
17002021044	17002021	किया	y			
17002021045	17002021	।		y		
17002022001	17002022	परन्तु				
17002022002	17002022	विषय				
17002022003	17002022	का				
17002022004	17002022	पता				
17002022005	17002022	मोर्दकै				
17002022006	17002022	को				
17002022007	17002022	चला	y			
17002022008	17002022	,		y		
17002022009	17002022	इसलिए				
17002022010	17002022	उसे				
17002022011	17002022	रानी				
17002022012	17002022	एस्तेर				
17002022013	17002022	को				
17002022014	17002022	घोषित				
17002022015	17002022	किया	y			
17002022016	17002022	;		y		
17002022017	17002022	तब				
17002022018	17002022	एस्तेर				
17002022019	17002022	ने				
17002022020	17002022	मोर्दकै				
17002022021	17002022	के				
17002022022	17002022	नाम				
17002022023	17002022	से				
17002022024	17002022	राजा				
17002022025	17002022	से				
17002022026	17002022	बात				
17002022027	17002022	की	y			
17002022028	17002022	।		y		
17002023001	17002023	फिर				
17002023002	17002023	विषय				
17002023003	17002023	का				
17002023004	17002023	पता				
17002023005	17002023	लगाया				
17002023006	17002023	गया				
17002023007	17002023	और				
17002023008	17002023	पता				
17002023009	17002023	चल				
17002023010	17002023	गया	y			
17002023011	17002023	,		y		
17002023012	17002023	और				
17002023013	17002023	उन				
17002023014	17002023	दोनों				
17002023015	17002023	को				
17002023016	17002023	एक				
17002023017	17002023	पेड़				
17002023018	17002023	पर				
17002023019	17002023	लटका				
17002023020	17002023	दिया				
17002023021	17002023	गया	y			
17002023022	17002023	।		y		
17002023023	17002023	और				
17002023024	17002023	यह				
17002023025	17002023	राजा				
17002023026	17002023	के				
17002023027	17002023	चेहरे				
17002023028	17002023	के				
17002023029	17002023	आगे				
17002023030	17002023	दिनों				
17002023031	17002023	की				
17002023032	17002023	घटनाओं				
17002023033	17002023	की				
17002023034	17002023	पुस्तक				
17002023035	17002023	में				
17002023036	17002023	लिखा				
17002023037	17002023	गया				
17002023038	17002023	था	y			
17002023039	17002023	।		y		
17003001001	17003001	इन				
17003001002	17003001	बातों				
17003001003	17003001	के				
17003001004	17003001	बाद	y			
17003001005	17003001	,		y		
17003001006	17003001	राजा				
17003001007	17003001	क्षयर्ष				
17003001008	17003001	ने				
17003001009	17003001	हामान	y			
17003001010	17003001	,		y		
17003001011	17003001	अगामी				
17003001012	17003001	हम्मदाता				
17003001013	17003001	के				
17003001014	17003001	पुत्र				
17003001015	17003001	को				
17003001016	17003001	बनाया	y			
17003001017	17003001	,		y		
17003001018	17003001	महान	y			
17003001019	17003001	।		y		
17003001020	17003001	उसने				
17003001021	17003001	उसे				
17003001022	17003001	ऊँचा				
17003001023	17003001	किया				
17003001024	17003001	और				
17003001025	17003001	उन				
17003001026	17003001	सभी				
17003001027	17003001	अधिकारियों				
17003001028	17003001	पर				
17003001029	17003001	अधिकार				
17003001030	17003001	का				
17003001031	17003001	सिंहासन				
17003001032	17003001	दिया				
17003001033	17003001	जो				
17003001034	17003001	उसके				
17003001035	17003001	साथ				
17003001036	17003001	थे	y			
17003001037	17003001	।		y		
17003002001	17003002	तब				
17003002002	17003002	राजा				
17003002003	17003002	के				
17003002004	17003002	सभी				
17003002005	17003002	सेवक				
17003002006	17003002	जो				
17003002007	17003002	राजा				
17003002008	17003002	के				
17003002009	17003002	फाटक				
17003002010	17003002	पर				
17003002011	17003002	थे				
17003002012	17003002	और				
17003002013	17003002	स्वयं				
17003002014	17003002	को				
17003002015	17003002	हामान				
17003002016	17003002	के				
17003002017	17003002	आगे				
17003002018	17003002	झुका				
17003002019	17003002	कर				
17003002020	17003002	दण्डवत्				
17003002021	17003002	कर				
17003002022	17003002	रहे				
17003002023	17003002	थे	y			
17003002024	17003002	,		y		
17003002025	17003002	क्योंकि				
17003002026	17003002	इसी				
17003002027	17003002	प्रकार				
17003002028	17003002	राजा				
17003002029	17003002	ने				
17003002030	17003002	उसके				
17003002031	17003002	विषय				
17003002032	17003002	में				
17003002033	17003002	आज्ञा				
17003002034	17003002	दी				
17003002035	17003002	थी	y			
17003002036	17003002	।		y		
17003002037	17003002	परन्तु				
17003002038	17003002	मोर्दकै				
17003002039	17003002	न				
17003002040	17003002	तो				
17003002041	17003002	झुकेगा				
17003002042	17003002	और				
17003002043	17003002	न				
17003002044	17003002	ही				
17003002045	17003002	स्वयं				
17003002046	17003002	को				
17003002047	17003002	उसके				
17003002048	17003002	आगे				
17003002049	17003002	दण्डवत्				
17003002050	17003002	करेगा	y			
17003002051	17003002	।		y		
17003003001	17003003	तब				
17003003002	17003003	राजा				
17003003003	17003003	के				
17003003004	17003003	सेवकों				
17003003005	17003003	ने				
17003003006	17003003	जो				
17003003007	17003003	राजा				
17003003008	17003003	के				
17003003009	17003003	फाटक				
17003003010	17003003	पर				
17003003011	17003003	थे	y			
17003003012	17003003	,		y		
17003003013	17003003	मोर्दकै				
17003003014	17003003	से				
17003003015	17003003	कहा	y			
17003003016	17003003	,		y		
17003003017	17003003	""""	y	y		
17003003018	17003003	तू				
17003003019	17003003	राजा				
17003003020	17003003	की				
17003003021	17003003	आज्ञा				
17003003022	17003003	का				
17003003023	17003003	उल्लंघन				
17003003024	17003003	क्यों				
17003003025	17003003	कर				
17003003026	17003003	रहा				
17003003027	17003003	है	y			
17003003028	17003003	?	y	y		
17003003029	17003003	""""		y		
17003004001	17003004	अब				
17003004002	17003004	ऐसा				
17003004003	17003004	हुआ				
17003004004	17003004	कि	y			
17003004005	17003004	,		y		
17003004006	17003004	जब				
17003004007	17003004	वे				
17003004008	17003004	उससे				
17003004009	17003004	दिन				
17003004010	17003004	प्रति				
17003004011	17003004	दिन				
17003004012	17003004	बात				
17003004013	17003004	करते				
17003004014	17003004	थे	y			
17003004015	17003004	,		y		
17003004016	17003004	उसने				
17003004017	17003004	उनकी				
17003004018	17003004	बात				
17003004019	17003004	नहीं				
17003004020	17003004	मानी	y			
17003004021	17003004	।		y		
17003004022	17003004	इसलिए				
17003004023	17003004	उन्होंने				
17003004024	17003004	हामान				
17003004025	17003004	से				
17003004026	17003004	यह				
17003004027	17003004	देखने				
17003004028	17003004	के				
17003004029	17003004	लिए				
17003004030	17003004	कहा				
17003004031	17003004	कि				
17003004032	17003004	क्या				
17003004033	17003004	मोर्दकै				
17003004034	17003004	के				
17003004035	17003004	शब्द				
17003004036	17003004	बने				
17003004037	17003004	रहेंगे	y			
17003004038	17003004	,		y		
17003004039	17003004	क्योंकि				
17003004040	17003004	उसने				
17003004041	17003004	उन्हें				
17003004042	17003004	बताया				
17003004043	17003004	था				
17003004044	17003004	कि				
17003004045	17003004	वह				
17003004046	17003004	एक				
17003004047	17003004	यहूदी				
17003004048	17003004	है	y			
17003004049	17003004	।		y		
17003005001	17003005	तब				
17003005002	17003005	हामान				
17003005003	17003005	ने				
17003005004	17003005	देखा				
17003005005	17003005	कि				
17003005006	17003005	मोर्दकै				
17003005007	17003005	न				
17003005008	17003005	तो				
17003005009	17003005	झुकेगा				
17003005010	17003005	और				
17003005011	17003005	न				
17003005012	17003005	ही				
17003005013	17003005	स्वयं				
17003005014	17003005	को				
17003005015	17003005	उसके				
17003005016	17003005	सामने				
17003005017	17003005	दण्डवत्				
17003005018	17003005	करेगा	y			
17003005019	17003005	।		y		
17003005020	17003005	और				
17003005021	17003005	हामान				
17003005022	17003005	गुस्से				
17003005023	17003005	से				
17003005024	17003005	भर				
17003005025	17003005	गया	y			
17003005026	17003005	।		y		
17003006001	17003006	और				
17003006002	17003006	अकेले				
17003006003	17003006	मोर्दकै				
17003006004	17003006	के				
17003006005	17003006	विरुद्ध				
17003006006	17003006	हाथ				
17003006007	17003006	फैलाना				
17003006008	17003006	उसकी				
17003006009	17003006	आँखों				
17003006010	17003006	में				
17003006011	17003006	तिरस्कार				
17003006012	17003006	था	y			
17003006013	17003006	,		y		
17003006014	17003006	क्योंकि				
17003006015	17003006	उन्होंने				
17003006016	17003006	उसे				
17003006017	17003006	बता				
17003006018	17003006	दिया				
17003006019	17003006	था				
17003006020	17003006	कि				
17003006021	17003006	मोर्दकै				
17003006022	17003006	के				
17003006023	17003006	लोग	y			
17003006024	17003006	।		y		
17003006025	17003006	इसलिए				
17003006026	17003006	हामान				
17003006027	17003006	ने				
17003006028	17003006	सभी				
17003006029	17003006	यहूदियों				
17003006030	17003006	का				
17003006031	17003006	संहार				
17003006032	17003006	करने				
17003006033	17003006	की				
17003006034	17003006	चाह				
17003006035	17003006	की	y			
17003006036	17003006	,		y		
17003006037	17003006	मोर्दकै				
17003006038	17003006	के				
17003006039	17003006	लोग	y			
17003006040	17003006	,		y		
17003006041	17003006	जो				
17003006042	17003006	क्षयर्ष				
17003006043	17003006	के				
17003006044	17003006	सारे				
17003006045	17003006	राज्य				
17003006046	17003006	में				
17003006047	17003006	थे	y			
17003006048	17003006	।		y		
17003007001	17003007	पहले				
17003007002	17003007	महीने				
17003007003	17003007	में	y			
17003007004	17003007	,		y		
17003007005	17003007	जो				
17003007006	17003007	निसान				
17003007007	17003007	का				
17003007008	17003007	महीना				
17003007009	17003007	है	y			
17003007010	17003007	,		y		
17003007011	17003007	राजा				
17003007012	17003007	क्षयर्ष				
17003007013	17003007	के				
17003007014	17003007	बारहवें				
17003007015	17003007	वर्ष				
17003007016	17003007	में	y			
17003007017	17003007	,		y		
17003007018	17003007	एक				
17003007019	17003007	पूर				
17003007020	17003007	(	y	y		
17003007021	17003007	जो				
17003007022	17003007	कि				
17003007023	17003007	""""	y	y		
17003007024	17003007	चिट्ठी	y			
17003007025	17003007	""""		y		
17003007026	17003007	है	y			
17003007027	17003007	)		y		
17003007028	17003007	को				
17003007029	17003007	हामान				
17003007030	17003007	के				
17003007031	17003007	चेहरे				
17003007032	17003007	से				
17003007033	17003007	आगे				
17003007034	17003007	दिन				
17003007035	17003007	प्रतिदिन				
17003007036	17003007	से				
17003007037	17003007	और				
17003007038	17003007	महीने				
17003007039	17003007	से				
17003007040	17003007	दूसरे				
17003007041	17003007	महीने				
17003007042	17003007	तक				
17003007043	17003007	डाली				
17003007044	17003007	गई	y			
17003007045	17003007	:		y		
17003007046	17003007	बारहवाँ	y			
17003007047	17003007	,		y		
17003007048	17003007	जो				
17003007049	17003007	अदार				
17003007050	17003007	का				
17003007051	17003007	महीना				
17003007052	17003007	है	y			
17003007053	17003007	।		y		
17003008001	17003008	तब				
17003008002	17003008	हामान				
17003008003	17003008	ने				
17003008004	17003008	राजा				
17003008005	17003008	क्षयर्ष				
17003008006	17003008	से				
17003008007	17003008	कहा	y			
17003008008	17003008	,		y		
17003008009	17003008	“	y	y		
17003008010	17003008	उसके				
17003008011	17003008	पास				
17003008012	17003008	एक				
17003008013	17003008	बिखरे				
17003008014	17003008	हुए				
17003008015	17003008	लोग				
17003008016	17003008	हैं				
17003008017	17003008	और				
17003008018	17003008	आपके				
17003008019	17003008	राज्य				
17003008020	17003008	के				
17003008021	17003008	सभी				
17003008022	17003008	प्रांतों				
17003008023	17003008	में				
17003008024	17003008	लोगों				
17003008025	17003008	के				
17003008026	17003008	बीच				
17003008027	17003008	बिखरे				
17003008028	17003008	हुए				
17003008029	17003008	हैं	y			
17003008030	17003008	।		y		
17003008031	17003008	और				
17003008032	17003008	उनके				
17003008033	17003008	कानून				
17003008034	17003008	हर				
17003008035	17003008	लोगों				
17003008036	17003008	से				
17003008037	17003008	अलग				
17003008038	17003008	हैं	y			
17003008039	17003008	,		y		
17003008040	17003008	और				
17003008041	17003008	राजा				
17003008042	17003008	के				
17003008043	17003008	कानून				
17003008044	17003008	वे				
17003008045	17003008	नहीं				
17003008046	17003008	मानते				
17003008047	17003008	हैं	y			
17003008048	17003008	।		y		
17003008049	17003008	और				
17003008050	17003008	राजा				
17003008051	17003008	को				
17003008052	17003008	उन्हें				
17003008053	17003008	अछूता				
17003008054	17003008	छोड़ने				
17003008055	17003008	का				
17003008056	17003008	कोई				
17003008057	17003008	लाभ				
17003008058	17003008	नहीं				
17003008059	17003008	है	y			
17003008060	17003008	।		y		
17003009001	17003009	यदि				
17003009002	17003009	यह				
17003009003	17003009	राजा				
17003009004	17003009	के				
17003009005	17003009	लिए				
17003009006	17003009	अच्छा				
17003009007	17003009	है	y			
17003009008	17003009	,		y		
17003009009	17003009	उन्हें				
17003009010	17003009	नष्ट				
17003009011	17003009	करने				
17003009012	17003009	के				
17003009013	17003009	लिए				
17003009014	17003009	लिखा				
17003009015	17003009	जाए	y			
17003009016	17003009	,		y		
17003009017	17003009	और				
17003009018	17003009	मैं				
17003009019	17003009	काम				
17003009020	17003009	के				
17003009021	17003009	करने				
17003009022	17003009	वालों				
17003009023	17003009	के				
17003009024	17003009	हाथों				
17003009025	17003009	में				
17003009026	17003009	10	y			
17003009027	17003009	,		y		
17003009028	17003009	000				
17003009029	17003009	किक्कार				
17003009030	17003009	की				
17003009031	17003009	चाँदी				
17003009032	17003009	तौलूँगा	y			
17003009033	17003009	;		y		
17003009034	17003009	राजा				
17003009035	17003009	के				
17003009036	17003009	खजाने				
17003009037	17003009	में				
17003009038	17003009	लाने				
17003009039	17003009	के				
17003009040	17003009	लिए	y			
17003009041	17003009	।		y		
17003009042	17003009	”		y		
17003010001	17003010	तब				
17003010002	17003010	राजा				
17003010003	17003010	ने				
17003010004	17003010	अपने				
17003010005	17003010	हाथ				
17003010006	17003010	से				
17003010007	17003010	अपने				
17003010008	17003010	मुहर				
17003010009	17003010	वाली				
17003010010	17003010	अंगूठी				
17003010011	17003010	हटाया	y			
17003010012	17003010	,		y		
17003010013	17003010	और				
17003010014	17003010	उस				
17003010015	17003010	ने				
17003010016	17003010	हामान	y			
17003010017	17003010	,		y		
17003010018	17003010	अगागी				
17003010019	17003010	हम्मदाता				
17003010020	17003010	के				
17003010021	17003010	पुत्र				
17003010022	17003010	को				
17003010023	17003010	दे				
17003010024	17003010	दिया	y			
17003010025	17003010	,		y		
17003010026	17003010	यहूदियों				
17003010027	17003010	का				
17003010028	17003010	विरोधी	y			
17003010029	17003010	।		y		
17003011001	17003011	और				
17003011002	17003011	राजा				
17003011003	17003011	ने				
17003011004	17003011	हामान				
17003011005	17003011	से				
17003011006	17003011	कहा	y			
17003011007	17003011	,		y		
17003011008	17003011	“	y	y		
17003011009	17003011	चाँदी				
17003011010	17003011	तुझे				
17003011011	17003011	दी				
17003011012	17003011	गई				
17003011013	17003011	है	y			
17003011014	17003011	,		y		
17003011015	17003011	और				
17003011016	17003011	लोग	y			
17003011017	17003011	,		y		
17003011018	17003011	उनके				
17003011019	17003011	साथ				
17003011020	17003011	वह				
17003011021	17003011	करे				
17003011022	17003011	जो				
17003011023	17003011	तेरी				
17003011024	17003011	आँखों				
17003011025	17003011	में				
17003011026	17003011	अच्छा				
17003011027	17003011	लगे	y			
17003011028	17003011	।	y	y		
17003011029	17003011	""""		y		
17003012001	17003012	और				
17003012002	17003012	राजा				
17003012003	17003012	के				
17003012004	17003012	शास्त्री				
17003012005	17003012	पहले				
17003012006	17003012	महीने				
17003012007	17003012	में				
17003012008	17003012	बुलाए				
17003012009	17003012	गए	y			
17003012010	17003012	,		y		
17003012011	17003012	इसके				
17003012012	17003012	13				
17003012013	17003012	वें				
17003012014	17003012	दिन	y			
17003012015	17003012	,		y		
17003012016	17003012	और				
17003012017	17003012	यह				
17003012018	17003012	सब				
17003012019	17003012	उस				
17003012020	17003012	सारे				
17003012021	17003012	अनुसार				
17003012022	17003012	लिखा				
17003012023	17003012	गया				
17003012024	17003012	जिसे				
17003012025	17003012	हामान				
17003012026	17003012	ने				
17003012027	17003012	आज्ञा				
17003012028	17003012	दी:राजा				
17003012029	17003012	के				
17003012030	17003012	क्षत्रपों				
17003012031	17003012	के				
17003012032	17003012	लिए	y			
17003012033	17003012	;		y		
17003012034	17003012	और				
17003012035	17003012	उन				
17003012036	17003012	राज्यपालों				
17003012037	17003012	को				
17003012038	17003012	जो				
17003012039	17003012	प्रांत				
17003012040	17003012	प्रति				
17003012041	17003012	प्रांत				
17003012042	17003012	के				
17003012043	17003012	ऊपर				
17003012044	17003012	थे	y			
17003012045	17003012	;		y		
17003012046	17003012	और				
17003012047	17003012	लोग				
17003012048	17003012	प्रति				
17003012049	17003012	लोग				
17003012050	17003012	के				
17003012051	17003012	अधिकारियों				
17003012052	17003012	को	y			
17003012053	17003012	;		y		
17003012054	17003012	इसके				
17003012055	17003012	अक्षरों				
17003012056	17003012	को				
17003012057	17003012	प्रांत				
17003012058	17003012	प्रति				
17003012059	17003012	प्रांत	y			
17003012060	17003012	,		y		
17003012061	17003012	और				
17003012062	17003012	लोग				
17003012063	17003012	प्रति				
17003012064	17003012	लोग				
17003012065	17003012	इसकी				
17003012066	17003012	बोली				
17003012067	17003012	के				
17003012068	17003012	अनुसार	y			
17003012069	17003012	।		y		
17003012070	17003012	राजा				
17003012071	17003012	क्षयर्ष				
17003012072	17003012	के				
17003012073	17003012	नाम				
17003012074	17003012	से				
17003012075	17003012	यह				
17003012076	17003012	लिखा				
17003012077	17003012	गया				
17003012078	17003012	था	y			
17003012079	17003012	,		y		
17003012080	17003012	और				
17003012081	17003012	इसे				
17003012082	17003012	राजा				
17003012083	17003012	की				
17003012084	17003012	मुहर				
17003012085	17003012	वाली				
17003012086	17003012	अंगूठी				
17003012087	17003012	के				
17003012088	17003012	साथ				
17003012089	17003012	मुहरबन्द				
17003012090	17003012	कर				
17003012091	17003012	दिया				
17003012092	17003012	गया	y			
17003012093	17003012	।		y		
17003013001	17003013	और				
17003013002	17003013	राजा				
17003013003	17003013	के				
17003013004	17003013	सभी				
17003013005	17003013	प्रांतों				
17003013006	17003013	को				
17003013007	17003013	धावकों				
17003013008	17003013	के				
17003013009	17003013	हाथ				
17003013010	17003013	से				
17003013011	17003013	पत्र				
17003013012	17003013	भेजे				
17003013013	17003013	गए	y			
17003013014	17003013	,		y		
17003013015	17003013	संहार				
17003013016	17003013	को	y			
17003013017	17003013	,		y		
17003013018	17003013	वध				
17003013019	17003013	को	y			
17003013020	17003013	,		y		
17003013021	17003013	और				
17003013022	17003013	सभी				
17003013023	17003013	यहूदियों				
17003013024	17003013	को				
17003013025	17003013	जवान				
17003013026	17003013	से				
17003013027	17003013	लेकर				
17003013028	17003013	बूढ़े				
17003013029	17003013	तक				
17003013030	17003013	को				
17003013031	17003013	नाश				
17003013032	17003013	करने				
17003013033	17003013	के				
17003013034	17003013	लिए	y			
17003013035	17003013	,		y		
17003013036	17003013	बच्चों				
17003013037	17003013	और				
17003013038	17003013	स्त्रियाँ	y			
17003013039	17003013	,		y		
17003013040	17003013	एक				
17003013041	17003013	दिन				
17003013042	17003013	में	y			
17003013043	17003013	,		y		
17003013044	17003013	12				
17003013045	17003013	महीने				
17003013046	17003013	के				
17003013047	17003013	तेरहवें				
17003013048	17003013	(	y	y		
17003013049	17003013	जो				
17003013050	17003013	अदार				
17003013051	17003013	का				
17003013052	17003013	महीना				
17003013053	17003013	है	y			
17003013054	17003013	)	y	y		
17003013055	17003013	,		y		
17003013056	17003013	और				
17003013057	17003013	उनकी				
17003013058	17003013	लूट				
17003013059	17003013	को				
17003013060	17003013	लूटना	y			
17003013061	17003013	।		y		
17003014001	17003014	लिखत				
17003014002	17003014	की				
17003014003	17003014	एक				
17003014004	17003014	प्रति	y			
17003014005	17003014	,		y		
17003014006	17003014	हर				
17003014007	17003014	प्रांत-प्रांत				
17003014008	17003014	में				
17003014009	17003014	एक				
17003014010	17003014	कानून				
17003014011	17003014	के				
17003014012	17003014	रूप				
17003014013	17003014	में				
17003014014	17003014	दी				
17003014015	17003014	जाए	y			
17003014016	17003014	,		y		
17003014017	17003014	सभी				
17003014018	17003014	लोगों				
17003014019	17003014	को				
17003014020	17003014	इस				
17003014021	17003014	दिन				
17003014022	17003014	के				
17003014023	17003014	लिए				
17003014024	17003014	तैयार				
17003014025	17003014	होने				
17003014026	17003014	का				
17003014027	17003014	खोली				
17003014028	17003014	गई				
17003014029	17003014	थी	y			
17003014030	17003014	।		y		
17003015001	17003015	राजा				
17003015002	17003015	की				
17003015003	17003015	राजाज्ञा				
17003015004	17003015	से				
17003015005	17003015	धावक				
17003015006	17003015	शीघ्रता				
17003015007	17003015	से				
17003015008	17003015	बाहर				
17003015009	17003015	गए	y			
17003015010	17003015	,		y		
17003015011	17003015	और				
17003015012	17003015	कानून				
17003015013	17003015	शूशन				
17003015014	17003015	राज				
17003015015	17003015	गढ़				
17003015016	17003015	में				
17003015017	17003015	दिया				
17003015018	17003015	गया				
17003015019	17003015	था	y			
17003015020	17003015	।		y		
17003015021	17003015	और				
17003015022	17003015	राजा				
17003015023	17003015	और				
17003015024	17003015	हामान				
17003015025	17003015	पीने				
17003015026	17003015	के				
17003015027	17003015	लिए				
17003015028	17003015	बैठ				
17003015029	17003015	गए	y			
17003015030	17003015	,		y		
17003015031	17003015	परन्तु				
17003015032	17003015	शूशन				
17003015033	17003015	शहर				
17003015034	17003015	असमंजस				
17003015035	17003015	में				
17003015036	17003015	था	y			
17003015037	17003015	।		y		
17004001001	17004001	अब				
17004001002	17004001	जब				
17004001003	17004001	मोर्दकै				
17004001004	17004001	सब				
17004001005	17004001	जानता				
17004001006	17004001	था				
17004001007	17004001	कि				
17004001008	17004001	क्या				
17004001009	17004001	किया				
17004001010	17004001	गया				
17004001011	17004001	था	y			
17004001012	17004001	,		y		
17004001013	17004001	मोर्दकै				
17004001014	17004001	ने				
17004001015	17004001	अपने				
17004001016	17004001	वस्त्र				
17004001017	17004001	फाड़े				
17004001018	17004001	और				
17004001019	17004001	टाट				
17004001020	17004001	डाल				
17004001021	17004001	लिया				
17004001022	17004001	और				
17004001023	17004001	राख	y			
17004001024	17004001	।		y		
17004001025	17004001	और				
17004001026	17004001	वह				
17004001027	17004001	शहर				
17004001028	17004001	के				
17004001029	17004001	बीच				
17004001030	17004001	में				
17004001031	17004001	चला				
17004001032	17004001	गया	y			
17004001033	17004001	,		y		
17004001034	17004001	और				
17004001035	17004001	ऊँची				
17004001036	17004001	आवाज				
17004001037	17004001	रोया				
17004001038	17004001	और				
17004001039	17004001	कड़वा				
17004001040	17004001	चिल्लाया	y			
17004001041	17004001	।		y		
17004002001	17004002	और				
17004002002	17004002	इतनी				
17004002003	17004002	दूर				
17004002004	17004002	कि				
17004002005	17004002	वह				
17004002006	17004002	केवल				
17004002007	17004002	राजा				
17004002008	17004002	के				
17004002009	17004002	फाटक				
17004002010	17004002	के				
17004002011	17004002	आगे				
17004002012	17004002	आया	y			
17004002013	17004002	।		y		
17004002014	17004002	क्योंकि				
17004002015	17004002	किसी				
17004002016	17004002	को				
17004002017	17004002	राजा				
17004002018	17004002	के				
17004002019	17004002	फाटक				
17004002020	17004002	पर				
17004002021	17004002	नहीं				
17004002022	17004002	आना				
17004002023	17004002	था				
17004002024	17004002	जबकि				
17004002025	17004002	टाट				
17004002026	17004002	का				
17004002027	17004002	कपड़ा				
17004002028	17004002	पहना				
17004002029	17004002	हुए				
17004002030	17004002	है	y			
17004002031	17004002	।		y		
17004003001	17004003	और				
17004003002	17004003	प्रत्येक				
17004003003	17004003	प्रांत				
17004003004	17004003	प्रति				
17004003005	17004003	प्रांत				
17004003006	17004003	में	y			
17004003007	17004003	,		y		
17004003008	17004003	किसी				
17004003009	17004003	भी				
17004003010	17004003	स्थान				
17004003011	17004003	जहाँ				
17004003012	17004003	राजा				
17004003013	17004003	की				
17004003014	17004003	राजाज्ञा				
17004003015	17004003	और				
17004003016	17004003	उसका				
17004003017	17004003	कानून				
17004003018	17004003	पहुँचा	y			
17004003019	17004003	,		y		
17004003020	17004003	वहाँ				
17004003021	17004003	बड़ा				
17004003022	17004003	शोक				
17004003023	17004003	यहूदियों				
17004003024	17004003	द्वारा				
17004003025	17004003	था	y			
17004003026	17004003	,		y		
17004003027	17004003	और				
17004003028	17004003	उपवास	y			
17004003029	17004003	,		y		
17004003030	17004003	और				
17004003031	17004003	विलाप	y			
17004003032	17004003	,		y		
17004003033	17004003	और				
17004003034	17004003	रोना	y			
17004003035	17004003	;		y		
17004003036	17004003	टाट				
17004003037	17004003	और				
17004003038	17004003	भीड़ों				
17004003039	17004003	द्वारा				
17004003040	17004003	राख				
17004003041	17004003	डाली				
17004003042	17004003	गई	y			
17004003043	17004003	।		y		
17004004001	17004004	जब				
17004004002	17004004	एस्तेर				
17004004003	17004004	की				
17004004004	17004004	जवान				
17004004005	17004004	महिला				
17004004006	17004004	परिचारिकाएँ				
17004004007	17004004	अपने				
17004004008	17004004	खोजों				
17004004009	17004004	के				
17004004010	17004004	साथ				
17004004011	17004004	आईं				
17004004012	17004004	और				
17004004013	17004004	उन्होंने				
17004004014	17004004	उससे				
17004004015	17004004	कहा				
17004004016	17004004	यहांँ				
17004004017	17004004	तक				
17004004018	17004004	कि				
17004004019	17004004	रानी				
17004004020	17004004	भी				
17004004021	17004004	अत्यधिक				
17004004022	17004004	भय				
17004004023	17004004	के				
17004004024	17004004	साथ				
17004004025	17004004	भर				
17004004026	17004004	गई	y			
17004004027	17004004	।		y		
17004004028	17004004	और				
17004004029	17004004	उसने				
17004004030	17004004	मोर्दकै				
17004004031	17004004	को				
17004004032	17004004	पहनाने				
17004004033	17004004	के				
17004004034	17004004	लिए				
17004004035	17004004	वस्त्र				
17004004036	17004004	भेजे	y			
17004004037	17004004	,		y		
17004004038	17004004	और				
17004004039	17004004	उसके				
17004004040	17004004	ऊपर				
17004004041	17004004	से				
17004004042	17004004	उसका				
17004004043	17004004	टाट				
17004004044	17004004	उतारने				
17004004045	17004004	को	y			
17004004046	17004004	,		y		
17004004047	17004004	परन्तु				
17004004048	17004004	उसने				
17004004049	17004004	स्वीकार				
17004004050	17004004	नहीं				
17004004051	17004004	किया	y			
17004004052	17004004	।		y		
17004005001	17004005	इसलिए				
17004005002	17004005	एस्तेर				
17004005003	17004005	ने				
17004005004	17004005	हताक				
17004005005	17004005	के				
17004005006	17004005	लिए				
17004005007	17004005	बुलावा				
17004005008	17004005	दिया	y			
17004005009	17004005	,		y		
17004005010	17004005	राजा				
17004005011	17004005	के				
17004005012	17004005	खोजों				
17004005013	17004005	से				
17004005014	17004005	जिसे				
17004005015	17004005	उसने				
17004005016	17004005	अपने				
17004005017	17004005	चेहरे				
17004005018	17004005	के				
17004005019	17004005	आगे				
17004005020	17004005	खड़ा				
17004005021	17004005	होने				
17004005022	17004005	का				
17004005023	17004005	कारण				
17004005024	17004005	बनाया				
17004005025	17004005	था	y			
17004005026	17004005	।		y		
17004005027	17004005	उसने				
17004005028	17004005	उसे				
17004005029	17004005	मोर्दकै				
17004005030	17004005	से				
17004005031	17004005	संबंधित				
17004005032	17004005	आज्ञा				
17004005033	17004005	दी				
17004005034	17004005	कि				
17004005035	17004005	यह				
17004005036	17004005	जाने				
17004005037	17004005	कि				
17004005038	17004005	यह				
17004005039	17004005	क्या				
17004005040	17004005	था				
17004005041	17004005	और				
17004005042	17004005	वह				
17004005043	17004005	किस				
17004005044	17004005	कारण				
17004005045	17004005	था	y			
17004005046	17004005	।		y		
17004006001	17004006	इसलिए				
17004006002	17004006	हताक				
17004006003	17004006	मोर्दकै				
17004006004	17004006	के				
17004006005	17004006	पास				
17004006006	17004006	चला				
17004006007	17004006	गया	y			
17004006008	17004006	,		y		
17004006009	17004006	शहर				
17004006010	17004006	के				
17004006011	17004006	खुले				
17004006012	17004006	स्थान				
17004006013	17004006	पर				
17004006014	17004006	जो				
17004006015	17004006	राजा				
17004006016	17004006	के				
17004006017	17004006	फाटक				
17004006018	17004006	के				
17004006019	17004006	चेहरे				
17004006020	17004006	के				
17004006021	17004006	सामने				
17004006022	17004006	था	y			
17004006023	17004006	।		y		
17004007001	17004007	और				
17004007002	17004007	मोर्दकै				
17004007003	17004007	ने				
17004007004	17004007	उसे				
17004007005	17004007	सब				
17004007006	17004007	बताया				
17004007007	17004007	जो				
17004007008	17004007	उसके				
17004007009	17004007	साथ				
17004007010	17004007	हुआ				
17004007011	17004007	था	y			
17004007012	17004007	,		y		
17004007013	17004007	और				
17004007014	17004007	चांदी				
17004007015	17004007	की				
17004007016	17004007	सही				
17004007017	17004007	मात्रा				
17004007018	17004007	जिसे				
17004007019	17004007	हामान				
17004007020	17004007	ने				
17004007021	17004007	राजा				
17004007022	17004007	के				
17004007023	17004007	खज़ाने				
17004007024	17004007	में				
17004007025	17004007	तौल				
17004007026	17004007	के				
17004007027	17004007	देने				
17004007028	17004007	के				
17004007029	17004007	लिए				
17004007030	17004007	कहा				
17004007031	17004007	था	y			
17004007032	17004007	,		y		
17004007033	17004007	यहूदियों				
17004007034	17004007	के				
17004007035	17004007	विरुद्ध	y			
17004007036	17004007	,		y		
17004007037	17004007	उन्हें				
17004007038	17004007	नाश				
17004007039	17004007	करने				
17004007040	17004007	के				
17004007041	17004007	लिए	y			
17004007042	17004007	।		y		
17004008001	17004008	इसके				
17004008002	17004008	साथ				
17004008003	17004008	ही				
17004008004	17004008	उसने				
17004008005	17004008	उसे				
17004008006	17004008	कानून				
17004008007	17004008	के				
17004008008	17004008	लिखत				
17004008009	17004008	की				
17004008010	17004008	एक				
17004008011	17004008	प्रति				
17004008012	17004008	दी				
17004008013	17004008	जो				
17004008014	17004008	उनका				
17004008015	17004008	संहार				
17004008016	17004008	करने				
17004008017	17004008	के				
17004008018	17004008	लिए				
17004008019	17004008	शूशन				
17004008020	17004008	में				
17004008021	17004008	दी				
17004008022	17004008	गई				
17004008023	17004008	थी	y			
17004008024	17004008	,		y		
17004008025	17004008	एस्तेर				
17004008026	17004008	को				
17004008027	17004008	दिखाने				
17004008028	17004008	के				
17004008029	17004008	लिए	y			
17004008030	17004008	,		y		
17004008031	17004008	और				
17004008032	17004008	उसे				
17004008033	17004008	सूचित				
17004008034	17004008	करने				
17004008035	17004008	के				
17004008036	17004008	लिए	y			
17004008037	17004008	,		y		
17004008038	17004008	और				
17004008039	17004008	उस				
17004008040	17004008	पर				
17004008041	17004008	निर्देश				
17004008042	17004008	का				
17004008043	17004008	एक				
17004008044	17004008	भार				
17004008045	17004008	डालने				
17004008046	17004008	के				
17004008047	17004008	लिए				
17004008048	17004008	कि				
17004008049	17004008	वह				
17004008050	17004008	राजा				
17004008051	17004008	के				
17004008052	17004008	पास				
17004008053	17004008	उसकी				
17004008054	17004008	कृपा				
17004008055	17004008	की				
17004008056	17004008	याचना				
17004008057	17004008	करने				
17004008058	17004008	के				
17004008059	17004008	लिए				
17004008060	17004008	जाए				
17004008061	17004008	और				
17004008062	17004008	उसके				
17004008063	17004008	चेहरे				
17004008064	17004008	से				
17004008065	17004008	आगे				
17004008066	17004008	उसके				
17004008067	17004008	लोगों				
17004008068	17004008	से				
17004008069	17004008	संबंधित				
17004008070	17004008	खोज				
17004008071	17004008	करने				
17004008072	17004008	के				
17004008073	17004008	लिए	y			
17004008074	17004008	।		y		
17004009001	17004009	इसलिए				
17004009002	17004009	हताक				
17004009003	17004009	गया				
17004009004	17004009	और				
17004009005	17004009	एस्तेर				
17004009006	17004009	को				
17004009007	17004009	मोर्दकै				
17004009008	17004009	के				
17004009009	17004009	शब्दों				
17004009010	17004009	को				
17004009011	17004009	बताया	y			
17004009012	17004009	।		y		
17004010001	17004010	तब				
17004010002	17004010	एस्तेर				
17004010003	17004010	ने				
17004010004	17004010	हताक				
17004010005	17004010	से				
17004010006	17004010	बात				
17004010007	17004010	की				
17004010008	17004010	और				
17004010009	17004010	उसे				
17004010010	17004010	मोर्दकै				
17004010011	17004010	से				
17004010012	17004010	कहने				
17004010013	17004010	का				
17004010014	17004010	आदेश				
17004010015	17004010	दिया				
17004011001	17004011	“	y	y		
17004011002	17004011	राजा				
17004011003	17004011	के				
17004011004	17004011	सभी				
17004011005	17004011	नौकरों				
17004011006	17004011	और				
17004011007	17004011	राजा				
17004011008	17004011	के				
17004011009	17004011	प्रांतों				
17004011010	17004011	के				
17004011011	17004011	लोग				
17004011012	17004011	जान				
17004011013	17004011	रहे				
17004011014	17004011	हैं				
17004011015	17004011	कि				
17004011016	17004011	किसी				
17004011017	17004011	भी				
17004011018	17004011	पुरुष				
17004011019	17004011	या				
17004011020	17004011	स्त्री				
17004011021	17004011	के				
17004011022	17004011	लिए	y			
17004011023	17004011	,		y		
17004011024	17004011	जो				
17004011025	17004011	राजा				
17004011026	17004011	के				
17004011027	17004011	पास				
17004011028	17004011	जाता				
17004011029	17004011	है	y			
17004011030	17004011	,		y		
17004011031	17004011	भीतरी				
17004011032	17004011	आंँगन				
17004011033	17004011	में	y			
17004011034	17004011	,		y		
17004011035	17004011	जिसे				
17004011036	17004011	नहीं				
17004011037	17004011	बुलाया				
17004011038	17004011	गया				
17004011039	17004011	है	y			
17004011040	17004011	,		y		
17004011041	17004011	उसका				
17004011042	17004011	कानून				
17004011043	17004011	एक				
17004011044	17004011	है	y			
17004011045	17004011	:		y		
17004011046	17004011	मरने				
17004011047	17004011	का				
17004011048	17004011	कारण				
17004011049	17004011	हो	y			
17004011050	17004011	;		y		
17004011051	17004011	उसे				
17004011052	17004011	छोड़कर				
17004011053	17004011	जब				
17004011054	17004011	राजा				
17004011055	17004011	उसके				
17004011056	17004011	आगे				
17004011057	17004011	सोने				
17004011058	17004011	का				
17004011059	17004011	राजदंड				
17004011060	17004011	बढ़ाता				
17004011061	17004011	है	y			
17004011062	17004011	,		y		
17004011063	17004011	तब				
17004011064	17004011	वह				
17004011065	17004011	जीवित				
17004011066	17004011	रहेगा	y			
17004011067	17004011	।		y		
17004011068	17004011	परन्तु				
17004011069	17004011	मेरे				
17004011070	17004011	लिए	y			
17004011071	17004011	,		y		
17004011072	17004011	मुझे				
17004011073	17004011	इन				
17004011074	17004011	30				
17004011075	17004011	दिनों				
17004011076	17004011	में				
17004011077	17004011	राजा				
17004011078	17004011	के				
17004011079	17004011	पास				
17004011080	17004011	आने				
17004011081	17004011	के				
17004011082	17004011	लिए				
17004011083	17004011	नहीं				
17004011084	17004011	बुलाया				
17004011085	17004011	गया	y			
17004011086	17004011	।	y	y		
17004011087	17004011	”		y		
17004012001	17004012	इसलिए				
17004012002	17004012	उन्होंने				
17004012003	17004012	मोर्दकै				
17004012004	17004012	को				
17004012005	17004012	एस्तेर				
17004012006	17004012	के				
17004012007	17004012	शब्दों				
17004012008	17004012	को				
17004012009	17004012	बताया	y			
17004012010	17004012	।		y		
17004013001	17004013	तब				
17004013002	17004013	मोर्दकै				
17004013003	17004013	ने				
17004013004	17004013	एस्तेर				
17004013005	17004013	को				
17004013006	17004013	बदले				
17004013007	17004013	में				
17004013008	17004013	कहा	y			
17004013009	17004013	:		y		
17004013010	17004013	""""	y	y		
17004013011	17004013	अपने				
17004013012	17004013	लिए				
17004013013	17004013	मत				
17004013014	17004013	सोच				
17004013015	17004013	राजा				
17004013016	17004013	के				
17004013017	17004013	महल				
17004013018	17004013	में				
17004013019	17004013	बच				
17004013020	17004013	जाएगी	y			
17004013021	17004013	,		y		
17004013022	17004013	सारे				
17004013023	17004013	यहूदियों				
17004013024	17004013	में				
17004013025	17004013	से	y			
17004013026	17004013	।		y		
17004014001	17004014	क्योंकि				
17004014002	17004014	यदि				
17004014003	17004014	तू				
17004014004	17004014	वास्तव				
17004014005	17004014	में				
17004014006	17004014	इस				
17004014007	17004014	समय				
17004014008	17004014	चुप				
17004014009	17004014	रहती				
17004014010	17004014	है	y			
17004014011	17004014	,		y		
17004014012	17004014	राहत				
17004014013	17004014	और				
17004014014	17004014	उद्धार				
17004014015	17004014	यहूदियों				
17004014016	17004014	के				
17004014017	17004014	लिए				
17004014018	17004014	अन्य				
17004014019	17004014	स्थान				
17004014020	17004014	से				
17004014021	17004014	उठेगा	y			
17004014022	17004014	,		y		
17004014023	17004014	परन्तु				
17004014024	17004014	तू				
17004014025	17004014	और				
17004014026	17004014	तेरे				
17004014027	17004014	पिता				
17004014028	17004014	का				
17004014029	17004014	घर				
17004014030	17004014	नाश				
17004014031	17004014	हो				
17004014032	17004014	जाएगा	y			
17004014033	17004014	।		y		
17004014034	17004014	और				
17004014035	17004014	कौन				
17004014036	17004014	जानता				
17004014037	17004014	है				
17004014038	17004014	कि				
17004014039	17004014	यदि				
17004014040	17004014	तू				
17004014041	17004014	इस				
17004014042	17004014	समय				
17004014043	17004014	के				
17004014044	17004014	लिए				
17004014045	17004014	राज				
17004014046	17004014	सत्ता				
17004014047	17004014	में				
17004014048	17004014	आई				
17004014049	17004014	है	y			
17004014050	17004014	?	y	y		
17004014051	17004014	""""		y		
17004015001	17004015	एस्तेर				
17004015002	17004015	ने				
17004015003	17004015	मोर्दकै				
17004015004	17004015	को				
17004015005	17004015	बदले				
17004015006	17004015	में				
17004015007	17004015	कहा	y			
17004015008	17004015	:		y		
17004016001	17004016	“	y	y		
17004016002	17004016	जा	y			
17004016003	17004016	,		y		
17004016004	17004016	सभी				
17004016005	17004016	यहूदियों				
17004016006	17004016	को				
17004016007	17004016	इकट्ठा				
17004016008	17004016	कर				
17004016009	17004016	जो				
17004016010	17004016	शूशन				
17004016011	17004016	में				
17004016012	17004016	पाए				
17004016013	17004016	जाते				
17004016014	17004016	हैं	y			
17004016015	17004016	।		y		
17004016016	17004016	और				
17004016017	17004016	मेरे				
17004016018	17004016	लेखे				
17004016019	17004016	उपवास				
17004016020	17004016	करो	y			
17004016021	17004016	,		y		
17004016022	17004016	तीन				
17004016023	17004016	दिन				
17004016024	17004016	तक				
17004016025	17004016	न				
17004016026	17004016	तो				
17004016027	17004016	कुछ				
17004016028	17004016	खाओ	y			
17004016029	17004016	,		y		
17004016030	17004016	न				
17004016031	17004016	पीयो	y			
17004016032	17004016	;		y		
17004016033	17004016	दोनों				
17004016034	17004016	दिन				
17004016035	17004016	और				
17004016036	17004016	रात	y			
17004016037	17004016	,		y		
17004016038	17004016	साथ				
17004016039	17004016	ही	y			
17004016040	17004016	,		y		
17004016041	17004016	मैं				
17004016042	17004016	स्वयं				
17004016043	17004016	और				
17004016044	17004016	मेरी				
17004016045	17004016	जवान				
17004016046	17004016	महिला				
17004016047	17004016	परिचारक				
17004016048	17004016	इसी				
17004016049	17004016	तरह				
17004016050	17004016	उपवास				
17004016051	17004016	करेंगी	y			
17004016052	17004016	।		y		
17004016053	17004016	तब				
17004016054	17004016	फिर	y			
17004016055	17004016	,		y		
17004016056	17004016	ऐसी				
17004016057	17004016	परिस्थितियों				
17004016058	17004016	में	y			
17004016059	17004016	,		y		
17004016060	17004016	मैं				
17004016061	17004016	राजा				
17004016062	17004016	के				
17004016063	17004016	पास				
17004016064	17004016	जाऊंँगी	y			
17004016065	17004016	,		y		
17004016066	17004016	जो				
17004016067	17004016	कानून				
17004016068	17004016	के				
17004016069	17004016	अनुसार				
17004016070	17004016	नहीं				
17004016071	17004016	है	y			
17004016072	17004016	;		y		
17004016073	17004016	और				
17004016074	17004016	यदि				
17004016075	17004016	मैं				
17004016076	17004016	नाश				
17004016077	17004016	होती				
17004016078	17004016	हूंँ	y			
17004016079	17004016	,		y		
17004016080	17004016	मैं				
17004016081	17004016	नाश				
17004016082	17004016	होती				
17004016083	17004016	हूंँ	y			
17004016084	17004016	।		y		
17004017001	17004017	तब				
17004017002	17004017	मोर्दकै				
17004017003	17004017	चला				
17004017004	17004017	गया				
17004017005	17004017	और				
17004017006	17004017	पूरे				
17004017007	17004017	निर्देश				
17004017008	17004017	के				
17004017009	17004017	अनुसार				
17004017010	17004017	किया				
17004017011	17004017	जिसे				
17004017012	17004017	एस्तेर				
17004017013	17004017	ने				
17004017014	17004017	उसके				
17004017015	17004017	ऊपर				
17004017016	17004017	डाला				
17004017017	17004017	था	y			
17004017018	17004017	।		y		
17005001001	17005001	अब				
17005001002	17005001	तीसरे				
17005001003	17005001	दिन				
17005001004	17005001	हुआ	y			
17005001005	17005001	,		y		
17005001006	17005001	एस्तेर				
17005001007	17005001	ने				
17005001008	17005001	राज				
17005001009	17005001	सत्ता				
17005001010	17005001	को				
17005001011	17005001	पहना				
17005001012	17005001	और				
17005001013	17005001	राजा				
17005001014	17005001	के				
17005001015	17005001	महल				
17005001016	17005001	के				
17005001017	17005001	भीतरी				
17005001018	17005001	आँगन				
17005001019	17005001	में				
17005001020	17005001	खड़ी				
17005001021	17005001	हुई	y			
17005001022	17005001	,		y		
17005001023	17005001	राजा				
17005001024	17005001	के				
17005001025	17005001	घर				
17005001026	17005001	के				
17005001027	17005001	सामने	y			
17005001028	17005001	।		y		
17005001029	17005001	अब				
17005001030	17005001	राजा				
17005001031	17005001	अपनी				
17005001032	17005001	राज				
17005001033	17005001	सत्ता				
17005001034	17005001	के				
17005001035	17005001	सिंहासन				
17005001036	17005001	पर				
17005001037	17005001	राज				
17005001038	17005001	सत्ता				
17005001039	17005001	के				
17005001040	17005001	महल				
17005001041	17005001	में	y			
17005001042	17005001	,		y		
17005001043	17005001	महल				
17005001044	17005001	के				
17005001045	17005001	प्रवेश				
17005001046	17005001	द्वार				
17005001047	17005001	के				
17005001048	17005001	सामने				
17005001049	17005001	बैठा				
17005001050	17005001	था	y			
17005001051	17005001	।		y		
17005002001	17005002	और				
17005002002	17005002	ऐसा				
17005002003	17005002	हुआ	y			
17005002004	17005002	,		y		
17005002005	17005002	जैसे				
17005002006	17005002	ही				
17005002007	17005002	राजा				
17005002008	17005002	ने				
17005002009	17005002	एस्तेर				
17005002010	17005002	रानी				
17005002011	17005002	को				
17005002012	17005002	आँगन				
17005002013	17005002	में				
17005002014	17005002	खड़े				
17005002015	17005002	देखा	y			
17005002016	17005002	,		y		
17005002017	17005002	उसने				
17005002018	17005002	उसकी				
17005002019	17005002	आँखों				
17005002020	17005002	में				
17005002021	17005002	कृपा				
17005002022	17005002	ऊँची				
17005002023	17005002	की	y			
17005002024	17005002	।		y		
17005002025	17005002	और				
17005002026	17005002	राजा				
17005002027	17005002	ने				
17005002028	17005002	सोने				
17005002029	17005002	का				
17005002030	17005002	राजदंड				
17005002031	17005002	एस्तेर				
17005002032	17005002	को				
17005002033	17005002	दिया				
17005002034	17005002	जो				
17005002035	17005002	उसके				
17005002036	17005002	हाथ				
17005002037	17005002	में				
17005002038	17005002	था	y			
17005002039	17005002	,		y		
17005002040	17005002	इसलिए				
17005002041	17005002	एस्तेर				
17005002042	17005002	बढ़ी				
17005002043	17005002	और				
17005002044	17005002	राजदंड				
17005002045	17005002	के				
17005002046	17005002	सिर				
17005002047	17005002	को				
17005002048	17005002	छुआ	y			
17005002049	17005002	।		y		
17005003001	17005003	राजा				
17005003002	17005003	ने				
17005003003	17005003	उससे				
17005003004	17005003	कहा	y			
17005003005	17005003	,		y		
17005003006	17005003	""""	y	y		
17005003007	17005003	तेरे				
17005003008	17005003	निमित्त				
17005003009	17005003	क्या	y			
17005003010	17005003	,		y		
17005003011	17005003	एस्तेर				
17005003012	17005003	रानी	y			
17005003013	17005003	?		y		
17005003014	17005003	और				
17005003015	17005003	तेरा				
17005003016	17005003	निवेदन				
17005003017	17005003	क्या				
17005003018	17005003	है	y			
17005003019	17005003	?		y		
17005003020	17005003	राज्य				
17005003021	17005003	का				
17005003022	17005003	आधे				
17005003023	17005003	जितना				
17005003024	17005003	हिस्सा	y			
17005003025	17005003	,		y		
17005003026	17005003	और				
17005003027	17005003	इसे				
17005003028	17005003	तुझे				
17005003029	17005003	दे				
17005003030	17005003	दिया				
17005003031	17005003	जाए	y			
17005003032	17005003	।		y		
17005003033	17005003	""""		y		
17005004001	17005004	और				
17005004002	17005004	एस्तेर				
17005004003	17005004	ने				
17005004004	17005004	कहा	y			
17005004005	17005004	,		y		
17005004006	17005004	""""	y	y		
17005004007	17005004	यदि				
17005004008	17005004	यह				
17005004009	17005004	राजा				
17005004010	17005004	के				
17005004011	17005004	लिए				
17005004012	17005004	अच्छा				
17005004013	17005004	है	y			
17005004014	17005004	,		y		
17005004015	17005004	राजा				
17005004016	17005004	आज				
17005004017	17005004	हामान				
17005004018	17005004	के				
17005004019	17005004	साथ				
17005004020	17005004	भोज				
17005004021	17005004	में				
17005004022	17005004	आए				
17005004023	17005004	जो				
17005004024	17005004	मैंने				
17005004025	17005004	उसके				
17005004026	17005004	लिए				
17005004027	17005004	बनाया				
17005004028	17005004	है	y			
17005004029	17005004	।	y	y		
17005004030	17005004	”		y		
17005005001	17005005	तब				
17005005002	17005005	राजा				
17005005003	17005005	ने				
17005005004	17005005	कहा	y			
17005005005	17005005	,		y		
17005005006	17005005	""""	y	y		
17005005007	17005005	हामान				
17005005008	17005005	को				
17005005009	17005005	जल्दी				
17005005010	17005005	लाओ	y			
17005005011	17005005	,		y		
17005005012	17005005	ताकि				
17005005013	17005005	एस्तेर				
17005005014	17005005	के				
17005005015	17005005	शब्द				
17005005016	17005005	को				
17005005017	17005005	किया				
17005005018	17005005	जाए	y			
17005005019	17005005	।	y	y		
17005005020	17005005	""""		y		
17005005021	17005005	और				
17005005022	17005005	राजा				
17005005023	17005005	हामान				
17005005024	17005005	के				
17005005025	17005005	साथ				
17005005026	17005005	भोज				
17005005027	17005005	में				
17005005028	17005005	आया				
17005005029	17005005	जिसे				
17005005030	17005005	एस्तेर				
17005005031	17005005	ने				
17005005032	17005005	बनाया				
17005005033	17005005	था	y			
17005005034	17005005	।		y		
17005006001	17005006	तब				
17005006002	17005006	राजा				
17005006003	17005006	ने				
17005006004	17005006	एस्तेर				
17005006005	17005006	से				
17005006006	17005006	दाखमधु				
17005006007	17005006	के				
17005006008	17005006	भोज				
17005006009	17005006	के				
17005006010	17005006	बीच				
17005006011	17005006	कहा	y			
17005006012	17005006	,		y		
17005006013	17005006	“	y	y		
17005006014	17005006	तेरी				
17005006015	17005006	याचिका				
17005006016	17005006	क्या				
17005006017	17005006	है	y			
17005006018	17005006	?		y		
17005006019	17005006	और				
17005006020	17005006	इसे				
17005006021	17005006	तुझे				
17005006022	17005006	दिया				
17005006023	17005006	जाए	y			
17005006024	17005006	।		y		
17005006025	17005006	और				
17005006026	17005006	तेरा				
17005006027	17005006	क्या				
17005006028	17005006	निवेदन				
17005006029	17005006	है	y			
17005006030	17005006	?		y		
17005006031	17005006	राज्य				
17005006032	17005006	के				
17005006033	17005006	आधे				
17005006034	17005006	हिस्से				
17005006035	17005006	जितना	y			
17005006036	17005006	,		y		
17005006037	17005006	और				
17005006038	17005006	यह				
17005006039	17005006	हो				
17005006040	17005006	जाए	y			
17005006041	17005006	।	y	y		
17005006042	17005006	""""		y		
17005007001	17005007	तब				
17005007002	17005007	एस्तेर				
17005007003	17005007	ने				
17005007004	17005007	उत्तर				
17005007005	17005007	दिया				
17005007006	17005007	और				
17005007007	17005007	कहा	y			
17005007008	17005007	,		y		
17005007009	17005007	""""	y	y		
17005007010	17005007	मेरी				
17005007011	17005007	याचिका				
17005007012	17005007	और				
17005007013	17005007	मेरा				
17005007014	17005007	निवेदन	y			
17005007015	17005007	:		y		
17005008001	17005008	यदि				
17005008002	17005008	मैंने				
17005008003	17005008	राजा				
17005008004	17005008	की				
17005008005	17005008	दृष्टि				
17005008006	17005008	में				
17005008007	17005008	कृपा				
17005008008	17005008	पाई				
17005008009	17005008	है	y			
17005008010	17005008	,		y		
17005008011	17005008	और				
17005008012	17005008	यदि				
17005008013	17005008	राजा				
17005008014	17005008	को				
17005008015	17005008	मेरी				
17005008016	17005008	याचिका				
17005008017	17005008	स्वीकार				
17005008018	17005008	करना				
17005008019	17005008	अच्छा				
17005008020	17005008	लगा				
17005008021	17005008	है				
17005008022	17005008	और				
17005008023	17005008	मेरा				
17005008024	17005008	निवेदन				
17005008025	17005008	को				
17005008026	17005008	प्रदर्शित				
17005008027	17005008	करना	y			
17005008028	17005008	,		y		
17005008029	17005008	राजा				
17005008030	17005008	हामान				
17005008031	17005008	के				
17005008032	17005008	साथ				
17005008033	17005008	भोज				
17005008034	17005008	पर				
17005008035	17005008	आए				
17005008036	17005008	जो				
17005008037	17005008	मैं				
17005008038	17005008	उनके				
17005008039	17005008	लिए				
17005008040	17005008	बनाऊंँगी	y			
17005008041	17005008	,		y		
17005008042	17005008	और				
17005008043	17005008	कल				
17005008044	17005008	मैं				
17005008045	17005008	राजा				
17005008046	17005008	के				
17005008047	17005008	शब्द				
17005008048	17005008	के				
17005008049	17005008	अनुसार				
17005008050	17005008	करूंँगी	y			
17005008051	17005008	।	y	y		
17005008052	17005008	”		y		
17005009001	17005009	और				
17005009002	17005009	हामान				
17005009003	17005009	उस				
17005009004	17005009	दिन				
17005009005	17005009	आनन्द				
17005009006	17005009	से				
17005009007	17005009	भर				
17005009008	17005009	बाहर				
17005009009	17005009	गया				
17005009010	17005009	और				
17005009011	17005009	मन				
17005009012	17005009	से				
17005009013	17005009	प्रसन्न				
17005009014	17005009	हुआ	y			
17005009015	17005009	।		y		
17005009016	17005009	परन्तु				
17005009017	17005009	जैसे				
17005009018	17005009	ही				
17005009019	17005009	हामान				
17005009020	17005009	ने				
17005009021	17005009	मोर्दकै				
17005009022	17005009	को				
17005009023	17005009	राजा				
17005009024	17005009	के				
17005009025	17005009	फाटक				
17005009026	17005009	पर				
17005009027	17005009	देखा	y			
17005009028	17005009	,		y		
17005009029	17005009	जो				
17005009030	17005009	न				
17005009031	17005009	तो				
17005009032	17005009	उठा				
17005009033	17005009	न				
17005009034	17005009	ही				
17005009035	17005009	उससे				
17005009036	17005009	कांपा	y			
17005009037	17005009	,		y		
17005009038	17005009	तब				
17005009039	17005009	मोर्दकै				
17005009040	17005009	के				
17005009041	17005009	वृतान्त				
17005009042	17005009	पर				
17005009043	17005009	हामान				
17005009044	17005009	गुस्से				
17005009045	17005009	के				
17005009046	17005009	साथ				
17005009047	17005009	भर				
17005009048	17005009	गया	y			
17005009049	17005009	।		y		
17005010001	17005010	परन्तु				
17005010002	17005010	हामान				
17005010003	17005010	ने				
17005010004	17005010	स्वयं				
17005010005	17005010	को				
17005010006	17005010	संयमित				
17005010007	17005010	किया				
17005010008	17005010	और				
17005010009	17005010	अपने				
17005010010	17005010	घर				
17005010011	17005010	चला				
17005010012	17005010	गया	y			
17005010013	17005010	।		y		
17005010014	17005010	तब				
17005010015	17005010	उसने				
17005010016	17005010	भेजा				
17005010017	17005010	और				
17005010018	17005010	अपने				
17005010019	17005010	मित्रों				
17005010020	17005010	को				
17005010021	17005010	लाया				
17005010022	17005010	और				
17005010023	17005010	अपनी				
17005010024	17005010	पत्नी				
17005010025	17005010	जेरेश				
17005010026	17005010	को				
17005011001	17005011	तब				
17005011002	17005011	हामान				
17005011003	17005011	ने				
17005011004	17005011	उन्हें				
17005011005	17005011	अपने				
17005011006	17005011	धन				
17005011007	17005011	की				
17005011008	17005011	महिमा				
17005011009	17005011	का				
17005011010	17005011	विवरण				
17005011011	17005011	दिया	y			
17005011012	17005011	,		y		
17005011013	17005011	और				
17005011014	17005011	उसके				
17005011015	17005011	पुत्रों				
17005011016	17005011	की				
17005011017	17005011	भीड़	y			
17005011018	17005011	,		y		
17005011019	17005011	और				
17005011020	17005011	सब				
17005011021	17005011	कुछ				
17005011022	17005011	कि				
17005011023	17005011	राजा				
17005011024	17005011	ने				
17005011025	17005011	उसे				
17005011026	17005011	कैसे				
17005011027	17005011	महान				
17005011028	17005011	बनाया				
17005011029	17005011	था	y			
17005011030	17005011	,		y		
17005011031	17005011	और				
17005011032	17005011	कैसे				
17005011033	17005011	उसने				
17005011034	17005011	अधिकारियों				
17005011035	17005011	के				
17005011036	17005011	ऊपर				
17005011037	17005011	ऊँचा				
17005011038	17005011	उठाया				
17005011039	17005011	था				
17005011040	17005011	और				
17005011041	17005011	राजा				
17005011042	17005011	के				
17005011043	17005011	प्रशासकों	y			
17005011044	17005011	।		y		
17005012001	17005012	और				
17005012002	17005012	हामान				
17005012003	17005012	ने				
17005012004	17005012	कहा	y			
17005012005	17005012	,		y		
17005012006	17005012	""""	y	y		
17005012007	17005012	इसके				
17005012008	17005012	अतिरिक्त	y			
17005012009	17005012	,		y		
17005012010	17005012	एस्तेर				
17005012011	17005012	रानी				
17005012012	17005012	राजा				
17005012013	17005012	के				
17005012014	17005012	साथ				
17005012015	17005012	किसी				
17005012016	17005012	और				
17005012017	17005012	को				
17005012018	17005012	भोज				
17005012019	17005012	में				
17005012020	17005012	नहीं				
17005012021	17005012	लाई				
17005012022	17005012	जिसे				
17005012023	17005012	उसने				
17005012024	17005012	बनाया				
17005012025	17005012	था				
17005012026	17005012	मुझे				
17005012027	17005012	छोड़कर	y			
17005012028	17005012	।		y		
17005012029	17005012	और				
17005012030	17005012	कल				
17005012031	17005012	भी	y			
17005012032	17005012	,		y		
17005012033	17005012	मुझे				
17005012034	17005012	उसके				
17005012035	17005012	द्वारा				
17005012036	17005012	राजा				
17005012037	17005012	के				
17005012038	17005012	साथ				
17005012039	17005012	बुलाया				
17005012040	17005012	गया				
17005012041	17005012	है	y			
17005012042	17005012	।		y		
17005013001	17005013	परन्तु				
17005013002	17005013	यह				
17005013003	17005013	सब				
17005013004	17005013	मेरे				
17005013005	17005013	लिए				
17005013006	17005013	हर				
17005013007	17005013	बार				
17005013008	17005013	के				
17005013009	17005013	बराबर				
17005013010	17005013	नहीं				
17005013011	17005013	है				
17005013012	17005013	कि				
17005013013	17005013	मैं				
17005013014	17005013	मोर्दकै				
17005013015	17005013	यहूदी				
17005013016	17005013	को				
17005013017	17005013	राजा				
17005013018	17005013	के				
17005013019	17005013	फाटक				
17005013020	17005013	पर				
17005013021	17005013	बैठा				
17005013022	17005013	देखता				
17005013023	17005013	हूंँ	y			
17005013024	17005013	।	y	y		
17005013025	17005013	""""		y		
17005014001	17005014	तब				
17005014002	17005014	जेरेश				
17005014003	17005014	उसकी				
17005014004	17005014	पत्नी	y			
17005014005	17005014	,		y		
17005014006	17005014	उसके				
17005014007	17005014	सब				
17005014008	17005014	मित्रों				
17005014009	17005014	के				
17005014010	17005014	साथ	y			
17005014011	17005014	,		y		
17005014012	17005014	उससे				
17005014013	17005014	बोली	y			
17005014014	17005014	,		y		
17005014015	17005014	""""	y	y		
17005014016	17005014	उन्हें				
17005014017	17005014	एक				
17005014018	17005014	पेड़				
17005014019	17005014	को				
17005014020	17005014	50				
17005014021	17005014	हाथों				
17005014022	17005014	ऊंँचा				
17005014023	17005014	बनाने				
17005014024	17005014	दे	y			
17005014025	17005014	।		y		
17005014026	17005014	और				
17005014027	17005014	सुबह				
17005014028	17005014	राजा				
17005014029	17005014	से				
17005014030	17005014	बोल	y			
17005014031	17005014	,		y		
17005014032	17005014	और				
17005014033	17005014	उन्हें				
17005014034	17005014	मोर्दकै				
17005014035	17005014	को				
17005014036	17005014	उस				
17005014037	17005014	पर				
17005014038	17005014	लटकाने				
17005014039	17005014	दे	y			
17005014040	17005014	।		y		
17005014041	17005014	तब				
17005014042	17005014	राजा				
17005014043	17005014	के				
17005014044	17005014	साथ				
17005014045	17005014	भोज				
17005014046	17005014	में				
17005014047	17005014	आनन्दपूर्ण				
17005014048	17005014	जा	y			
17005014049	17005014	।	y	y		
17005014050	17005014	”		y		
17005014051	17005014	और				
17005014052	17005014	हामान				
17005014053	17005014	के				
17005014054	17005014	चेहरे				
17005014055	17005014	के				
17005014056	17005014	आगे				
17005014057	17005014	यह				
17005014058	17005014	शब्द				
17005014059	17005014	अच्छा				
17005014060	17005014	था	y			
17005014061	17005014	,		y		
17005014062	17005014	और				
17005014063	17005014	उसने				
17005014064	17005014	पेड़				
17005014065	17005014	बनाया	y			
17005014066	17005014	।		y		
17006001001	17006001	उस				
17006001002	17006001	रात				
17006001003	17006001	राजा				
17006001004	17006001	की				
17006001005	17006001	नींद				
17006001006	17006001	उड़				
17006001007	17006001	गई	y			
17006001008	17006001	।		y		
17006001009	17006001	और				
17006001010	17006001	उसने				
17006001011	17006001	दिनों				
17006001012	17006001	की				
17006001013	17006001	घटनाओं				
17006001014	17006001	के				
17006001015	17006001	अभिलेख				
17006001016	17006001	पुस्तक				
17006001017	17006001	लाने				
17006001018	17006001	के				
17006001019	17006001	लिए				
17006001020	17006001	कहा	y			
17006001021	17006001	,		y		
17006001022	17006001	और				
17006001023	17006001	उन्हें				
17006001024	17006001	राजा				
17006001025	17006001	के				
17006001026	17006001	चेहरे				
17006001027	17006001	के				
17006001028	17006001	आगे				
17006001029	17006001	बाहर				
17006001030	17006001	बुलाया				
17006001031	17006001	गया	y			
17006001032	17006001	।		y		
17006002001	17006002	और				
17006002002	17006002	यह				
17006002003	17006002	लिखा				
17006002004	17006002	पाया				
17006002005	17006002	गया				
17006002006	17006002	कि				
17006002007	17006002	मोर्दकै				
17006002008	17006002	ने				
17006002009	17006002	बिगताना				
17006002010	17006002	और				
17006002011	17006002	तेरेश				
17006002012	17006002	के				
17006002013	17006002	बारे				
17006002014	17006002	में				
17006002015	17006002	बताया				
17006002016	17006002	था	y			
17006002017	17006002	,		y		
17006002018	17006002	राजा				
17006002019	17006002	के				
17006002020	17006002	दो				
17006002021	17006002	खोजे				
17006002022	17006002	जो				
17006002023	17006002	द्वार				
17006002024	17006002	के				
17006002025	17006002	मार्ग				
17006002026	17006002	के				
17006002027	17006002	रखवालों				
17006002028	17006002	में				
17006002029	17006002	से				
17006002030	17006002	थे	y			
17006002031	17006002	,		y		
17006002032	17006002	कि				
17006002033	17006002	उन्होंने				
17006002034	17006002	राजा				
17006002035	17006002	क्षयर्ष				
17006002036	17006002	के				
17006002037	17006002	विरुद्ध				
17006002038	17006002	हाथ				
17006002039	17006002	फैलाने				
17006002040	17006002	का				
17006002041	17006002	प्रयास				
17006002042	17006002	किया				
17006002043	17006002	था	y			
17006002044	17006002	।		y		
17006003001	17006003	तब				
17006003002	17006003	राजा				
17006003003	17006003	ने				
17006003004	17006003	कहा	y			
17006003005	17006003	,		y		
17006003006	17006003	""""	y	y		
17006003007	17006003	इस				
17006003008	17006003	वृतान्त				
17006003009	17006003	पर				
17006003010	17006003	मोर्दकै				
17006003011	17006003	के				
17006003012	17006003	लिए				
17006003013	17006003	क्या				
17006003014	17006003	सम्मान				
17006003015	17006003	या				
17006003016	17006003	महानता				
17006003017	17006003	की				
17006003018	17006003	गई				
17006003019	17006003	थी	y			
17006003020	17006003	?	y	y		
17006003021	17006003	""""		y		
17006003022	17006003	और				
17006003023	17006003	राजा				
17006003024	17006003	के				
17006003025	17006003	जवान				
17006003026	17006003	पुरुषों				
17006003027	17006003	ने				
17006003028	17006003	कहा				
17006003029	17006003	जो				
17006003030	17006003	उसकी				
17006003031	17006003	सेवा				
17006003032	17006003	करते				
17006003033	17006003	थे	y			
17006003034	17006003	,		y		
17006003035	17006003	""""	y	y		
17006003036	17006003	उसके				
17006003037	17006003	साथ				
17006003038	17006003	एक				
17006003039	17006003	बात				
17006003040	17006003	भी				
17006003041	17006003	नहीं				
17006003042	17006003	की				
17006003043	17006003	गई				
17006003044	17006003	है	y			
17006003045	17006003	।	y	y		
17006003046	17006003	""""		y		
17006004001	17006004	तब				
17006004002	17006004	राजा				
17006004003	17006004	ने				
17006004004	17006004	पूछा	y			
17006004005	17006004	,		y		
17006004006	17006004	""""	y	y		
17006004007	17006004	आँगन				
17006004008	17006004	में				
17006004009	17006004	कौन				
17006004010	17006004	है	y			
17006004011	17006004	?	y	y		
17006004012	17006004	""""		y		
17006004013	17006004	अब				
17006004014	17006004	हामान				
17006004015	17006004	राजा				
17006004016	17006004	के				
17006004017	17006004	घर				
17006004018	17006004	के				
17006004019	17006004	बाहरी				
17006004020	17006004	आँगन				
17006004021	17006004	में				
17006004022	17006004	आया				
17006004023	17006004	था				
17006004024	17006004	और				
17006004025	17006004	राजा				
17006004026	17006004	को				
17006004027	17006004	पेड़				
17006004028	17006004	पर				
17006004029	17006004	मोर्दकै				
17006004030	17006004	को				
17006004031	17006004	लटकाने				
17006004032	17006004	के				
17006004033	17006004	लिए				
17006004034	17006004	कहने				
17006004035	17006004	के				
17006004036	17006004	लिए				
17006004037	17006004	जिसे				
17006004038	17006004	उसने				
17006004039	17006004	उसके				
17006004040	17006004	लिए				
17006004041	17006004	तैयार				
17006004042	17006004	किया				
17006004043	17006004	था	y			
17006004044	17006004	।		y		
17006005001	17006005	और				
17006005002	17006005	राजा				
17006005003	17006005	के				
17006005004	17006005	जवान				
17006005005	17006005	पुरुषों				
17006005006	17006005	ने				
17006005007	17006005	उससे				
17006005008	17006005	कहा	y			
17006005009	17006005	,		y		
17006005010	17006005	""""	y	y		
17006005011	17006005	देखो	y			
17006005012	17006005	,		y		
17006005013	17006005	हामान				
17006005014	17006005	आँगन				
17006005015	17006005	में				
17006005016	17006005	खड़ा				
17006005017	17006005	है	y			
17006005018	17006005	।	y	y		
17006005019	17006005	""""		y		
17006005020	17006005	और				
17006005021	17006005	राजा				
17006005022	17006005	ने				
17006005023	17006005	कहा	y			
17006005024	17006005	,		y		
17006005025	17006005	""""	y	y		
17006005026	17006005	उसे				
17006005027	17006005	आने				
17006005028	17006005	दो	y			
17006005029	17006005	।	y	y		
17006005030	17006005	""""		y		
17006006001	17006006	तब				
17006006002	17006006	हामान				
17006006003	17006006	आया	y			
17006006004	17006006	,		y		
17006006005	17006006	और				
17006006006	17006006	राजा				
17006006007	17006006	ने				
17006006008	17006006	उससे				
17006006009	17006006	कहा	y			
17006006010	17006006	,		y		
17006006011	17006006	""""	y	y		
17006006012	17006006	उस				
17006006013	17006006	आदमी				
17006006014	17006006	के				
17006006015	17006006	लिए				
17006006016	17006006	क्या				
17006006017	17006006	किया				
17006006018	17006006	जाए				
17006006019	17006006	जिसके				
17006006020	17006006	सम्मान				
17006006021	17006006	में				
17006006022	17006006	राजा				
17006006023	17006006	प्रसन्न				
17006006024	17006006	होता				
17006006025	17006006	है	y			
17006006026	17006006	?	y	y		
17006006027	17006006	""""		y		
17006006028	17006006	तब				
17006006029	17006006	हामान				
17006006030	17006006	ने				
17006006031	17006006	अपने				
17006006032	17006006	मन				
17006006033	17006006	में				
17006006034	17006006	कहा	y			
17006006035	17006006	,		y		
17006006036	17006006	""""	y	y		
17006006037	17006006	किसके				
17006006038	17006006	लिए				
17006006039	17006006	राजा				
17006006040	17006006	मेरे				
17006006041	17006006	से				
17006006042	17006006	अधिक				
17006006043	17006006	सम्मान				
17006006044	17006006	करने				
17006006045	17006006	के				
17006006046	17006006	लिए				
17006006047	17006006	प्रसन्न				
17006006048	17006006	होगा	y			
17006006049	17006006	?	y	y		
17006006050	17006006	""""		y		
17006007001	17006007	इसलिए				
17006007002	17006007	हामान				
17006007003	17006007	ने				
17006007004	17006007	राजा				
17006007005	17006007	से				
17006007006	17006007	कहा	y			
17006007007	17006007	,		y		
17006007008	17006007	""""	y	y		
17006007009	17006007	ऐसे				
17006007010	17006007	आदमी				
17006007011	17006007	के				
17006007012	17006007	लिए				
17006007013	17006007	जिसे				
17006007014	17006007	राजा				
17006007015	17006007	सम्मान				
17006007016	17006007	देने				
17006007017	17006007	के				
17006007018	17006007	लिए				
17006007019	17006007	प्रसन्न				
17006007020	17006007	होता				
17006007021	17006007	है	y			
17006007022	17006007	:		y		
17006008001	17006008	उन्हें				
17006008002	17006008	राज				
17006008003	17006008	सत्ता				
17006008004	17006008	का				
17006008005	17006008	एक				
17006008006	17006008	कपड़ा				
17006008007	17006008	लाने				
17006008008	17006008	दे				
17006008009	17006008	जिसके				
17006008010	17006008	साथ				
17006008011	17006008	राजा				
17006008012	17006008	ने				
17006008013	17006008	अपने				
17006008014	17006008	कपड़े				
17006008015	17006008	पहने				
17006008016	17006008	हैं	y			
17006008017	17006008	,		y		
17006008018	17006008	और				
17006008019	17006008	एक				
17006008020	17006008	घोड़ा				
17006008021	17006008	जिस				
17006008022	17006008	पर				
17006008023	17006008	राजा				
17006008024	17006008	सवार				
17006008025	17006008	हुआ				
17006008026	17006008	हो				
17006008027	17006008	और				
17006008028	17006008	जिसे				
17006008029	17006008	इसके				
17006008030	17006008	सिर				
17006008031	17006008	के				
17006008032	17006008	लिए				
17006008033	17006008	राज				
17006008034	17006008	सत्ता				
17006008035	17006008	का				
17006008036	17006008	मुकुट				
17006008037	17006008	दिया				
17006008038	17006008	गया				
17006008039	17006008	है	y			
17006008040	17006008	।		y		
17006009001	17006009	तब				
17006009002	17006009	यह				
17006009003	17006009	वस्त्र				
17006009004	17006009	दे				
17006009005	17006009	और				
17006009006	17006009	यह				
17006009007	17006009	घोड़ा				
17006009008	17006009	राजा				
17006009009	17006009	के				
17006009010	17006009	सबसे				
17006009011	17006009	कुलीन				
17006009012	17006009	अधिकारियों				
17006009013	17006009	में				
17006009014	17006009	से				
17006009015	17006009	एक				
17006009016	17006009	आदमी				
17006009017	17006009	के				
17006009018	17006009	हाथ				
17006009019	17006009	में	y			
17006009020	17006009	।		y		
17006009021	17006009	और				
17006009022	17006009	उन्हें				
17006009023	17006009	उस				
17006009024	17006009	आदमी				
17006009025	17006009	को				
17006009026	17006009	पहनाएँ	y			
17006009027	17006009	,		y		
17006009028	17006009	जिसे				
17006009029	17006009	राजा				
17006009030	17006009	सम्मान				
17006009031	17006009	देने				
17006009032	17006009	के				
17006009033	17006009	लिए				
17006009034	17006009	प्रसन्न				
17006009035	17006009	होता				
17006009036	17006009	है	y			
17006009037	17006009	,		y		
17006009038	17006009	और				
17006009039	17006009	उसे				
17006009040	17006009	शहर				
17006009041	17006009	के				
17006009042	17006009	खुले				
17006009043	17006009	वर्ग				
17006009044	17006009	में				
17006009045	17006009	घोड़े				
17006009046	17006009	पर				
17006009047	17006009	चढ़ने				
17006009048	17006009	के				
17006009049	17006009	लिए				
17006009050	17006009	प्रेरित				
17006009051	17006009	किया				
17006009052	17006009	जाए	y			
17006009053	17006009	,		y		
17006009054	17006009	और				
17006009055	17006009	उसके				
17006009056	17006009	चेहरे				
17006009057	17006009	के				
17006009058	17006009	आगे				
17006009059	17006009	घोषणा				
17006009060	17006009	की	y			
17006009061	17006009	,		y		
17006009062	17006009	इस				
17006009063	17006009	प्रकार				
17006009064	17006009	यह				
17006009065	17006009	उस				
17006009066	17006009	आदमी				
17006009067	17006009	के				
17006009068	17006009	लिए				
17006009069	17006009	किया				
17006009070	17006009	जाएगा				
17006009071	17006009	जिसे				
17006009072	17006009	राजा				
17006009073	17006009	सम्मान				
17006009074	17006009	देने				
17006009075	17006009	के				
17006009076	17006009	लिए				
17006009077	17006009	प्रसन्न				
17006009078	17006009	होता				
17006009079	17006009	है	y			
17006009080	17006009	!		y		
17006009081	17006009	''		y		
17006009082	17006009	'		y		
17006010001	17006010	इसलिए				
17006010002	17006010	राजा				
17006010003	17006010	ने				
17006010004	17006010	हामान				
17006010005	17006010	से				
17006010006	17006010	कहा	y			
17006010007	17006010	,		y		
17006010008	17006010	""""	y	y		
17006010009	17006010	शीघ्रता				
17006010010	17006010	कर	y			
17006010011	17006010	,		y		
17006010012	17006010	कपड़ा				
17006010013	17006010	और				
17006010014	17006010	घोड़ा				
17006010015	17006010	ले	y			
17006010016	17006010	,		y		
17006010017	17006010	उसके				
17006010018	17006010	अनुसार				
17006010019	17006010	जैसा				
17006010020	17006010	तूने				
17006010021	17006010	बोला				
17006010022	17006010	है	y			
17006010023	17006010	,		y		
17006010024	17006010	और				
17006010025	17006010	इसी				
17006010026	17006010	प्रकार				
17006010027	17006010	मोर्दकै				
17006010028	17006010	यहूदी				
17006010029	17006010	के				
17006010030	17006010	साथ				
17006010031	17006010	कर	y			
17006010032	17006010	,		y		
17006010033	17006010	आदमी				
17006010034	17006010	जो				
17006010035	17006010	राजा				
17006010036	17006010	के				
17006010037	17006010	फाटक				
17006010038	17006010	पर				
17006010039	17006010	बैठता				
17006010040	17006010	है	y			
17006010041	17006010	।		y		
17006010042	17006010	एक				
17006010043	17006010	शब्द				
17006010044	17006010	को				
17006010045	17006010	उन				
17006010046	17006010	सभी				
17006010047	17006010	से				
17006010048	17006010	गिरने				
17006010049	17006010	न				
17006010050	17006010	दे				
17006010051	17006010	जो				
17006010052	17006010	तूने				
17006010053	17006010	बोले				
17006010054	17006010	हैं	y			
17006010055	17006010	।	y	y		
17006010056	17006010	”		y		
17006011001	17006011	इसलिए				
17006011002	17006011	हामान				
17006011003	17006011	ने				
17006011004	17006011	कपड़ा				
17006011005	17006011	और				
17006011006	17006011	घोड़ा				
17006011007	17006011	लिया	y			
17006011008	17006011	,		y		
17006011009	17006011	और				
17006011010	17006011	उसने				
17006011011	17006011	मोर्दकै				
17006011012	17006011	को				
17006011013	17006011	कपड़े				
17006011014	17006011	पहनाएँ				
17006011015	17006011	और				
17006011016	17006011	उसने				
17006011017	17006011	उसकी				
17006011018	17006011	सवारी				
17006011019	17006011	शहर				
17006011020	17006011	के				
17006011021	17006011	खुले				
17006011022	17006011	स्थान				
17006011023	17006011	पर				
17006011024	17006011	कराई	y			
17006011025	17006011	,		y		
17006011026	17006011	और				
17006011027	17006011	उसके				
17006011028	17006011	चेहरे				
17006011029	17006011	के				
17006011030	17006011	आगे				
17006011031	17006011	बुलाया	y			
17006011032	17006011	,		y		
17006011033	17006011	""""	y	y		
17006011034	17006011	इसी				
17006011035	17006011	प्रकार				
17006011036	17006011	उस				
17006011037	17006011	आदमी				
17006011038	17006011	के				
17006011039	17006011	लिए				
17006011040	17006011	किया				
17006011041	17006011	जाएगा				
17006011042	17006011	जिसे				
17006011043	17006011	राजा				
17006011044	17006011	सम्मान				
17006011045	17006011	देने				
17006011046	17006011	के				
17006011047	17006011	लिए				
17006011048	17006011	प्रसन्न				
17006011049	17006011	होता				
17006011050	17006011	है	y			
17006011051	17006011	!	y	y		
17006011052	17006011	""""		y		
17006012001	17006012	तब				
17006012002	17006012	मोर्दकै				
17006012003	17006012	राजा				
17006012004	17006012	के				
17006012005	17006012	फाटक				
17006012006	17006012	पर				
17006012007	17006012	लौट				
17006012008	17006012	आया	y			
17006012009	17006012	,		y		
17006012010	17006012	परन्तु				
17006012011	17006012	हामान				
17006012012	17006012	शीघ्रता				
17006012013	17006012	से				
17006012014	17006012	अपने				
17006012015	17006012	घर				
17006012016	17006012	गया	y			
17006012017	17006012	,		y		
17006012018	17006012	सिर				
17006012019	17006012	को				
17006012020	17006012	ढाँपे				
17006012021	17006012	हुए				
17006012022	17006012	शोक				
17006012023	17006012	करते				
17006012024	17006012	हुए	y			
17006012025	17006012	।		y		
17006013001	17006013	तब				
17006013002	17006013	हामान				
17006013003	17006013	ने				
17006013004	17006013	जेरेश				
17006013005	17006013	अपनी				
17006013006	17006013	पत्नी				
17006013007	17006013	के				
17006013008	17006013	विवरण				
17006013009	17006013	दिया				
17006013010	17006013	और				
17006013011	17006013	उसके				
17006013012	17006013	सभी				
17006013013	17006013	मित्रों				
17006013014	17006013	को				
17006013015	17006013	सब				
17006013016	17006013	कुछ				
17006013017	17006013	जो				
17006013018	17006013	उसके				
17006013019	17006013	साथ				
17006013020	17006013	हुआ				
17006013021	17006013	था	y			
17006013022	17006013	।		y		
17006013023	17006013	तब				
17006013024	17006013	उसके				
17006013025	17006013	ज्ञानी				
17006013026	17006013	पुरुष				
17006013027	17006013	और				
17006013028	17006013	जेरेश				
17006013029	17006013	उसकी				
17006013030	17006013	पत्नी				
17006013031	17006013	ने				
17006013032	17006013	उससे				
17006013033	17006013	कहा	y			
17006013034	17006013	,		y		
17006013035	17006013	""""	y	y		
17006013036	17006013	यदि				
17006013037	17006013	मोर्दकै	y			
17006013038	17006013	,		y		
17006013039	17006013	जिसके				
17006013040	17006013	चेहरे				
17006013041	17006013	के				
17006013042	17006013	आगे				
17006013043	17006013	तूने				
17006013044	17006013	गिरना				
17006013045	17006013	शुरू				
17006013046	17006013	कर				
17006013047	17006013	दिया				
17006013048	17006013	है	y			
17006013049	17006013	,		y		
17006013050	17006013	यहूदियों				
17006013051	17006013	के				
17006013052	17006013	बीज				
17006013053	17006013	से				
17006013054	17006013	है	y			
17006013055	17006013	,		y		
17006013056	17006013	तब				
17006013057	17006013	तू				
17006013058	17006013	उसके				
17006013059	17006013	विरुद्ध				
17006013060	17006013	प्रबल				
17006013061	17006013	नहीं				
17006013062	17006013	होगा	y			
17006013063	17006013	,		y		
17006013064	17006013	परन्तु				
17006013065	17006013	तू				
17006013066	17006013	निश्चित				
17006013067	17006013	उसके				
17006013068	17006013	चेहरे				
17006013069	17006013	के				
17006013070	17006013	आगे				
17006013071	17006013	से				
17006013072	17006013	गिर				
17006013073	17006013	जाएगा	y			
17006013074	17006013	।		y		
17006014001	17006014	वे				
17006014002	17006014	अभी				
17006014003	17006014	भी				
17006014004	17006014	उसके				
17006014005	17006014	साथ				
17006014006	17006014	बोल				
17006014007	17006014	रहे				
17006014008	17006014	थे				
17006014009	17006014	जब				
17006014010	17006014	राजा				
17006014011	17006014	के				
17006014012	17006014	खोजे				
17006014013	17006014	आ				
17006014014	17006014	पहुंँचे	y			
17006014015	17006014	।		y		
17006014016	17006014	और				
17006014017	17006014	उन्होंने				
17006014018	17006014	हामान				
17006014019	17006014	को				
17006014020	17006014	भोज				
17006014021	17006014	में				
17006014022	17006014	लाने				
17006014023	17006014	के				
17006014024	17006014	लिए				
17006014025	17006014	शीघ्रता				
17006014026	17006014	की				
17006014027	17006014	जिसे				
17006014028	17006014	एस्तेर				
17006014029	17006014	ने				
17006014030	17006014	बनाया				
17006014031	17006014	था	y			
17006014032	17006014	।		y		
17007001001	17007001	इसलिए				
17007001002	17007001	राजा				
17007001003	17007001	हामान				
17007001004	17007001	के				
17007001005	17007001	साथ				
17007001006	17007001	एस्तेर				
17007001007	17007001	रानी				
17007001008	17007001	के				
17007001009	17007001	साथ				
17007001010	17007001	पीने				
17007001011	17007001	के				
17007001012	17007001	लिए				
17007001013	17007001	आया	y			
17007001014	17007001	।		y		
17007002001	17007002	और				
17007002002	17007002	राजा				
17007002003	17007002	ने				
17007002004	17007002	दूसरे				
17007002005	17007002	दिन				
17007002006	17007002	एस्तेर				
17007002007	17007002	से				
17007002008	17007002	फिर				
17007002009	17007002	कहा				
17007002010	17007002	दाखमधु				
17007002011	17007002	के				
17007002012	17007002	भोज				
17007002013	17007002	के				
17007002014	17007002	बीच	y			
17007002015	17007002	,		y		
17007002016	17007002	“	y	y		
17007002017	17007002	तेरी				
17007002018	17007002	याचिका				
17007002019	17007002	क्या				
17007002020	17007002	है	y			
17007002021	17007002	,		y		
17007002022	17007002	एस्तेर				
17007002023	17007002	रानी	y			
17007002024	17007002	?		y		
17007002025	17007002	और				
17007002026	17007002	इसे				
17007002027	17007002	तूझे				
17007002028	17007002	दिया				
17007002029	17007002	जाए	y			
17007002030	17007002	।		y		
17007002031	17007002	और				
17007002032	17007002	तेरा				
17007002033	17007002	क्या				
17007002034	17007002	निवेदन				
17007002035	17007002	है	y			
17007002036	17007002	?		y		
17007002037	17007002	राज्य				
17007002038	17007002	के				
17007002039	17007002	आधे				
17007002040	17007002	हिस्से				
17007002041	17007002	जितना	y			
17007002042	17007002	,		y		
17007002043	17007002	और				
17007002044	17007002	इसे				
17007002045	17007002	किया				
17007002046	17007002	जाए	y			
17007002047	17007002	।		y		
17007002048	17007002	""""		y		
17007003001	17007003	तब				
17007003002	17007003	एस्तेर				
17007003003	17007003	रानी				
17007003004	17007003	ने				
17007003005	17007003	उत्तर				
17007003006	17007003	दिया				
17007003007	17007003	और				
17007003008	17007003	कहा	y			
17007003009	17007003	,		y		
17007003010	17007003	""""	y	y		
17007003011	17007003	यदि				
17007003012	17007003	मैंने				
17007003013	17007003	तेरी				
17007003014	17007003	आँखों				
17007003015	17007003	में				
17007003016	17007003	कृपा				
17007003017	17007003	पाई				
17007003018	17007003	है	y			
17007003019	17007003	,		y		
17007003020	17007003	हे				
17007003021	17007003	राजा	y			
17007003022	17007003	,		y		
17007003023	17007003	और				
17007003024	17007003	यदि				
17007003025	17007003	राजा				
17007003026	17007003	को				
17007003027	17007003	अच्छा				
17007003028	17007003	लगे	y			
17007003029	17007003	,		y		
17007003030	17007003	मेरा				
17007003031	17007003	जीवन				
17007003032	17007003	मुझे				
17007003033	17007003	मेरी				
17007003034	17007003	याचिका				
17007003035	17007003	पर				
17007003036	17007003	दिया				
17007003037	17007003	जाए	y			
17007003038	17007003	,		y		
17007003039	17007003	और				
17007003040	17007003	मेरे				
17007003041	17007003	निवेदन				
17007003042	17007003	पर				
17007003043	17007003	मेरे				
17007003044	17007003	लोग	y			
17007003045	17007003	।		y		
17007004001	17007004	क्योंकि				
17007004002	17007004	हमें				
17007004003	17007004	बेचा				
17007004004	17007004	गया				
17007004005	17007004	है	y			
17007004006	17007004	,		y		
17007004007	17007004	मैं				
17007004008	17007004	और				
17007004009	17007004	मेरे				
17007004010	17007004	लोग	y			
17007004011	17007004	,		y		
17007004012	17007004	संहार				
17007004013	17007004	के				
17007004014	17007004	लिए	y			
17007004015	17007004	,		y		
17007004016	17007004	वध				
17007004017	17007004	के				
17007004018	17007004	लिए	y			
17007004019	17007004	,		y		
17007004020	17007004	और				
17007004021	17007004	नाश				
17007004022	17007004	के				
17007004023	17007004	लिए	y			
17007004024	17007004	।		y		
17007004025	17007004	अब				
17007004026	17007004	यदि				
17007004027	17007004	हमें				
17007004028	17007004	गुलाम				
17007004029	17007004	के				
17007004030	17007004	रूप				
17007004031	17007004	में				
17007004032	17007004	बेचा				
17007004033	17007004	गया				
17007004034	17007004	होता				
17007004035	17007004	और				
17007004036	17007004	महिला				
17007004037	17007004	सेविकाओं	y			
17007004038	17007004	,		y		
17007004039	17007004	मैं				
17007004040	17007004	चुप				
17007004041	17007004	रहती	y			
17007004042	17007004	,		y		
17007004043	17007004	क्योंकि				
17007004044	17007004	संकट				
17007004045	17007004	राजा				
17007004046	17007004	के				
17007004047	17007004	एक				
17007004048	17007004	बोझ				
17007004049	17007004	के				
17007004050	17007004	बराबर				
17007004051	17007004	नहीं				
17007004052	17007004	होता	y			
17007004053	17007004	।		y		
17007004054	17007004	""""		y		
17007005001	17007005	तब				
17007005002	17007005	राजा				
17007005003	17007005	क्षयर्ष				
17007005004	17007005	बोला				
17007005005	17007005	और				
17007005006	17007005	एस्तेर				
17007005007	17007005	रानी				
17007005008	17007005	से				
17007005009	17007005	कहा	y			
17007005010	17007005	,		y		
17007005011	17007005	“	y	y		
17007005012	17007005	वह				
17007005013	17007005	कौन				
17007005014	17007005	है	y			
17007005015	17007005	,		y		
17007005016	17007005	यह				
17007005017	17007005	आदमी	y			
17007005018	17007005	?		y		
17007005019	17007005	यह				
17007005020	17007005	आदमी				
17007005021	17007005	कहांँ				
17007005022	17007005	है	y			
17007005023	17007005	,		y		
17007005024	17007005	वह				
17007005025	17007005	जिसका				
17007005026	17007005	मन				
17007005027	17007005	इस				
17007005028	17007005	तरह				
17007005029	17007005	करने				
17007005030	17007005	से				
17007005031	17007005	भरा				
17007005032	17007005	है	y			
17007005033	17007005	?	y	y		
17007005034	17007005	""""		y		
17007006001	17007006	एस्तेर				
17007006002	17007006	ने				
17007006003	17007006	उत्तर				
17007006004	17007006	दिया	y			
17007006005	17007006	,		y		
17007006006	17007006	“	y	y		
17007006007	17007006	एक				
17007006008	17007006	आदमी	y			
17007006009	17007006	,		y		
17007006010	17007006	एक				
17007006011	17007006	विरोधी				
17007006012	17007006	और				
17007006013	17007006	एक				
17007006014	17007006	शत्रु				
17007006015	17007006	-		y		
17007006016	17007006	यह				
17007006017	17007006	बुरा				
17007006018	17007006	हामान	y			
17007006019	17007006	!	y	y		
17007006020	17007006	”		y		
17007006021	17007006	तब				
17007006022	17007006	हामान				
17007006023	17007006	राजा				
17007006024	17007006	और				
17007006025	17007006	रानी				
17007006026	17007006	के				
17007006027	17007006	चेहरे				
17007006028	17007006	के				
17007006029	17007006	आगे				
17007006030	17007006	भयभीत				
17007006031	17007006	हो				
17007006032	17007006	गया	y			
17007006033	17007006	।		y		
17007007001	17007007	तब				
17007007002	17007007	राजा				
17007007003	17007007	दाखमधु				
17007007004	17007007	के				
17007007005	17007007	भोज				
17007007006	17007007	से				
17007007007	17007007	अपने				
17007007008	17007007	क्रोध				
17007007009	17007007	में				
17007007010	17007007	उठते				
17007007011	17007007	हुए				
17007007012	17007007	महल				
17007007013	17007007	की				
17007007014	17007007	वाटिका				
17007007015	17007007	की				
17007007016	17007007	ओर				
17007007017	17007007	बढ़				
17007007018	17007007	गया	y			
17007007019	17007007	।		y		
17007007020	17007007	परन्तु				
17007007021	17007007	हामान				
17007007022	17007007	एस्तेर				
17007007023	17007007	रानी				
17007007024	17007007	से				
17007007025	17007007	अपने				
17007007026	17007007	जीवन				
17007007027	17007007	की				
17007007028	17007007	खोज				
17007007029	17007007	के				
17007007030	17007007	लिए				
17007007031	17007007	वहीं				
17007007032	17007007	रहा	y			
17007007033	17007007	,		y		
17007007034	17007007	क्योंकि				
17007007035	17007007	उसने				
17007007036	17007007	देखा				
17007007037	17007007	कि				
17007007038	17007007	राजा				
17007007039	17007007	द्वारा				
17007007040	17007007	उसके				
17007007041	17007007	विरुद्ध				
17007007042	17007007	बुराई				
17007007043	17007007	को				
17007007044	17007007	निर्धारित				
17007007045	17007007	किया				
17007007046	17007007	गया				
17007007047	17007007	था	y			
17007007048	17007007	।		y		
17007008001	17007008	अब				
17007008002	17007008	जब				
17007008003	17007008	राजा				
17007008004	17007008	महल				
17007008005	17007008	की				
17007008006	17007008	वाटिका				
17007008007	17007008	से				
17007008008	17007008	दाखमधु				
17007008009	17007008	के				
17007008010	17007008	भोज				
17007008011	17007008	के				
17007008012	17007008	घर				
17007008013	17007008	लौटा	y			
17007008014	17007008	,		y		
17007008015	17007008	हामान				
17007008016	17007008	सोफे				
17007008017	17007008	पर				
17007008018	17007008	गिरा				
17007008019	17007008	हुआ				
17007008020	17007008	था				
17007008021	17007008	जिस				
17007008022	17007008	पर				
17007008023	17007008	एस्तेर				
17007008024	17007008	थी	y			
17007008025	17007008	।		y		
17007008026	17007008	और				
17007008027	17007008	राजा				
17007008028	17007008	ने				
17007008029	17007008	कहा	y			
17007008030	17007008	,		y		
17007008031	17007008	""""	y	y		
17007008032	17007008	क्या				
17007008033	17007008	मेरे				
17007008034	17007008	घर				
17007008035	17007008	में				
17007008036	17007008	मेरे				
17007008037	17007008	साथ				
17007008038	17007008	रानी				
17007008039	17007008	को				
17007008040	17007008	भी				
17007008041	17007008	वश				
17007008042	17007008	में				
17007008043	17007008	करना				
17007008044	17007008	है	y			
17007008045	17007008	?	y	y		
17007008046	17007008	""""		y		
17007008047	17007008	राजा				
17007008048	17007008	के				
17007008049	17007008	मुँह				
17007008050	17007008	से				
17007008051	17007008	यह				
17007008052	17007008	शब्द				
17007008053	17007008	निकल				
17007008054	17007008	रहा				
17007008055	17007008	था				
17007008056	17007008	जब				
17007008057	17007008	उन्होंने				
17007008058	17007008	हामान				
17007008059	17007008	का				
17007008060	17007008	चेहरा				
17007008061	17007008	ढका	y			
17007008062	17007008	।		y		
17007009001	17007009	तब				
17007009002	17007009	हर्बोना	y			
17007009003	17007009	,		y		
17007009004	17007009	खोजों				
17007009005	17007009	में				
17007009006	17007009	से				
17007009007	17007009	एक				
17007009008	17007009	ने				
17007009009	17007009	राजा				
17007009010	17007009	के				
17007009011	17007009	चेहरे				
17007009012	17007009	के				
17007009013	17007009	आगे	y			
17007009014	17007009	,		y		
17007009015	17007009	कहा	y			
17007009016	17007009	,		y		
17007009017	17007009	""""	y	y		
17007009018	17007009	इसके				
17007009019	17007009	अतिरिक्त	y			
17007009020	17007009	,		y		
17007009021	17007009	देखो	y			
17007009022	17007009	,		y		
17007009023	17007009	वह				
17007009024	17007009	पेड़				
17007009025	17007009	जिसे				
17007009026	17007009	हामान				
17007009027	17007009	ने				
17007009028	17007009	मोर्दकै				
17007009029	17007009	के				
17007009030	17007009	लिए				
17007009031	17007009	बनाया	y			
17007009032	17007009	,		y		
17007009033	17007009	जिसने				
17007009034	17007009	राजा				
17007009035	17007009	के				
17007009036	17007009	लिए				
17007009037	17007009	अच्छा				
17007009038	17007009	बोला				
17007009039	17007009	था	y			
17007009040	17007009	,		y		
17007009041	17007009	हामान				
17007009042	17007009	के				
17007009043	17007009	घर				
17007009044	17007009	में				
17007009045	17007009	50				
17007009046	17007009	हाथ				
17007009047	17007009	ऊँचे				
17007009048	17007009	खड़ा				
17007009049	17007009	है	y			
17007009050	17007009	।	y	y		
17007009051	17007009	""""		y		
17007009052	17007009	और				
17007009053	17007009	राजा				
17007009054	17007009	ने				
17007009055	17007009	कहा	y			
17007009056	17007009	,		y		
17007009057	17007009	""""	y	y		
17007009058	17007009	इसे				
17007009059	17007009	उसी				
17007009060	17007009	पर				
17007009061	17007009	लटका				
17007009062	17007009	दो	y			
17007009063	17007009	।	y	y		
17007009064	17007009	""""		y		
17007010001	17007010	इसलिए				
17007010002	17007010	उन्होंने				
17007010003	17007010	हामान				
17007010004	17007010	को				
17007010005	17007010	पेड़				
17007010006	17007010	पर				
17007010007	17007010	लटका				
17007010008	17007010	दिया				
17007010009	17007010	जिसे				
17007010010	17007010	उसने				
17007010011	17007010	मोर्दकै				
17007010012	17007010	के				
17007010013	17007010	लिए				
17007010014	17007010	तैयार				
17007010015	17007010	किया				
17007010016	17007010	था	y			
17007010017	17007010	,		y		
17007010018	17007010	और				
17007010019	17007010	राजा				
17007010020	17007010	का				
17007010021	17007010	क्रोध				
17007010022	17007010	कम				
17007010023	17007010	हो				
17007010024	17007010	गया	y			
17007010025	17007010	।		y		
17008001001	17008001	उस				
17008001002	17008001	दिन	y			
17008001003	17008001	,		y		
17008001004	17008001	राजा				
17008001005	17008001	क्षयर्ष				
17008001006	17008001	ने				
17008001007	17008001	एस्तेर				
17008001008	17008001	रानी				
17008001009	17008001	को				
17008001010	17008001	हामान				
17008001011	17008001	के				
17008001012	17008001	घर				
17008001013	17008001	को				
17008001014	17008001	दे				
17008001015	17008001	दिया	y			
17008001016	17008001	,		y		
17008001017	17008001	यहूदियों				
17008001018	17008001	का				
17008001019	17008001	विरोधी	y			
17008001020	17008001	।		y		
17008001021	17008001	और				
17008001022	17008001	मोर्दकै				
17008001023	17008001	राजा				
17008001024	17008001	के				
17008001025	17008001	चेहरे				
17008001026	17008001	के				
17008001027	17008001	आगे				
17008001028	17008001	आया	y			
17008001029	17008001	,		y		
17008001030	17008001	क्योंकि				
17008001031	17008001	एस्तेर				
17008001032	17008001	ने				
17008001033	17008001	बताया				
17008001034	17008001	कि				
17008001035	17008001	वह				
17008001036	17008001	उसके				
17008001037	17008001	लिए				
17008001038	17008001	क्या				
17008001039	17008001	था	y			
17008001040	17008001	।		y		
17008002001	17008002	तब				
17008002002	17008002	राजा				
17008002003	17008002	ने				
17008002004	17008002	अपनी				
17008002005	17008002	मुहर				
17008002006	17008002	वाली				
17008002007	17008002	अंगूठी				
17008002008	17008002	हटाई	y			
17008002009	17008002	,		y		
17008002010	17008002	जिसे				
17008002011	17008002	उसने				
17008002012	17008002	हामान				
17008002013	17008002	से				
17008002014	17008002	जाने				
17008002015	17008002	के				
17008002016	17008002	कारण				
17008002017	17008002	बनाया				
17008002018	17008002	था	y			
17008002019	17008002	,		y		
17008002020	17008002	और				
17008002021	17008002	उसने				
17008002022	17008002	इसे				
17008002023	17008002	मोर्दकै				
17008002024	17008002	को				
17008002025	17008002	दे				
17008002026	17008002	दिया	y			
17008002027	17008002	।		y		
17008002028	17008002	और				
17008002029	17008002	एस्तेर				
17008002030	17008002	ने				
17008002031	17008002	मोर्दकै				
17008002032	17008002	को				
17008002033	17008002	हामान				
17008002034	17008002	के				
17008002035	17008002	घर				
17008002036	17008002	पर				
17008002037	17008002	रखा	y			
17008002038	17008002	।		y		
17008003001	17008003	तब				
17008003002	17008003	एस्तेर				
17008003003	17008003	ने				
17008003004	17008003	अपनी				
17008003005	17008003	गतिविधि				
17008003006	17008003	दोहराई	y			
17008003007	17008003	,		y		
17008003008	17008003	और				
17008003009	17008003	वह				
17008003010	17008003	राजा				
17008003011	17008003	के				
17008003012	17008003	चेहरे				
17008003013	17008003	के				
17008003014	17008003	आगे				
17008003015	17008003	बोली	y			
17008003016	17008003	।		y		
17008003017	17008003	वह				
17008003018	17008003	उसके				
17008003019	17008003	पैरों				
17008003020	17008003	के				
17008003021	17008003	चेहरे				
17008003022	17008003	के				
17008003023	17008003	आगे				
17008003024	17008003	गिर				
17008003025	17008003	गई				
17008003026	17008003	और				
17008003027	17008003	रोई				
17008003028	17008003	और				
17008003029	17008003	उससे				
17008003030	17008003	कृपा				
17008003031	17008003	की				
17008003032	17008003	खोज				
17008003033	17008003	की				
17008003034	17008003	कि				
17008003035	17008003	हामान				
17008003036	17008003	अगागी				
17008003037	17008003	की				
17008003038	17008003	बुराई				
17008003039	17008003	को				
17008003040	17008003	दूर				
17008003041	17008003	करे				
17008003042	17008003	और				
17008003043	17008003	उसकी				
17008003044	17008003	साजिश				
17008003045	17008003	जिसे				
17008003046	17008003	उसने				
17008003047	17008003	यहूदियों				
17008003048	17008003	के				
17008003049	17008003	विरुद्ध				
17008003050	17008003	रचा				
17008003051	17008003	था	y			
17008003052	17008003	।		y		
17008004001	17008004	और				
17008004002	17008004	राजा				
17008004003	17008004	ने				
17008004004	17008004	सोने				
17008004005	17008004	का				
17008004006	17008004	राजदंड				
17008004007	17008004	एस्तेर				
17008004008	17008004	को				
17008004009	17008004	थमाया	y			
17008004010	17008004	,		y		
17008004011	17008004	और				
17008004012	17008004	एस्तेर				
17008004013	17008004	उठी				
17008004014	17008004	और				
17008004015	17008004	राजा				
17008004016	17008004	के				
17008004017	17008004	चेहरे				
17008004018	17008004	के				
17008004019	17008004	आगे				
17008004020	17008004	खड़ी				
17008004021	17008004	हुई	y			
17008004022	17008004	।		y		
17008005001	17008005	और				
17008005002	17008005	उसने				
17008005003	17008005	कहा	y			
17008005004	17008005	,		y		
17008005005	17008005	""""	y	y		
17008005006	17008005	यदि				
17008005007	17008005	यह				
17008005008	17008005	राजा				
17008005009	17008005	के				
17008005010	17008005	लिए				
17008005011	17008005	अच्छा				
17008005012	17008005	है	y			
17008005013	17008005	,		y		
17008005014	17008005	और				
17008005015	17008005	यदि				
17008005016	17008005	मुझे				
17008005017	17008005	उसके				
17008005018	17008005	चेहरे				
17008005019	17008005	के				
17008005020	17008005	आगे				
17008005021	17008005	कृपा				
17008005022	17008005	मिली				
17008005023	17008005	है	y			
17008005024	17008005	,		y		
17008005025	17008005	और				
17008005026	17008005	राजा				
17008005027	17008005	के				
17008005028	17008005	चेहरे				
17008005029	17008005	के				
17008005030	17008005	आगे				
17008005031	17008005	यह				
17008005032	17008005	शब्द				
17008005033	17008005	उचित				
17008005034	17008005	है	y			
17008005035	17008005	,		y		
17008005036	17008005	और				
17008005037	17008005	मैं				
17008005038	17008005	उसकी				
17008005039	17008005	आँखों				
17008005040	17008005	में				
17008005041	17008005	अच्छी				
17008005042	17008005	हूँ	y			
17008005043	17008005	,		y		
17008005044	17008005	उन				
17008005045	17008005	पत्रों				
17008005046	17008005	को				
17008005047	17008005	वापस				
17008005048	17008005	लाने				
17008005049	17008005	के				
17008005050	17008005	लिए				
17008005051	17008005	लिखा				
17008005052	17008005	जाए	y			
17008005053	17008005	,		y		
17008005054	17008005	हामान				
17008005055	17008005	की				
17008005056	17008005	साजिश	y			
17008005057	17008005	,		y		
17008005058	17008005	हम्मादाता				
17008005059	17008005	अगागी				
17008005060	17008005	का				
17008005061	17008005	पुत्र	y			
17008005062	17008005	,		y		
17008005063	17008005	जो				
17008005064	17008005	उसने				
17008005065	17008005	यहूदियों				
17008005066	17008005	को				
17008005067	17008005	नाश				
17008005068	17008005	करने				
17008005069	17008005	के				
17008005070	17008005	लिए				
17008005071	17008005	लिखे				
17008005072	17008005	थे				
17008005073	17008005	जो				
17008005074	17008005	राजा				
17008005075	17008005	के				
17008005076	17008005	सभी				
17008005077	17008005	प्रांतों				
17008005078	17008005	में				
17008005079	17008005	हैं	y			
17008005080	17008005	।		y		
17008006001	17008006	क्योंकि				
17008006002	17008006	मैं				
17008006003	17008006	कैसे				
17008006004	17008006	बुराई				
17008006005	17008006	को				
17008006006	17008006	देखते				
17008006007	17008006	हुए				
17008006008	17008006	सहन				
17008006009	17008006	कर				
17008006010	17008006	सकती				
17008006011	17008006	थी				
17008006012	17008006	जो				
17008006013	17008006	मेरे				
17008006014	17008006	लोगों				
17008006015	17008006	को				
17008006016	17008006	मिलेगी	y			
17008006017	17008006	?		y		
17008006018	17008006	और				
17008006019	17008006	मैं				
17008006020	17008006	कैसे				
17008006021	17008006	मेरे				
17008006022	17008006	रिश्तेदारों				
17008006023	17008006	के				
17008006024	17008006	विनाश				
17008006025	17008006	को				
17008006026	17008006	देखते				
17008006027	17008006	हुए				
17008006028	17008006	सहन				
17008006029	17008006	कर				
17008006030	17008006	सकती				
17008006031	17008006	थी	y			
17008006032	17008006	?		y		
17008006033	17008006	""""		y		
17008007001	17008007	और				
17008007002	17008007	राजा				
17008007003	17008007	क्षयर्ष				
17008007004	17008007	ने				
17008007005	17008007	एस्तेर				
17008007006	17008007	रानी				
17008007007	17008007	से				
17008007008	17008007	कहा				
17008007009	17008007	और				
17008007010	17008007	मोर्दकै				
17008007011	17008007	यहूदी				
17008007012	17008007	को	y			
17008007013	17008007	,		y		
17008007014	17008007	""""	y	y		
17008007015	17008007	देखो	y			
17008007016	17008007	,		y		
17008007017	17008007	मैंने				
17008007018	17008007	एस्तेर				
17008007019	17008007	को				
17008007020	17008007	हामान				
17008007021	17008007	का				
17008007022	17008007	घर				
17008007023	17008007	दे				
17008007024	17008007	दिया				
17008007025	17008007	है	y			
17008007026	17008007	,		y		
17008007027	17008007	और				
17008007028	17008007	उन्होंने				
17008007029	17008007	उसे				
17008007030	17008007	पेड़				
17008007031	17008007	पर				
17008007032	17008007	लटका				
17008007033	17008007	दिया	y			
17008007034	17008007	,		y		
17008007035	17008007	इस				
17008007036	17008007	वृतान्त				
17008007037	17008007	पर	y			
17008007038	17008007	,		y		
17008007039	17008007	कि				
17008007040	17008007	उसने				
17008007041	17008007	यहूदियों				
17008007042	17008007	के				
17008007043	17008007	विरुद्ध				
17008007044	17008007	अपना				
17008007045	17008007	हाथ				
17008007046	17008007	फैलाया	y			
17008007047	17008007	।		y		
17008008001	17008008	इसलिए				
17008008002	17008008	तुम				
17008008003	17008008	यहूदियों				
17008008004	17008008	के				
17008008005	17008008	लिए				
17008008006	17008008	लिखो				
17008008007	17008008	जैसे				
17008008008	17008008	तुम्हें				
17008008009	17008008	अपनी				
17008008010	17008008	आँखों				
17008008011	17008008	में				
17008008012	17008008	अच्छा				
17008008013	17008008	लगे				
17008008014	17008008	राजा				
17008008015	17008008	के				
17008008016	17008008	नाम				
17008008017	17008008	पर	y			
17008008018	17008008	,		y		
17008008019	17008008	और				
17008008020	17008008	इसे				
17008008021	17008008	राजा				
17008008022	17008008	की				
17008008023	17008008	मुहर				
17008008024	17008008	वाली				
17008008025	17008008	अंगूठी				
17008008026	17008008	से				
17008008027	17008008	मुहरबन्द				
17008008028	17008008	कर				
17008008029	17008008	दो	y			
17008008030	17008008	।		y		
17008008031	17008008	क्योंकि				
17008008032	17008008	लिखत				
17008008033	17008008	को				
17008008034	17008008	वापस				
17008008035	17008008	लेने				
17008008036	17008008	वाला				
17008008037	17008008	कोई				
17008008038	17008008	नहीं				
17008008039	17008008	है				
17008008040	17008008	जो				
17008008041	17008008	राजा				
17008008042	17008008	के				
17008008043	17008008	नाम				
17008008044	17008008	पर				
17008008045	17008008	लिखी				
17008008046	17008008	गई				
17008008047	17008008	है				
17008008048	17008008	और				
17008008049	17008008	राजा				
17008008050	17008008	की				
17008008051	17008008	मुहर				
17008008052	17008008	वाली				
17008008053	17008008	अंगूठी				
17008008054	17008008	के				
17008008055	17008008	साथ				
17008008056	17008008	मुहरबन्द				
17008008057	17008008	की				
17008008058	17008008	गई				
17008008059	17008008	है	y			
17008008060	17008008	।	y	y		
17008008061	17008008	""""		y		
17008009001	17008009	और				
17008009002	17008009	राजा				
17008009003	17008009	के				
17008009004	17008009	शास्त्री				
17008009005	17008009	उस				
17008009006	17008009	समय				
17008009007	17008009	बुलाए				
17008009008	17008009	गए	y			
17008009009	17008009	,		y		
17008009010	17008009	तीसरे				
17008009011	17008009	महीने				
17008009012	17008009	में	y			
17008009013	17008009	,		y		
17008009014	17008009	जो				
17008009015	17008009	कि				
17008009016	17008009	सीवान				
17008009017	17008009	महीना				
17008009018	17008009	है	y			
17008009019	17008009	,		y		
17008009020	17008009	इसके				
17008009021	17008009	तेरहवें				
17008009022	17008009	दिन	y			
17008009023	17008009	।		y		
17008009024	17008009	और				
17008009025	17008009	उस				
17008009026	17008009	सभी				
17008009027	17008009	के				
17008009028	17008009	अनुसार				
17008009029	17008009	लिखा				
17008009030	17008009	गया				
17008009031	17008009	जिसकी				
17008009032	17008009	आज्ञा				
17008009033	17008009	मोर्दकै				
17008009034	17008009	ने				
17008009035	17008009	दी				
17008009036	17008009	यह				
17008009037	17008009	यहूदियों				
17008009038	17008009	को				
17008009039	17008009	लिखा				
17008009040	17008009	गया				
17008009041	17008009	था	y			
17008009042	17008009	,		y		
17008009043	17008009	और				
17008009044	17008009	क्षत्रपों				
17008009045	17008009	को	y			
17008009046	17008009	;		y		
17008009047	17008009	और				
17008009048	17008009	राज्यपालों				
17008009049	17008009	और				
17008009050	17008009	प्रांतों				
17008009051	17008009	के				
17008009052	17008009	ऊपर				
17008009053	17008009	अधिकारियों				
17008009054	17008009	को				
17008009055	17008009	जो				
17008009056	17008009	भारत				
17008009057	17008009	से				
17008009058	17008009	लेकर				
17008009059	17008009	सुदूर				
17008009060	17008009	इथियोपिया				
17008009061	17008009	तक				
17008009062	17008009	थे	y			
17008009063	17008009	:		y		
17008009064	17008009	127				
17008009065	17008009	प्रांतों	y			
17008009066	17008009	;		y		
17008009067	17008009	इसके				
17008009068	17008009	अक्षरों				
17008009069	17008009	को				
17008009070	17008009	प्रांत				
17008009071	17008009	प्रति				
17008009072	17008009	प्रांत	y			
17008009073	17008009	,		y		
17008009074	17008009	और				
17008009075	17008009	लोग				
17008009076	17008009	प्रति				
17008009077	17008009	लोग				
17008009078	17008009	इसकी				
17008009079	17008009	बोली				
17008009080	17008009	के				
17008009081	17008009	अनुसार	y			
17008009082	17008009	,		y		
17008009083	17008009	और				
17008009084	17008009	यहूदियों				
17008009085	17008009	को				
17008009086	17008009	उनके				
17008009087	17008009	अक्षरों				
17008009088	17008009	के				
17008009089	17008009	अनुसार				
17008009090	17008009	और				
17008009091	17008009	उनकी				
17008009092	17008009	बोली				
17008009093	17008009	के				
17008009094	17008009	अनुसार	y			
17008009095	17008009	।		y		
17008010001	17008010	और				
17008010002	17008010	उसने				
17008010003	17008010	राजा				
17008010004	17008010	क्षयर्ष				
17008010005	17008010	के				
17008010006	17008010	नाम				
17008010007	17008010	में				
17008010008	17008010	लिखा	y			
17008010009	17008010	,		y		
17008010010	17008010	और				
17008010011	17008010	उसने				
17008010012	17008010	राजा				
17008010013	17008010	की				
17008010014	17008010	मुहर				
17008010015	17008010	वाली				
17008010016	17008010	अंगूठी				
17008010017	17008010	के				
17008010018	17008010	साथ				
17008010019	17008010	मुहरबन्द				
17008010020	17008010	कर				
17008010021	17008010	दिया	y			
17008010022	17008010	।		y		
17008010023	17008010	और				
17008010024	17008010	उसने				
17008010025	17008010	पत्रों				
17008010026	17008010	को				
17008010027	17008010	भेजा				
17008010028	17008010	(	y	y		
17008010029	17008010	घोड़ों				
17008010030	17008010	पर				
17008010031	17008010	धावक				
17008010032	17008010	के				
17008010033	17008010	हाथ				
17008010034	17008010	से	y			
17008010035	17008010	,		y		
17008010036	17008010	शाही				
17008010037	17008010	घोड़ों				
17008010038	17008010	के				
17008010039	17008010	सवारों				
17008010040	17008010	को	y			
17008010041	17008010	,		y		
17008010042	17008010	घोड़ियों				
17008010043	17008010	के				
17008010044	17008010	पुत्रों				
17008010045	17008010	को	y			
17008010046	17008010	)		y		
17008011001	17008011	जिसे				
17008011002	17008011	राजा				
17008011003	17008011	ने				
17008011004	17008011	यहूदियों				
17008011005	17008011	को				
17008011006	17008011	दिया				
17008011007	17008011	जो				
17008011008	17008011	सभी				
17008011009	17008011	शहर				
17008011010	17008011	प्रति				
17008011011	17008011	शहर				
17008011012	17008011	में				
17008011013	17008011	थे	y			
17008011014	17008011	:		y		
17008011015	17008011	इक्ट्ठे				
17008011016	17008011	हों				
17008011017	17008011	और				
17008011018	17008011	उनके				
17008011019	17008011	जीवन				
17008011020	17008011	के				
17008011021	17008011	लिए				
17008011022	17008011	खड़े				
17008011023	17008011	हों	y			
17008011024	17008011	,		y		
17008011025	17008011	संहार				
17008011026	17008011	को	y			
17008011027	17008011	,		y		
17008011028	17008011	और				
17008011029	17008011	वध				
17008011030	17008011	को	y			
17008011031	17008011	,		y		
17008011032	17008011	और				
17008011033	17008011	लोगों				
17008011034	17008011	की				
17008011035	17008011	किसी				
17008011036	17008011	भी				
17008011037	17008011	सामर्थ्य				
17008011038	17008011	को				
17008011039	17008011	नाश				
17008011040	17008011	करने				
17008011041	17008011	के				
17008011042	17008011	लिए				
17008011043	17008011	या				
17008011044	17008011	प्रांत				
17008011045	17008011	जो				
17008011046	17008011	उन				
17008011047	17008011	पर				
17008011048	17008011	आक्रमण				
17008011049	17008011	करेगा	y			
17008011050	17008011	,		y		
17008011051	17008011	बच्चों				
17008011052	17008011	और				
17008011053	17008011	स्त्रियों	y			
17008011054	17008011	,		y		
17008011055	17008011	और				
17008011056	17008011	उनकी				
17008011057	17008011	लूट				
17008011058	17008011	को				
17008011059	17008011	लूटने	y			
17008011060	17008011	;		y		
17008012001	17008012	एक				
17008012002	17008012	दिन	y			
17008012003	17008012	,		y		
17008012004	17008012	राजा				
17008012005	17008012	क्षयर्ष				
17008012006	17008012	के				
17008012007	17008012	सभी				
17008012008	17008012	प्रांतों				
17008012009	17008012	में	y			
17008012010	17008012	,		y		
17008012011	17008012	12				
17008012012	17008012	वें				
17008012013	17008012	महीने				
17008012014	17008012	के				
17008012015	17008012	तेरहवें				
17008012016	17008012	दिन				
17008012017	17008012	पर	y			
17008012018	17008012	,		y		
17008012019	17008012	जो				
17008012020	17008012	अदार				
17008012021	17008012	का				
17008012022	17008012	महीना				
17008012023	17008012	है	y			
17008012024	17008012	।		y		
17008013001	17008013	लिखत				
17008013002	17008013	की				
17008013003	17008013	एक				
17008013004	17008013	प्रति				
17008013005	17008013	प्रत्येक				
17008013006	17008013	प्रांत				
17008013007	17008013	प्रति				
17008013008	17008013	प्रांत				
17008013009	17008013	में				
17008013010	17008013	एक				
17008013011	17008013	कानून				
17008013012	17008013	के				
17008013013	17008013	रूप				
17008013014	17008013	में				
17008013015	17008013	दी				
17008013016	17008013	जानी				
17008013017	17008013	थी	y			
17008013018	17008013	,		y		
17008013019	17008013	सभी				
17008013020	17008013	लोगों				
17008013021	17008013	के				
17008013022	17008013	लिए				
17008013023	17008013	खुली	y			
17008013024	17008013	,		y		
17008013025	17008013	और				
17008013026	17008013	यहूदियों				
17008013027	17008013	के				
17008013028	17008013	लिए				
17008013029	17008013	कि				
17008013030	17008013	उस				
17008013031	17008013	दिन				
17008013032	17008013	तैयार				
17008013033	17008013	रहें	y			
17008013034	17008013	,		y		
17008013035	17008013	अपने				
17008013036	17008013	शत्रुओं				
17008013037	17008013	से				
17008013038	17008013	बदला				
17008013039	17008013	लेने				
17008013040	17008013	के				
17008013041	17008013	लिए	y			
17008013042	17008013	।		y		
17008014001	17008014	धावकों	y			
17008014002	17008014	,		y		
17008014003	17008014	वेग				
17008014004	17008014	वाले				
17008014005	17008014	शाही				
17008014006	17008014	घोड़ों				
17008014007	17008014	के				
17008014008	17008014	सवारों	y			
17008014009	17008014	,		y		
17008014010	17008014	शीघ्रता				
17008014011	17008014	से				
17008014012	17008014	बाहर				
17008014013	17008014	गए				
17008014014	17008014	और				
17008014015	17008014	राजा				
17008014016	17008014	की				
17008014017	17008014	आज्ञा				
17008014018	17008014	से				
17008014019	17008014	फुर्ती				
17008014020	17008014	द्वारा	y			
17008014021	17008014	।		y		
17008014022	17008014	और				
17008014023	17008014	कानून				
17008014024	17008014	शूशन				
17008014025	17008014	राजगढ़				
17008014026	17008014	में				
17008014027	17008014	दिया				
17008014028	17008014	गया				
17008014029	17008014	था	y			
17008014030	17008014	।		y		
17008015001	17008015	तब				
17008015002	17008015	मोर्दकै				
17008015003	17008015	राजा				
17008015004	17008015	के				
17008015005	17008015	चेहरे				
17008015006	17008015	के				
17008015007	17008015	आगे				
17008015008	17008015	से				
17008015009	17008015	नीले				
17008015010	17008015	और				
17008015011	17008015	सफेद				
17008015012	17008015	की				
17008015013	17008015	राज				
17008015014	17008015	सत्ता				
17008015015	17008015	के				
17008015016	17008015	वस्त्र				
17008015017	17008015	में				
17008015018	17008015	चला				
17008015019	17008015	गया	y			
17008015020	17008015	,		y		
17008015021	17008015	सोने				
17008015022	17008015	के				
17008015023	17008015	एक				
17008015024	17008015	बड़े				
17008015025	17008015	मुकुट				
17008015026	17008015	के				
17008015027	17008015	साथ				
17008015028	17008015	और				
17008015029	17008015	एक				
17008015030	17008015	सूक्ष्म				
17008015031	17008015	सनी				
17008015032	17008015	और				
17008015033	17008015	बैंगनी				
17008015034	17008015	बागा	y			
17008015035	17008015	,		y		
17008015036	17008015	और				
17008015037	17008015	शूशन				
17008015038	17008015	शहर				
17008015039	17008015	प्रसन्न				
17008015040	17008015	हुआ				
17008015041	17008015	और				
17008015042	17008015	आनन्दित				
17008015043	17008015	हुआ	y			
17008015044	17008015	।		y		
17008016001	17008016	यहूदियों				
17008016002	17008016	के				
17008016003	17008016	लिए				
17008016004	17008016	वहाँ				
17008016005	17008016	प्रकाश				
17008016006	17008016	और				
17008016007	17008016	आनन्द	y			
17008016008	17008016	,		y		
17008016009	17008016	और				
17008016010	17008016	हर्ष				
17008016011	17008016	और				
17008016012	17008016	सम्मान				
17008016013	17008016	था	y			
17008016014	17008016	।		y		
17008017001	17008017	प्रत्येक				
17008017002	17008017	प्रांत				
17008017003	17008017	प्रति				
17008017004	17008017	प्रांत				
17008017005	17008017	में				
17008017006	17008017	और				
17008017007	17008017	प्रत्येक				
17008017008	17008017	शहर				
17008017009	17008017	प्रति				
17008017010	17008017	शहर				
17008017011	17008017	में	y			
17008017012	17008017	,		y		
17008017013	17008017	कोई				
17008017014	17008017	भी				
17008017015	17008017	स्थान				
17008017016	17008017	जहाँ				
17008017017	17008017	राजा				
17008017018	17008017	का				
17008017019	17008017	शब्द				
17008017020	17008017	और				
17008017021	17008017	उसका				
17008017022	17008017	कानून				
17008017023	17008017	आया	y			
17008017024	17008017	,		y		
17008017025	17008017	यहूदियों				
17008017026	17008017	के				
17008017027	17008017	लिए				
17008017028	17008017	आनन्द				
17008017029	17008017	और				
17008017030	17008017	हर्ष				
17008017031	17008017	था	y			
17008017032	17008017	,		y		
17008017033	17008017	एक				
17008017034	17008017	भोज				
17008017035	17008017	और				
17008017036	17008017	एक				
17008017037	17008017	अच्छा				
17008017038	17008017	दिन	y			
17008017039	17008017	।		y		
17008017040	17008017	और				
17008017041	17008017	भूमि				
17008017042	17008017	के				
17008017043	17008017	लोगों				
17008017044	17008017	में				
17008017045	17008017	से				
17008017046	17008017	कई				
17008017047	17008017	यहूदी				
17008017048	17008017	बन				
17008017049	17008017	गए	y			
17008017050	17008017	,		y		
17008017051	17008017	क्योंकि				
17008017052	17008017	यहूदियों				
17008017053	17008017	का				
17008017054	17008017	भय				
17008017055	17008017	उन				
17008017056	17008017	पर				
17008017057	17008017	गिर				
17008017058	17008017	गया				
17008017059	17008017	था	y			
17008017060	17008017	।		y		
17009001001	17009001	अब				
17009001002	17009001	12				
17009001003	17009001	महीने				
17009001004	17009001	में	y			
17009001005	17009001	,		y		
17009001006	17009001	जो				
17009001007	17009001	अदार				
17009001008	17009001	का				
17009001009	17009001	महीना				
17009001010	17009001	है	y			
17009001011	17009001	,		y		
17009001012	17009001	इसके				
17009001013	17009001	13				
17009001014	17009001	वें				
17009001015	17009001	दिन	y			
17009001016	17009001	,		y		
17009001017	17009001	जब				
17009001018	17009001	राजा				
17009001019	17009001	का				
17009001020	17009001	शब्द				
17009001021	17009001	और				
17009001022	17009001	उसके				
17009001023	17009001	कानून				
17009001024	17009001	का				
17009001025	17009001	पूरा				
17009001026	17009001	होने				
17009001027	17009001	के				
17009001028	17009001	समय				
17009001029	17009001	पहुँच				
17009001030	17009001	गया				
17009001031	17009001	था	y			
17009001032	17009001	,		y		
17009001033	17009001	जिस				
17009001034	17009001	दिन				
17009001035	17009001	यहूदियों				
17009001036	17009001	के				
17009001037	17009001	शत्रु				
17009001038	17009001	उन				
17009001039	17009001	पर				
17009001040	17009001	प्रबल				
17009001041	17009001	होने				
17009001042	17009001	की				
17009001043	17009001	आशा				
17009001044	17009001	करते				
17009001045	17009001	थे	y			
17009001046	17009001	:		y		
17009001047	17009001	परन्तु				
17009001048	17009001	पलट				
17009001049	17009001	जाने				
17009001050	17009001	से	y			
17009001051	17009001	,		y		
17009001052	17009001	ऐसा				
17009001053	17009001	हुआ				
17009001054	17009001	कि				
17009001055	17009001	यहूदियों				
17009001056	17009001	ने				
17009001057	17009001	स्वयं				
17009001058	17009001	को				
17009001059	17009001	उन				
17009001060	17009001	लोगों				
17009001061	17009001	पर				
17009001062	17009001	प्रबल				
17009001063	17009001	कर				
17009001064	17009001	लिया				
17009001065	17009001	जो				
17009001066	17009001	उनसे				
17009001067	17009001	घृणा				
17009001068	17009001	करते				
17009001069	17009001	थे	y			
17009001070	17009001	।		y		
17009002001	17009002	यहूदियों				
17009002002	17009002	ने				
17009002003	17009002	राजा				
17009002004	17009002	क्षयर्ष				
17009002005	17009002	के				
17009002006	17009002	सभी				
17009002007	17009002	प्रांतों				
17009002008	17009002	में				
17009002009	17009002	स्वयं				
17009002010	17009002	को				
17009002011	17009002	उनके				
17009002012	17009002	शहरों				
17009002013	17009002	में				
17009002014	17009002	इकट्ठा				
17009002015	17009002	किया	y			
17009002016	17009002	,		y		
17009002017	17009002	अपनी				
17009002018	17009002	बुराई				
17009002019	17009002	चाहने				
17009002020	17009002	वालों				
17009002021	17009002	के				
17009002022	17009002	विरुद्ध				
17009002023	17009002	हाथ				
17009002024	17009002	फैलाने				
17009002025	17009002	के				
17009002026	17009002	लिए	y			
17009002027	17009002	।		y		
17009002028	17009002	परन्तु				
17009002029	17009002	कोई				
17009002030	17009002	भी				
17009002031	17009002	आदमी				
17009002032	17009002	उनके				
17009002033	17009002	चेहरे				
17009002034	17009002	के				
17009002035	17009002	आगे				
17009002036	17009002	खड़ा				
17009002037	17009002	नहीं				
17009002038	17009002	होता				
17009002039	17009002	था	y			
17009002040	17009002	,		y		
17009002041	17009002	क्योंकि				
17009002042	17009002	अचानक				
17009002043	17009002	उनका				
17009002044	17009002	भय				
17009002045	17009002	सभी				
17009002046	17009002	लोगों				
17009002047	17009002	पर				
17009002048	17009002	गिर				
17009002049	17009002	गया				
17009002050	17009002	था	y			
17009002051	17009002	।		y		
17009003001	17009003	और				
17009003002	17009003	प्रांतों				
17009003003	17009003	के				
17009003004	17009003	सभी				
17009003005	17009003	अधिकारियों	y			
17009003006	17009003	,		y		
17009003007	17009003	और				
17009003008	17009003	क्षत्रपों	y			
17009003009	17009003	,		y		
17009003010	17009003	और				
17009003011	17009003	राज्यपालों	y			
17009003012	17009003	,		y		
17009003013	17009003	और				
17009003014	17009003	जो				
17009003015	17009003	काम				
17009003016	17009003	कर				
17009003017	17009003	रहे				
17009003018	17009003	हैं				
17009003019	17009003	जो				
17009003020	17009003	कि				
17009003021	17009003	राजा				
17009003022	17009003	के				
17009003023	17009003	लिए				
17009003024	17009003	था	y			
17009003025	17009003	,		y		
17009003026	17009003	यहूदियों				
17009003027	17009003	को				
17009003028	17009003	ऊँचा				
17009003029	17009003	उठा				
17009003030	17009003	रहे				
17009003031	17009003	थे	y			
17009003032	17009003	,		y		
17009003033	17009003	क्योंकि				
17009003034	17009003	मोर्दकै				
17009003035	17009003	का				
17009003036	17009003	भय				
17009003037	17009003	उन				
17009003038	17009003	पर				
17009003039	17009003	टूट				
17009003040	17009003	पड़ा	y			
17009003041	17009003	।		y		
17009004001	17009004	क्योंकि				
17009004002	17009004	मोर्दकै				
17009004003	17009004	राजा				
17009004004	17009004	के				
17009004005	17009004	महल				
17009004006	17009004	में				
17009004007	17009004	महान				
17009004008	17009004	था	y			
17009004009	17009004	,		y		
17009004010	17009004	और				
17009004011	17009004	उसका				
17009004012	17009004	विवरण				
17009004013	17009004	सभी				
17009004014	17009004	प्रांतों				
17009004015	17009004	में				
17009004016	17009004	जा				
17009004017	17009004	रहा				
17009004018	17009004	था	y			
17009004019	17009004	,		y		
17009004020	17009004	क्योंकि				
17009004021	17009004	पुरुष				
17009004022	17009004	मोर्दकै				
17009004023	17009004	प्रगति				
17009004024	17009004	कर				
17009004025	17009004	रहा				
17009004026	17009004	था				
17009004027	17009004	और				
17009004028	17009004	महान				
17009004029	17009004	बन				
17009004030	17009004	रहा				
17009004031	17009004	था	y			
17009004032	17009004	।		y		
17009005001	17009005	और				
17009005002	17009005	यहूदियों				
17009005003	17009005	ने				
17009005004	17009005	उनके				
17009005005	17009005	सभी				
17009005006	17009005	शत्रुओं				
17009005007	17009005	को				
17009005008	17009005	मारा				
17009005009	17009005	तलवार				
17009005010	17009005	का				
17009005011	17009005	एक				
17009005012	17009005	प्रहार	y			
17009005013	17009005	,		y		
17009005014	17009005	और				
17009005015	17009005	कत्लेआम	y			
17009005016	17009005	,		y		
17009005017	17009005	और				
17009005018	17009005	नाश	y			
17009005019	17009005	;		y		
17009005020	17009005	और				
17009005021	17009005	उन्होंने				
17009005022	17009005	उन				
17009005023	17009005	से				
17009005024	17009005	किया				
17009005025	17009005	जो				
17009005026	17009005	अपने				
17009005027	17009005	उपभोग				
17009005028	17009005	के				
17009005029	17009005	अनुसार				
17009005030	17009005	उनसे				
17009005031	17009005	घृणा				
17009005032	17009005	करते				
17009005033	17009005	थे	y			
17009005034	17009005	।		y		
17009006001	17009006	और				
17009006002	17009006	शूशन				
17009006003	17009006	राजगढ़				
17009006004	17009006	में				
17009006005	17009006	यहूदियों				
17009006006	17009006	ने				
17009006007	17009006	कत्लेआम				
17009006008	17009006	किया				
17009006009	17009006	और				
17009006010	17009006	500				
17009006011	17009006	लोगों				
17009006012	17009006	को				
17009006013	17009006	नष्ट				
17009006014	17009006	कर				
17009006015	17009006	दिया	y			
17009006016	17009006	।		y		
17009007001	17009007	और				
17009007002	17009007	पर्शन्दाता	y			
17009007003	17009007	,		y		
17009007004	17009007	और				
17009007005	17009007	दल्पोन	y			
17009007006	17009007	,		y		
17009007007	17009007	और				
17009007008	17009007	अस्पाता	y			
17009007009	17009007	,		y		
17009008001	17009008	और				
17009008002	17009008	पोराता	y			
17009008003	17009008	,		y		
17009008004	17009008	और				
17009008005	17009008	अदल्या	y			
17009008006	17009008	,		y		
17009008007	17009008	और				
17009008008	17009008	अरीदाता	y			
17009008009	17009008	,		y		
17009009001	17009009	और				
17009009002	17009009	पर्मशता	y			
17009009003	17009009	,		y		
17009009004	17009009	और				
17009009005	17009009	अरीसै	y			
17009009006	17009009	,		y		
17009009007	17009009	और				
17009009008	17009009	अरीदै				
17009009009	17009009	और				
17009009010	17009009	वैजाता	y			
17009009011	17009009	,		y		
17009010001	17009010	हामान				
17009010002	17009010	के				
17009010003	17009010	दस				
17009010004	17009010	पुत्र	y			
17009010005	17009010	,		y		
17009010006	17009010	हम्मदाता				
17009010007	17009010	का				
17009010008	17009010	पुत्र	y			
17009010009	17009010	,		y		
17009010010	17009010	यहूदियों				
17009010011	17009010	का				
17009010012	17009010	विरोधी	y			
17009010013	17009010	,		y		
17009010014	17009010	उन्होंने				
17009010015	17009010	कत्लेआम				
17009010016	17009010	किया	y			
17009010017	17009010	।		y		
17009010018	17009010	परन्तु				
17009010019	17009010	उन्होंने				
17009010020	17009010	अपना				
17009010021	17009010	हाथ				
17009010022	17009010	लूट				
17009010023	17009010	के				
17009010024	17009010	लिए				
17009010025	17009010	नहीं				
17009010026	17009010	फैलाया	y			
17009010027	17009010	।		y		
17009011001	17009011	उस				
17009011002	17009011	दिन	y			
17009011003	17009011	,		y		
17009011004	17009011	लोगों				
17009011005	17009011	की				
17009011006	17009011	संँख्या				
17009011007	17009011	का				
17009011008	17009011	अभिलेख				
17009011009	17009011	जो				
17009011010	17009011	शूशन				
17009011011	17009011	राजगढ़				
17009011012	17009011	में				
17009011013	17009011	मारे				
17009011014	17009011	गए				
17009011015	17009011	थे				
17009011016	17009011	राजा				
17009011017	17009011	के				
17009011018	17009011	चेहरे				
17009011019	17009011	के				
17009011020	17009011	आगे				
17009011021	17009011	आया	y			
17009011022	17009011	।		y		
17009012001	17009012	इसलिए				
17009012002	17009012	राजा				
17009012003	17009012	ने				
17009012004	17009012	एस्तेर				
17009012005	17009012	रानी				
17009012006	17009012	से				
17009012007	17009012	कहा	y			
17009012008	17009012	,		y		
17009012009	17009012	“	y	y		
17009012010	17009012	शूशन				
17009012011	17009012	राजगढ़				
17009012012	17009012	में				
17009012013	17009012	यहूदियों				
17009012014	17009012	ने				
17009012015	17009012	कत्लेआम				
17009012016	17009012	किया				
17009012017	17009012	गया				
17009012018	17009012	था				
17009012019	17009012	और				
17009012020	17009012	500				
17009012021	17009012	लोगों				
17009012022	17009012	को				
17009012023	17009012	नष्ट				
17009012024	17009012	कर				
17009012025	17009012	दिया				
17009012026	17009012	गया				
17009012027	17009012	था	y			
17009012028	17009012	,		y		
17009012029	17009012	हामान				
17009012030	17009012	के				
17009012031	17009012	दस				
17009012032	17009012	पुत्रों				
17009012033	17009012	के				
17009012034	17009012	साथ	y			
17009012035	17009012	।		y		
17009012036	17009012	राजा				
17009012037	17009012	के				
17009012038	17009012	शेष				
17009012039	17009012	प्रांतों				
17009012040	17009012	में	y			
17009012041	17009012	,		y		
17009012042	17009012	उन्होंने				
17009012043	17009012	क्या				
17009012044	17009012	किया	y			
17009012045	17009012	?		y		
17009012046	17009012	अब				
17009012047	17009012	तेरी				
17009012048	17009012	याचिका				
17009012049	17009012	क्या				
17009012050	17009012	है	y			
17009012051	17009012	?		y		
17009012052	17009012	और				
17009012053	17009012	यह				
17009012054	17009012	तुझे				
17009012055	17009012	दिया				
17009012056	17009012	जाएगा	y			
17009012057	17009012	।		y		
17009012058	17009012	और				
17009012059	17009012	तेरा				
17009012060	17009012	निवेदन				
17009012061	17009012	क्या				
17009012062	17009012	है	y			
17009012063	17009012	?		y		
17009012064	17009012	एक				
17009012065	17009012	बार				
17009012066	17009012	फिर	y			
17009012067	17009012	,		y		
17009012068	17009012	और				
17009012069	17009012	यह				
17009012070	17009012	किया				
17009012071	17009012	जाएगा	y			
17009012072	17009012	।	y	y		
17009012073	17009012	”		y		
17009013001	17009013	और				
17009013002	17009013	एस्तेर				
17009013003	17009013	ने				
17009013004	17009013	कहा	y			
17009013005	17009013	,		y		
17009013006	17009013	""""	y	y		
17009013007	17009013	यदि				
17009013008	17009013	यह				
17009013009	17009013	राजा				
17009013010	17009013	के				
17009013011	17009013	लिए				
17009013012	17009013	अच्छा				
17009013013	17009013	है	y			
17009013014	17009013	,		y		
17009013015	17009013	यहूदियों				
17009013016	17009013	को				
17009013017	17009013	कल				
17009013018	17009013	भी				
17009013019	17009013	दिया				
17009013020	17009013	जाए				
17009013021	17009013	जो				
17009013022	17009013	शूशन				
17009013023	17009013	में				
17009013024	17009013	हैं				
17009013025	17009013	आज				
17009013026	17009013	के				
17009013027	17009013	कानून				
17009013028	17009013	के				
17009013029	17009013	अनुसार				
17009013030	17009013	करने				
17009013031	17009013	के				
17009013032	17009013	लिए	y			
17009013033	17009013	,		y		
17009013034	17009013	और				
17009013035	17009013	हामान				
17009013036	17009013	के				
17009013037	17009013	दसों				
17009013038	17009013	पुत्रों				
17009013039	17009013	को				
17009013040	17009013	पेड़				
17009013041	17009013	पर				
17009013042	17009013	लटका				
17009013043	17009013	दिया				
17009013044	17009013	जाए	y			
17009013045	17009013	।		y		
17009013046	17009013	""""		y		
17009014001	17009014	और				
17009014002	17009014	राजा				
17009014003	17009014	ने				
17009014004	17009014	ऐसा				
17009014005	17009014	करने				
17009014006	17009014	के				
17009014007	17009014	लिए				
17009014008	17009014	कहा	y			
17009014009	17009014	।		y		
17009014010	17009014	और				
17009014011	17009014	एक				
17009014012	17009014	कानून				
17009014013	17009014	शूशन				
17009014014	17009014	में				
17009014015	17009014	दिया				
17009014016	17009014	गया				
17009014017	17009014	था	y			
17009014018	17009014	,		y		
17009014019	17009014	और				
17009014020	17009014	उन्होंने				
17009014021	17009014	हामान				
17009014022	17009014	के				
17009014023	17009014	दस				
17009014024	17009014	पुत्रों				
17009014025	17009014	को				
17009014026	17009014	फांसी				
17009014027	17009014	पर				
17009014028	17009014	लटका				
17009014029	17009014	दिया	y			
17009014030	17009014	।		y		
17009015001	17009015	इसलिए				
17009015002	17009015	यहूदी				
17009015003	17009015	जो				
17009015004	17009015	शूशन				
17009015005	17009015	में				
17009015006	17009015	थे				
17009015007	17009015	अदार				
17009015008	17009015	महीने				
17009015009	17009015	के				
17009015010	17009015	14				
17009015011	17009015	वें				
17009015012	17009015	दिन				
17009015013	17009015	पर				
17009015014	17009015	स्वयं				
17009015015	17009015	को				
17009015016	17009015	इकट्ठा				
17009015017	17009015	किया	y			
17009015018	17009015	,		y		
17009015019	17009015	और				
17009015020	17009015	उन्होंने				
17009015021	17009015	शूशन				
17009015022	17009015	में				
17009015023	17009015	300				
17009015024	17009015	लोगों				
17009015025	17009015	को				
17009015026	17009015	मार				
17009015027	17009015	डाला	y			
17009015028	17009015	।		y		
17009015029	17009015	परन्तु				
17009015030	17009015	उन्होंने				
17009015031	17009015	अपना				
17009015032	17009015	हाथ				
17009015033	17009015	लूट				
17009015034	17009015	के				
17009015035	17009015	लिए				
17009015036	17009015	नहीं				
17009015037	17009015	फैलाया	y			
17009015038	17009015	।		y		
17009016001	17009016	और				
17009016002	17009016	बाकी				
17009016003	17009016	के				
17009016004	17009016	यहूदी				
17009016005	17009016	जो				
17009016006	17009016	राजा				
17009016007	17009016	के				
17009016008	17009016	प्रांतों				
17009016009	17009016	में				
17009016010	17009016	थे				
17009016011	17009016	स्वयं				
17009016012	17009016	को				
17009016013	17009016	इक्ट्ठा				
17009016014	17009016	किया				
17009016015	17009016	और				
17009016016	17009016	उनके				
17009016017	17009016	जीवनों				
17009016018	17009016	के				
17009016019	17009016	लिए				
17009016020	17009016	खड़े				
17009016021	17009016	हुए	y			
17009016022	17009016	;		y		
17009016023	17009016	और				
17009016024	17009016	उन्होंने				
17009016025	17009016	उनके				
17009016026	17009016	शत्रुओं				
17009016027	17009016	से				
17009016028	17009016	विश्राम				
17009016029	17009016	लिया	y			
17009016030	17009016	,		y		
17009016031	17009016	और				
17009016032	17009016	उन्होंने				
17009016033	17009016	उन				
17009016034	17009016	में				
17009016035	17009016	से				
17009016036	17009016	75	y			
17009016037	17009016	,		y		
17009016038	17009016	000				
17009016039	17009016	का				
17009016040	17009016	वध				
17009016041	17009016	कर				
17009016042	17009016	दिया				
17009016043	17009016	जो				
17009016044	17009016	उनसे				
17009016045	17009016	घृणा				
17009016046	17009016	करते				
17009016047	17009016	थे	y			
17009016048	17009016	।		y		
17009016049	17009016	परन्तु				
17009016050	17009016	उन्होंने				
17009016051	17009016	अपना				
17009016052	17009016	हाथ				
17009016053	17009016	लूट				
17009016054	17009016	के				
17009016055	17009016	लिए				
17009016056	17009016	नहीं				
17009016057	17009016	फैलाया	y			
17009016058	17009016	।		y		
17009017001	17009017	अदार				
17009017002	17009017	महीने				
17009017003	17009017	के				
17009017004	17009017	13				
17009017005	17009017	वें				
17009017006	17009017	दिन	y			
17009017007	17009017	:		y		
17009017008	17009017	तब				
17009017009	17009017	उन्होंने				
17009017010	17009017	विश्राम				
17009017011	17009017	किया	y			
17009017012	17009017	;		y		
17009017013	17009017	इसके				
17009017014	17009017	चौदहवें				
17009017015	17009017	पर	y			
17009017016	17009017	,		y		
17009017017	17009017	तब				
17009017018	17009017	उन्होंने				
17009017019	17009017	इसे				
17009017020	17009017	भोज				
17009017021	17009017	और				
17009017022	17009017	आनन्द				
17009017023	17009017	का				
17009017024	17009017	दिन				
17009017025	17009017	बना				
17009017026	17009017	दिया	y			
17009017027	17009017	।		y		
17009018001	17009018	परन्तु				
17009018002	17009018	यहूदी				
17009018003	17009018	जो				
17009018004	17009018	शूशन				
17009018005	17009018	में				
17009018006	17009018	थे				
17009018007	17009018	इसके				
17009018008	17009018	तेरहवें				
17009018009	17009018	पर				
17009018010	17009018	स्वयं				
17009018011	17009018	को				
17009018012	17009018	इकट्ठा				
17009018013	17009018	किया				
17009018014	17009018	और				
17009018015	17009018	इसके				
17009018016	17009018	चौदहवें				
17009018017	17009018	पर	y			
17009018018	17009018	।		y		
17009018019	17009018	और				
17009018020	17009018	उन्होंने				
17009018021	17009018	इसके				
17009018022	17009018	पन्द्रहवें				
17009018023	17009018	पर				
17009018024	17009018	विश्राम				
17009018025	17009018	किया	y			
17009018026	17009018	,		y		
17009018027	17009018	और				
17009018028	17009018	उन्होंने				
17009018029	17009018	इसे				
17009018030	17009018	भोज				
17009018031	17009018	और				
17009018032	17009018	आनन्द				
17009018033	17009018	का				
17009018034	17009018	दिन				
17009018035	17009018	बना				
17009018036	17009018	दिया	y			
17009018037	17009018	।		y		
17009019001	17009019	इसलिए	y			
17009019002	17009019	,		y		
17009019003	17009019	यहूदी	y			
17009019004	17009019	,		y		
17009019005	17009019	देश				
17009019006	17009019	के				
17009019007	17009019	खुले				
17009019008	17009019	में				
17009019009	17009019	रहने				
17009019010	17009019	वाले	y			
17009019011	17009019	,		y		
17009019012	17009019	जो				
17009019013	17009019	शहरों				
17009019014	17009019	के				
17009019015	17009019	खुले				
17009019016	17009019	क्षेत्रों				
17009019017	17009019	में				
17009019018	17009019	रहते				
17009019019	17009019	हैं	y			
17009019020	17009019	,		y		
17009019021	17009019	अदार				
17009019022	17009019	महीने				
17009019023	17009019	के				
17009019024	17009019	14				
17009019025	17009019	वें				
17009019026	17009019	दिन				
17009019027	17009019	को				
17009019028	17009019	आनन्द				
17009019029	17009019	के				
17009019030	17009019	लिए				
17009019031	17009019	बनाते				
17009019032	17009019	हैं				
17009019033	17009019	और				
17009019034	17009019	भोज				
17009019035	17009019	के				
17009019036	17009019	लिए				
17009019037	17009019	और				
17009019038	17009019	एक				
17009019039	17009019	अच्छा				
17009019040	17009019	दिन	y			
17009019041	17009019	:		y		
17009019042	17009019	और				
17009019043	17009019	उपहारों				
17009019044	17009019	को				
17009019045	17009019	भेजने				
17009019046	17009019	के				
17009019047	17009019	लिए	y			
17009019048	17009019	,		y		
17009019049	17009019	एक				
17009019050	17009019	पुरुष				
17009019051	17009019	अपने				
17009019052	17009019	मित्र				
17009019053	17009019	को	y			
17009019054	17009019	।		y		
17009020001	17009020	और				
17009020002	17009020	मोर्दकै				
17009020003	17009020	ने				
17009020004	17009020	ये				
17009020005	17009020	बातें				
17009020006	17009020	लिखीं	y			
17009020007	17009020	।		y		
17009020008	17009020	और				
17009020009	17009020	उसने				
17009020010	17009020	सभी				
17009020011	17009020	यहूदियों				
17009020012	17009020	को				
17009020013	17009020	पत्र				
17009020014	17009020	भेजे				
17009020015	17009020	जो				
17009020016	17009020	राजा				
17009020017	17009020	क्षयर्ष				
17009020018	17009020	के				
17009020019	17009020	सभी				
17009020020	17009020	प्रांतों				
17009020021	17009020	में				
17009020022	17009020	थे	y			
17009020023	17009020	,		y		
17009020024	17009020	निकट				
17009020025	17009020	और				
17009020026	17009020	दूर				
17009020027	17009020	के				
17009021001	17009021	उनके				
17009021002	17009021	लिए				
17009021003	17009021	अदार				
17009021004	17009021	महीने				
17009021005	17009021	के				
17009021006	17009021	14				
17009021007	17009021	वें				
17009021008	17009021	दिन				
17009021009	17009021	का				
17009021010	17009021	दिन				
17009021011	17009021	ठहराते				
17009021012	17009021	बनाते				
17009021013	17009021	हुए				
17009021014	17009021	और				
17009021015	17009021	इसका				
17009021016	17009021	15				
17009021017	17009021	वां				
17009021018	17009021	दिन	y			
17009021019	17009021	,		y		
17009021020	17009021	वर्ष				
17009021021	17009021	प्रति				
17009021022	17009021	वर्ष	y			
17009021023	17009021	,		y		
17009022001	17009022	दिनों				
17009022002	17009022	के				
17009022003	17009022	जैसे				
17009022004	17009022	जब				
17009022005	17009022	यहूदियों				
17009022006	17009022	ने				
17009022007	17009022	उनके				
17009022008	17009022	शत्रुओं				
17009022009	17009022	से				
17009022010	17009022	उन				
17009022011	17009022	पर				
17009022012	17009022	विश्राम				
17009022013	17009022	किया	y			
17009022014	17009022	,		y		
17009022015	17009022	और				
17009022016	17009022	महीना				
17009022017	17009022	जैसे				
17009022018	17009022	जब				
17009022019	17009022	यह				
17009022020	17009022	उनके				
17009022021	17009022	लिए				
17009022022	17009022	दुख				
17009022023	17009022	से				
17009022024	17009022	आनन्द				
17009022025	17009022	में				
17009022026	17009022	बदल				
17009022027	17009022	गया				
17009022028	17009022	था				
17009022029	17009022	और				
17009022030	17009022	शोक				
17009022031	17009022	एक				
17009022032	17009022	अच्छे				
17009022033	17009022	दिन				
17009022034	17009022	में	y			
17009022035	17009022	,		y		
17009022036	17009022	उन्हें				
17009022037	17009022	भोज				
17009022038	17009022	के				
17009022039	17009022	दिन				
17009022040	17009022	बनाने				
17009022041	17009022	के				
17009022042	17009022	लिए				
17009022043	17009022	और				
17009022044	17009022	आनन्द				
17009022045	17009022	और				
17009022046	17009022	उपहारों				
17009022047	17009022	को				
17009022048	17009022	भेजना	y			
17009022049	17009022	,		y		
17009022050	17009022	एक				
17009022051	17009022	पुरुष				
17009022052	17009022	उसके				
17009022053	17009022	मित्र				
17009022054	17009022	को	y			
17009022055	17009022	,		y		
17009022056	17009022	और				
17009022057	17009022	जरूरतमंदों				
17009022058	17009022	को				
17009022059	17009022	उपहार	y			
17009022060	17009022	।		y		
17009023001	17009023	और				
17009023002	17009023	यहूदियों				
17009023003	17009023	ने				
17009023004	17009023	स्वीकार				
17009023005	17009023	किया				
17009023006	17009023	जो				
17009023007	17009023	उन्होंने				
17009023008	17009023	करना				
17009023009	17009023	आरम्भ				
17009023010	17009023	कर				
17009023011	17009023	दिया				
17009023012	17009023	था	y			
17009023013	17009023	,		y		
17009023014	17009023	और				
17009023015	17009023	जो				
17009023016	17009023	मोर्दकै				
17009023017	17009023	ने				
17009023018	17009023	उन्हें				
17009023019	17009023	लिखा				
17009023020	17009023	था	y			
17009023021	17009023	।		y		
17009024001	17009024	क्योंकि				
17009024002	17009024	हामान	y			
17009024003	17009024	,		y		
17009024004	17009024	हम्मदाता				
17009024005	17009024	अगागी				
17009024006	17009024	का				
17009024007	17009024	पुत्र	y			
17009024008	17009024	,		y		
17009024009	17009024	सारे				
17009024010	17009024	यहूदियों				
17009024011	17009024	का				
17009024012	17009024	विरोधी	y			
17009024013	17009024	,		y		
17009024014	17009024	यहूदियों				
17009024015	17009024	के				
17009024016	17009024	संबंध				
17009024017	17009024	में				
17009024018	17009024	साजिश				
17009024019	17009024	की				
17009024020	17009024	थी				
17009024021	17009024	कि				
17009024022	17009024	उनका				
17009024023	17009024	संहार				
17009024024	17009024	करें	y			
17009024025	17009024	;		y		
17009024026	17009024	और				
17009024027	17009024	उसने				
17009024028	17009024	एक				
17009024029	17009024	पूर				
17009024030	17009024	(	y	y		
17009024031	17009024	जो				
17009024032	17009024	कि				
17009024033	17009024	""""	y	y		
17009024034	17009024	चिट्ठी	y			
17009024035	17009024	""""		y		
17009024036	17009024	है	y			
17009024037	17009024	)		y		
17009024038	17009024	को				
17009024039	17009024	उन्हें				
17009024040	17009024	दुख				
17009024041	17009024	देने				
17009024042	17009024	के				
17009024043	17009024	लिए				
17009024044	17009024	डाला				
17009024045	17009024	था				
17009024046	17009024	और				
17009024047	17009024	उन्हें				
17009024048	17009024	नाश				
17009024049	17009024	करने				
17009024050	17009024	के				
17009024051	17009024	लिए	y			
17009024052	17009024	।		y		
17009025001	17009025	परन्तु				
17009025002	17009025	जब				
17009025003	17009025	वह				
17009025004	17009025	राजा				
17009025005	17009025	के				
17009025006	17009025	चेहरे				
17009025007	17009025	के				
17009025008	17009025	आगे				
17009025009	17009025	आई	y			
17009025010	17009025	,		y		
17009025011	17009025	उसने				
17009025012	17009025	पत्र				
17009025013	17009025	के				
17009025014	17009025	साथ				
17009025015	17009025	कहा	y			
17009025016	17009025	,		y		
17009025017	17009025	""""	y	y		
17009025018	17009025	उसकी				
17009025019	17009025	बुराई				
17009025020	17009025	की				
17009025021	17009025	साजिश				
17009025022	17009025	जो				
17009025023	17009025	उसने				
17009025024	17009025	यहूदियों				
17009025025	17009025	के				
17009025026	17009025	विषय				
17009025027	17009025	में				
17009025028	17009025	रची				
17009025029	17009025	उसके				
17009025030	17009025	सिर				
17009025031	17009025	पलट				
17009025032	17009025	आए				
17009025033	17009025	और				
17009025034	17009025	वे				
17009025035	17009025	उन्हें				
17009025036	17009025	और				
17009025037	17009025	उसके				
17009025038	17009025	पुत्रों				
17009025039	17009025	को				
17009025040	17009025	पेड़				
17009025041	17009025	पर				
17009025042	17009025	फाँसी				
17009025043	17009025	दें	y			
17009025044	17009025	।	y	y		
17009025045	17009025	”		y		
17009026001	17009026	इसलिए	y			
17009026002	17009026	,		y		
17009026003	17009026	उन्होंने				
17009026004	17009026	इन				
17009026005	17009026	दिनों				
17009026006	17009026	को				
17009026007	17009026	बुलाया	y			
17009026008	17009026	,		y		
17009026009	17009026	""""	y	y		
17009026010	17009026	पूरीम	y			
17009026011	17009026	,	y	y		
17009026012	17009026	""""		y		
17009026013	17009026	पूर				
17009026014	17009026	के				
17009026015	17009026	नाम				
17009026016	17009026	के				
17009026017	17009026	विवरण				
17009026018	17009026	पर	y			
17009026019	17009026	।		y		
17009026020	17009026	इसलिए	y			
17009026021	17009026	,		y		
17009026022	17009026	इस				
17009026023	17009026	पत्र				
17009026024	17009026	के				
17009026025	17009026	सभी				
17009026026	17009026	शब्दों				
17009026027	17009026	के				
17009026028	17009026	विवरण				
17009026029	17009026	पर	y			
17009026030	17009026	,		y		
17009026031	17009026	और				
17009026032	17009026	जो				
17009026033	17009026	उन्होंने				
17009026034	17009026	इसके				
17009026035	17009026	संबंध				
17009026036	17009026	में				
17009026037	17009026	देखा				
17009026038	17009026	था				
17009026039	17009026	और				
17009026040	17009026	जो				
17009026041	17009026	उन				
17009026042	17009026	पर				
17009026043	17009026	आया				
17009026044	17009026	था	y			
17009026045	17009026	,		y		
17009027001	17009027	यहूदियों				
17009027002	17009027	ने				
17009027003	17009027	स्थापित				
17009027004	17009027	किया				
17009027005	17009027	और				
17009027006	17009027	अपने				
17009027007	17009027	लिए				
17009027008	17009027	स्वीकार				
17009027009	17009027	किया	y			
17009027010	17009027	,		y		
17009027011	17009027	और				
17009027012	17009027	उनके				
17009027013	17009027	बीज				
17009027014	17009027	के				
17009027015	17009027	लिए	y			
17009027016	17009027	,		y		
17009027017	17009027	और				
17009027018	17009027	उन				
17009027019	17009027	सभी				
17009027020	17009027	के				
17009027021	17009027	लिए				
17009027022	17009027	जो				
17009027023	17009027	स्वयं				
17009027024	17009027	को				
17009027025	17009027	उनके				
17009027026	17009027	प्रति				
17009027027	17009027	एक				
17009027028	17009027	करते				
17009027029	17009027	हैं				
17009027030	17009027	(	y	y		
17009027031	17009027	और				
17009027032	17009027	यह				
17009027033	17009027	नहीं				
17009027034	17009027	टलेगा	y			
17009027035	17009027	)		y		
17009027036	17009027	उनकी				
17009027037	17009027	लिखत				
17009027038	17009027	के				
17009027039	17009027	अनुसार				
17009027040	17009027	ये				
17009027041	17009027	दो				
17009027042	17009027	दिन				
17009027043	17009027	बनाना	y			
17009027044	17009027	,		y		
17009027045	17009027	और				
17009027046	17009027	प्रत्येक				
17009027047	17009027	वर्ष				
17009027048	17009027	दर				
17009027049	17009027	वर्ष				
17009027050	17009027	उनके				
17009027051	17009027	ठहराए				
17009027052	17009027	समय				
17009027053	17009027	के				
17009027054	17009027	अनुसार	y			
17009027055	17009027	।		y		
17009028001	17009028	इसलिए				
17009028002	17009028	इन				
17009028003	17009028	दिनों				
17009028004	17009028	को				
17009028005	17009028	स्मरण				
17009028006	17009028	किया				
17009028007	17009028	जाता				
17009028008	17009028	है				
17009028009	17009028	और				
17009028010	17009028	प्रत्येक				
17009028011	17009028	पीढ़ी				
17009028012	17009028	दर				
17009028013	17009028	पीढ़ी				
17009028014	17009028	बनाये				
17009028015	17009028	जाते				
17009028016	17009028	हैं	y			
17009028017	17009028	,		y		
17009028018	17009028	परिवार				
17009028019	17009028	प्रति				
17009028020	17009028	परिवार	y			
17009028021	17009028	,		y		
17009028022	17009028	प्रांत				
17009028023	17009028	प्रति				
17009028024	17009028	प्रांत	y			
17009028025	17009028	,		y		
17009028026	17009028	और				
17009028027	17009028	शहर				
17009028028	17009028	प्रति				
17009028029	17009028	शहर	y			
17009028030	17009028	।		y		
17009028031	17009028	और				
17009028032	17009028	पूरीम				
17009028033	17009028	के				
17009028034	17009028	ये				
17009028035	17009028	दिन				
17009028036	17009028	यहूदियों				
17009028037	17009028	के				
17009028038	17009028	बीच				
17009028039	17009028	से				
17009028040	17009028	नहीं				
17009028041	17009028	मिटेंगे	y			
17009028042	17009028	,		y		
17009028043	17009028	और				
17009028044	17009028	उनका				
17009028045	17009028	स्मरण				
17009028046	17009028	उनके				
17009028047	17009028	बीज				
17009028048	17009028	से				
17009028049	17009028	खत्म				
17009028050	17009028	नहीं				
17009028051	17009028	होगा	y			
17009028052	17009028	।		y		
17009029001	17009029	तब				
17009029002	17009029	एस्तेर				
17009029003	17009029	रानी	y			
17009029004	17009029	,		y		
17009029005	17009029	अबीहैल				
17009029006	17009029	की				
17009029007	17009029	पुत्री	y			
17009029008	17009029	,		y		
17009029009	17009029	और				
17009029010	17009029	मोर्दकै				
17009029011	17009029	यहूदी	y			
17009029012	17009029	,		y		
17009029013	17009029	पूरी				
17009029014	17009029	शक्ति				
17009029015	17009029	से				
17009029016	17009029	पूरीम				
17009029017	17009029	के				
17009029018	17009029	इस				
17009029019	17009029	दूसरे				
17009029020	17009029	पत्र				
17009029021	17009029	को				
17009029022	17009029	स्थापित				
17009029023	17009029	करने				
17009029024	17009029	के				
17009029025	17009029	लिए				
17009029026	17009029	लिखा	y			
17009029027	17009029	।		y		
17009030001	17009030	और				
17009030002	17009030	उसने				
17009030003	17009030	सभी				
17009030004	17009030	यहूदियों				
17009030005	17009030	को				
17009030006	17009030	पत्र				
17009030007	17009030	भेजे	y			
17009030008	17009030	,		y		
17009030009	17009030	127				
17009030010	17009030	प्रांत				
17009030011	17009030	को	y			
17009030012	17009030	,		y		
17009030013	17009030	क्षयर्ष				
17009030014	17009030	का				
17009030015	17009030	राज्य	y			
17009030016	17009030	,		y		
17009030017	17009030	शान्ति				
17009030018	17009030	के				
17009030019	17009030	शब्द				
17009030020	17009030	और				
17009030021	17009030	सत्य	y			
17009030022	17009030	,		y		
17009031001	17009031	पुरीम				
17009031002	17009031	के				
17009031003	17009031	इन				
17009031004	17009031	दिनों				
17009031005	17009031	को				
17009031006	17009031	उनके				
17009031007	17009031	ठहराए				
17009031008	17009031	हुए				
17009031009	17009031	समय				
17009031010	17009031	पर				
17009031011	17009031	स्थापित				
17009031012	17009031	करने				
17009031013	17009031	के				
17009031014	17009031	लिए	y			
17009031015	17009031	,		y		
17009031016	17009031	मोर्दकै				
17009031017	17009031	यहूदी				
17009031018	17009031	के				
17009031019	17009031	अनुसार				
17009031020	17009031	क्या				
17009031021	17009031	और				
17009031022	17009031	एस्तेर				
17009031023	17009031	रानी				
17009031024	17009031	ने				
17009031025	17009031	उनके				
17009031026	17009031	लिए				
17009031027	17009031	स्थापित				
17009031028	17009031	किया				
17009031029	17009031	था	y			
17009031030	17009031	,		y		
17009031031	17009031	और				
17009031032	17009031	उसके				
17009031033	17009031	अनुसार				
17009031034	17009031	जो				
17009031035	17009031	उन्होंने				
17009031036	17009031	उनके				
17009031037	17009031	जीवनों				
17009031038	17009031	के				
17009031039	17009031	संबंध				
17009031040	17009031	में				
17009031041	17009031	स्थापित				
17009031042	17009031	किया				
17009031043	17009031	था				
17009031044	17009031	और				
17009031045	17009031	उनके				
17009031046	17009031	बीज				
17009031047	17009031	के				
17009031048	17009031	संबंध				
17009031049	17009031	में	y			
17009031050	17009031	,		y		
17009031051	17009031	उपवास				
17009031052	17009031	के				
17009031053	17009031	विषय				
17009031054	17009031	और				
17009031055	17009031	उनकी				
17009031056	17009031	चिल्लाहट	y			
17009031057	17009031	।		y		
17009032001	17009032	और				
17009032002	17009032	एस्तेर				
17009032003	17009032	की				
17009032004	17009032	राजाज्ञा				
17009032005	17009032	ने				
17009032006	17009032	पूरीम				
17009032007	17009032	के				
17009032008	17009032	इन				
17009032009	17009032	विषयों				
17009032010	17009032	को				
17009032011	17009032	स्थापित				
17009032012	17009032	किया	y			
17009032013	17009032	,		y		
17009032014	17009032	और				
17009032015	17009032	यह				
17009032016	17009032	पुस्तक				
17009032017	17009032	में				
17009032018	17009032	लिखी				
17009032019	17009032	गई				
17009032020	17009032	थी	y			
17009032021	17009032	।		y		
17010001001	17010001	तब				
17010001002	17010001	राजा				
17010001003	17010001	क्षयर्ष				
17010001004	17010001	ने				
17010001005	17010001	भूमि				
17010001006	17010001	पर				
17010001007	17010001	एक				
17010001008	17010001	टैक्स				
17010001009	17010001	लगाया				
17010001010	17010001	और				
17010001011	17010001	समुद्र				
17010001012	17010001	के				
17010001013	17010001	द्वीपों	y			
17010001014	17010001	।		y		
17010002001	17010002	और				
17010002002	17010002	उसकी				
17010002003	17010002	सामर्थ्य				
17010002004	17010002	के				
17010002005	17010002	सभी				
17010002006	17010002	कामों				
17010002007	17010002	और				
17010002008	17010002	उसका				
17010002009	17010002	पराक्रम	y			
17010002010	17010002	,		y		
17010002011	17010002	मोर्दकै				
17010002012	17010002	की				
17010002013	17010002	महानता				
17010002014	17010002	के				
17010002015	17010002	पूरे				
17010002016	17010002	वृतान्त				
17010002017	17010002	के				
17010002018	17010002	साथ				
17010002019	17010002	जिस				
17010002020	17010002	से				
17010002021	17010002	राजा				
17010002022	17010002	ने				
17010002023	17010002	उसे				
17010002024	17010002	महान				
17010002025	17010002	बनाया	y			
17010002026	17010002	,		y		
17010002027	17010002	क्या				
17010002028	17010002	वे				
17010002029	17010002	दिनों				
17010002030	17010002	की				
17010002031	17010002	घटनाओं				
17010002032	17010002	की				
17010002033	17010002	पुस्तक				
17010002034	17010002	में				
17010002035	17010002	नहीं				
17010002036	17010002	लिखे				
17010002037	17010002	गए				
17010002038	17010002	हैं				
17010002039	17010002	मादै				
17010002040	17010002	और				
17010002041	17010002	फारस				
17010002042	17010002	के				
17010002043	17010002	राजाओं				
17010002044	17010002	के				
17010002045	17010002	लिए	y			
17010002046	17010002	?		y		
17010003001	17010003	क्योंकि				
17010003002	17010003	मोर्दकै				
17010003003	17010003	यहूदी				
17010003004	17010003	राजा				
17010003005	17010003	क्षयर्ष				
17010003006	17010003	से				
17010003007	17010003	दूसरे				
17010003008	17010003	स्थान				
17010003009	17010003	पर				
17010003010	17010003	था	y			
17010003011	17010003	,		y		
17010003012	17010003	और				
17010003013	17010003	यहूदियों				
17010003014	17010003	में				
17010003015	17010003	महान	y			
17010003016	17010003	,		y		
17010003017	17010003	और				
17010003018	17010003	उसके				
17010003019	17010003	भाइयों				
17010003020	17010003	की				
17010003021	17010003	भीड़				
17010003022	17010003	द्वारा				
17010003023	17010003	कृपा				
17010003024	17010003	पाया				
17010003025	17010003	हुआ	y			
17010003026	17010003	,		y		
17010003027	17010003	अपने				
17010003028	17010003	लोगों				
17010003029	17010003	के				
17010003030	17010003	लिए				
17010003031	17010003	अच्छे				
17010003032	17010003	का				
17010003033	17010003	खोजी				
17010003034	17010003	और				
17010003035	17010003	इसके				
17010003036	17010003	सभी				
17010003037	17010003	बीजों				
17010003038	17010003	को				
17010003039	17010003	शांति				
17010003040	17010003	बोलने				
17010003041	17010003	वाला	y			
17010003042	17010003	।		y		
31001001001	31001001	ओबद्याह				
31001001002	31001001	का				
31001001003	31001001	दर्शन	y			
31001001004	31001001	:		y		
31001001005	31001001	एदोम				
31001001006	31001001	के				
31001001007	31001001	विषय				
31001001008	31001001	में				
31001001009	31001001	मेरा				
31001001010	31001001	प्रभु				
31001001011	31001001	यहोवा				
31001001012	31001001	यों				
31001001013	31001001	कहता				
31001001014	31001001	है	y			
31001001015	31001001	।		y		
31001001016	31001001	हम				
31001001017	31001001	ने				
31001001018	31001001	यहोवा				
31001001019	31001001	का				
31001001020	31001001	एक				
31001001021	31001001	सन्देश				
31001001022	31001001	सुना				
31001001023	31001001	है	y			
31001001024	31001001	,		y		
31001001025	31001001	और				
31001001026	31001001	एक				
31001001027	31001001	दूत				
31001001028	31001001	राष्ट्रों				
31001001029	31001001	में				
31001001030	31001001	भेजा				
31001001031	31001001	गया				
31001001032	31001001	है	y			
31001001033	31001001	:		y		
31001001034	31001001	उठो	y			
31001001035	31001001	!		y		
31001001036	31001001	और				
31001001037	31001001	आओ				
31001001038	31001001	हम				
31001001039	31001001	उसके				
31001001040	31001001	विरुद्ध				
31001001041	31001001	युद्ध				
31001001042	31001001	के				
31001001043	31001001	लिए				
31001001044	31001001	उठें	y			
31001001045	31001001	!		y		
31001002001	31001002	देख	y			
31001002002	31001002	,		y		
31001002003	31001002	मैं				
31001002004	31001002	तुझे				
31001002005	31001002	राष्ट्रों				
31001002006	31001002	के				
31001002007	31001002	बीच				
31001002008	31001002	में				
31001002009	31001002	छोटा				
31001002010	31001002	कर				
31001002011	31001002	रहा				
31001002012	31001002	हूँ	y			
31001002013	31001002	,		y		
31001002014	31001002	तू				
31001002015	31001002	अत्याधिक				
31001002016	31001002	तुच्छ				
31001002017	31001002	माना				
31001002018	31001002	जाएगा	y			
31001002019	31001002	।		y		
31001003001	31001003	तेरे				
31001003002	31001003	मन				
31001003003	31001003	के				
31001003004	31001003	घमण्ड				
31001003005	31001003	ने				
31001003006	31001003	तुझे				
31001003007	31001003	धोखा				
31001003008	31001003	दिया				
31001003009	31001003	है	y			
31001003010	31001003	:		y		
31001003011	31001003	वह				
31001003012	31001003	जो				
31001003013	31001003	चट्टान				
31001003014	31001003	की				
31001003015	31001003	दरारों				
31001003016	31001003	में				
31001003017	31001003	रहता				
31001003018	31001003	है	y			
31001003019	31001003	,		y		
31001003020	31001003	अपने				
31001003021	31001003	निवासस्थान				
31001003022	31001003	में				
31001003023	31001003	ऊँचा	y			
31001003024	31001003	;		y		
31001003025	31001003	जो				
31001003026	31001003	अपने				
31001003027	31001003	मन				
31001003028	31001003	में				
31001003029	31001003	कहता				
31001003030	31001003	है	y			
31001003031	31001003	,		y		
31001003032	31001003	""""	y	y		
31001003033	31001003	मुझे				
31001003034	31001003	धरती				
31001003035	31001003	पर				
31001003036	31001003	कौन				
31001003037	31001003	उतार				
31001003038	31001003	देगा	y			
31001003039	31001003	?	y	y		
31001003040	31001003	""""		y		
31001004001	31001004	यदि				
31001004002	31001004	तू				
31001004003	31001004	अपने				
31001004004	31001004	आप				
31001004005	31001004	को				
31001004006	31001004	उकाब				
31001004007	31001004	की				
31001004008	31001004	तरह				
31001004009	31001004	ऊँचा				
31001004010	31001004	बनाता				
31001004011	31001004	है	y			
31001004012	31001004	,		y		
31001004013	31001004	भले				
31001004014	31001004	ही				
31001004015	31001004	तेरा				
31001004016	31001004	घोंसला				
31001004017	31001004	तारों				
31001004018	31001004	के				
31001004019	31001004	बीच				
31001004020	31001004	में				
31001004021	31001004	क्यों				
31001004022	31001004	न				
31001004023	31001004	हो	y			
31001004024	31001004	,		y		
31001004025	31001004	वहाँ				
31001004026	31001004	से				
31001004027	31001004	मैं				
31001004028	31001004	तुझे				
31001004029	31001004	नीचे				
31001004030	31001004	गिराऊँगा	y			
31001004031	31001004	:		y		
31001004032	31001004	यहोवा				
31001004033	31001004	की				
31001004034	31001004	एक				
31001004035	31001004	घोषणा	y			
31001004036	31001004	।		y		
31001005001	31001005	यदि				
31001005002	31001005	चोर				
31001005003	31001005	तेरे				
31001005004	31001005	पास				
31001005005	31001005	आते	y			
31001005006	31001005	,		y		
31001005007	31001005	और				
31001005008	31001005	रात				
31001005009	31001005	में				
31001005010	31001005	लुटेरे				
31001005011	31001005	(	y	y		
31001005012	31001005	तू				
31001005013	31001005	कैसे				
31001005014	31001005	नष्ट				
31001005015	31001005	किया				
31001005016	31001005	जाता	y			
31001005017	31001005	!	y	y		
31001005018	31001005	)	y	y		
31001005019	31001005	,		y		
31001005020	31001005	क्या				
31001005021	31001005	वे				
31001005022	31001005	उनके				
31001005023	31001005	लिए				
31001005024	31001005	पर्याप्त				
31001005025	31001005	चोरी				
31001005026	31001005	नहीं				
31001005027	31001005	करेंगे	y			
31001005028	31001005	?		y		
31001005029	31001005	यदि				
31001005030	31001005	दाख				
31001005031	31001005	के				
31001005032	31001005	तोड़ने				
31001005033	31001005	वाले				
31001005034	31001005	तेरे				
31001005035	31001005	पास				
31001005036	31001005	आते	y			
31001005037	31001005	,		y		
31001005038	31001005	क्या				
31001005039	31001005	वे				
31001005040	31001005	अपने				
31001005041	31001005	पीछे				
31001005042	31001005	बटोरन				
31001005043	31001005	नहीं				
31001005044	31001005	छोड़ेंगे	y			
31001005045	31001005	?		y		
31001006001	31001006	एसाव				
31001006002	31001006	को				
31001006003	31001006	कैसे				
31001006004	31001006	लूटा				
31001006005	31001006	जाता	y			
31001006006	31001006	,		y		
31001006007	31001006	उसके				
31001006008	31001006	छिपे				
31001006009	31001006	हुए				
31001006010	31001006	खजानों				
31001006011	31001006	की				
31001006012	31001006	खोज				
31001006013	31001006	की				
31001006014	31001006	जा				
31001006015	31001006	रही				
31001006016	31001006	है	y			
31001006017	31001006	!		y		
31001007001	31001007	तेरी				
31001007002	31001007	वाचा				
31001007003	31001007	के				
31001007004	31001007	सब				
31001007005	31001007	पुरुष				
31001007006	31001007	तुझे				
31001007007	31001007	सीमा				
31001007008	31001007	तक				
31001007009	31001007	दूर				
31001007010	31001007	भेज				
31001007011	31001007	रहे				
31001007012	31001007	हैं	y			
31001007013	31001007	।		y		
31001007014	31001007	तेरी				
31001007015	31001007	शान्ति				
31001007016	31001007	के				
31001007017	31001007	पुरुष				
31001007018	31001007	तुझे				
31001007019	31001007	धोखा				
31001007020	31001007	दे				
31001007021	31001007	रहे				
31001007022	31001007	हैं				
31001007023	31001007	और				
31001007024	31001007	तेरे				
31001007025	31001007	विरुद्ध				
31001007026	31001007	प्रबल				
31001007027	31001007	हो				
31001007028	31001007	रहे				
31001007029	31001007	हैं	y			
31001007030	31001007	।		y		
31001007031	31001007	वे				
31001007032	31001007	तेरी				
31001007033	31001007	रोटी				
31001007034	31001007	के				
31001007035	31001007	तले				
31001007036	31001007	फन्दा				
31001007037	31001007	लगाएँगे	y			
31001007038	31001007	।		y		
31001007039	31001007	उसमें				
31001007040	31001007	समझ				
31001007041	31001007	नहीं				
31001007042	31001007	है	y			
31001007043	31001007	।		y		
31001008001	31001008	क्या				
31001008002	31001008	मैं				
31001008003	31001008	उस				
31001008004	31001008	दिन				
31001008005	31001008	नहीं				
31001008006	31001008	करूँगा				
31001008007	31001008	(	y	y		
31001008008	31001008	यहोवा				
31001008009	31001008	की				
31001008010	31001008	एक				
31001008011	31001008	घोषणा	y			
31001008012	31001008	)		y		
31001008013	31001008	एदोम				
31001008014	31001008	के				
31001008015	31001008	बुद्धिमान				
31001008016	31001008	पुरुषों				
31001008017	31001008	को				
31001008018	31001008	नाश				
31001008019	31001008	करो	y			
31001008020	31001008	,		y		
31001008021	31001008	और				
31001008022	31001008	एसाव				
31001008023	31001008	के				
31001008024	31001008	पहाड़				
31001008025	31001008	से				
31001008026	31001008	समझ	y			
31001008027	31001008	?		y		
31001009001	31001009	और				
31001009002	31001009	तेरे				
31001009003	31001009	पराक्रमी				
31001009004	31001009	पुरुष				
31001009005	31001009	निराश				
31001009006	31001009	होंगे	y			
31001009007	31001009	,		y		
31001009008	31001009	हे				
31001009009	31001009	तेमान	y			
31001009010	31001009	,		y		
31001009011	31001009	ताकि				
31001009012	31001009	एक				
31001009013	31001009	मनुष्य				
31001009014	31001009	एसाव				
31001009015	31001009	के				
31001009016	31001009	पर्वत				
31001009017	31001009	पर				
31001009018	31001009	से				
31001009019	31001009	घात				
31001009020	31001009	करके				
31001009021	31001009	नाश				
31001009022	31001009	किया				
31001009023	31001009	जाए	y			
31001009024	31001009	।		y		
31001010001	31001010	क्योंकि				
31001010002	31001010	हिंसा				
31001010003	31001010	के				
31001010004	31001010	कारण				
31001010005	31001010	अपने				
31001010006	31001010	भाई				
31001010007	31001010	याकूब				
31001010008	31001010	के				
31001010009	31001010	विरुद्ध	y			
31001010010	31001010	,		y		
31001010011	31001010	लज्जा				
31001010012	31001010	तुम्हें				
31001010013	31001010	ढक				
31001010014	31001010	लेगी	y			
31001010015	31001010	,		y		
31001010016	31001010	और				
31001010017	31001010	तुम				
31001010018	31001010	सदा				
31001010019	31001010	के				
31001010020	31001010	लिये				
31001010021	31001010	घात				
31001010022	31001010	किए				
31001010023	31001010	जाओगे	y			
31001010024	31001010	।		y		
31001011001	31001011	जिस				
31001011002	31001011	दिन				
31001011003	31001011	तू				
31001011004	31001011	विरोध				
31001011005	31001011	में				
31001011006	31001011	खड़ा				
31001011007	31001011	था	y			
31001011008	31001011	,		y		
31001011009	31001011	जिस				
31001011010	31001011	दिन				
31001011011	31001011	परदेशियों				
31001011012	31001011	ने				
31001011013	31001011	उसका				
31001011014	31001011	धन				
31001011015	31001011	बन्धुआई				
31001011016	31001011	में				
31001011017	31001011	ले				
31001011018	31001011	लिया	y			
31001011019	31001011	,		y		
31001011020	31001011	और				
31001011021	31001011	परदेशी				
31001011022	31001011	उसके				
31001011023	31001011	फाटकों				
31001011024	31001011	में				
31001011025	31001011	प्रवेश				
31001011026	31001011	कर				
31001011027	31001011	गए				
31001011028	31001011	और				
31001011029	31001011	यरूशलेम				
31001011030	31001011	के				
31001011031	31001011	लिए				
31001011032	31001011	चिट्ठियाँ				
31001011033	31001011	डाली	y			
31001011034	31001011	,		y		
31001011035	31001011	तू				
31001011036	31001011	भी				
31001011037	31001011	उन्हीं				
31001011038	31001011	में				
31001011039	31001011	से				
31001011040	31001011	एक				
31001011041	31001011	था	y			
31001011042	31001011	।		y		
31001012001	31001012	पर				
31001012002	31001012	तुझे				
31001012003	31001012	अपने				
31001012004	31001012	भाई				
31001012005	31001012	के				
31001012006	31001012	दिन				
31001012007	31001012	पर				
31001012008	31001012	दृष्टि				
31001012009	31001012	नहीं				
31001012010	31001012	रखनी				
31001012011	31001012	चाहिए				
31001012012	31001012	थी	y			
31001012013	31001012	,		y		
31001012014	31001012	उसके				
31001012015	31001012	दुर्भाग्य				
31001012016	31001012	के				
31001012017	31001012	दिन				
31001012018	31001012	पर	y			
31001012019	31001012	।		y		
31001012020	31001012	और				
31001012021	31001012	तुझे				
31001012022	31001012	यहूदा				
31001012023	31001012	के				
31001012024	31001012	पुत्रों				
31001012025	31001012	के				
31001012026	31001012	नाश				
31001012027	31001012	होने				
31001012028	31001012	के				
31001012029	31001012	दिन				
31001012030	31001012	उनके				
31001012031	31001012	कारण				
31001012032	31001012	आनन्दित				
31001012033	31001012	नहीं				
31001012034	31001012	होना				
31001012035	31001012	चाहिए	y			
31001012036	31001012	।		y		
31001012037	31001012	और				
31001012038	31001012	संकट				
31001012039	31001012	के				
31001012040	31001012	एक				
31001012041	31001012	दिन				
31001012042	31001012	तुझे				
31001012043	31001012	अपना				
31001012044	31001012	मुँह				
31001012045	31001012	बड़ा				
31001012046	31001012	नहीं				
31001012047	31001012	करना				
31001012048	31001012	चाहिए				
31001012049	31001012	था	y			
31001012050	31001012	।		y		
31001013001	31001013	उनकी				
31001013002	31001013	विपत्ति				
31001013003	31001013	के				
31001013004	31001013	दिन				
31001013005	31001013	तुझे				
31001013006	31001013	मेरे				
31001013007	31001013	लोगों				
31001013008	31001013	के				
31001013009	31001013	फाटक				
31001013010	31001013	में				
31001013011	31001013	प्रवेश				
31001013012	31001013	नहीं				
31001013013	31001013	करना				
31001013014	31001013	चाहिए				
31001013015	31001013	था	y			
31001013016	31001013	।		y		
31001013017	31001013	तुझे				
31001013018	31001013	नहीं				
31001013019	31001013	देखना				
31001013020	31001013	चाहिए				
31001013021	31001013	था	y			
31001013022	31001013	—	y	y		
31001013023	31001013	हाँ	y			
31001013024	31001013	,		y		
31001013025	31001013	तुझे	y			
31001013026	31001013	!	y	y		
31001013027	31001013	—	y	y		
31001013028	31001013	उसकी				
31001013029	31001013	विपत्ति				
31001013030	31001013	के				
31001013031	31001013	दिन				
31001013032	31001013	उसकी				
31001013033	31001013	बुराई				
31001013034	31001013	पर	y			
31001013035	31001013	।		y		
31001013036	31001013	और				
31001013037	31001013	तुम				
31001013038	31001013	स्त्रियों				
31001013039	31001013	उसका				
31001013040	31001013	धन				
31001013041	31001013	नहीं				
31001013042	31001013	लूटना				
31001013043	31001013	चाहिए				
31001013044	31001013	था				
31001013045	31001013	उसकी				
31001013046	31001013	विपत्ति				
31001013047	31001013	के				
31001013048	31001013	दिन				
31001013049	31001013	में	y			
31001013050	31001013	।		y		
31001014001	31001014	और				
31001014002	31001014	तुझे				
31001014003	31001014	चौराहे				
31001014004	31001014	पर				
31001014005	31001014	खड़ा				
31001014006	31001014	नहीं				
31001014007	31001014	होना				
31001014008	31001014	चाहिए				
31001014009	31001014	था				
31001014010	31001014	उसके				
31001014011	31001014	भगोड़ों				
31001014012	31001014	को				
31001014013	31001014	घात				
31001014014	31001014	करने				
31001014015	31001014	के				
31001014016	31001014	लिए	y			
31001014017	31001014	।		y		
31001014018	31001014	और				
31001014019	31001014	तुझे				
31001014020	31001014	उसके				
31001014021	31001014	बचे				
31001014022	31001014	हुओं				
31001014023	31001014	को				
31001014024	31001014	नहीं				
31001014025	31001014	छुड़ाना				
31001014026	31001014	चाहिए				
31001014027	31001014	था				
31001014028	31001014	संकट				
31001014029	31001014	के				
31001014030	31001014	दिन				
31001014031	31001014	में	y			
31001014032	31001014	।		y		
31001015001	31001015	क्योंकि				
31001015002	31001015	सब				
31001015003	31001015	राष्ट्रों				
31001015004	31001015	पर				
31001015005	31001015	यहोवा				
31001015006	31001015	का				
31001015007	31001015	दिन				
31001015008	31001015	निकट				
31001015009	31001015	है	y			
31001015010	31001015	।		y		
31001015011	31001015	तूने				
31001015012	31001015	जो				
31001015013	31001015	किया				
31001015014	31001015	है				
31001015015	31001015	उसके				
31001015016	31001015	अनुसार	y			
31001015017	31001015	,		y		
31001015018	31001015	ऐसा				
31001015019	31001015	तेरे				
31001015020	31001015	साथ				
31001015021	31001015	किया				
31001015022	31001015	जाएगा	y			
31001015023	31001015	;		y		
31001015024	31001015	तेरा				
31001015025	31001015	बदला				
31001015026	31001015	तेरे				
31001015027	31001015	सिर				
31001015028	31001015	पर				
31001015029	31001015	लौट				
31001015030	31001015	आएगा	y			
31001015031	31001015	।		y		
31001016001	31001016	क्योंकि				
31001016002	31001016	उसके				
31001016003	31001016	अनुसार				
31001016004	31001016	जिस				
31001016005	31001016	तरह				
31001016006	31001016	तूने				
31001016007	31001016	मेरी				
31001016008	31001016	पवित्रता				
31001016009	31001016	के				
31001016010	31001016	पर्वत				
31001016011	31001016	पर				
31001016012	31001016	पिया				
31001016013	31001016	है	y			
31001016014	31001016	,		y		
31001016015	31001016	सब				
31001016016	31001016	जातियाँ				
31001016017	31001016	नित्य				
31001016018	31001016	पीएँगी	y			
31001016019	31001016	।		y		
31001016020	31001016	और				
31001016021	31001016	वे				
31001016022	31001016	पीएँगे	y			
31001016023	31001016	,		y		
31001016024	31001016	और				
31001016025	31001016	वे				
31001016026	31001016	निगल				
31001016027	31001016	जाएँगे	y			
31001016028	31001016	,		y		
31001016029	31001016	और				
31001016030	31001016	वे				
31001016031	31001016	ऐसे				
31001016032	31001016	हो				
31001016033	31001016	जाएँगे				
31001016034	31001016	जैसे				
31001016035	31001016	वे				
31001016036	31001016	कभी				
31001016037	31001016	अस्तित्व				
31001016038	31001016	में				
31001016039	31001016	ही				
31001016040	31001016	नहीं				
31001016041	31001016	थे	y			
31001016042	31001016	।		y		
31001017001	31001017	परन्तु				
31001017002	31001017	सिय्योन				
31001017003	31001017	के				
31001017004	31001017	पहाड़				
31001017005	31001017	में				
31001017006	31001017	एक				
31001017007	31001017	बचाव				
31001017008	31001017	होगा	y			
31001017009	31001017	,		y		
31001017010	31001017	और				
31001017011	31001017	वहाँ				
31001017012	31001017	पर				
31001017013	31001017	पवित्रता				
31001017014	31001017	होगी	y			
31001017015	31001017	,		y		
31001017016	31001017	और				
31001017017	31001017	याकूब				
31001017018	31001017	का				
31001017019	31001017	घर				
31001017020	31001017	उनकी				
31001017021	31001017	अपनी				
31001017022	31001017	संपत्ति				
31001017023	31001017	का				
31001017024	31001017	अधिकारी				
31001017025	31001017	होगा	y			
31001017026	31001017	।		y		
31001018001	31001018	और				
31001018002	31001018	याकूब				
31001018003	31001018	का				
31001018004	31001018	घर				
31001018005	31001018	आग				
31001018006	31001018	बन				
31001018007	31001018	जाएगा	y			
31001018008	31001018	,		y		
31001018009	31001018	और				
31001018010	31001018	यूसुफ				
31001018011	31001018	के				
31001018012	31001018	घर				
31001018013	31001018	की				
31001018014	31001018	लौ	y			
31001018015	31001018	,		y		
31001018016	31001018	और				
31001018017	31001018	एसाव				
31001018018	31001018	का				
31001018019	31001018	घराना				
31001018020	31001018	खूंटी				
31001018021	31001018	की				
31001018022	31001018	तरह	y			
31001018023	31001018	।		y		
31001018024	31001018	और				
31001018025	31001018	वे				
31001018026	31001018	उन्हें				
31001018027	31001018	जला				
31001018028	31001018	देंगे	y			
31001018029	31001018	,		y		
31001018030	31001018	और				
31001018031	31001018	उनको				
31001018032	31001018	भस्म				
31001018033	31001018	करेंगे	y			
31001018034	31001018	।		y		
31001018035	31001018	और				
31001018036	31001018	एसाव				
31001018037	31001018	के				
31001018038	31001018	घर				
31001018039	31001018	का				
31001018040	31001018	कोई				
31001018041	31001018	न				
31001018042	31001018	बचेगा	y			
31001018043	31001018	,		y		
31001018044	31001018	क्योंकि				
31001018045	31001018	यहोवा				
31001018046	31001018	ने				
31001018047	31001018	कहा				
31001018048	31001018	है	y			
31001018049	31001018	।		y		
31001019001	31001019	और				
31001019002	31001019	नेगेब				
31001019003	31001019	एसाव				
31001019004	31001019	के				
31001019005	31001019	पहाड़				
31001019006	31001019	का				
31001019007	31001019	अधिकारी				
31001019008	31001019	होगा	y			
31001019009	31001019	,		y		
31001019010	31001019	और				
31001019011	31001019	शेफलाह	y			
31001019012	31001019	,		y		
31001019013	31001019	पलिश्ती	y			
31001019014	31001019	।		y		
31001019015	31001019	और				
31001019016	31001019	वे				
31001019017	31001019	एप्रैम				
31001019018	31001019	के				
31001019019	31001019	खेत				
31001019020	31001019	के				
31001019021	31001019	अधिकारी				
31001019022	31001019	होंगे				
31001019023	31001019	और				
31001019024	31001019	सामरिया				
31001019025	31001019	के				
31001019026	31001019	खेत	y			
31001019027	31001019	,		y		
31001019028	31001019	और				
31001019029	31001019	बिन्यामीन	y			
31001019030	31001019	,		y		
31001019031	31001019	गिलाद	y			
31001019032	31001019	।		y		
31001020001	31001020	और				
31001020002	31001020	इस्राएलियों				
31001020003	31001020	के				
31001020004	31001020	पुत्रों				
31001020005	31001020	की				
31001020006	31001020	इस				
31001020007	31001020	सेना				
31001020008	31001020	की				
31001020009	31001020	बँधुआई	y			
31001020010	31001020	,		y		
31001020011	31001020	जो				
31001020012	31001020	कनानी				
31001020013	31001020	हैं	y			
31001020014	31001020	,		y		
31001020015	31001020	सारपत				
31001020016	31001020	तक	y			
31001020017	31001020	,		y		
31001020018	31001020	और				
31001020019	31001020	यरूशलेम				
31001020020	31001020	की				
31001020021	31001020	बँधुवाई	y			
31001020022	31001020	,		y		
31001020023	31001020	जो				
31001020024	31001020	सारफत				
31001020025	31001020	है	y			
31001020026	31001020	:		y		
31001020027	31001020	वे				
31001020028	31001020	नेगेब				
31001020029	31001020	के				
31001020030	31001020	नगरों				
31001020031	31001020	के				
31001020032	31001020	अधिकारी				
31001020033	31001020	होंगे	y			
31001020034	31001020	।		y		
31001021001	31001021	और				
31001021002	31001021	उद्धारकर्ता				
31001021003	31001021	एसाव				
31001021004	31001021	के				
31001021005	31001021	पर्वत				
31001021006	31001021	का				
31001021007	31001021	न्याय				
31001021008	31001021	करने				
31001021009	31001021	को				
31001021010	31001021	सिय्योन				
31001021011	31001021	पर्वत				
31001021012	31001021	पर				
31001021013	31001021	चढ़ेंगे	y			
31001021014	31001021	,		y		
31001021015	31001021	और				
31001021016	31001021	राज्य				
31001021017	31001021	यहोवा				
31001021018	31001021	का				
31001021019	31001021	होगा	y			
31001021020	31001021	।		y		
32001001001	32001001	अब				
32001001002	32001001	यहोवा				
32001001003	32001001	का				
32001001004	32001001	यह				
32001001005	32001001	वचन				
32001001006	32001001	अमित्तै				
32001001007	32001001	के				
32001001008	32001001	पुत्र				
32001001009	32001001	योना				
32001001010	32001001	के				
32001001011	32001001	पास				
32001001012	32001001	पहुँचा	y			
32001001013	32001001	,		y		
32001001014	32001001	कहते				
32001001015	32001001	हुए	y			
32001001016	32001001	,		y		
32001002001	32001002	“	y	y		
32001002002	32001002	उठकर				
32001002003	32001002	उस				
32001002004	32001002	बड़े				
32001002005	32001002	नगर	y			
32001002006	32001002	,		y		
32001002007	32001002	नीनवे				
32001002008	32001002	को				
32001002009	32001002	जा	y			
32001002010	32001002	,		y		
32001002011	32001002	और				
32001002012	32001002	उसके				
32001002013	32001002	विरुद्ध				
32001002014	32001002	पुकार	y			
32001002015	32001002	;		y		
32001002016	32001002	क्योंकि				
32001002017	32001002	उसकी				
32001002018	32001002	बुराई				
32001002019	32001002	मेरी				
32001002020	32001002	दृष्टि				
32001002021	32001002	में				
32001002022	32001002	[	y	y		
32001002023	32001002	ऊपर	y			
32001002024	32001002	]		y		
32001002025	32001002	आ				
32001002026	32001002	चुकी				
32001002027	32001002	है	y			
32001002028	32001002	।	y	y		
32001002029	32001002	”		y		
32001003001	32001003	परन्तु				
32001003002	32001003	योना				
32001003003	32001003	यहोवा				
32001003004	32001003	के				
32001003005	32001003	सम्मुख				
32001003006	32001003	से				
32001003007	32001003	तर्शीश				
32001003008	32001003	को				
32001003009	32001003	भाग				
32001003010	32001003	जाने				
32001003011	32001003	के				
32001003012	32001003	लिये				
32001003013	32001003	उठा	y			
32001003014	32001003	,		y		
32001003015	32001003	और				
32001003016	32001003	वह				
32001003017	32001003	याफा				
32001003018	32001003	नगर				
32001003019	32001003	को				
32001003020	32001003	गया				
32001003021	32001003	और				
32001003022	32001003	तर्शीश				
32001003023	32001003	जानेवाला				
32001003024	32001003	एक				
32001003025	32001003	जहाज				
32001003026	32001003	पाया	y			
32001003027	32001003	।		y		
32001003028	32001003	इसलिए				
32001003029	32001003	वह				
32001003030	32001003	भाड़ा				
32001003031	32001003	देकर				
32001003032	32001003	उस				
32001003033	32001003	पर				
32001003034	32001003	चढ़				
32001003035	32001003	गया				
32001003036	32001003	कि				
32001003037	32001003	उनके				
32001003038	32001003	साथ				
32001003039	32001003	होकर				
32001003040	32001003	यहोवा				
32001003041	32001003	के				
32001003042	32001003	सम्मुख				
32001003043	32001003	से				
32001003044	32001003	परे				
32001003045	32001003	होकर				
32001003046	32001003	तर्शीश				
32001003047	32001003	को				
32001003048	32001003	चला				
32001003049	32001003	जाए	y			
32001003050	32001003	।		y		
32001004001	32001004	परन्तु				
32001004002	32001004	यहोवा				
32001004003	32001004	ने				
32001004004	32001004	समुद्र				
32001004005	32001004	में				
32001004006	32001004	एक				
32001004007	32001004	प्रचण्ड				
32001004008	32001004	आँधी				
32001004009	32001004	चलाई	y			
32001004010	32001004	,		y		
32001004011	32001004	और				
32001004012	32001004	समुद्र				
32001004013	32001004	में				
32001004014	32001004	बड़ी				
32001004015	32001004	आँधी				
32001004016	32001004	उठी	y			
32001004017	32001004	,		y		
32001004018	32001004	यहाँ				
32001004019	32001004	तक				
32001004020	32001004	कि				
32001004021	32001004	जहाज				
32001004022	32001004	टूटने				
32001004023	32001004	पर				
32001004024	32001004	था	y			
32001004025	32001004	।		y		
32001005001	32001005	तब				
32001005002	32001005	मल्लाह				
32001005003	32001005	डर				
32001005004	32001005	गए				
32001005005	32001005	और				
32001005006	32001005	हर				
32001005007	32001005	एक				
32001005008	32001005	पुरुष				
32001005009	32001005	अपने-अपने				
32001005010	32001005	देवता				
32001005011	32001005	की				
32001005012	32001005	दुहाई				
32001005013	32001005	देने				
32001005014	32001005	लगा	y			
32001005015	32001005	।		y		
32001005016	32001005	और				
32001005017	32001005	उन्होंने				
32001005018	32001005	जहाज				
32001005019	32001005	में				
32001005020	32001005	जो				
32001005021	32001005	सामग्री				
32001005022	32001005	थी				
32001005023	32001005	उसे				
32001005024	32001005	समुद्र				
32001005025	32001005	में				
32001005026	32001005	फेंक				
32001005027	32001005	दिया				
32001005028	32001005	कि				
32001005029	32001005	जहाज				
32001005030	32001005	हलका				
32001005031	32001005	हो				
32001005032	32001005	जाए	y			
32001005033	32001005	।		y		
32001005034	32001005	परन्तु				
32001005035	32001005	योना				
32001005036	32001005	जहाज				
32001005037	32001005	के				
32001005038	32001005	निचले				
32001005039	32001005	भाग				
32001005040	32001005	में				
32001005041	32001005	चला				
32001005042	32001005	गया				
32001005043	32001005	था				
32001005044	32001005	और				
32001005045	32001005	लेट				
32001005046	32001005	गया				
32001005047	32001005	था	y			
32001005048	32001005	,		y		
32001005049	32001005	और				
32001005050	32001005	गहरी				
32001005051	32001005	नींद				
32001005052	32001005	में				
32001005053	32001005	सो				
32001005054	32001005	रहा				
32001005055	32001005	था	y			
32001005056	32001005	।।		y		
32001006001	32001006	तब				
32001006002	32001006	माँझी				
32001006003	32001006	उसके				
32001006004	32001006	निकट				
32001006005	32001006	आया				
32001006006	32001006	और				
32001006007	32001006	उससे				
32001006008	32001006	कहा	y			
32001006009	32001006	,		y		
32001006010	32001006	“	y	y		
32001006011	32001006	तू				
32001006012	32001006	नींद				
32001006013	32001006	में				
32001006014	32001006	पड़ा				
32001006015	32001006	हुआ				
32001006016	32001006	क्या				
32001006017	32001006	करता				
32001006018	32001006	है	y			
32001006019	32001006	?		y		
32001006020	32001006	उठ	y			
32001006021	32001006	,		y		
32001006022	32001006	अपने				
32001006023	32001006	देवता				
32001006024	32001006	की				
32001006025	32001006	दुहाई				
32001006026	32001006	दे	y			
32001006027	32001006	!		y		
32001006028	32001006	सम्भव				
32001006029	32001006	है				
32001006030	32001006	कि				
32001006031	32001006	देवता				
32001006032	32001006	हमारी				
32001006033	32001006	ओर				
32001006034	32001006	ध्यान				
32001006035	32001006	करे	y			
32001006036	32001006	,		y		
32001006037	32001006	और				
32001006038	32001006	हम				
32001006039	32001006	नाश				
32001006040	32001006	न				
32001006041	32001006	हो	y			
32001006042	32001006	।	y	y		
32001006043	32001006	”		y		
32001007001	32001007	तब				
32001007002	32001007	हर				
32001007003	32001007	एक				
32001007004	32001007	पुरुष				
32001007005	32001007	ने				
32001007006	32001007	अपने				
32001007007	32001007	मित्र				
32001007008	32001007	से				
32001007009	32001007	कहा	y			
32001007010	32001007	,		y		
32001007011	32001007	“	y	y		
32001007012	32001007	आओ	y			
32001007013	32001007	,		y		
32001007014	32001007	हम				
32001007015	32001007	चिट्ठी				
32001007016	32001007	डालें	y			
32001007017	32001007	,		y		
32001007018	32001007	ताकि				
32001007019	32001007	जान				
32001007020	32001007	लें				
32001007021	32001007	यह				
32001007022	32001007	विपत्ति				
32001007023	32001007	हम				
32001007024	32001007	पर				
32001007025	32001007	किसके				
32001007026	32001007	कारण				
32001007027	32001007	पड़ी				
32001007028	32001007	है	y			
32001007029	32001007	।	y	y		
32001007030	32001007	”		y		
32001007031	32001007	तब				
32001007032	32001007	उन्होंने				
32001007033	32001007	चिट्ठी				
32001007034	32001007	डाली	y			
32001007035	32001007	,		y		
32001007036	32001007	और				
32001007037	32001007	चिट्ठी				
32001007038	32001007	योना				
32001007039	32001007	के				
32001007040	32001007	नाम				
32001007041	32001007	पर				
32001007042	32001007	निकली	y			
32001007043	32001007	।		y		
32001008001	32001008	तब				
32001008002	32001008	उन्होंने				
32001008003	32001008	उससे				
32001008004	32001008	कहा	y			
32001008005	32001008	,		y		
32001008006	32001008	“	y	y		
32001008007	32001008	कृप्या				
32001008008	32001008	हमें				
32001008009	32001008	बता				
32001008010	32001008	कि				
32001008011	32001008	किसके				
32001008012	32001008	कारण				
32001008013	32001008	यह				
32001008014	32001008	विपत्ति				
32001008015	32001008	हम				
32001008016	32001008	पर				
32001008017	32001008	पड़ी				
32001008018	32001008	है	y			
32001008019	32001008	?		y		
32001008020	32001008	तेरा				
32001008021	32001008	व्यवसाय				
32001008022	32001008	क्या				
32001008023	32001008	है	y			
32001008024	32001008	,		y		
32001008025	32001008	और				
32001008026	32001008	तू				
32001008027	32001008	कहाँ				
32001008028	32001008	से				
32001008029	32001008	आया				
32001008030	32001008	है	y			
32001008031	32001008	?		y		
32001008032	32001008	तू				
32001008033	32001008	किस				
32001008034	32001008	देश				
32001008035	32001008	और				
32001008036	32001008	किस				
32001008037	32001008	जाति				
32001008038	32001008	का				
32001008039	32001008	है	y			
32001008040	32001008	?	y	y		
32001008041	32001008	”		y		
32001009001	32001009	इसलिए				
32001009002	32001009	उसने				
32001009003	32001009	उनसे				
32001009004	32001009	कहा	y			
32001009005	32001009	,		y		
32001009006	32001009	“	y	y		
32001009007	32001009	मैं				
32001009008	32001009	इब्री				
32001009009	32001009	हूँ	y			
32001009010	32001009	;		y		
32001009011	32001009	मैं				
32001009012	32001009	यहोवा				
32001009013	32001009	का				
32001009014	32001009	भय				
32001009015	32001009	मानता				
32001009016	32001009	हूँ	y			
32001009017	32001009	,		y		
32001009018	32001009	स्वर्ग				
32001009019	32001009	का				
32001009020	32001009	परमेश्वर	y			
32001009021	32001009	,		y		
32001009022	32001009	जिसने				
32001009023	32001009	जल				
32001009024	32001009	को				
32001009025	32001009	बनाया				
32001009026	32001009	और				
32001009027	32001009	स्थल				
32001009028	32001009	को				
32001009029	32001009	भी	y			
32001009030	32001009	।	y	y		
32001009031	32001009	”		y		
32001010001	32001010	वे				
32001010002	32001010	बहुत				
32001010003	32001010	डर				
32001010004	32001010	गए	y			
32001010005	32001010	,		y		
32001010006	32001010	और				
32001010007	32001010	उससे				
32001010008	32001010	कहने				
32001010009	32001010	लगे	y			
32001010010	32001010	,		y		
32001010011	32001010	“	y	y		
32001010012	32001010	तूने				
32001010013	32001010	यह				
32001010014	32001010	क्या				
32001010015	32001010	किया				
32001010016	32001010	है	y			
32001010017	32001010	?	y	y		
32001010018	32001010	”		y		
32001010019	32001010	वे				
32001010020	32001010	जान				
32001010021	32001010	गए				
32001010022	32001010	थे				
32001010023	32001010	कि				
32001010024	32001010	वह				
32001010025	32001010	यहोवा				
32001010026	32001010	के				
32001010027	32001010	सम्मुख				
32001010028	32001010	से				
32001010029	32001010	भाग				
32001010030	32001010	आया				
32001010031	32001010	है	y			
32001010032	32001010	,		y		
32001010033	32001010	क्योंकि				
32001010034	32001010	उसने				
32001010035	32001010	स्वयं				
32001010036	32001010	उनको				
32001010037	32001010	बता				
32001010038	32001010	दिया				
32001010039	32001010	था	y			
32001010040	32001010	।		y		
32001011001	32001011	तब				
32001011002	32001011	उन्होंने				
32001011003	32001011	उससे				
32001011004	32001011	कहा	y			
32001011005	32001011	,		y		
32001011006	32001011	“	y	y		
32001011007	32001011	हम				
32001011008	32001011	तेरे				
32001011009	32001011	साथ				
32001011010	32001011	क्या				
32001011011	32001011	करें				
32001011012	32001011	जिससे				
32001011013	32001011	समुद्र				
32001011014	32001011	हम				
32001011015	32001011	पर				
32001011016	32001011	से				
32001011017	32001011	शान्त				
32001011018	32001011	हो				
32001011019	32001011	जाए	y			
32001011020	32001011	?	y	y		
32001011021	32001011	”		y		
32001011022	32001011	क्योंकि				
32001011023	32001011	उस				
32001011024	32001011	समय				
32001011025	32001011	समुद्र				
32001011026	32001011	बढ़				
32001011027	32001011	कर				
32001011028	32001011	तूफानी				
32001011029	32001011	हो				
32001011030	32001011	रहा				
32001011031	32001011	था	y			
32001011032	32001011	।।		y		
32001012001	32001012	उसने				
32001012002	32001012	उनसे				
32001012003	32001012	कहा	y			
32001012004	32001012	,		y		
32001012005	32001012	“	y	y		
32001012006	32001012	मुझे				
32001012007	32001012	उठाओ				
32001012008	32001012	और				
32001012009	32001012	समुद्र				
32001012010	32001012	में				
32001012011	32001012	फेंक				
32001012012	32001012	दो	y			
32001012013	32001012	।		y		
32001012014	32001012	तब				
32001012015	32001012	समुद्र				
32001012016	32001012	तुम				
32001012017	32001012	पर				
32001012018	32001012	से				
32001012019	32001012	शान्त				
32001012020	32001012	पड़				
32001012021	32001012	जाएगा				
32001012022	32001012	क्योंकि				
32001012023	32001012	मैं				
32001012024	32001012	जानता				
32001012025	32001012	हूँ				
32001012026	32001012	कि				
32001012027	32001012	यह				
32001012028	32001012	भारी				
32001012029	32001012	आँधी				
32001012030	32001012	तुम्हारे				
32001012031	32001012	ऊपर				
32001012032	32001012	मेरे				
32001012033	32001012	ही				
32001012034	32001012	कारण				
32001012035	32001012	आई				
32001012036	32001012	है	y			
32001012037	32001012	।	y	y		
32001012038	32001012	”		y		
32001013001	32001013	पर				
32001013002	32001013	वे				
32001013003	32001013	बड़े				
32001013004	32001013	यत्न				
32001013005	32001013	से				
32001013006	32001013	खेते				
32001013007	32001013	रहे				
32001013008	32001013	कि				
32001013009	32001013	वे				
32001013010	32001013	लौट				
32001013011	32001013	कर				
32001013012	32001013	स्थल				
32001013013	32001013	पर				
32001013014	32001013	पहुँच				
32001013015	32001013	जाएँ	y			
32001013016	32001013	,		y		
32001013017	32001013	परन्तु				
32001013018	32001013	ऐसा				
32001013019	32001013	न				
32001013020	32001013	कर				
32001013021	32001013	पाए	y			
32001013022	32001013	,		y		
32001013023	32001013	क्योंकि				
32001013024	32001013	समुद्र				
32001013025	32001013	उनके				
32001013026	32001013	विरुद्ध				
32001013027	32001013	बढ़ता				
32001013028	32001013	और				
32001013029	32001013	तूफानी				
32001013030	32001013	हो				
32001013031	32001013	रहा				
32001013032	32001013	था	y			
32001013033	32001013	।		y		
32001014001	32001014	इसलिए				
32001014002	32001014	उन्होंने				
32001014003	32001014	यहोवा				
32001014004	32001014	की				
32001014005	32001014	दोहाई				
32001014006	32001014	दी				
32001014007	32001014	और				
32001014008	32001014	कहा	y			
32001014009	32001014	,		y		
32001014010	32001014	“	y	y		
32001014011	32001014	हे				
32001014012	32001014	यहोवा	y			
32001014013	32001014	,		y		
32001014014	32001014	कृप्या				
32001014015	32001014	इस				
32001014016	32001014	पुरुष				
32001014017	32001014	के				
32001014018	32001014	प्राण				
32001014019	32001014	के				
32001014020	32001014	कारण				
32001014021	32001014	हमारा				
32001014022	32001014	नाश				
32001014023	32001014	न				
32001014024	32001014	होने				
32001014025	32001014	दे	y			
32001014026	32001014	,		y		
32001014027	32001014	और				
32001014028	32001014	न				
32001014029	32001014	निर्दोष				
32001014030	32001014	लहू				
32001014031	32001014	हम				
32001014032	32001014	पर				
32001014033	32001014	पड़े	y			
32001014034	32001014	;		y		
32001014035	32001014	क्योंकि				
32001014036	32001014	तू	y			
32001014037	32001014	,		y		
32001014038	32001014	यहोवा	y			
32001014039	32001014	,		y		
32001014040	32001014	जैसी				
32001014041	32001014	तेरी				
32001014042	32001014	इच्छा				
32001014043	32001014	थी				
32001014044	32001014	वैसा				
32001014045	32001014	किया				
32001014046	32001014	है	y			
32001014047	32001014	।	y	y		
32001014048	32001014	”		y		
32001015001	32001015	इसलिये				
32001015002	32001015	उन्होंने				
32001015003	32001015	योना				
32001015004	32001015	को				
32001015005	32001015	उठाया				
32001015006	32001015	और				
32001015007	32001015	समुद्र				
32001015008	32001015	में				
32001015009	32001015	फेंक				
32001015010	32001015	दिया	y			
32001015011	32001015	,		y		
32001015012	32001015	और				
32001015013	32001015	समुद्र				
32001015014	32001015	का				
32001015015	32001015	क्रोध				
32001015016	32001015	थम				
32001015017	32001015	गया	y			
32001015018	32001015	।		y		
32001016001	32001016	तब				
32001016002	32001016	उन				
32001016003	32001016	मनुष्यों				
32001016004	32001016	ने				
32001016005	32001016	यहोवा				
32001016006	32001016	का				
32001016007	32001016	बहुत				
32001016008	32001016	ही				
32001016009	32001016	भय				
32001016010	32001016	माना	y			
32001016011	32001016	,		y		
32001016012	32001016	और				
32001016013	32001016	को				
32001016014	32001016	भेंट				
32001016015	32001016	चढ़ाई				
32001016016	32001016	और				
32001016017	32001016	मन्नतें				
32001016018	32001016	मानीं	y			
32001016019	32001016	।		y		
32001017001	32002001	अब				
32001017002	32002001	यहोवा				
32001017003	32002001	ने				
32001017004	32002001	एक				
32001017005	32002001	महा-मच्छ				
32001017006	32002001	ठहराया				
32001017007	32002001	था				
32001017008	32002001	कि				
32001017009	32002001	योना				
32001017010	32002001	को				
32001017011	32002001	निगल				
32001017012	32002001	ले	y			
32001017013	32002001	;		y		
32001017014	32002001	और				
32001017015	32002001	योना				
32001017016	32002001	उस				
32001017017	32002001	महा-मच्छ				
32001017018	32002001	के				
32001017019	32002001	पेट				
32001017020	32002001	में				
32001017021	32002001	तीन				
32001017022	32002001	दिन				
32001017023	32002001	और				
32001017024	32002001	तीन				
32001017025	32002001	रात				
32001017026	32002001	पड़ा				
32001017027	32002001	रहा	y			
32001017028	32002001	।		y		
32001017029	32002001	(	y	y		
32001017030	32002001	मत्ती				
32001017031	32002001	12:40	y			
32001017032	32002001	)		y		
32002001001	32002002	और				
32002001002	32002002	योना				
32002001003	32002002	ने				
32002001004	32002002	महा-मच्छ				
32002001005	32002002	के				
32002001006	32002002	पेट				
32002001007	32002002	में				
32002001008	32002002	से				
32002001009	32002002	अपने				
32002001010	32002002	परमेश्वर				
32002001011	32002002	यहोवा				
32002001012	32002002	से				
32002001013	32002002	प्रार्थना				
32002001014	32002002	की	y			
32002001015	32002002	।		y		
32002002001	32002003	और				
32002002002	32002003	उसने				
32002002003	32002003	कहा	y			
32002002004	32002003	,		y		
32002002005	32002003	“	y	y		
32002002006	32002003	मैंने				
32002002007	32002003	संकट				
32002002008	32002003	में				
32002002009	32002003	पड़े				
32002002010	32002003	हुए				
32002002011	32002003	यहोवा				
32002002012	32002003	की				
32002002013	32002003	दुहाई				
32002002014	32002003	दी	y			
32002002015	32002003	,		y		
32002002016	32002003	और				
32002002017	32002003	उसने				
32002002018	32002003	मुझे				
32002002019	32002003	उत्तर				
32002002020	32002003	दिया	y			
32002002021	32002003	;		y		
32002002022	32002003	के				
32002002023	32002003	उदर				
32002002024	32002003	में				
32002002025	32002003	से				
32002002026	32002003	मैं				
32002002027	32002003	चिल्ला				
32002002028	32002003	उठा	y			
32002002029	32002003	,		y		
32002002030	32002003	तूने				
32002002031	32002003	मेरी				
32002002032	32002003	आवाज				
32002002033	32002003	सुन				
32002002034	32002003	ली	y			
32002002035	32002003	।		y		
32002003001	32002004	अब				
32002003002	32002004	तूने				
32002003003	32002004	मुझे				
32002003004	32002004	सागर				
32002003005	32002004	के				
32002003006	32002004	हृदय				
32002003007	32002004	की				
32002003008	32002004	गहराई				
32002003009	32002004	में				
32002003010	32002004	फेंक				
32002003011	32002004	दिया	y			
32002003012	32002004	;		y		
32002003013	32002004	और				
32002003014	32002004	धाराओं				
32002003015	32002004	ने				
32002003016	32002004	मुझे				
32002003017	32002004	घेर				
32002003018	32002004	लिया	y			
32002003019	32002004	;		y		
32002003020	32002004	तेरी				
32002003021	32002004	सब				
32002003022	32002004	तरंग				
32002003023	32002004	और				
32002003024	32002004	लहरें				
32002003025	32002004	मेरे				
32002003026	32002004	ऊपर				
32002003027	32002004	से				
32002003028	32002004	बह				
32002003029	32002004	गईं	y			
32002003030	32002004	।		y		
32002004001	32002005	परन्तु				
32002004002	32002005	मेरे				
32002004003	32002005	लिए	y			
32002004004	32002005	,		y		
32002004005	32002005	मैंने				
32002004006	32002005	कहा	y			
32002004007	32002005	,		y		
32002004008	32002005	‘	y	y		
32002004009	32002005	मैं				
32002004010	32002005	तेरे				
32002004011	32002005	सामने				
32002004012	32002005	से				
32002004013	32002005	निकाल				
32002004014	32002005	दिया				
32002004015	32002005	गया				
32002004016	32002005	हूँ	y			
32002004017	32002005	;		y		
32002004018	32002005	फिर				
32002004019	32002005	भी				
32002004020	32002005	मैं				
32002004021	32002005	तेरे				
32002004022	32002005	पवित्र				
32002004023	32002005	मन्दिर				
32002004024	32002005	की				
32002004025	32002005	ओर				
32002004026	32002005	फिर				
32002004027	32002005	ताकूँगा	y			
32002004028	32002005	?	y	y		
32002004029	32002005	’		y		
32002005001	32002006	मैं				
32002005002	32002006	जल				
32002005003	32002006	से				
32002005004	32002006	यहाँ				
32002005005	32002006	तक				
32002005006	32002006	घिरा				
32002005007	32002006	हुआ				
32002005008	32002006	था				
32002005009	32002006	कि				
32002005010	32002006	मेरे				
32002005011	32002006	प्राण				
32002005012	32002006	निकले				
32002005013	32002006	जाते				
32002005014	32002006	थे	y			
32002005015	32002006	;		y		
32002005016	32002006	गहरा				
32002005017	32002006	मेरे				
32002005018	32002006	चारों				
32002005019	32002006	ओर				
32002005020	32002006	था	y			
32002005021	32002006	,		y		
32002005022	32002006	और				
32002005023	32002006	मेरे				
32002005024	32002006	सिर				
32002005025	32002006	में				
32002005026	32002006	सिवार				
32002005027	32002006	लिपटा				
32002005028	32002006	हुआ				
32002005029	32002006	था	y			
32002005030	32002006	।		y		
32002006001	32002007	मैं				
32002006002	32002007	पहाड़ों				
32002006003	32002007	की				
32002006004	32002007	जड़				
32002006005	32002007	तक				
32002006006	32002007	पहुँच				
32002006007	32002007	गया				
32002006008	32002007	था	y			
32002006009	32002007	;		y		
32002006010	32002007	मैं				
32002006011	32002007	सदा				
32002006012	32002007	के				
32002006013	32002007	लिये				
32002006014	32002007	भूमि				
32002006015	32002007	में				
32002006016	32002007	बन्द				
32002006017	32002007	हो				
32002006018	32002007	गया				
32002006019	32002007	था	y			
32002006020	32002007	;		y		
32002006021	32002007	तो				
32002006022	32002007	भी				
32002006023	32002007	हे				
32002006024	32002007	मेरे				
32002006025	32002007	परमेश्वर				
32002006026	32002007	यहोवा	y			
32002006027	32002007	,		y		
32002006028	32002007	तूने				
32002006029	32002007	मेरे				
32002006030	32002007	प्राणों				
32002006031	32002007	को				
32002006032	32002007	गड्ढे				
32002006033	32002007	में				
32002006034	32002007	से				
32002006035	32002007	उठाया				
32002006036	32002007	है	y			
32002006037	32002007	।		y		
32002007001	32002008	जब				
32002007002	32002008	मेरा				
32002007003	32002008	प्राण				
32002007004	32002008	मूर्छा				
32002007005	32002008	खाने				
32002007006	32002008	लगा	y			
32002007007	32002008	,		y		
32002007008	32002008	तब				
32002007009	32002008	मैंने				
32002007010	32002008	यहोवा				
32002007011	32002008	को				
32002007012	32002008	स्मरण				
32002007013	32002008	किया	y			
32002007014	32002008	;		y		
32002007015	32002008	और				
32002007016	32002008	मेरी				
32002007017	32002008	प्रार्थना				
32002007018	32002008	तेरे				
32002007019	32002008	पास				
32002007020	32002008	वरन्				
32002007021	32002008	तेरे				
32002007022	32002008	पवित्र				
32002007023	32002008	मन्दिर				
32002007024	32002008	में				
32002007025	32002008	पहुँच				
32002007026	32002008	गई	y			
32002007027	32002008	।		y		
32002008001	32002009	जो				
32002008002	32002009	लोग				
32002008003	32002009	व्यर्थ				
32002008004	32002009	वस्तुओं				
32002008005	32002009	पर				
32002008006	32002009	मन				
32002008007	32002009	लगाते				
32002008008	32002009	हैं	y			
32002008009	32002009	,		y		
32002008010	32002009	वे				
32002008011	32002009	अपनी				
32002008012	32002009	वाचा				
32002008013	32002009	की				
32002008014	32002009	विश्वासयोग्यता				
32002008015	32002009	को				
32002008016	32002009	छोड़				
32002008017	32002009	देते				
32002008018	32002009	हैं	y			
32002008019	32002009	।		y		
32002009001	32002010	परन्तु				
32002009002	32002010	मेरे				
32002009003	32002010	लिए	y			
32002009004	32002010	,		y		
32002009005	32002010	मैं				
32002009006	32002010	धन्यवाद				
32002009007	32002010	के				
32002009008	32002010	शब्द				
32002009009	32002010	के				
32002009010	32002010	साथ				
32002009011	32002010	तुझे				
32002009012	32002010	बलिदान				
32002009013	32002010	चढ़ाऊँगा	y			
32002009014	32002010	;		y		
32002009015	32002010	जो				
32002009016	32002010	मन्नत				
32002009017	32002010	मैंने				
32002009018	32002010	मानी	y			
32002009019	32002010	,		y		
32002009020	32002010	उसको				
32002009021	32002010	पूरी				
32002009022	32002010	करूँगा	y			
32002009023	32002010	।		y		
32002009024	32002010	उद्धार				
32002009025	32002010	यहोवा				
32002009026	32002010	ही				
32002009027	32002010	से				
32002009028	32002010	होता				
32002009029	32002010	है	y			
32002009030	32002010	।	y	y		
32002009031	32002010	”		y		
32002010001	32002011	और				
32002010002	32002011	यहोवा				
32002010003	32002011	ने				
32002010004	32002011	महा-मच्छ				
32002010005	32002011	को				
32002010006	32002011	आज्ञा				
32002010007	32002011	दी	y			
32002010008	32002011	,		y		
32002010009	32002011	और				
32002010010	32002011	उसने				
32002010011	32002011	योना				
32002010012	32002011	को				
32002010013	32002011	स्थल				
32002010014	32002011	पर				
32002010015	32002011	उगल				
32002010016	32002011	दिया	y			
32002010017	32002011	।		y		
32003001001	32003001	तब				
32003001002	32003001	यहोवा				
32003001003	32003001	का				
32003001004	32003001	वचन				
32003001005	32003001	दूसरी				
32003001006	32003001	बार				
32003001007	32003001	योना				
32003001008	32003001	के				
32003001009	32003001	पास				
32003001010	32003001	पहुँचा	y			
32003001011	32003001	,		y		
32003001012	32003001	यह				
32003001013	32003001	कहते				
32003001014	32003001	हुए				
32003002001	32003002	“	y	y		
32003002002	32003002	उठकर				
32003002003	32003002	उस				
32003002004	32003002	बड़े				
32003002005	32003002	नगर	y			
32003002006	32003002	,		y		
32003002007	32003002	नीनवे				
32003002008	32003002	को				
32003002009	32003002	जा	y			
32003002010	32003002	,		y		
32003002011	32003002	और				
32003002012	32003002	जो				
32003002013	32003002	बात				
32003002014	32003002	मैं				
32003002015	32003002	तुझ				
32003002016	32003002	से				
32003002017	32003002	कहूँगा	y			
32003002018	32003002	,		y		
32003002019	32003002	उसका				
32003002020	32003002	उसमें				
32003002021	32003002	प्रचार				
32003002022	32003002	कर	y			
32003002023	32003002	।	y	y		
32003002024	32003002	”		y		
32003003001	32003003	योना				
32003003002	32003003	उठा				
32003003003	32003003	और				
32003003004	32003003	यहोवा				
32003003005	32003003	के				
32003003006	32003003	वचन				
32003003007	32003003	के				
32003003008	32003003	अनुसार				
32003003009	32003003	नीनवे				
32003003010	32003003	को				
32003003011	32003003	गया	y			
32003003012	32003003	।		y		
32003003013	32003003	अब				
32003003014	32003003	नीनवे				
32003003015	32003003	परमेश्वर				
32003003016	32003003	के				
32003003017	32003003	लिए				
32003003018	32003003	बहुत				
32003003019	32003003	बड़ा				
32003003020	32003003	नगर				
32003003021	32003003	था	y			
32003003022	32003003	,		y		
32003003023	32003003	वह				
32003003024	32003003	तीन				
32003003025	32003003	दिन				
32003003026	32003003	की				
32003003027	32003003	यात्रा				
32003003028	32003003	का				
32003003029	32003003	था	y			
32003003030	32003003	।		y		
32003004001	32003004	इसलिए				
32003004002	32003004	योना				
32003004003	32003004	ने				
32003004004	32003004	नगर				
32003004005	32003004	में				
32003004006	32003004	प्रवेश				
32003004007	32003004	करके				
32003004008	32003004	एक				
32003004009	32003004	दिन				
32003004010	32003004	की				
32003004011	32003004	यात्रा				
32003004012	32003004	पूरी				
32003004013	32003004	की	y			
32003004014	32003004	,		y		
32003004015	32003004	और				
32003004016	32003004	यह				
32003004017	32003004	प्रचार				
32003004018	32003004	करता				
32003004019	32003004	गया				
32003004020	32003004	और				
32003004021	32003004	कहा	y			
32003004022	32003004	,		y		
32003004023	32003004	“	y	y		
32003004024	32003004	अब				
32003004025	32003004	से				
32003004026	32003004	चालीस				
32003004027	32003004	दिन				
32003004028	32003004	के				
32003004029	32003004	बीतने				
32003004030	32003004	पर				
32003004031	32003004	नीनवे				
32003004032	32003004	उलट				
32003004033	32003004	दिया				
32003004034	32003004	जाएगा	y			
32003004035	32003004	।	y	y		
32003004036	32003004	”		y		
32003005001	32003005	और				
32003005002	32003005	नीनवे				
32003005003	32003005	के				
32003005004	32003005	मनुष्यों				
32003005005	32003005	ने				
32003005006	32003005	परमेश्वर				
32003005007	32003005	पर				
32003005008	32003005	विश्वास				
32003005009	32003005	किया	y			
32003005010	32003005	।		y		
32003005011	32003005	और				
32003005012	32003005	उन्होंने				
32003005013	32003005	उपवास				
32003005014	32003005	का				
32003005015	32003005	प्रचार				
32003005016	32003005	किया				
32003005017	32003005	और				
32003005018	32003005	बड़े				
32003005019	32003005	से				
32003005020	32003005	लेकर				
32003005021	32003005	छोटे				
32003005022	32003005	तक				
32003005023	32003005	ने				
32003005024	32003005	टाट				
32003005025	32003005	ओढ़ा	y			
32003005026	32003005	।		y		
32003006001	32003006	तब				
32003006002	32003006	यह				
32003006003	32003006	वचन				
32003006004	32003006	नीनवे				
32003006005	32003006	के				
32003006006	32003006	राजा				
32003006007	32003006	के				
32003006008	32003006	पास				
32003006009	32003006	पहुँचा	y			
32003006010	32003006	;		y		
32003006011	32003006	और				
32003006012	32003006	वह				
32003006013	32003006	अपने				
32003006014	32003006	सिंहासन				
32003006015	32003006	पर				
32003006016	32003006	से				
32003006017	32003006	उठा	y			
32003006018	32003006	,		y		
32003006019	32003006	और				
32003006020	32003006	उसने				
32003006021	32003006	अपना				
32003006022	32003006	ओड़ना				
32003006023	32003006	अपने				
32003006024	32003006	ऊपर				
32003006025	32003006	से				
32003006026	32003006	उतारा	y			
32003006027	32003006	,		y		
32003006028	32003006	और				
32003006029	32003006	उसने				
32003006030	32003006	अपने				
32003006031	32003006	आप				
32003006032	32003006	को				
32003006033	32003006	टाट				
32003006034	32003006	से				
32003006035	32003006	ढँका	y			
32003006036	32003006	,		y		
32003006037	32003006	और				
32003006038	32003006	राख				
32003006039	32003006	पर				
32003006040	32003006	बैठ				
32003006041	32003006	गया	y			
32003006042	32003006	।		y		
32003007001	32003007	और				
32003007002	32003007	उसने				
32003007003	32003007	अपने				
32003007004	32003007	प्रधानों				
32003007005	32003007	से				
32003007006	32003007	सम्मति				
32003007007	32003007	लेकर				
32003007008	32003007	नीनवे				
32003007009	32003007	में				
32003007010	32003007	इस				
32003007011	32003007	आज्ञा				
32003007012	32003007	का				
32003007013	32003007	ढिंढोरा				
32003007014	32003007	पिटवाया	y			
32003007015	32003007	,		y		
32003007016	32003007	“	y	y		
32003007017	32003007	क्या				
32003007018	32003007	मनुष्य	y			
32003007019	32003007	,		y		
32003007020	32003007	क्या				
32003007021	32003007	गाय-बैल	y			
32003007022	32003007	,		y		
32003007023	32003007	क्या				
32003007024	32003007	भेड़-बकरी	y			
32003007025	32003007	,		y		
32003007026	32003007	या				
32003007027	32003007	और				
32003007028	32003007	पशु	y			
32003007029	32003007	,		y		
32003007030	32003007	कोई				
32003007031	32003007	कुछ				
32003007032	32003007	भी				
32003007033	32003007	न				
32003007034	32003007	खाएँ	y			
32003007035	32003007	;		y		
32003007036	32003007	वे				
32003007037	32003007	न				
32003007038	32003007	खाएँ				
32003007039	32003007	और				
32003007040	32003007	न				
32003007041	32003007	पानी				
32003007042	32003007	पीएँ	y			
32003007043	32003007	।		y		
32003008001	32003008	लेकिन				
32003008002	32003008	हर				
32003008003	32003008	व्यक्ति				
32003008004	32003008	और				
32003008005	32003008	हर				
32003008006	32003008	जानवर				
32003008007	32003008	अपने				
32003008008	32003008	आप				
32003008009	32003008	को				
32003008010	32003008	टाट				
32003008011	32003008	से				
32003008012	32003008	ढके	y			
32003008013	32003008	,		y		
32003008014	32003008	और				
32003008015	32003008	सामर्थ				
32003008016	32003008	के				
32003008017	32003008	साथ				
32003008018	32003008	परमेश्वर				
32003008019	32003008	की				
32003008020	32003008	दुहाई				
32003008021	32003008	दें	y			
32003008022	32003008	;		y		
32003008023	32003008	और				
32003008024	32003008	हर				
32003008025	32003008	व्यक्ति				
32003008026	32003008	को				
32003008027	32003008	अपने				
32003008028	32003008	बुरे				
32003008029	32003008	मार्ग				
32003008030	32003008	से				
32003008031	32003008	और				
32003008032	32003008	अपने				
32003008033	32003008	हाथों				
32003008034	32003008	में				
32003008035	32003008	होने				
32003008036	32003008	वाली				
32003008037	32003008	हिंसा				
32003008038	32003008	से				
32003008039	32003008	पीछे				
32003008040	32003008	हटना				
32003008041	32003008	होगा	y			
32003008042	32003008	।		y		
32003009001	32003009	किसे				
32003009002	32003009	पता	y			
32003009003	32003009	,		y		
32003009004	32003009	यह				
32003009005	32003009	देवता				
32003009006	32003009	फिर				
32003009007	32003009	जाए				
32003009008	32003009	और				
32003009009	32003009	दया				
32003009010	32003009	करे	y			
32003009011	32003009	,		y		
32003009012	32003009	और				
32003009013	32003009	उसके				
32003009014	32003009	नाक				
32003009015	32003009	की				
32003009016	32003009	जलन				
32003009017	32003009	से				
32003009018	32003009	शान्त				
32003009019	32003009	हो				
32003009020	32003009	जाए				
32003009021	32003009	और				
32003009022	32003009	हम				
32003009023	32003009	नाश				
32003009024	32003009	होने				
32003009025	32003009	से				
32003009026	32003009	बच				
32003009027	32003009	जाएँ	y			
32003009028	32003009	।	y	y		
32003009029	32003009	”		y		
32003010001	32003010	और				
32003010002	32003010	परमेश्वर				
32003010003	32003010	ने				
32003010004	32003010	उनके				
32003010005	32003010	कामों				
32003010006	32003010	को				
32003010007	32003010	देखा	y			
32003010008	32003010	,		y		
32003010009	32003010	कि				
32003010010	32003010	वे				
32003010011	32003010	कुमार्ग				
32003010012	32003010	से				
32003010013	32003010	फिर				
32003010014	32003010	गए				
32003010015	32003010	हैं	y			
32003010016	32003010	।		y		
32003010017	32003010	और				
32003010018	32003010	परमेश्वर				
32003010019	32003010	ने				
32003010020	32003010	जो				
32003010021	32003010	उनके				
32003010022	32003010	साथ				
32003010023	32003010	हानि				
32003010024	32003010	करने				
32003010025	32003010	की				
32003010026	32003010	ठानी				
32003010027	32003010	थी				
32003010028	32003010	उसे				
32003010029	32003010	रोका	y			
32003010030	32003010	,		y		
32003010031	32003010	और				
32003010032	32003010	उसने				
32003010033	32003010	उसको				
32003010034	32003010	न				
32003010035	32003010	किया	y			
32003010036	32003010	।		y		
32004001001	32004001	परन्तु				
32004001002	32004001	यह				
32004001003	32004001	बात				
32004001004	32004001	योना				
32004001005	32004001	को				
32004001006	32004001	बहुत				
32004001007	32004001	ही				
32004001008	32004001	बुरी				
32004001009	32004001	लगी	y			
32004001010	32004001	,		y		
32004001011	32004001	और				
32004001012	32004001	उसका				
32004001013	32004001	क्रोध				
32004001014	32004001	भड़का	y			
32004001015	32004001	।		y		
32004002001	32004002	इसलिए				
32004002002	32004002	उसने				
32004002003	32004002	यहोवा				
32004002004	32004002	से				
32004002005	32004002	प्रार्थना				
32004002006	32004002	की				
32004002007	32004002	और				
32004002008	32004002	कहा	y			
32004002009	32004002	,		y		
32004002010	32004002	“	y	y		
32004002011	32004002	हे				
32004002012	32004002	यहोवा				
32004002013	32004002	जब				
32004002014	32004002	मैं				
32004002015	32004002	अपने				
32004002016	32004002	देश				
32004002017	32004002	में				
32004002018	32004002	था	y			
32004002019	32004002	,		y		
32004002020	32004002	तब				
32004002021	32004002	क्या				
32004002022	32004002	मैं				
32004002023	32004002	यही				
32004002024	32004002	बात				
32004002025	32004002	न				
32004002026	32004002	कहता				
32004002027	32004002	था	y			
32004002028	32004002	?		y		
32004002029	32004002	इसी				
32004002030	32004002	कारण				
32004002031	32004002	मैंने				
32004002032	32004002	तेरी				
32004002033	32004002	आज्ञा				
32004002034	32004002	सुनते				
32004002035	32004002	ही				
32004002036	32004002	तर्शीश				
32004002037	32004002	को				
32004002038	32004002	भाग				
32004002039	32004002	जाने				
32004002040	32004002	के				
32004002041	32004002	लिये				
32004002042	32004002	फुर्ती				
32004002043	32004002	की	y			
32004002044	32004002	;		y		
32004002045	32004002	क्योंकि				
32004002046	32004002	मैं				
32004002047	32004002	जानता				
32004002048	32004002	था				
32004002049	32004002	कि				
32004002050	32004002	तू				
32004002051	32004002	अनुग्रहकारी				
32004002052	32004002	और				
32004002053	32004002	दयालु				
32004002054	32004002	परमेश्वर				
32004002055	32004002	है	y			
32004002056	32004002	,		y		
32004002057	32004002	और				
32004002058	32004002	लम्बे				
32004002059	32004002	नाक				
32004002060	32004002	वाला				
32004002061	32004002	और				
32004002062	32004002	वाचा				
32004002063	32004002	के				
32004002064	32004002	प्रति				
32004002065	32004002	विश्वासयोग्य				
32004002066	32004002	है	y			
32004002067	32004002	,		y		
32004002068	32004002	और				
32004002069	32004002	जो				
32004002070	32004002	हानि				
32004002071	32004002	करने				
32004002072	32004002	से				
32004002073	32004002	रुकता				
32004002074	32004002	है	y			
32004002075	32004002	।		y		
32004003001	32004003	इसलिए				
32004003002	32004003	अब	y			
32004003003	32004003	,		y		
32004003004	32004003	यहोवा	y			
32004003005	32004003	,		y		
32004003006	32004003	मैं				
32004003007	32004003	विनती				
32004003008	32004003	करता				
32004003009	32004003	हूँ	y			
32004003010	32004003	,		y		
32004003011	32004003	मेरा				
32004003012	32004003	प्राण				
32004003013	32004003	ले				
32004003014	32004003	ले	y			
32004003015	32004003	;		y		
32004003016	32004003	क्योंकि				
32004003017	32004003	मेरे				
32004003018	32004003	लिये				
32004003019	32004003	जीवित				
32004003020	32004003	रहने				
32004003021	32004003	से				
32004003022	32004003	मरना				
32004003023	32004003	ही				
32004003024	32004003	भला				
32004003025	32004003	है	y			
32004003026	32004003	।	y	y		
32004003027	32004003	”		y		
32004004001	32004004	और				
32004004002	32004004	यहोवा				
32004004003	32004004	ने				
32004004004	32004004	कहा	y			
32004004005	32004004	,		y		
32004004006	32004004	“	y	y		
32004004007	32004004	क्या				
32004004008	32004004	तेरी				
32004004009	32004004	यह				
32004004010	32004004	जलजलाहट				
32004004011	32004004	उचित				
32004004012	32004004	है	y			
32004004013	32004004	?	y	y		
32004004014	32004004	””		y		
32004005001	32004005	तब				
32004005002	32004005	योना				
32004005003	32004005	उस				
32004005004	32004005	शहर				
32004005005	32004005	से				
32004005006	32004005	बाहर				
32004005007	32004005	निकला				
32004005008	32004005	और				
32004005009	32004005	पूरब				
32004005010	32004005	से				
32004005011	32004005	शहर				
32004005012	32004005	के				
32004005013	32004005	सामने				
32004005014	32004005	बैठ				
32004005015	32004005	गया	y			
32004005016	32004005	।		y		
32004005017	32004005	और				
32004005018	32004005	वहाँ				
32004005019	32004005	उसने				
32004005020	32004005	अपने				
32004005021	32004005	लिए				
32004005022	32004005	एक				
32004005023	32004005	छप्पर				
32004005024	32004005	बनाया	y			
32004005025	32004005	,		y		
32004005026	32004005	और				
32004005027	32004005	उसकी				
32004005028	32004005	छाया				
32004005029	32004005	में				
32004005030	32004005	वह				
32004005031	32004005	बैठा				
32004005032	32004005	रहा				
32004005033	32004005	जब				
32004005034	32004005	तक				
32004005035	32004005	यह				
32004005036	32004005	देख				
32004005037	32004005	ले				
32004005038	32004005	कि				
32004005039	32004005	नगर				
32004005040	32004005	का				
32004005041	32004005	क्या				
32004005042	32004005	होगा	y			
32004005043	32004005	?		y		
32004006001	32004006	तब				
32004006002	32004006	यहोवा				
32004006003	32004006	परमेश्वर				
32004006004	32004006	ने				
32004006005	32004006	एक				
32004006006	32004006	पेड़				
32004006007	32004006	उगाया				
32004006008	32004006	और				
32004006009	32004006	उसे				
32004006010	32004006	बढ़ाया				
32004006011	32004006	कि				
32004006012	32004006	योना				
32004006013	32004006	के				
32004006014	32004006	सिर				
32004006015	32004006	पर				
32004006016	32004006	छाया				
32004006017	32004006	हो				
32004006018	32004006	ताकि				
32004006019	32004006	उसे				
32004006020	32004006	उसकी				
32004006021	32004006	बुराई				
32004006022	32004006	से				
32004006023	32004006	छुड़ाया				
32004006024	32004006	जाए	y			
32004006025	32004006	।		y		
32004006026	32004006	और				
32004006027	32004006	योना				
32004006028	32004006	उस				
32004006029	32004006	पेड़				
32004006030	32004006	के				
32004006031	32004006	कारण				
32004006032	32004006	बहुत				
32004006033	32004006	ही				
32004006034	32004006	आनन्दित				
32004006035	32004006	हुआ	y			
32004006036	32004006	।		y		
32004007001	32004007	फिर				
32004007002	32004007	अगले				
32004007003	32004007	दिन				
32004007004	32004007	पौ				
32004007005	32004007	फटते				
32004007006	32004007	ही				
32004007007	32004007	परमेश्वर				
32004007008	32004007	ने				
32004007009	32004007	एक				
32004007010	32004007	कीड़े				
32004007011	32004007	को				
32004007012	32004007	नियुक्त				
32004007013	32004007	किया	y			
32004007014	32004007	;		y		
32004007015	32004007	पेड़				
32004007016	32004007	को				
32004007017	32004007	काटा	y			
32004007018	32004007	,		y		
32004007019	32004007	और				
32004007020	32004007	वह				
32004007021	32004007	सूख				
32004007022	32004007	गया	y			
32004007023	32004007	।		y		
32004008001	32004008	और				
32004008002	32004008	जैसे				
32004008003	32004008	ही				
32004008004	32004008	सूर्य				
32004008005	32004008	उगा	y			
32004008006	32004008	,		y		
32004008007	32004008	तब				
32004008008	32004008	परमेश्वर				
32004008009	32004008	ने				
32004008010	32004008	पूरब				
32004008011	32004008	से				
32004008012	32004008	गर्म				
32004008013	32004008	हवा				
32004008014	32004008	बहाई	y			
32004008015	32004008	,		y		
32004008016	32004008	और				
32004008017	32004008	धूप				
32004008018	32004008	योना				
32004008019	32004008	के				
32004008020	32004008	सिर				
32004008021	32004008	पर				
32004008022	32004008	लगी				
32004008023	32004008	और				
32004008024	32004008	वह				
32004008025	32004008	मूर्छित				
32004008026	32004008	हो				
32004008027	32004008	गया	y			
32004008028	32004008	।		y		
32004008029	32004008	तब				
32004008030	32004008	उसने				
32004008031	32004008	अपनी				
32004008032	32004008	आत्मा				
32004008033	32004008	से				
32004008034	32004008	मृत्यु				
32004008035	32004008	माँगी				
32004008036	32004008	और				
32004008037	32004008	कहा	y			
32004008038	32004008	,		y		
32004008039	32004008	“	y	y		
32004008040	32004008	मेरे				
32004008041	32004008	लिये				
32004008042	32004008	जीवित				
32004008043	32004008	रहने				
32004008044	32004008	से				
32004008045	32004008	मरना				
32004008046	32004008	ही				
32004008047	32004008	अच्छा				
32004008048	32004008	है	y			
32004008049	32004008	।		y		
32004009001	32004009	तब				
32004009002	32004009	परमेश्वर				
32004009003	32004009	ने				
32004009004	32004009	योना				
32004009005	32004009	से				
32004009006	32004009	कहा	y			
32004009007	32004009	,		y		
32004009008	32004009	“	y	y		
32004009009	32004009	क्या				
32004009010	32004009	पेड़				
32004009011	32004009	के				
32004009012	32004009	लिए				
32004009013	32004009	तेरी				
32004009014	32004009	जलजलाहट				
32004009015	32004009	उचित				
32004009016	32004009	है	y			
32004009017	32004009	?	y	y		
32004009018	32004009	”		y		
32004009019	32004009	उसने				
32004009020	32004009	कहा	y			
32004009021	32004009	,		y		
32004009022	32004009	“	y	y		
32004009023	32004009	हाँ	y			
32004009024	32004009	,		y		
32004009025	32004009	मेरी				
32004009026	32004009	जलजलाहट				
32004009027	32004009	उचित				
32004009028	32004009	है	y			
32004009029	32004009	,		y		
32004009030	32004009	अर्थात्				
32004009031	32004009	मृत्यु				
32004009032	32004009	तक	y			
32004009033	32004009	।	y	y		
32004009034	32004009	”		y		
32004010001	32004010	तब				
32004010002	32004010	यहोवा				
32004010003	32004010	ने				
32004010004	32004010	कहा	y			
32004010005	32004010	,		y		
32004010006	32004010	“	y	y		
32004010007	32004010	तेरे				
32004010008	32004010	लिए				
32004010009	32004010	तो	y			
32004010010	32004010	,		y		
32004010011	32004010	तू				
32004010012	32004010	उस				
32004010013	32004010	पेड़				
32004010014	32004010	के				
32004010015	32004010	लिए				
32004010016	32004010	दु:खित				
32004010017	32004010	होता				
32004010018	32004010	है	y			
32004010019	32004010	,		y		
32004010020	32004010	जिसके				
32004010021	32004010	लिए				
32004010022	32004010	न				
32004010023	32004010	तू				
32004010024	32004010	ने				
32004010025	32004010	काम				
32004010026	32004010	किया				
32004010027	32004010	और				
32004010028	32004010	न				
32004010029	32004010	तू				
32004010030	32004010	ने				
32004010031	32004010	उसे				
32004010032	32004010	बढ़ाया	y			
32004010033	32004010	;		y		
32004010034	32004010	वह				
32004010035	32004010	एक				
32004010036	32004010	रात				
32004010037	32004010	के				
32004010038	32004010	पुत्र				
32004010039	32004010	के				
32004010040	32004010	समान				
32004010041	32004010	आया	y			
32004010042	32004010	,		y		
32004010043	32004010	और				
32004010044	32004010	वह				
32004010045	32004010	एक				
32004010046	32004010	रात				
32004010047	32004010	के				
32004010048	32004010	पुत्र				
32004010049	32004010	के				
32004010050	32004010	समान				
32004010051	32004010	नष्‍ट				
32004010052	32004010	हो				
32004010053	32004010	गया	y			
32004010054	32004010	।		y		
32004011001	32004011	इसलिए				
32004011002	32004011	मेरे				
32004011003	32004011	लिए	y			
32004011004	32004011	,		y		
32004011005	32004011	क्या				
32004011006	32004011	मुझे				
32004011007	32004011	नीनवे				
32004011008	32004011	शहर				
32004011009	32004011	के				
32004011010	32004011	लिए				
32004011011	32004011	दु:खित				
32004011012	32004011	नही				
32004011013	32004011	होना				
32004011014	32004011	चाहिए	y			
32004011015	32004011	,		y		
32004011016	32004011	यह				
32004011017	32004011	महान				
32004011018	32004011	शहर	y			
32004011019	32004011	,		y		
32004011020	32004011	जिसमें				
32004011021	32004011	120	y			
32004011022	32004011	,		y		
32004011023	32004011	000				
32004011024	32004011	से				
32004011025	32004011	अधिक				
32004011026	32004011	लोग				
32004011027	32004011	हैं				
32004011028	32004011	जो				
32004011029	32004011	अपने				
32004011030	32004011	दाएं				
32004011031	32004011	हाथ				
32004011032	32004011	और				
32004011033	32004011	उनके				
32004011034	32004011	बाएं				
32004011035	32004011	हाथ				
32004011036	32004011	का				
32004011037	32004011	भी				
32004011038	32004011	अन्‍तर				
32004011039	32004011	नहीं				
32004011040	32004011	कर				
32004011041	32004011	सकते				
32004011042	32004011	और				
32004011043	32004011	सब				
32004011044	32004011	जानवरों				
32004011045	32004011	के	y			
32004011046	32004011	?	y	y		
32004011047	32004011	”		y		
