id	altId	text	transType	isPunc	isPrimary	skip_space_after	exclude
51001001001	Dari-1	Dari		False	True	False	False
51001001002	Paulus-1	Paulus		False	True	False	False
51001001003	,-1	,		True	False	False	False
51001001004	seorang-1	seorang		False	True	False	False
51001001005	rasul-1	rasul		False	True	False	False
51001001006	Kristus-1	Kristus		False	True	False	False
51001001007	Yesus-1	Yesus		False	True	False	False
51001001008	,-2	,		True	False	False	False
51001001009	oleh-1	oleh		False	True	False	False
51001001010	kehendak-1	kehendak		False	True	False	False
51001001011	Allah-1	Allah		False	True	False	False
51001001012	,-3	,		True	False	False	False
51001001013	dan-1	dan		False	True	False	False
51001001014	Timotius-1	Timotius		False	True	False	False
51001001015	saudara-1	saudara		False	True	False	False
51001001016	kita-1	kita		False	True	False	False
51001001017	,-4	,		True	False	False	False
51001002001	kepada-1	kepada		False	True	False	False
51001002002	saudara-1	saudara		False	True	False	False
51001002003	--1	-		True	False	False	False
51001002004	saudara-2	saudara		False	True	False	False
51001002005	yang-1	yang		False	True	False	False
51001002006	kudus-1	kudus		False	True	False	False
51001002007	dan-1	dan		False	True	False	False
51001002008	yang-2	yang		False	True	False	False
51001002009	setia-1	setia		False	True	False	False
51001002010	dalam-1	dalam		False	True	False	False
51001002011	Kristus-1	Kristus		False	True	False	False
51001002012	di-1	di		False	True	False	False
51001002013	Kolose-1	Kolose		False	True	False	False
51001002014	.-1	.		True	False	False	False
51001002015	Anugerah-1	Anugerah		False	True	False	False
51001002016	dan-2	dan		False	True	False	False
51001002017	damai-1	damai		False	True	False	False
51001002018	dari-1	dari		False	True	False	False
51001002019	Allah-1	Allah		False	True	False	False
51001002020	,-1	,		True	False	False	False
51001002021	Bapa-1	Bapa		False	True	False	False
51001002022	kita-1	kita		False	True	False	False
51001002023	dan-3	dan		False	True	False	False
51001002024	dari-2	dari		False	True	False	False
51001002025	Tuhan-1	Tuhan		False	True	False	False
51001002026	Yesus-1	Yesus		False	True	False	False
51001002027	Kristus-2	Kristus		False	True	False	False
51001002028	menyertai-1	menyertai		False	True	False	False
51001002029	kamu-1	kamu		False	True	False	False
51001002030	.-2	.		True	False	False	False
51001003001	Kami-1	Kami		False	True	False	False
51001003002	mengucap-1	mengucap		False	True	False	False
51001003003	syukur-1	syukur		False	True	False	False
51001003004	kepada-1	kepada		False	True	False	False
51001003005	Allah-1	Allah		False	True	False	False
51001003006	,-1	,		True	False	False	False
51001003007	Bapa-1	Bapa		False	True	False	False
51001003008	Tuhan-1	Tuhan		False	True	False	False
51001003009	kita-1	kita		False	True	False	False
51001003010	Yesus-1	Yesus		False	True	False	False
51001003011	Kristus-1	Kristus		False	True	False	False
51001003012	,-2	,		True	False	False	False
51001003013	kami-1	kami		False	True	False	False
51001003014	selalu-1	selalu		False	True	False	False
51001003015	berdoa-1	berdoa		False	True	False	False
51001003016	untuk-1	untuk		False	True	False	False
51001003017	kamu-1	kamu		False	True	False	False
51001003018	,-3	,		True	False	False	False
51001004001	kami-1	kami		False	True	False	False
51001004002	telah-1	telah		False	True	False	False
51001004003	mendengar-1	mendengar		False	True	False	False
51001004004	tentang-1	tentang		False	True	False	False
51001004005	imanmu-1	imanmu		False	True	False	False
51001004006	dalam-1	dalam		False	True	False	False
51001004007	Kristus-1	Kristus		False	True	False	False
51001004008	Yesus-1	Yesus		False	True	False	False
51001004009	dan-1	dan		False	True	False	False
51001004010	tentang-2	tentang		False	True	False	False
51001004011	kasihmu-1	kasihmu		False	True	False	False
51001004012	terhadap-1	terhadap		False	True	False	False
51001004013	semua-1	semua		False	True	False	False
51001004014	orang-1	orang		False	True	False	False
51001004015	kudus-1	kudus		False	True	False	False
51001004016	,-1	,		True	False	False	False
51001005001	oleh-1	oleh		False	True	False	False
51001005002	karena-1	karena		False	True	False	False
51001005003	pengharapan-1	pengharapan		False	True	False	False
51001005004	,-1	,		True	False	False	False
51001005005	yang-1	yang		False	True	False	False
51001005006	disediakan-1	disediakan		False	True	False	False
51001005007	bagi-1	bagi		False	True	False	False
51001005008	kamu-1	kamu		False	True	False	False
51001005009	di-1	di		False	True	False	False
51001005010	surga-1	surga		False	True	False	False
51001005011	.-1	.		True	False	False	False
51001005012	Tentang-1	Tentang		False	True	False	False
51001005013	pengharapan-2	pengharapan		False	True	False	False
51001005014	itu-1	itu		False	True	False	False
51001005015	telah-1	telah		False	True	False	False
51001005016	kamu-2	kamu		False	True	False	False
51001005017	dengar-1	dengar		False	True	False	False
51001005018	sebelumnya-1	sebelumnya		False	True	False	False
51001005019	dalam-1	dalam		False	True	False	False
51001005020	firman-1	firman		False	True	False	False
51001005021	kebenaran-1	kebenaran		False	True	False	False
51001005022	,-2	,		True	False	False	False
51001005023	yaitu-1	yaitu		False	True	False	False
51001005024	Injil-1	Injil		False	True	False	False
51001005025	,-3	,		True	False	False	False
51001006001	yang-1	yang		False	True	False	False
51001006002	sudah-1	sudah		False	True	False	False
51001006003	sampai-1	sampai		False	True	False	False
51001006004	kepada-1	kepada		False	True	False	False
51001006005	kamu-1	kamu		False	True	False	False
51001006006	seperti-1	seperti		False	True	False	False
51001006007	juga-1	juga		False	True	False	False
51001006008	di-1	di		False	True	False	False
51001006009	seluruh-1	seluruh		False	True	False	False
51001006010	dunia-1	dunia		False	True	False	False
51001006011	,-1	,		True	False	False	False
51001006012	yang-2	yang		False	True	False	False
51001006013	sedang-1	sedang		False	True	False	False
51001006014	menghasikan-1	menghasikan		False	True	False	False
51001006015	buah-1	buah		False	True	False	False
51001006016	dan-1	dan		False	True	False	False
51001006017	berkembang-1	berkembang		False	True	False	False
51001006018	,-2	,		True	False	False	False
51001006019	sebagaimana-1	sebagaimana		False	True	False	False
51001006020	juga-2	juga		False	True	False	False
51001006021	di-2	di		False	True	False	False
51001006022	antara-1	antara		False	True	False	False
51001006023	kamu-2	kamu		False	True	False	False
51001006024	sejak-1	sejak		False	True	False	False
51001006025	waktu-1	waktu		False	True	False	False
51001006026	kamu-3	kamu		False	True	False	False
51001006027	mendengarnya-1	mendengarnya		False	True	False	False
51001006028	dan-2	dan		False	True	False	False
51001006029	mengenal-1	mengenal		False	True	False	False
51001006030	anugerah-1	anugerah		False	True	False	False
51001006031	Allah-1	Allah		False	True	False	False
51001006032	dalam-1	dalam		False	True	False	False
51001006033	kebenaran-1	kebenaran		False	True	False	False
51001006034	.-1	.		True	False	False	False
51001007001	Seperti-1	Seperti		False	True	False	False
51001007002	yang-1	yang		False	True	False	False
51001007003	telah-1	telah		False	True	False	False
51001007004	kamu-1	kamu		False	True	False	False
51001007005	pelajari-1	pelajari		False	True	False	False
51001007006	dari-1	dari		False	True	False	False
51001007007	Epafras-1	Epafras		False	True	False	False
51001007008	,-1	,		True	False	False	False
51001007009	sesama-1	sesama		False	True	False	False
51001007010	hamba-1	hamba		False	True	False	False
51001007011	yang-2	yang		False	True	False	False
51001007012	kami-1	kami		False	True	False	False
51001007013	kasihi-1	kasihi		False	True	False	False
51001007014	,-2	,		True	False	False	False
51001007015	yang-3	yang		False	True	False	False
51001007016	bagi-1	bagi		False	True	False	False
51001007017	kami-2	kami		False	True	False	False
51001007018	adalah-1	adalah		False	True	False	False
51001007019	seorang-1	seorang		False	True	False	False
51001007020	pelayan-1	pelayan		False	True	False	False
51001007021	Kristus-1	Kristus		False	True	False	False
51001007022	yang-4	yang		False	True	False	False
51001007023	setia-1	setia		False	True	False	False
51001007024	.-1	.		True	False	False	False
51001008001	Dialah-1	Dialah		False	True	False	False
51001008002	juga-1	juga		False	True	False	False
51001008003	yang-1	yang		False	True	False	False
51001008004	telah-1	telah		False	True	False	False
51001008005	menyatakan-1	menyatakan		False	True	False	False
51001008006	kepada-1	kepada		False	True	False	False
51001008007	kami-1	kami		False	True	False	False
51001008008	kasihmu-1	kasihmu		False	True	False	False
51001008009	dalam-1	dalam		False	True	False	False
51001008010	Roh-1	Roh		False	True	False	False
51001008011	.-1	.		True	False	False	False
51001009001	Karena-1	Karena		False	True	False	False
51001009002	itu-1	itu		False	True	False	False
51001009003	,-1	,		True	False	False	False
51001009004	sejak-1	sejak		False	True	False	False
51001009005	hari-1	hari		False	True	False	False
51001009006	kami-1	kami		False	True	False	False
51001009007	mendengarnya-1	mendengarnya		False	True	False	False
51001009008	,-2	,		True	False	False	False
51001009009	kami-2	kami		False	True	False	False
51001009010	juga-1	juga		False	True	False	False
51001009011	tidak-1	tidak		False	True	False	False
51001009012	berhenti-1	berhenti		False	True	False	False
51001009013	berdoa-1	berdoa		False	True	False	False
51001009014	untuk-1	untuk		False	True	False	False
51001009015	kamu-1	kamu		False	True	False	False
51001009016	.-1	.		True	False	False	False
51001009017	Kami-1	Kami		False	True	False	False
51001009018	meminta-1	meminta		False	True	False	False
51001009019	supaya-1	supaya		False	True	False	False
51001009020	kamu-2	kamu		False	True	False	False
51001009021	bisa-1	bisa		False	True	False	False
51001009022	dipenuhi-1	dipenuhi		False	True	False	False
51001009023	dengan-1	dengan		False	True	False	False
51001009024	pengetahuan-1	pengetahuan		False	True	False	False
51001009025	akan-1	akan		False	True	False	False
51001009026	kehendak-1	kehendak		False	True	False	False
51001009027	--1	-		True	False	False	False
51001009028	Nya-1	Nya		False	True	False	False
51001009029	dalam-1	dalam		False	True	False	False
51001009030	segala-1	segala		False	True	False	False
51001009031	hikmat-1	hikmat		False	True	False	False
51001009032	dan-1	dan		False	True	False	False
51001009033	pengertian-1	pengertian		False	True	False	False
51001009034	rohani-1	rohani		False	True	False	False
51001009035	,-3	,		True	False	False	False
51001010001	untuk-1	untuk		False	True	False	False
51001010002	hidup-1	hidup		False	True	False	False
51001010003	layak-1	layak		False	True	False	False
51001010004	di-1	di		False	True	False	False
51001010005	hadapan-1	hadapan		False	True	False	False
51001010006	Tuhan-1	Tuhan		False	True	False	False
51001010007	serta-1	serta		False	True	False	False
51001010008	berkenan-1	berkenan		False	True	False	False
51001010009	dalam-1	dalam		False	True	False	False
51001010010	segala-1	segala		False	True	False	False
51001010011	hal-1	hal		False	True	False	False
51001010012	,-1	,		True	False	False	False
51001010013	dan-1	dan		False	True	False	False
51001010014	kamu-1	kamu		False	True	False	False
51001010015	memberi-1	memberi		False	True	False	False
51001010016	buah-1	buah		False	True	False	False
51001010017	dalam-2	dalam		False	True	False	False
51001010018	segala-2	segala		False	True	False	False
51001010019	pekerjaan-1	pekerjaan		False	True	False	False
51001010020	yang-1	yang		False	True	False	False
51001010021	baik-1	baik		False	True	False	False
51001010022	dan-2	dan		False	True	False	False
51001010023	bertumbuh-1	bertumbuh		False	True	False	False
51001010024	dalam-3	dalam		False	True	False	False
51001010025	pengenalan-1	pengenalan		False	True	False	False
51001010026	tentang-1	tentang		False	True	False	False
51001010027	Allah-1	Allah		False	True	False	False
51001010028	,-2	,		True	False	False	False
51001011001	dikuatkan-1	dikuatkan		False	True	False	False
51001011002	dengan-1	dengan		False	True	False	False
51001011003	segala-1	segala		False	True	False	False
51001011004	kuasa-1	kuasa		False	True	False	False
51001011005	menurut-1	menurut		False	True	False	False
51001011006	kekuatan-1	kekuatan		False	True	False	False
51001011007	kemuliaan-1	kemuliaan		False	True	False	False
51001011008	--1	-		True	False	False	False
51001011009	Nya-1	Nya		False	True	False	False
51001011010	,-1	,		True	False	False	False
51001011011	untuk-1	untuk		False	True	False	False
51001011012	menanggung-1	menanggung		False	True	False	False
51001011013	segala-2	segala		False	True	False	False
51001011014	sesuatu-1	sesuatu		False	True	False	False
51001011015	dengan-2	dengan		False	True	False	False
51001011016	tekun-1	tekun		False	True	False	False
51001011017	dan-1	dan		False	True	False	False
51001011018	sabar-1	sabar		False	True	False	False
51001011019	dengan-3	dengan		False	True	False	False
51001011020	sukacita-1	sukacita		False	True	False	False
51001011021	,-2	,		True	False	False	False
51001012001	dan-1	dan		False	True	False	False
51001012002	mengucap-1	mengucap		False	True	False	False
51001012003	syukur-1	syukur		False	True	False	False
51001012004	kepada-1	kepada		False	True	False	False
51001012005	Bapa-1	Bapa		False	True	False	False
51001012006	,-1	,		True	False	False	False
51001012007	yang-1	yang		False	True	False	False
51001012008	melayakkan-1	melayakkan		False	True	False	False
51001012009	kamu-1	kamu		False	True	False	False
51001012010	untuk-1	untuk		False	True	False	False
51001012011	mendapat-1	mendapat		False	True	False	False
51001012012	bagian-1	bagian		False	True	False	False
51001012013	dari-1	dari		False	True	False	False
51001012014	warisan-1	warisan		False	True	False	False
51001012015	yang-2	yang		False	True	False	False
51001012016	ditentukan-1	ditentukan		False	True	False	False
51001012017	bagi-1	bagi		False	True	False	False
51001012018	orang-1	orang		False	True	False	False
51001012019	--1	-		True	False	False	False
51001012020	orang-2	orang		False	True	False	False
51001012021	kudus-1	kudus		False	True	False	False
51001012022	di-1	di		False	True	False	False
51001012023	dalam-1	dalam		False	True	False	False
51001012024	terang-1	terang		False	True	False	False
51001012025	.-1	.		True	False	False	False
51001013001	Ia-1	Ia		False	True	False	False
51001013002	telah-1	telah		False	True	False	False
51001013003	melepaskan-1	melepaskan		False	True	False	False
51001013004	kita-1	kita		False	True	False	False
51001013005	dari-1	dari		False	True	False	False
51001013006	kuasa-1	kuasa		False	True	False	False
51001013007	kegelapan-1	kegelapan		False	True	False	False
51001013008	dan-1	dan		False	True	False	False
51001013009	memindahkan-1	memindahkan		False	True	False	False
51001013010	kita-2	kita		False	True	False	False
51001013011	ke-1	ke		False	True	False	False
51001013012	dalam-1	dalam		False	True	False	False
51001013013	Kerajaan-1	Kerajaan		False	True	False	False
51001013014	Anak-1	Anak		False	True	False	False
51001013015	--1	-		True	False	False	False
51001013016	Nya-1	Nya		False	True	False	False
51001013017	yang-1	yang		False	True	False	False
51001013018	terkasih-1	terkasih		False	True	False	False
51001013019	;-1	;		True	False	False	False
51001014001	di-1	di		False	True	False	False
51001014002	dalam-1	dalam		False	True	False	False
51001014003	Dia-1	Dia		False	True	False	False
51001014004	kita-1	kita		False	True	False	False
51001014005	memiliki-1	memiliki		False	True	False	False
51001014006	penebusan-1	penebusan		False	True	False	False
51001014007	,-1	,		True	False	False	False
51001014008	yaitu-1	yaitu		False	True	False	False
51001014009	pengampunan-1	pengampunan		False	True	False	False
51001014010	dosa-1	dosa		False	True	False	False
51001014011	--1	-		True	False	False	False
51001014012	dosa-2	dosa		False	True	False	False
51001014013	.-1	.		True	False	False	False
51001015001	Ia-1	Ia		False	True	False	False
51001015002	adalah-1	adalah		False	True	False	False
51001015003	gambar-1	gambar		False	True	False	False
51001015004	Allah-1	Allah		False	True	False	False
51001015005	yang-1	yang		False	True	False	False
51001015006	tidak-1	tidak		False	True	False	False
51001015007	kelihatan-1	kelihatan		False	True	False	False
51001015008	,-1	,		True	False	False	False
51001015009	yang-2	yang		False	True	False	False
51001015010	sulung-1	sulung		False	True	False	False
51001015011	dari-1	dari		False	True	False	False
51001015012	segala-1	segala		False	True	False	False
51001015013	yang-3	yang		False	True	False	False
51001015014	diciptakan-1	diciptakan		False	True	False	False
51001015015	,-2	,		True	False	False	False
51001016001	karena-1	karena		False	True	False	False
51001016002	di-1	di		False	True	False	False
51001016003	dalam-1	dalam		False	True	False	False
51001016004	Dialah-1	Dialah		False	True	False	False
51001016005	telah-1	telah		False	True	False	False
51001016006	diciptakan-1	diciptakan		False	True	False	False
51001016007	segala-1	segala		False	True	False	False
51001016008	sesuatu-1	sesuatu		False	True	False	False
51001016009	,-1	,		True	False	False	False
51001016010	yang-1	yang		False	True	False	False
51001016011	ada-1	ada		False	True	False	False
51001016012	di-2	di		False	True	False	False
51001016013	surga-1	surga		False	True	False	False
51001016014	dan-1	dan		False	True	False	False
51001016015	yang-2	yang		False	True	False	False
51001016016	ada-2	ada		False	True	False	False
51001016017	di-3	di		False	True	False	False
51001016018	bumi-1	bumi		False	True	False	False
51001016019	,-2	,		True	False	False	False
51001016020	yang-3	yang		False	True	False	False
51001016021	kelihatan-1	kelihatan		False	True	False	False
51001016022	dan-2	dan		False	True	False	False
51001016023	yang-4	yang		False	True	False	False
51001016024	tidak-1	tidak		False	True	False	False
51001016025	kelihatan-2	kelihatan		False	True	False	False
51001016026	,-3	,		True	False	False	False
51001016027	baik-1	baik		False	True	False	False
51001016028	singgasana-1	singgasana		False	True	False	False
51001016029	,-4	,		True	False	False	False
51001016030	maupun-1	maupun		False	True	False	False
51001016031	kerajaan-1	kerajaan		False	True	False	False
51001016032	,-5	,		True	False	False	False
51001016033	baik-2	baik		False	True	False	False
51001016034	pemerintah-1	pemerintah		False	True	False	False
51001016035	,-6	,		True	False	False	False
51001016036	maupun-2	maupun		False	True	False	False
51001016037	penguasa-1	penguasa		False	True	False	False
51001016038	;-1	;		True	False	False	False
51001016039	segala-2	segala		False	True	False	False
51001016040	sesuatu-2	sesuatu		False	True	False	False
51001016041	telah-2	telah		False	True	False	False
51001016042	diciptakan-2	diciptakan		False	True	False	False
51001016043	oleh-1	oleh		False	True	False	False
51001016044	Dia-1	Dia		False	True	False	False
51001016045	dan-3	dan		False	True	False	False
51001016046	untuk-1	untuk		False	True	False	False
51001016047	Dia-2	Dia		False	True	False	False
51001016048	.-1	.		True	False	False	False
51001017001	Ia-1	Ia		False	True	False	False
51001017002	ada-1	ada		False	True	False	False
51001017003	sebelum-1	sebelum		False	True	False	False
51001017004	segala-1	segala		False	True	False	False
51001017005	sesuatu-1	sesuatu		False	True	False	False
51001017006	dan-1	dan		False	True	False	False
51001017007	segala-2	segala		False	True	False	False
51001017008	sesuatu-2	sesuatu		False	True	False	False
51001017009	ditopang-1	ditopang		False	True	False	False
51001017010	bersama-1	bersama		False	True	False	False
51001017011	di-1	di		False	True	False	False
51001017012	dalam-1	dalam		False	True	False	False
51001017013	Dia-1	Dia		False	True	False	False
51001017014	.-1	.		True	False	False	False
51001018001	Dialah-1	Dialah		False	True	False	False
51001018002	kepala-1	kepala		False	True	False	False
51001018003	tubuh-1	tubuh		False	True	False	False
51001018004	,-1	,		True	False	False	False
51001018005	yaitu-1	yaitu		False	True	False	False
51001018006	jemaat-1	jemaat		False	True	False	False
51001018007	.-1	.		True	False	False	False
51001018008	Dialah-2	Dialah		False	True	False	False
51001018009	yang-1	yang		False	True	False	False
51001018010	pertama-1	pertama		False	True	False	False
51001018011	bangkit-1	bangkit		False	True	False	False
51001018012	,-2	,		True	False	False	False
51001018013	yang-2	yang		False	True	False	False
51001018014	sulung-1	sulung		False	True	False	False
51001018015	,-3	,		True	False	False	False
51001018016	dari-1	dari		False	True	False	False
51001018017	antara-1	antara		False	True	False	False
51001018018	orang-1	orang		False	True	False	False
51001018019	mati-1	mati		False	True	False	False
51001018020	,-4	,		True	False	False	False
51001018021	sehingga-1	sehingga		False	True	False	False
51001018022	Ia-1	Ia		False	True	False	False
51001018023	menjadi-1	menjadi		False	True	False	False
51001018024	yang-3	yang		False	True	False	False
51001018025	lebih-1	lebih		False	True	False	False
51001018026	utama-1	utama		False	True	False	False
51001018027	dalam-1	dalam		False	True	False	False
51001018028	segala-1	segala		False	True	False	False
51001018029	sesuatu-1	sesuatu		False	True	False	False
51001018030	.-2	.		True	False	False	False
51001019001	Karena-1	Karena		False	True	False	False
51001019002	seluruh-1	seluruh		False	True	False	False
51001019003	kepenuhan-1	kepenuhan		False	True	False	False
51001019004	Allah-1	Allah		False	True	False	False
51001019005	berkenan-1	berkenan		False	True	False	False
51001019006	diam-1	diam		False	True	False	False
51001019007	di-1	di		False	True	False	False
51001019008	dalam-1	dalam		False	True	False	False
51001019009	Dia-1	Dia		False	True	False	False
51001019010	,-1	,		True	False	False	False
51001020001	dan-1	dan		False	True	False	False
51001020002	oleh-1	oleh		False	True	False	False
51001020003	Dialah-1	Dialah		False	True	False	False
51001020004	Allah-1	Allah		False	True	False	False
51001020005	telah-1	telah		False	True	False	False
51001020006	memperdamaikan-1	memperdamaikan		False	True	False	False
51001020007	segala-1	segala		False	True	False	False
51001020008	sesuatu-1	sesuatu		False	True	False	False
51001020009	dengan-1	dengan		False	True	False	False
51001020010	diri-1	diri		False	True	False	False
51001020011	--1	-		True	False	False	False
51001020012	Nya-1	Nya		False	True	False	False
51001020013	,-1	,		True	False	False	False
51001020014	sesudah-1	sesudah		False	True	False	False
51001020015	Ia-1	Ia		False	True	False	False
51001020016	mengadakan-1	mengadakan		False	True	False	False
51001020017	pendamaian-1	pendamaian		False	True	False	False
51001020018	oleh-2	oleh		False	True	False	False
51001020019	darah-1	darah		False	True	False	False
51001020020	salib-1	salib		False	True	False	False
51001020021	--2	-		True	False	False	False
51001020022	Nya-2	Nya		False	True	False	False
51001020023	,-2	,		True	False	False	False
51001020024	baik-1	baik		False	True	False	False
51001020025	yang-1	yang		False	True	False	False
51001020026	ada-1	ada		False	True	False	False
51001020027	di-1	di		False	True	False	False
51001020028	bumi-1	bumi		False	True	False	False
51001020029	maupun-1	maupun		False	True	False	False
51001020030	yang-2	yang		False	True	False	False
51001020031	ada-2	ada		False	True	False	False
51001020032	di-2	di		False	True	False	False
51001020033	surga-1	surga		False	True	False	False
51001020034	,-3	,		True	False	False	False
51001021001	Juga-1	Juga		False	True	False	False
51001021002	kamu-1	kamu		False	True	False	False
51001021003	yang-1	yang		False	True	False	False
51001021004	dahulu-1	dahulu		False	True	False	False
51001021005	terpisah-1	terpisah		False	True	False	False
51001021006	dan-1	dan		False	True	False	False
51001021007	musuh-1	musuh		False	True	False	False
51001021008	dari-1	dari		False	True	False	False
51001021009	Allah-1	Allah		False	True	False	False
51001021010	dalam-1	dalam		False	True	False	False
51001021011	pikiran-1	pikiran		False	True	False	False
51001021012	,-1	,		True	False	False	False
51001021013	dan-2	dan		False	True	False	False
51001021014	dalam-2	dalam		False	True	False	False
51001021015	perbuatan-1	perbuatan		False	True	False	False
51001021016	--1	-		True	False	False	False
51001021017	perbuatan-2	perbuatan		False	True	False	False
51001021018	yang-2	yang		False	True	False	False
51001021019	jahat-1	jahat		False	True	False	False
51001021020	,-2	,		True	False	False	False
51001022001	Tetapi-1	Tetapi		False	True	False	False
51001022002	sekarang-1	sekarang		False	True	False	False
51001022003	telah-1	telah		False	True	False	False
51001022004	diperdamaikan-1	diperdamaikan		False	True	False	False
51001022005	,-1	,		True	False	False	False
51001022006	dalam-1	dalam		False	True	False	False
51001022007	tubuh-1	tubuh		False	True	False	False
51001022008	jasmani-1	jasmani		False	True	False	False
51001022009	--1	-		True	False	False	False
51001022010	Nya-1	Nya		False	True	False	False
51001022011	melalui-1	melalui		False	True	False	False
51001022012	kematian-1	kematian		False	True	False	False
51001022013	,-2	,		True	False	False	False
51001022014	untuk-1	untuk		False	True	False	False
51001022015	menempatkan-1	menempatkan		False	True	False	False
51001022016	kamu-1	kamu		False	True	False	False
51001022017	kudus-1	kudus		False	True	False	False
51001022018	dan-1	dan		False	True	False	False
51001022019	tak-1	tak		False	True	False	False
51001022020	bercela-1	bercela		False	True	False	False
51001022021	dan-2	dan		False	True	False	False
51001022022	tak-2	tak		False	True	False	False
51001022023	bercacat-1	bercacat		False	True	False	False
51001022024	di-1	di		False	True	False	False
51001022025	hadapan-1	hadapan		False	True	False	False
51001022026	--2	-		True	False	False	False
51001022027	Nya-2	Nya		False	True	False	False
51001022028	.-1	.		True	False	False	False
51001023001	Memang-1	Memang		False	True	False	False
51001023002	kamu-1	kamu		False	True	False	False
51001023003	terus-1	terus		False	True	False	False
51001023004	bertekun-1	bertekun		False	True	False	False
51001023005	dalam-1	dalam		False	True	False	False
51001023006	iman-1	iman		False	True	False	False
51001023007	,-1	,		True	False	False	False
51001023008	tetap-1	tetap		False	True	False	False
51001023009	teguh-1	teguh		False	True	False	False
51001023010	dan-1	dan		False	True	False	False
51001023011	tidak-1	tidak		False	True	False	False
51001023012	tergoncang-1	tergoncang		False	True	False	False
51001023013	,-2	,		True	False	False	False
51001023014	serta-1	serta		False	True	False	False
51001023015	tidak-2	tidak		False	True	False	False
51001023016	mau-1	mau		False	True	False	False
51001023017	digeser-1	digeser		False	True	False	False
51001023018	dari-1	dari		False	True	False	False
51001023019	pengharapan-1	pengharapan		False	True	False	False
51001023020	Injil-1	Injil		False	True	False	False
51001023021	,-3	,		True	False	False	False
51001023022	yang-1	yang		False	True	False	False
51001023023	telah-1	telah		False	True	False	False
51001023024	kamu-2	kamu		False	True	False	False
51001023025	dengar-1	dengar		False	True	False	False
51001023026	,-4	,		True	False	False	False
51001023027	yang-2	yang		False	True	False	False
51001023028	telah-2	telah		False	True	False	False
51001023029	dikabarkan-1	dikabarkan		False	True	False	False
51001023030	di-1	di		False	True	False	False
51001023031	seluruh-1	seluruh		False	True	False	False
51001023032	alam-1	alam		False	True	False	False
51001023033	di-2	di		False	True	False	False
51001023034	bawah-1	bawah		False	True	False	False
51001023035	langit-1	langit		False	True	False	False
51001023036	,-5	,		True	False	False	False
51001023037	dan-2	dan		False	True	False	False
51001023038	aku-1	aku		False	True	False	False
51001023039	ini-1	ini		False	True	False	False
51001023040	,-6	,		True	False	False	False
51001023041	Paulus-1	Paulus		False	True	False	False
51001023042	,-7	,		True	False	False	False
51001023043	telah-3	telah		False	True	False	False
51001023044	menjadi-1	menjadi		False	True	False	False
51001023045	seorang-1	seorang		False	True	False	False
51001023046	pelayan-1	pelayan		False	True	False	False
51001024001	Sekarang-1	Sekarang		False	True	False	False
51001024002	aku-1	aku		False	True	False	False
51001024003	bersukacita-1	bersukacita		False	True	False	False
51001024004	dalam-1	dalam		False	True	False	False
51001024005	penderitaan-1	penderitaan		False	True	False	False
51001024006	--1	-		True	False	False	False
51001024007	penderitaanku-1	penderitaanku		False	True	False	False
51001024008	karena-1	karena		False	True	False	False
51001024009	kamu-1	kamu		False	True	False	False
51001024010	,-1	,		True	False	False	False
51001024011	dan-1	dan		False	True	False	False
51001024012	menggenapkan-1	menggenapkan		False	True	False	False
51001024013	dalam-2	dalam		False	True	False	False
51001024014	dagingku-1	dagingku		False	True	False	False
51001024015	apa-1	apa		False	True	False	False
51001024016	yang-1	yang		False	True	False	False
51001024017	kurang-1	kurang		False	True	False	False
51001024018	pada-1	pada		False	True	False	False
51001024019	penderitaan-2	penderitaan		False	True	False	False
51001024020	--2	-		True	False	False	False
51001024021	penderitaan-3	penderitaan		False	True	False	False
51001024022	Kristus-1	Kristus		False	True	False	False
51001024023	,-2	,		True	False	False	False
51001024024	untuk-1	untuk		False	True	False	False
51001024025	tubuh-1	tubuh		False	True	False	False
51001024026	--3	-		True	False	False	False
51001024027	Nya-1	Nya		False	True	False	False
51001024028	,-3	,		True	False	False	False
51001024029	yaitu-1	yaitu		False	True	False	False
51001024030	jemaat-1	jemaat		False	True	False	False
51001024031	,-4	,		True	False	False	False
51001025001	Aku-1	Aku		False	True	False	False
51001025002	telah-1	telah		False	True	False	False
51001025003	menjadi-1	menjadi		False	True	False	False
51001025004	seorang-1	seorang		False	True	False	False
51001025005	pelayan-1	pelayan		False	True	False	False
51001025006	sesuai-1	sesuai		False	True	False	False
51001025007	dengan-1	dengan		False	True	False	False
51001025008	penatalayanan-1	penatalayanan		False	True	False	False
51001025009	dari-1	dari		False	True	False	False
51001025010	Allah-1	Allah		False	True	False	False
51001025011	,-1	,		True	False	False	False
51001025012	yang-1	yang		False	True	False	False
51001025013	telah-2	telah		False	True	False	False
51001025014	diberikan-1	diberikan		False	True	False	False
51001025015	kepadaku-1	kepadaku		False	True	False	False
51001025016	bagi-1	bagi		False	True	False	False
51001025017	kamu-1	kamu		False	True	False	False
51001025018	,-2	,		True	False	False	False
51001025019	untuk-1	untuk		False	True	False	False
51001025020	menggenapi-1	menggenapi		False	True	False	False
51001025021	firman-1	firman		False	True	False	False
51001025022	Allah-2	Allah		False	True	False	False
51001025023	,-3	,		True	False	False	False
51001026001	yaitu-1	yaitu		False	True	False	False
51001026002	rahasia-1	rahasia		False	True	False	False
51001026003	yang-1	yang		False	True	False	False
51001026004	telah-1	telah		False	True	False	False
51001026005	tersembunyi-1	tersembunyi		False	True	False	False
51001026006	dari-1	dari		False	True	False	False
51001026007	abad-1	abad		False	True	False	False
51001026008	ke-1	ke		False	True	False	False
51001026009	abad-2	abad		False	True	False	False
51001026010	dan-1	dan		False	True	False	False
51001026011	dari-2	dari		False	True	False	False
51001026012	generasi-1	generasi		False	True	False	False
51001026013	ke-2	ke		False	True	False	False
51001026014	generasi-2	generasi		False	True	False	False
51001026015	,-1	,		True	False	False	False
51001026016	tetapi-1	tetapi		False	True	False	False
51001026017	yang-2	yang		False	True	False	False
51001026018	sekarang-1	sekarang		False	True	False	False
51001026019	telah-2	telah		False	True	False	False
51001026020	dinyatakan-1	dinyatakan		False	True	False	False
51001026021	kepada-1	kepada		False	True	False	False
51001026022	orang-1	orang		False	True	False	False
51001026023	--1	-		True	False	False	False
51001026024	orang-2	orang		False	True	False	False
51001026025	kudus-1	kudus		False	True	False	False
51001026026	--2	-		True	False	False	False
51001026027	Nya-1	Nya		False	True	False	False
51001026028	.-1	.		True	False	False	False
51001027001	Kepada-1	Kepada		False	True	False	False
51001027002	mereka-1	mereka		False	True	False	False
51001027003	Allah-1	Allah		False	True	False	False
51001027004	mau-1	mau		False	True	False	False
51001027005	memberitahukan-1	memberitahukan		False	True	False	False
51001027006	,-1	,		True	False	False	False
51001027007	betapa-1	betapa		False	True	False	False
51001027008	kaya-1	kaya		False	True	False	False
51001027009	dan-1	dan		False	True	False	False
51001027010	mulianya-1	mulianya		False	True	False	False
51001027011	rahasia-1	rahasia		False	True	False	False
51001027012	itu-1	itu		False	True	False	False
51001027013	di-1	di		False	True	False	False
51001027014	antara-1	antara		False	True	False	False
51001027015	bangsa-1	bangsa		False	True	False	False
51001027016	--1	-		True	False	False	False
51001027017	bangsa-2	bangsa		False	True	False	False
51001027018	lain-1	lain		False	True	False	False
51001027019	,-2	,		True	False	False	False
51001027020	yaitu-1	yaitu		False	True	False	False
51001027021	:-1	:		True	False	False	False
51001027022	Kristus-1	Kristus		False	True	False	False
51001027023	ada-1	ada		False	True	False	False
51001027024	di-2	di		False	True	False	False
51001027025	tengah-1	tengah		False	True	False	False
51001027026	--2	-		True	False	False	False
51001027027	tengah-2	tengah		False	True	False	False
51001027028	kamu-1	kamu		False	True	False	False
51001027029	,-3	,		True	False	False	False
51001027030	yang-1	yang		False	True	False	False
51001027031	adalah-1	adalah		False	True	False	False
51001027032	pengharapan-1	pengharapan		False	True	False	False
51001027033	akan-1	akan		False	True	False	False
51001027034	kemuliaan-1	kemuliaan		False	True	False	False
51001027035	!-1	!		True	False	False	False
51001028001	Dialah-1	Dialah		False	True	False	False
51001028002	yang-1	yang		False	True	False	False
51001028003	kami-1	kami		False	True	False	False
51001028004	beritakan-1	beritakan		False	True	False	False
51001028005	,-1	,		True	False	False	False
51001028006	apabila-1	apabila		False	True	False	False
51001028007	tiap-1	tiap		False	True	False	False
51001028008	--1	-		True	False	False	False
51001028009	tiap-2	tiap		False	True	False	False
51001028010	orang-1	orang		False	True	False	False
51001028011	kami-2	kami		False	True	False	False
51001028012	nasihati-1	nasihati		False	True	False	False
51001028013	dan-1	dan		False	True	False	False
51001028014	tiap-3	tiap		False	True	False	False
51001028015	--2	-		True	False	False	False
51001028016	tiap-4	tiap		False	True	False	False
51001028017	orang-2	orang		False	True	False	False
51001028018	kami-3	kami		False	True	False	False
51001028019	ajari-1	ajari		False	True	False	False
51001028020	dalam-1	dalam		False	True	False	False
51001028021	segala-1	segala		False	True	False	False
51001028022	hikmat-1	hikmat		False	True	False	False
51001028023	,-2	,		True	False	False	False
51001028024	supaya-1	supaya		False	True	False	False
51001028025	kami-4	kami		False	True	False	False
51001028026	bisa-1	bisa		False	True	False	False
51001028027	memimpin-1	memimpin		False	True	False	False
51001028028	tiap-5	tiap		False	True	False	False
51001028029	--3	-		True	False	False	False
51001028030	tiap-6	tiap		False	True	False	False
51001028031	orang-3	orang		False	True	False	False
51001028032	kepada-1	kepada		False	True	False	False
51001028033	kesempurnaan-1	kesempurnaan		False	True	False	False
51001028034	dalam-2	dalam		False	True	False	False
51001028035	Kristus-1	Kristus		False	True	False	False
51001028036	.-1	.		True	False	False	False
51001029001	Itulah-1	Itulah		False	True	False	False
51001029002	yang-1	yang		False	True	False	False
51001029003	kuusahakan-1	kuusahakan		False	True	False	False
51001029004	dan-1	dan		False	True	False	False
51001029005	kupergumulkan-1	kupergumulkan		False	True	False	False
51001029006	sesuai-1	sesuai		False	True	False	False
51001029007	dengan-1	dengan		False	True	False	False
51001029008	pekerjaan-1	pekerjaan		False	True	False	False
51001029009	--1	-		True	False	False	False
51001029010	Nya-1	Nya		False	True	False	False
51001029011	,-1	,		True	False	False	False
51001029012	yaitu-1	yaitu		False	True	False	False
51001029013	Dia-1	Dia		False	True	False	False
51001029014	yang-2	yang		False	True	False	False
51001029015	mengerjakan-1	mengerjakan		False	True	False	False
51001029016	di-1	di		False	True	False	False
51001029017	dalam-1	dalam		False	True	False	False
51001029018	aku-1	aku		False	True	False	False
51001029019	dengan-2	dengan		False	True	False	False
51001029020	kuasa-1	kuasa		False	True	False	False
51001029021	--2	-		True	False	False	False
51001029022	Nya-2	Nya		False	True	False	False
51002001001	Karena-1	Karena		False	True	False	False
51002001002	aku-1	aku		False	True	False	False
51002001003	mau-1	mau		False	True	False	False
51002001004	supaya-1	supaya		False	True	False	False
51002001005	kamu-1	kamu		False	True	False	False
51002001006	mengetahui-1	mengetahui		False	True	False	False
51002001007	betapa-1	betapa		False	True	False	False
51002001008	beratnya-1	beratnya		False	True	False	False
51002001009	perjuangan-1	perjuangan		False	True	False	False
51002001010	yang-1	yang		False	True	False	False
51002001011	kulakukan-1	kulakukan		False	True	False	False
51002001012	untuk-1	untuk		False	True	False	False
51002001013	kamu-2	kamu		False	True	False	False
51002001014	dan-1	dan		False	True	False	False
51002001015	untuk-2	untuk		False	True	False	False
51002001016	mereka-1	mereka		False	True	False	False
51002001017	yang-2	yang		False	True	False	False
51002001018	di-1	di		False	True	False	False
51002001019	Laodikia-1	Laodikia		False	True	False	False
51002001020	dan-2	dan		False	True	False	False
51002001021	untuk-3	untuk		False	True	False	False
51002001022	semuanya-1	semuanya		False	True	False	False
51002001023	yang-3	yang		False	True	False	False
51002001024	belum-1	belum		False	True	False	False
51002001025	mengenal-1	mengenal		False	True	False	False
51002001026	aku-2	aku		False	True	False	False
51002001027	secara-1	secara		False	True	False	False
51002001028	pribadi-1	pribadi		False	True	False	False
51002001029	,-1	,		True	False	False	False
51002002001	supaya-1	supaya		False	True	False	False
51002002002	hati-1	hati		False	True	False	False
51002002003	mereka-1	mereka		False	True	False	False
51002002004	bisa-1	bisa		False	True	False	False
51002002005	terhibur-1	terhibur		False	True	False	False
51002002006	dan-1	dan		False	True	False	False
51002002007	mereka-2	mereka		False	True	False	False
51002002008	bersatu-1	bersatu		False	True	False	False
51002002009	dalam-1	dalam		False	True	False	False
51002002010	kasih-1	kasih		False	True	False	False
51002002011	,-1	,		True	False	False	False
51002002012	dan-2	dan		False	True	False	False
51002002013	masuk-1	masuk		False	True	False	False
51002002014	ke-1	ke		False	True	False	False
51002002015	dalam-2	dalam		False	True	False	False
51002002016	segala-1	segala		False	True	False	False
51002002017	kekayaan-1	kekayaan		False	True	False	False
51002002018	dan-3	dan		False	True	False	False
51002002019	keyakinan-1	keyakinan		False	True	False	False
51002002020	penuh-1	penuh		False	True	False	False
51002002021	tentang-1	tentang		False	True	False	False
51002002022	pengertian-1	pengertian		False	True	False	False
51002002023	,-2	,		True	False	False	False
51002002024	dan-4	dan		False	True	False	False
51002002025	pengenalan-1	pengenalan		False	True	False	False
51002002026	akan-1	akan		False	True	False	False
51002002027	rahasia-1	rahasia		False	True	False	False
51002002028	Allah-1	Allah		False	True	False	False
51002002029	,-3	,		True	False	False	False
51002002030	yaitu-1	yaitu		False	True	False	False
51002002031	Kristus-1	Kristus		False	True	False	False
51002002032	,-4	,		True	False	False	False
51002003001	sebab-1	sebab		False	True	False	False
51002003002	di-1	di		False	True	False	False
51002003003	dalam-1	dalam		False	True	False	False
51002003004	Dialah-1	Dialah		False	True	False	False
51002003005	tersembunyi-1	tersembunyi		False	True	False	False
51002003006	segala-1	segala		False	True	False	False
51002003007	harta-1	harta		False	True	False	False
51002003008	hikmat-1	hikmat		False	True	False	False
51002003009	dan-1	dan		False	True	False	False
51002003010	pengetahuan-1	pengetahuan		False	True	False	False
51002003011	.-1	.		True	False	False	False
51002004001	Hal-1	Hal		False	True	False	False
51002004002	ini-1	ini		False	True	False	False
51002004003	kukatakan-1	kukatakan		False	True	False	False
51002004004	,-1	,		True	False	False	False
51002004005	supaya-1	supaya		False	True	False	False
51002004006	jangan-1	jangan		False	True	False	False
51002004007	ada-1	ada		False	True	False	False
51002004008	yang-1	yang		False	True	False	False
51002004009	memperdayakan-1	memperdayakan		False	True	False	False
51002004010	kamu-1	kamu		False	True	False	False
51002004011	dengan-1	dengan		False	True	False	False
51002004012	kata-1	kata		False	True	False	False
51002004013	--1	-		True	False	False	False
51002004014	kata-2	kata		False	True	False	False
51002004015	yang-2	yang		False	True	False	False
51002004016	menawan-1	menawan		False	True	False	False
51002004017	.-1	.		True	False	False	False
51002005001	Sebab-1	Sebab		False	True	False	False
51002005002	meskipun-1	meskipun		False	True	False	False
51002005003	aku-1	aku		False	True	False	False
51002005004	sendiri-1	sendiri		False	True	False	False
51002005005	tidak-1	tidak		False	True	False	False
51002005006	hadir-1	hadir		False	True	False	False
51002005007	di-1	di		False	True	False	False
51002005008	antara-1	antara		False	True	False	False
51002005009	kamu-1	kamu		False	True	False	False
51002005010	,-1	,		True	False	False	False
51002005011	tetapi-1	tetapi		False	True	False	False
51002005012	dalam-1	dalam		False	True	False	False
51002005013	roh-1	roh		False	True	False	False
51002005014	aku-2	aku		False	True	False	False
51002005015	bersama-1	bersama		False	True	False	False
51002005016	--1	-		True	False	False	False
51002005017	sama-1	sama		False	True	False	False
51002005018	dengan-1	dengan		False	True	False	False
51002005019	kamu-2	kamu		False	True	False	False
51002005020	,-2	,		True	False	False	False
51002005021	aku-3	aku		False	True	False	False
51002005022	bersukacita-1	bersukacita		False	True	False	False
51002005023	dan-1	dan		False	True	False	False
51002005024	melihat-1	melihat		False	True	False	False
51002005025	tertib-1	tertib		False	True	False	False
51002005026	hidupmu-1	hidupmu		False	True	False	False
51002005027	serta-1	serta		False	True	False	False
51002005028	keteguhan-1	keteguhan		False	True	False	False
51002005029	imanmu-1	imanmu		False	True	False	False
51002005030	kepada-1	kepada		False	True	False	False
51002005031	Kristus-1	Kristus		False	True	False	False
51002005032	.-1	.		True	False	False	False
51002006001	Karena-1	Karena		False	True	False	False
51002006002	itu-1	itu		False	True	False	False
51002006003	,-1	,		True	False	False	False
51002006004	sebagaimana-1	sebagaimana		False	True	False	False
51002006005	kamu-1	kamu		False	True	False	False
51002006006	telah-1	telah		False	True	False	False
51002006007	menerima-1	menerima		False	True	False	False
51002006008	Kristus-1	Kristus		False	True	False	False
51002006009	Yesus-1	Yesus		False	True	False	False
51002006010	,-2	,		True	False	False	False
51002006011	Tuhan-1	Tuhan		False	True	False	False
51002006012	kita-1	kita		False	True	False	False
51002006013	,-3	,		True	False	False	False
51002006014	hendaklah-1	hendaklah		False	True	False	False
51002006015	hidupmu-1	hidupmu		False	True	False	False
51002006016	tetap-1	tetap		False	True	False	False
51002006017	di-1	di		False	True	False	False
51002006018	dalam-1	dalam		False	True	False	False
51002006019	Dia-1	Dia		False	True	False	False
51002006020	.-1	.		True	False	False	False
51002007001	Hendaklah-1	Hendaklah		False	True	False	False
51002007002	kamu-1	kamu		False	True	False	False
51002007003	berakar-1	berakar		False	True	False	False
51002007004	dan-1	dan		False	True	False	False
51002007005	dibangun-1	dibangun		False	True	False	False
51002007006	di-1	di		False	True	False	False
51002007007	dalam-1	dalam		False	True	False	False
51002007008	Dia-1	Dia		False	True	False	False
51002007009	,-1	,		True	False	False	False
51002007010	hendaklah-1	hendaklah		False	True	False	False
51002007011	kamu-2	kamu		False	True	False	False
51002007012	bertambah-1	bertambah		False	True	False	False
51002007013	teguh-1	teguh		False	True	False	False
51002007014	dalam-2	dalam		False	True	False	False
51002007015	iman-1	iman		False	True	False	False
51002007016	seperti-1	seperti		False	True	False	False
51002007017	yang-1	yang		False	True	False	False
51002007018	telah-1	telah		False	True	False	False
51002007019	diajarkan-1	diajarkan		False	True	False	False
51002007020	kepadamu-1	kepadamu		False	True	False	False
51002007021	,-2	,		True	False	False	False
51002007022	dan-2	dan		False	True	False	False
51002007023	hendaklah-2	hendaklah		False	True	False	False
51002007024	hatimu-1	hatimu		False	True	False	False
51002007025	melimpah-1	melimpah		False	True	False	False
51002007026	dengan-1	dengan		False	True	False	False
51002007027	syukur-1	syukur		False	True	False	False
51002007028	.-1	.		True	False	False	False
51002008001	Hati-1	Hati		False	True	False	False
51002008002	--1	-		True	False	False	False
51002008003	hatilah-1	hatilah		False	True	False	False
51002008004	,-1	,		True	False	False	False
51002008005	supaya-1	supaya		False	True	False	False
51002008006	jangan-1	jangan		False	True	False	False
51002008007	ada-1	ada		False	True	False	False
51002008008	orang-1	orang		False	True	False	False
51002008009	yang-1	yang		False	True	False	False
51002008010	menawan-1	menawan		False	True	False	False
51002008011	kamu-1	kamu		False	True	False	False
51002008012	dengan-1	dengan		False	True	False	False
51002008013	filsafatnya-1	filsafatnya		False	True	False	False
51002008014	yang-2	yang		False	True	False	False
51002008015	kosong-1	kosong		False	True	False	False
51002008016	dan-1	dan		False	True	False	False
51002008017	palsu-1	palsu		False	True	False	False
51002008018	menurut-1	menurut		False	True	False	False
51002008019	tradisi-1	tradisi		False	True	False	False
51002008020	manusia-1	manusia		False	True	False	False
51002008021	dan-2	dan		False	True	False	False
51002008022	roh-1	roh		False	True	False	False
51002008023	--2	-		True	False	False	False
51002008024	roh-2	roh		False	True	False	False
51002008025	dunia-1	dunia		False	True	False	False
51002008026	,-2	,		True	False	False	False
51002008027	dan-3	dan		False	True	False	False
51002008028	tidak-1	tidak		False	True	False	False
51002008029	menurut-2	menurut		False	True	False	False
51002008030	Kristus-1	Kristus		False	True	False	False
51002008031	.-1	.		True	False	False	False
51002009001	Sebab-1	Sebab		False	True	False	False
51002009002	dalam-1	dalam		False	True	False	False
51002009003	Dialah-1	Dialah		False	True	False	False
51002009004	berdiam-1	berdiam		False	True	False	False
51002009005	secara-1	secara		False	True	False	False
51002009006	jasmaniah-1	jasmaniah		False	True	False	False
51002009007	seluruh-1	seluruh		False	True	False	False
51002009008	kepenuhan-1	kepenuhan		False	True	False	False
51002009009	ke-1	ke		False	True	False	False
51002009010	--1	-		True	False	False	False
51002009011	Allahan-1	Allahan		False	True	False	False
51002009012	,-1	,		True	False	False	False
51002010001	dan-1	dan		False	True	False	False
51002010002	kamu-1	kamu		False	True	False	False
51002010003	telah-1	telah		False	True	False	False
51002010004	dipenuhi-1	dipenuhi		False	True	False	False
51002010005	di-1	di		False	True	False	False
51002010006	dalam-1	dalam		False	True	False	False
51002010007	Dia-1	Dia		False	True	False	False
51002010008	.-1	.		True	False	False	False
51002010009	Dialah-1	Dialah		False	True	False	False
51002010010	Kepala-1	Kepala		False	True	False	False
51002010011	semua-1	semua		False	True	False	False
51002010012	pemerintah-1	pemerintah		False	True	False	False
51002010013	dan-2	dan		False	True	False	False
51002010014	penguasa-1	penguasa		False	True	False	False
51002010015	.-2	.		True	False	False	False
51002011001	Dalam-1	Dalam		False	True	False	False
51002011002	Dia-1	Dia		False	True	False	False
51002011003	kamu-1	kamu		False	True	False	False
51002011004	juga-1	juga		False	True	False	False
51002011005	telah-1	telah		False	True	False	False
51002011006	disunat-1	disunat		False	True	False	False
51002011007	,-1	,		True	False	False	False
51002011008	bukan-1	bukan		False	True	False	False
51002011009	dengan-1	dengan		False	True	False	False
51002011010	sunat-1	sunat		False	True	False	False
51002011011	yang-1	yang		False	True	False	False
51002011012	dilakukan-1	dilakukan		False	True	False	False
51002011013	oleh-1	oleh		False	True	False	False
51002011014	tangan-1	tangan		False	True	False	False
51002011015	manusia-1	manusia		False	True	False	False
51002011016	,-2	,		True	False	False	False
51002011017	yang-2	yang		False	True	False	False
51002011018	terdiri-1	terdiri		False	True	False	False
51002011019	dari-1	dari		False	True	False	False
51002011020	penanggalan-1	penanggalan		False	True	False	False
51002011021	akan-1	akan		False	True	False	False
51002011022	tubuh-1	tubuh		False	True	False	False
51002011023	daging-1	daging		False	True	False	False
51002011024	,-3	,		True	False	False	False
51002011025	yaitu-1	yaitu		False	True	False	False
51002011026	dalam-1	dalam		False	True	False	False
51002011027	sunat-2	sunat		False	True	False	False
51002011028	Kristus-1	Kristus		False	True	False	False
51002011029	,-4	,		True	False	False	False
51002012001	karena-1	karena		False	True	False	False
51002012002	kamu-1	kamu		False	True	False	False
51002012003	telah-1	telah		False	True	False	False
51002012004	dikuburkan-1	dikuburkan		False	True	False	False
51002012005	bersama-1	bersama		False	True	False	False
51002012006	Dia-1	Dia		False	True	False	False
51002012007	dalam-1	dalam		False	True	False	False
51002012008	baptisan-1	baptisan		False	True	False	False
51002012009	,-1	,		True	False	False	False
51002012010	dan-1	dan		False	True	False	False
51002012011	di-1	di		False	True	False	False
51002012012	dalam-2	dalam		False	True	False	False
51002012013	Dia-2	Dia		False	True	False	False
51002012014	kamu-2	kamu		False	True	False	False
51002012015	telah-2	telah		False	True	False	False
51002012016	turut-1	turut		False	True	False	False
51002012017	dibangkitkan-1	dibangkitkan		False	True	False	False
51002012018	oleh-1	oleh		False	True	False	False
51002012019	iman-1	iman		False	True	False	False
51002012020	dalam-3	dalam		False	True	False	False
51002012021	kuasa-1	kuasa		False	True	False	False
51002012022	Allah-1	Allah		False	True	False	False
51002012023	,-2	,		True	False	False	False
51002012024	yang-1	yang		False	True	False	False
51002012025	telah-3	telah		False	True	False	False
51002012026	membangkitkan-1	membangkitkan		False	True	False	False
51002012027	Dia-3	Dia		False	True	False	False
51002012028	dari-1	dari		False	True	False	False
51002012029	antara-1	antara		False	True	False	False
51002012030	orang-1	orang		False	True	False	False
51002012031	mati-1	mati		False	True	False	False
51002012032	.-1	.		True	False	False	False
51002013001	Kamu-1	Kamu		False	True	False	False
51002013002	juga-1	juga		False	True	False	False
51002013003	,-1	,		True	False	False	False
51002013004	meskipun-1	meskipun		False	True	False	False
51002013005	dahulu-1	dahulu		False	True	False	False
51002013006	mati-1	mati		False	True	False	False
51002013007	oleh-1	oleh		False	True	False	False
51002013008	pelanggaran-1	pelanggaran		False	True	False	False
51002013009	--1	-		True	False	False	False
51002013010	pelanggaranmu-1	pelanggaranmu		False	True	False	False
51002013011	dan-1	dan		False	True	False	False
51002013012	oleh-2	oleh		False	True	False	False
51002013013	karena-1	karena		False	True	False	False
51002013014	tidak-1	tidak		False	True	False	False
51002013015	disunat-1	disunat		False	True	False	False
51002013016	secara-1	secara		False	True	False	False
51002013017	lahiriah-1	lahiriah		False	True	False	False
51002013018	,-2	,		True	False	False	False
51002013019	telah-1	telah		False	True	False	False
51002013020	dihidupkan-1	dihidupkan		False	True	False	False
51002013021	bersama-1	bersama		False	True	False	False
51002013022	dengan-1	dengan		False	True	False	False
51002013023	Dia-1	Dia		False	True	False	False
51002013024	,-3	,		True	False	False	False
51002013025	sesudah-1	sesudah		False	True	False	False
51002013026	Ia-1	Ia		False	True	False	False
51002013027	mengampuni-1	mengampuni		False	True	False	False
51002013028	segala-1	segala		False	True	False	False
51002013029	pelanggaran-2	pelanggaran		False	True	False	False
51002013030	kita-1	kita		False	True	False	False
51002013031	,-4	,		True	False	False	False
51002014001	dengan-1	dengan		False	True	False	False
51002014002	menghapuskan-1	menghapuskan		False	True	False	False
51002014003	surat-1	surat		False	True	False	False
51002014004	hutang-1	hutang		False	True	False	False
51002014005	,-1	,		True	False	False	False
51002014006	yang-1	yang		False	True	False	False
51002014007	oleh-1	oleh		False	True	False	False
51002014008	ketentuan-1	ketentuan		False	True	False	False
51002014009	--1	-		True	False	False	False
51002014010	ketentuan-2	ketentuan		False	True	False	False
51002014011	hukum-1	hukum		False	True	False	False
51002014012	mendakwa-1	mendakwa		False	True	False	False
51002014013	kita-1	kita		False	True	False	False
51002014014	dan-1	dan		False	True	False	False
51002014015	mengancam-1	mengancam		False	True	False	False
51002014016	kita-2	kita		False	True	False	False
51002014017	,-2	,		True	False	False	False
51002014018	dan-2	dan		False	True	False	False
51002014019	itu-1	itu		False	True	False	False
51002014020	ditiadakan-1	ditiadakan		False	True	False	False
51002014021	--2	-		True	False	False	False
51002014022	Nya-1	Nya		False	True	False	False
51002014023	dari-1	dari		False	True	False	False
51002014024	antara-1	antara		False	True	False	False
51002014025	kita-3	kita		False	True	False	False
51002014026	dengan-2	dengan		False	True	False	False
51002014027	memakukan-1	memakukan		False	True	False	False
51002014028	nya-1	nya		False	True	False	False
51002014029	pada-1	pada		False	True	False	False
51002014030	kayu-1	kayu		False	True	False	False
51002014031	salib-1	salib		False	True	False	False
51002014032	.-1	.		True	False	False	False
51002015001	Ia-1	Ia		False	True	False	False
51002015002	telah-1	telah		False	True	False	False
51002015003	melucuti-1	melucuti		False	True	False	False
51002015004	pemerintah-1	pemerintah		False	True	False	False
51002015005	--1	-		True	False	False	False
51002015006	pemerintah-2	pemerintah		False	True	False	False
51002015007	dan-1	dan		False	True	False	False
51002015008	penguasa-1	penguasa		False	True	False	False
51002015009	--2	-		True	False	False	False
51002015010	penguasa-2	penguasa		False	True	False	False
51002015011	dan-2	dan		False	True	False	False
51002015012	menjadikan-1	menjadikan		False	True	False	False
51002015013	mereka-1	mereka		False	True	False	False
51002015014	tontonan-1	tontonan		False	True	False	False
51002015015	umum-1	umum		False	True	False	False
51002015016	,-1	,		True	False	False	False
51002015017	melaluinya-1	melaluinya		False	True	False	False
51002015018	Dia-1	Dia		False	True	False	False
51002015019	menunjukkan-1	menunjukkan		False	True	False	False
51002015020	kemenangan-1	kemenangan		False	True	False	False
51002015021	--3	-		True	False	False	False
51002015022	Nya-1	Nya		False	True	False	False
51002015023	atas-1	atas		False	True	False	False
51002015024	mereka-2	mereka		False	True	False	False
51002015025	.-1	.		True	False	False	False
51002016001	Karena-1	Karena		False	True	False	False
51002016002	itu-1	itu		False	True	False	False
51002016003	,-1	,		True	False	False	False
51002016004	jangan-1	jangan		False	True	False	False
51002016005	biarkan-1	biarkan		False	True	False	False
51002016006	siapa-1	siapa		False	True	False	False
51002016007	pun-1	pun		False	True	False	False
51002016008	menghukum-1	menghukum		False	True	False	False
51002016009	kamu-1	kamu		False	True	False	False
51002016010	mengenai-1	mengenai		False	True	False	False
51002016011	makanan-1	makanan		False	True	False	False
51002016012	dan-1	dan		False	True	False	False
51002016013	minuman-1	minuman		False	True	False	False
51002016014	atau-1	atau		False	True	False	False
51002016015	mengenai-2	mengenai		False	True	False	False
51002016016	hari-1	hari		False	True	False	False
51002016017	raya-1	raya		False	True	False	False
51002016018	,-2	,		True	False	False	False
51002016019	atau-2	atau		False	True	False	False
51002016020	bulan-1	bulan		False	True	False	False
51002016021	baru-1	baru		False	True	False	False
51002016022	atau-3	atau		False	True	False	False
51002016023	pun-2	pun		False	True	False	False
51002016024	hari-2	hari		False	True	False	False
51002016025	Sabat-1	Sabat		False	True	False	False
51002016026	;-1	;		True	False	False	False
51002017001	semuanya-1	semuanya		False	True	False	False
51002017002	ini-1	ini		False	True	False	False
51002017003	adalah-1	adalah		False	True	False	False
51002017004	sebuah-1	sebuah		False	True	False	False
51002017005	bayangan-1	bayangan		False	True	False	False
51002017006	dari-1	dari		False	True	False	False
51002017007	apa-1	apa		False	True	False	False
51002017008	yang-1	yang		False	True	False	False
51002017009	akan-1	akan		False	True	False	False
51002017010	datang-1	datang		False	True	False	False
51002017011	,-1	,		True	False	False	False
51002017012	tetapi-1	tetapi		False	True	False	False
51002017013	wujudnya-1	wujudnya		False	True	False	False
51002017014	ialah-1	ialah		False	True	False	False
51002017015	Kristus-1	Kristus		False	True	False	False
51002017016	.-1	.		True	False	False	False
51002018001	Jangan-1	Jangan		False	True	False	False
51002018002	kamu-1	kamu		False	True	False	False
51002018003	biarkan-1	biarkan		False	True	False	False
51002018004	seorang-1	seorang		False	True	False	False
51002018005	pun-1	pun		False	True	False	False
51002018006	menggagalkan-1	menggagalkan		False	True	False	False
51002018007	kemenanganmu-1	kemenanganmu		False	True	False	False
51002018008	,-1	,		True	False	False	False
51002018009	bersukacita-1	bersukacita		False	True	False	False
51002018010	dalam-1	dalam		False	True	False	False
51002018011	kerendahan-1	kerendahan		False	True	False	False
51002018012	hati-1	hati		False	True	False	False
51002018013	yang-1	yang		False	True	False	False
51002018014	palsu-1	palsu		False	True	False	False
51002018015	dan-1	dan		False	True	False	False
51002018016	penyembahan-1	penyembahan		False	True	False	False
51002018017	kepada-1	kepada		False	True	False	False
51002018018	para-1	para		False	True	False	False
51002018019	malaikat-1	malaikat		False	True	False	False
51002018020	,-2	,		True	False	False	False
51002018021	berdiri-1	berdiri		False	True	False	False
51002018022	di-1	di		False	True	False	False
51002018023	atas-1	atas		False	True	False	False
51002018024	hal-1	hal		False	True	False	False
51002018025	--1	-		True	False	False	False
51002018026	hal-2	hal		False	True	False	False
51002018027	yang-2	yang		False	True	False	False
51002018028	telah-1	telah		False	True	False	False
51002018029	dilihatnya-1	dilihatnya		False	True	False	False
51002018030	,-3	,		True	False	False	False
51002018031	menjadi-1	menjadi		False	True	False	False
51002018032	sombong-1	sombong		False	True	False	False
51002018033	tanpa-1	tanpa		False	True	False	False
51002018034	alasan-1	alasan		False	True	False	False
51002018035	oleh-1	oleh		False	True	False	False
51002018036	pikiran-1	pikiran		False	True	False	False
51002018037	dagingnya-1	dagingnya		False	True	False	False
51002018038	,-4	,		True	False	False	False
51002019001	dan-1	dan		False	True	False	False
51002019002	tidak-1	tidak		False	True	False	False
51002019003	berpegang-1	berpegang		False	True	False	False
51002019004	teguh-1	teguh		False	True	False	False
51002019005	kepada-1	kepada		False	True	False	False
51002019006	Kepala-1	Kepala		False	True	False	False
51002019007	,-1	,		True	False	False	False
51002019008	dari-1	dari		False	True	False	False
51002019009	mana-1	mana		False	True	False	False
51002019010	seluruh-1	seluruh		False	True	False	False
51002019011	tubuh-1	tubuh		False	True	False	False
51002019012	,-2	,		True	False	False	False
51002019013	yang-1	yang		False	True	False	False
51002019014	ditunjang-1	ditunjang		False	True	False	False
51002019015	dan-2	dan		False	True	False	False
51002019016	diikat-1	diikat		False	True	False	False
51002019017	menjadi-1	menjadi		False	True	False	False
51002019018	satu-1	satu		False	True	False	False
51002019019	oleh-1	oleh		False	True	False	False
51002019020	urat-1	urat		False	True	False	False
51002019021	--1	-		True	False	False	False
51002019022	urat-2	urat		False	True	False	False
51002019023	dan-3	dan		False	True	False	False
51002019024	sendi-1	sendi		False	True	False	False
51002019025	--2	-		True	False	False	False
51002019026	sendi-2	sendi		False	True	False	False
51002019027	,-3	,		True	False	False	False
51002019028	menerima-1	menerima		False	True	False	False
51002019029	pertumbuhan-1	pertumbuhan		False	True	False	False
51002019030	dari-2	dari		False	True	False	False
51002019031	Allah-1	Allah		False	True	False	False
51002019032	.-1	.		True	False	False	False
51002020001	Apabila-1	Apabila		False	True	False	False
51002020002	kamu-1	kamu		False	True	False	False
51002020003	telah-1	telah		False	True	False	False
51002020004	mati-1	mati		False	True	False	False
51002020005	bersama-1	bersama		False	True	False	False
51002020006	Kristus-1	Kristus		False	True	False	False
51002020007	dan-1	dan		False	True	False	False
51002020008	bebas-1	bebas		False	True	False	False
51002020009	dari-1	dari		False	True	False	False
51002020010	roh-1	roh		False	True	False	False
51002020011	--1	-		True	False	False	False
51002020012	roh-2	roh		False	True	False	False
51002020013	dunia-1	dunia		False	True	False	False
51002020014	,-1	,		True	False	False	False
51002020015	mengapakah-1	mengapakah		False	True	False	False
51002020016	kamu-2	kamu		False	True	False	False
51002020017	menaklukkan-1	menaklukkan		False	True	False	False
51002020018	dirimu-1	dirimu		False	True	False	False
51002020019	pada-1	pada		False	True	False	False
51002020020	rupa-1	rupa		False	True	False	False
51002020021	--2	-		True	False	False	False
51002020022	rupa-2	rupa		False	True	False	False
51002020023	peraturan-1	peraturan		False	True	False	False
51002020024	,-2	,		True	False	False	False
51002020025	seolah-1	seolah		False	True	False	False
51002020026	--3	-		True	False	False	False
51002020027	olah-1	olah		False	True	False	False
51002020028	kamu-3	kamu		False	True	False	False
51002020029	masih-1	masih		False	True	False	False
51002020030	hidup-1	hidup		False	True	False	False
51002020031	di-1	di		False	True	False	False
51002020032	dunia-2	dunia		False	True	False	False
51002020033	?-1	?		True	False	False	False
51002021001	jangan-1	jangan		False	True	False	False
51002021002	jamah-1	jamah		False	True	False	False
51002021003	ini-1	ini		False	True	False	False
51002021004	,-1	,		True	False	False	False
51002021005	jangan-2	jangan		False	True	False	False
51002021006	kecap-1	kecap		False	True	False	False
51002021007	itu-1	itu		False	True	False	False
51002021008	,-2	,		True	False	False	False
51002021009	jangan-3	jangan		False	True	False	False
51002021010	sentuh-1	sentuh		False	True	False	False
51002021011	ini-2	ini		False	True	False	False
51002021012	;-1	;		True	False	False	False
51002022001	semuanya-1	semuanya		False	True	False	False
51002022002	itu-1	itu		False	True	False	False
51002022003	adalah-1	adalah		False	True	False	False
51002022004	mengenai-1	mengenai		False	True	False	False
51002022005	hal-1	hal		False	True	False	False
51002022006	--1	-		True	False	False	False
51002022007	hal-2	hal		False	True	False	False
51002022008	yang-1	yang		False	True	False	False
51002022009	binasa-1	binasa		False	True	False	False
51002022010	oleh-1	oleh		False	True	False	False
51002022011	pemakaian-1	pemakaian		False	True	False	False
51002022012	dan-1	dan		False	True	False	False
51002022013	hanya-1	hanya		False	True	False	False
51002022014	menurut-1	menurut		False	True	False	False
51002022015	perintah-1	perintah		False	True	False	False
51002022016	--2	-		True	False	False	False
51002022017	perintah-2	perintah		False	True	False	False
51002022018	dan-2	dan		False	True	False	False
51002022019	ajaran-1	ajaran		False	True	False	False
51002022020	--3	-		True	False	False	False
51002022021	ajaran-2	ajaran		False	True	False	False
51002022022	manusia-1	manusia		False	True	False	False
51002022023	,-1	,		True	False	False	False
51002023001	yang-1	yang		False	True	False	False
51002023002	,-1	,		True	False	False	False
51002023003	meskipun-1	meskipun		False	True	False	False
51002023004	mengandung-1	mengandung		False	True	False	False
51002023005	perkataan-1	perkataan		False	True	False	False
51002023006	hikmat-1	hikmat		False	True	False	False
51002023007	dalam-1	dalam		False	True	False	False
51002023008	ibadah-1	ibadah		False	True	False	False
51002023009	yang-2	yang		False	True	False	False
51002023010	dibuat-1	dibuat		False	True	False	False
51002023011	sendiri-1	sendiri		False	True	False	False
51002023012	dan-1	dan		False	True	False	False
51002023013	kerendahan-1	kerendahan		False	True	False	False
51002023014	hati-1	hati		False	True	False	False
51002023015	yang-3	yang		False	True	False	False
51002023016	palsu-1	palsu		False	True	False	False
51002023017	{-1	{		True	False	False	False
51002023018	dan-2	dan		False	True	False	False
51002023019	}-1	}		True	False	False	False
51002023020	kekerasan-1	kekerasan		False	True	False	False
51002023021	tubuh-1	tubuh		False	True	False	False
51002023022	,-2	,		True	False	False	False
51002023023	tidak-1	tidak		False	True	False	False
51002023024	ada-1	ada		False	True	False	False
51002023025	gunanya-1	gunanya		False	True	False	False
51002023026	selain-1	selain		False	True	False	False
51002023027	memuaskan-1	memuaskan		False	True	False	False
51002023028	daging-1	daging		False	True	False	False
51002023029	.-1	.		True	False	False	False
51003001001	Karena-1	Karena		False	True	False	False
51003001002	itu-1	itu		False	True	False	False
51003001003	,-1	,		True	False	False	False
51003001004	jika-1	jika		False	True	False	False
51003001005	kamu-1	kamu		False	True	False	False
51003001006	telah-1	telah		False	True	False	False
51003001007	dibangkitkan-1	dibangkitkan		False	True	False	False
51003001008	bersama-1	bersama		False	True	False	False
51003001009	Kristus-1	Kristus		False	True	False	False
51003001010	,-2	,		True	False	False	False
51003001011	carilah-1	carilah		False	True	False	False
51003001012	hal-1	hal		False	True	False	False
51003001013	--1	-		True	False	False	False
51003001014	hal-2	hal		False	True	False	False
51003001015	yang-1	yang		False	True	False	False
51003001016	di-1	di		False	True	False	False
51003001017	atas-1	atas		False	True	False	False
51003001018	,-3	,		True	False	False	False
51003001019	di-2	di		False	True	False	False
51003001020	mana-1	mana		False	True	False	False
51003001021	Kristus-2	Kristus		False	True	False	False
51003001022	duduk-1	duduk		False	True	False	False
51003001023	di-3	di		False	True	False	False
51003001024	sebelah-1	sebelah		False	True	False	False
51003001025	kanan-1	kanan		False	True	False	False
51003001026	Allah-1	Allah		False	True	False	False
51003001027	.-1	.		True	False	False	False
51003002001	Pikirkanlah-1	Pikirkanlah		False	True	False	False
51003002002	hal-1	hal		False	True	False	False
51003002003	--1	-		True	False	False	False
51003002004	hal-2	hal		False	True	False	False
51003002005	yang-1	yang		False	True	False	False
51003002006	di-1	di		False	True	False	False
51003002007	atas-1	atas		False	True	False	False
51003002008	,-1	,		True	False	False	False
51003002009	bukan-1	bukan		False	True	False	False
51003002010	hal-3	hal		False	True	False	False
51003002011	--2	-		True	False	False	False
51003002012	hal-4	hal		False	True	False	False
51003002013	yang-2	yang		False	True	False	False
51003002014	di-2	di		False	True	False	False
51003002015	bumi-1	bumi		False	True	False	False
51003002016	.-1	.		True	False	False	False
51003003001	Sebab-1	Sebab		False	True	False	False
51003003002	kamu-1	kamu		False	True	False	False
51003003003	telah-1	telah		False	True	False	False
51003003004	mati-1	mati		False	True	False	False
51003003005	dan-1	dan		False	True	False	False
51003003006	hidupmu-1	hidupmu		False	True	False	False
51003003007	telah-2	telah		False	True	False	False
51003003008	tersembunyi-1	tersembunyi		False	True	False	False
51003003009	bersama-1	bersama		False	True	False	False
51003003010	Kristus-1	Kristus		False	True	False	False
51003003011	di-1	di		False	True	False	False
51003003012	dalam-1	dalam		False	True	False	False
51003003013	Allah-1	Allah		False	True	False	False
51003003014	.-1	.		True	False	False	False
51003004001	Apabila-1	Apabila		False	True	False	False
51003004002	Kristus-1	Kristus		False	True	False	False
51003004003	,-1	,		True	False	False	False
51003004004	yang-1	yang		False	True	False	False
51003004005	adalah-1	adalah		False	True	False	False
51003004006	hidup-1	hidup		False	True	False	False
51003004007	kamu-1	kamu		False	True	False	False
51003004008	,-2	,		True	False	False	False
51003004009	dinyatakan-1	dinyatakan		False	True	False	False
51003004010	,-3	,		True	False	False	False
51003004011	saat-1	saat		False	True	False	False
51003004012	itu-1	itu		False	True	False	False
51003004013	kamu-2	kamu		False	True	False	False
51003004014	juga-1	juga		False	True	False	False
51003004015	akan-1	akan		False	True	False	False
51003004016	dinyatakan-2	dinyatakan		False	True	False	False
51003004017	bersama-1	bersama		False	True	False	False
51003004018	Dia-1	Dia		False	True	False	False
51003004019	dalam-1	dalam		False	True	False	False
51003004020	kemuliaan-1	kemuliaan		False	True	False	False
51003004021	.-1	.		True	False	False	False
51003005001	Karena-1	Karena		False	True	False	False
51003005002	itu-1	itu		False	True	False	False
51003005003	,-1	,		True	False	False	False
51003005004	matikanlah-1	matikanlah		False	True	False	False
51003005005	dalam-1	dalam		False	True	False	False
51003005006	dirimu-1	dirimu		False	True	False	False
51003005007	segala-1	segala		False	True	False	False
51003005008	sesuatu-1	sesuatu		False	True	False	False
51003005009	yang-1	yang		False	True	False	False
51003005010	duniawi-1	duniawi		False	True	False	False
51003005011	,-2	,		True	False	False	False
51003005012	yaitu-1	yaitu		False	True	False	False
51003005013	percabulan-1	percabulan		False	True	False	False
51003005014	,-3	,		True	False	False	False
51003005015	kenajisan-1	kenajisan		False	True	False	False
51003005016	,-4	,		True	False	False	False
51003005017	hawa-1	hawa		False	True	False	False
51003005018	nafsu-1	nafsu		False	True	False	False
51003005019	,-5	,		True	False	False	False
51003005020	keingnan-1	keingnan		False	True	False	False
51003005021	jahat-1	jahat		False	True	False	False
51003005022	,-6	,		True	False	False	False
51003005023	dan-1	dan		False	True	False	False
51003005024	keserakahan-1	keserakahan		False	True	False	False
51003005025	,-7	,		True	False	False	False
51003005026	yang-2	yang		False	True	False	False
51003005027	adalah-1	adalah		False	True	False	False
51003005028	penyembahan-1	penyembahan		False	True	False	False
51003005029	berhala-1	berhala		False	True	False	False
51003005030	,-8	,		True	False	False	False
51003006001	yang-1	yang		False	True	False	False
51003006002	karena-1	karena		False	True	False	False
51003006003	itulah-1	itulah		False	True	False	False
51003006004	murka-1	murka		False	True	False	False
51003006005	Allah-1	Allah		False	True	False	False
51003006006	datang-1	datang		False	True	False	False
51003006007	[-1	[		True	False	False	False
51003006008	atas-1	atas		False	True	False	False
51003006009	orang-1	orang		False	True	False	False
51003006010	--1	-		True	False	False	False
51003006011	orang-2	orang		False	True	False	False
51003006012	yang-2	yang		False	True	False	False
51003006013	tidak-1	tidak		False	True	False	False
51003006014	taat-1	taat		False	True	False	False
51003006015	]-1	]		True	False	False	False
51003006016	.-1	.		True	False	False	False
51003007001	Dahulu-1	Dahulu		False	True	False	False
51003007002	kamu-1	kamu		False	True	False	False
51003007003	juga-1	juga		False	True	False	False
51003007004	melakukan-1	melakukan		False	True	False	False
51003007005	hal-1	hal		False	True	False	False
51003007006	--1	-		True	False	False	False
51003007007	hal-2	hal		False	True	False	False
51003007008	itu-1	itu		False	True	False	False
51003007009	ketika-1	ketika		False	True	False	False
51003007010	kamu-2	kamu		False	True	False	False
51003007011	hidup-1	hidup		False	True	False	False
51003007012	di-1	di		False	True	False	False
51003007013	dalamnya-1	dalamnya		False	True	False	False
51003007014	.-1	.		True	False	False	False
51003008001	Tetapi-1	Tetapi		False	True	False	False
51003008002	sekarang-1	sekarang		False	True	False	False
51003008003	,-1	,		True	False	False	False
51003008004	kamu-1	kamu		False	True	False	False
51003008005	juga-1	juga		False	True	False	False
51003008006	harus-1	harus		False	True	False	False
51003008007	membuang-1	membuang		False	True	False	False
51003008008	semuanya-1	semuanya		False	True	False	False
51003008009	ini-1	ini		False	True	False	False
51003008010	,-2	,		True	False	False	False
51003008011	yaitu-1	yaitu		False	True	False	False
51003008012	kemarahan-1	kemarahan		False	True	False	False
51003008013	,-3	,		True	False	False	False
51003008014	kegeraman-1	kegeraman		False	True	False	False
51003008015	,-4	,		True	False	False	False
51003008016	kejahatan-1	kejahatan		False	True	False	False
51003008017	,-5	,		True	False	False	False
51003008018	fitnah-1	fitnah		False	True	False	False
51003008019	,-6	,		True	False	False	False
51003008020	dan-1	dan		False	True	False	False
51003008021	kata-1	kata		False	True	False	False
51003008022	--1	-		True	False	False	False
51003008023	kata-2	kata		False	True	False	False
51003008024	kotor-1	kotor		False	True	False	False
51003008025	yang-1	yang		False	True	False	False
51003008026	keluar-1	keluar		False	True	False	False
51003008027	dari-1	dari		False	True	False	False
51003008028	mulutmu-1	mulutmu		False	True	False	False
51003008029	.-1	.		True	False	False	False
51003009001	Jangan-1	Jangan		False	True	False	False
51003009002	lagi-1	lagi		False	True	False	False
51003009003	kamu-1	kamu		False	True	False	False
51003009004	saling-1	saling		False	True	False	False
51003009005	mendustai-1	mendustai		False	True	False	False
51003009006	,-1	,		True	False	False	False
51003009007	karena-1	karena		False	True	False	False
51003009008	kamu-2	kamu		False	True	False	False
51003009009	telah-1	telah		False	True	False	False
51003009010	menanggalkan-1	menanggalkan		False	True	False	False
51003009011	manusia-1	manusia		False	True	False	False
51003009012	lama-1	lama		False	True	False	False
51003009013	serta-1	serta		False	True	False	False
51003009014	perbuatan-1	perbuatan		False	True	False	False
51003009015	--1	-		True	False	False	False
51003009016	perbuatannya-1	perbuatannya		False	True	False	False
51003009017	,-2	,		True	False	False	False
51003010001	dan-1	dan		False	True	False	False
51003010002	telah-1	telah		False	True	False	False
51003010003	mengenakan-1	mengenakan		False	True	False	False
51003010004	manusia-1	manusia		False	True	False	False
51003010005	baru-1	baru		False	True	False	False
51003010006	yang-1	yang		False	True	False	False
51003010007	terus-1	terus		False	True	False	False
51003010008	--1	-		True	False	False	False
51003010009	menerus-1	menerus		False	True	False	False
51003010010	diperbaharui-1	diperbaharui		False	True	False	False
51003010011	ke-1	ke		False	True	False	False
51003010012	dalam-1	dalam		False	True	False	False
51003010013	pengetahuan-1	pengetahuan		False	True	False	False
51003010014	menurut-1	menurut		False	True	False	False
51003010015	gambar-1	gambar		False	True	False	False
51003010016	Dia-1	Dia		False	True	False	False
51003010017	yang-2	yang		False	True	False	False
51003010018	telah-2	telah		False	True	False	False
51003010019	menciptakannya-1	menciptakannya		False	True	False	False
51003010020	.-1	.		True	False	False	False
51003011001	Dalam-1	Dalam		False	True	False	False
51003011002	hal-1	hal		False	True	False	False
51003011003	ini-1	ini		False	True	False	False
51003011004	tidak-1	tidak		False	True	False	False
51003011005	ada-1	ada		False	True	False	False
51003011006	orang-1	orang		False	True	False	False
51003011007	Yunani-1	Yunani		False	True	False	False
51003011008	dan-1	dan		False	True	False	False
51003011009	orang-2	orang		False	True	False	False
51003011010	Yahudi-1	Yahudi		False	True	False	False
51003011011	,-1	,		True	False	False	False
51003011012	orang-3	orang		False	True	False	False
51003011013	bersunat-1	bersunat		False	True	False	False
51003011014	dan-2	dan		False	True	False	False
51003011015	orang-4	orang		False	True	False	False
51003011016	tak-1	tak		False	True	False	False
51003011017	bersunat-2	bersunat		False	True	False	False
51003011018	,-2	,		True	False	False	False
51003011019	orang-5	orang		False	True	False	False
51003011020	Barbar-1	Barbar		False	True	False	False
51003011021	,-3	,		True	False	False	False
51003011022	orang-6	orang		False	True	False	False
51003011023	Skit-1	Skit		False	True	False	False
51003011024	,-4	,		True	False	False	False
51003011025	budak-1	budak		False	True	False	False
51003011026	,-5	,		True	False	False	False
51003011027	orang-7	orang		False	True	False	False
51003011028	merdeka-1	merdeka		False	True	False	False
51003011029	,-6	,		True	False	False	False
51003011030	tetapi-1	tetapi		False	True	False	False
51003011031	Kristus-1	Kristus		False	True	False	False
51003011032	adalah-1	adalah		False	True	False	False
51003011033	semua-1	semua		False	True	False	False
51003011034	dan-3	dan		False	True	False	False
51003011035	di-1	di		False	True	False	False
51003011036	dalam-1	dalam		False	True	False	False
51003011037	semua-2	semua		False	True	False	False
51003011038	.-1	.		True	False	False	False
51003012001	Karena-1	Karena		False	True	False	False
51003012002	itu-1	itu		False	True	False	False
51003012003	,-1	,		True	False	False	False
51003012004	sebagai-1	sebagai		False	True	False	False
51003012005	orang-1	orang		False	True	False	False
51003012006	--1	-		True	False	False	False
51003012007	orang-2	orang		False	True	False	False
51003012008	pilihan-1	pilihan		False	True	False	False
51003012009	Allah-1	Allah		False	True	False	False
51003012010	yang-1	yang		False	True	False	False
51003012011	kudus-1	kudus		False	True	False	False
51003012012	dan-1	dan		False	True	False	False
51003012013	terkasih-1	terkasih		False	True	False	False
51003012014	,-2	,		True	False	False	False
51003012015	kenakanlah-1	kenakanlah		False	True	False	False
51003012016	hati-1	hati		False	True	False	False
51003012017	yang-2	yang		False	True	False	False
51003012018	berbelas-1	berbelas		False	True	False	False
51003012019	kasihan-1	kasihan		False	True	False	False
51003012020	,-3	,		True	False	False	False
51003012021	kemurahan-1	kemurahan		False	True	False	False
51003012022	,-4	,		True	False	False	False
51003012023	kerendahan-1	kerendahan		False	True	False	False
51003012024	hati-2	hati		False	True	False	False
51003012025	,-5	,		True	False	False	False
51003012026	kelemahlembutan-1	kelemahlembutan		False	True	False	False
51003012027	,-6	,		True	False	False	False
51003012028	dan-2	dan		False	True	False	False
51003012029	kesabaran-1	kesabaran		False	True	False	False
51003012030	.-1	.		True	False	False	False
51003013001	Sabarlah-1	Sabarlah		False	True	False	False
51003013002	seorang-1	seorang		False	True	False	False
51003013003	terhadap-1	terhadap		False	True	False	False
51003013004	yang-1	yang		False	True	False	False
51003013005	lain-1	lain		False	True	False	False
51003013006	,-1	,		True	False	False	False
51003013007	dan-1	dan		False	True	False	False
51003013008	ampunilah-1	ampunilah		False	True	False	False
51003013009	seorang-2	seorang		False	True	False	False
51003013010	akan-1	akan		False	True	False	False
51003013011	yang-2	yang		False	True	False	False
51003013012	lain-2	lain		False	True	False	False
51003013013	apabila-1	apabila		False	True	False	False
51003013014	yang-3	yang		False	True	False	False
51003013015	seorang-3	seorang		False	True	False	False
51003013016	mempunyai-1	mempunyai		False	True	False	False
51003013017	keluhan-1	keluhan		False	True	False	False
51003013018	terhadap-2	terhadap		False	True	False	False
51003013019	yang-4	yang		False	True	False	False
51003013020	lain-3	lain		False	True	False	False
51003013021	;-1	;		True	False	False	False
51003013022	sama-1	sama		False	True	False	False
51003013023	seperti-1	seperti		False	True	False	False
51003013024	Tuhan-1	Tuhan		False	True	False	False
51003013025	telah-1	telah		False	True	False	False
51003013026	mengampuni-1	mengampuni		False	True	False	False
51003013027	kamu-1	kamu		False	True	False	False
51003013028	,-2	,		True	False	False	False
51003013029	perbuatlah-1	perbuatlah		False	True	False	False
51003013030	juga-1	juga		False	True	False	False
51003013031	demikian-1	demikian		False	True	False	False
51003013032	.-1	.		True	False	False	False
51003014001	Tetapi-1	Tetapi		False	True	False	False
51003014002	di-1	di		False	True	False	False
51003014003	atas-1	atas		False	True	False	False
51003014004	semuanya-1	semuanya		False	True	False	False
51003014005	itu-1	itu		False	True	False	False
51003014006	kenakanlah-1	kenakanlah		False	True	False	False
51003014007	kasih-1	kasih		False	True	False	False
51003014008	,-1	,		True	False	False	False
51003014009	yang-1	yang		False	True	False	False
51003014010	adalah-1	adalah		False	True	False	False
51003014011	pengikat-1	pengikat		False	True	False	False
51003014012	yang-2	yang		False	True	False	False
51003014013	menyempurnakan-1	menyempurnakan		False	True	False	False
51003014014	.-1	.		True	False	False	False
51003015001	Hendaklah-1	Hendaklah		False	True	False	False
51003015002	damai-1	damai		False	True	False	False
51003015003	Kristus-1	Kristus		False	True	False	False
51003015004	memerintah-1	memerintah		False	True	False	False
51003015005	dalam-1	dalam		False	True	False	False
51003015006	hatimu-1	hatimu		False	True	False	False
51003015007	,-1	,		True	False	False	False
51003015008	yang-1	yang		False	True	False	False
51003015009	untuk-1	untuk		False	True	False	False
51003015010	itulah-1	itulah		False	True	False	False
51003015011	juga-1	juga		False	True	False	False
51003015012	kamu-1	kamu		False	True	False	False
51003015013	telah-1	telah		False	True	False	False
51003015014	dipanggil-1	dipanggil		False	True	False	False
51003015015	dalam-2	dalam		False	True	False	False
51003015016	satu-1	satu		False	True	False	False
51003015017	tubuh-1	tubuh		False	True	False	False
51003015018	,-2	,		True	False	False	False
51003015019	dan-1	dan		False	True	False	False
51003015020	bersyukurlah-1	bersyukurlah		False	True	False	False
51003015021	.-1	.		True	False	False	False
51003016001	Hendaklah-1	Hendaklah		False	True	False	False
51003016002	perkataan-1	perkataan		False	True	False	False
51003016003	Kristus-1	Kristus		False	True	False	False
51003016004	tinggal-1	tinggal		False	True	False	False
51003016005	dengan-1	dengan		False	True	False	False
51003016006	limpahnya-1	limpahnya		False	True	False	False
51003016007	di-1	di		False	True	False	False
51003016008	dalam-1	dalam		False	True	False	False
51003016009	kamu-1	kamu		False	True	False	False
51003016010	,-1	,		True	False	False	False
51003016011	dalam-2	dalam		False	True	False	False
51003016012	segala-1	segala		False	True	False	False
51003016013	hikmat-1	hikmat		False	True	False	False
51003016014	kamu-2	kamu		False	True	False	False
51003016015	mengajar-1	mengajar		False	True	False	False
51003016016	dan-1	dan		False	True	False	False
51003016017	menegur-1	menegur		False	True	False	False
51003016018	seorang-1	seorang		False	True	False	False
51003016019	akan-1	akan		False	True	False	False
51003016020	yang-1	yang		False	True	False	False
51003016021	lain-1	lain		False	True	False	False
51003016022	dengan-2	dengan		False	True	False	False
51003016023	mazmur-1	mazmur		False	True	False	False
51003016024	,-2	,		True	False	False	False
51003016025	puji-1	puji		False	True	False	False
51003016026	--1	-		True	False	False	False
51003016027	pujian-1	pujian		False	True	False	False
51003016028	,-3	,		True	False	False	False
51003016029	dan-2	dan		False	True	False	False
51003016030	nyanyian-1	nyanyian		False	True	False	False
51003016031	rohani-1	rohani		False	True	False	False
51003016032	,-4	,		True	False	False	False
51003016033	bernyanyi-1	bernyanyi		False	True	False	False
51003016034	dengan-3	dengan		False	True	False	False
51003016035	ucapan-1	ucapan		False	True	False	False
51003016036	syukur-1	syukur		False	True	False	False
51003016037	kepada-1	kepada		False	True	False	False
51003016038	Allah-1	Allah		False	True	False	False
51003016039	di-2	di		False	True	False	False
51003016040	dalam-3	dalam		False	True	False	False
51003016041	hatimu-1	hatimu		False	True	False	False
51003016042	.-1	.		True	False	False	False
51003017001	Segala-1	Segala		False	True	False	False
51003017002	sesuatu-1	sesuatu		False	True	False	False
51003017003	yang-1	yang		False	True	False	False
51003017004	kamu-1	kamu		False	True	False	False
51003017005	lakukan-1	lakukan		False	True	False	False
51003017006	dalam-1	dalam		False	True	False	False
51003017007	perkataan-1	perkataan		False	True	False	False
51003017008	atau-1	atau		False	True	False	False
51003017009	dalam-2	dalam		False	True	False	False
51003017010	perbuatan-1	perbuatan		False	True	False	False
51003017011	,-1	,		True	False	False	False
51003017012	lakukanlah-1	lakukanlah		False	True	False	False
51003017013	semuanya-1	semuanya		False	True	False	False
51003017014	itu-1	itu		False	True	False	False
51003017015	dalam-3	dalam		False	True	False	False
51003017016	nama-1	nama		False	True	False	False
51003017017	Tuhan-1	Tuhan		False	True	False	False
51003017018	Yesus-1	Yesus		False	True	False	False
51003017019	,-2	,		True	False	False	False
51003017020	sambil-1	sambil		False	True	False	False
51003017021	mengucap-1	mengucap		False	True	False	False
51003017022	syukur-1	syukur		False	True	False	False
51003017023	kepada-1	kepada		False	True	False	False
51003017024	Allah-1	Allah		False	True	False	False
51003017025	Bapa-1	Bapa		False	True	False	False
51003017026	melalui-1	melalui		False	True	False	False
51003017027	Dia-1	Dia		False	True	False	False
51003017028	.-1	.		True	False	False	False
51003018001	Hai-1	Hai		False	True	False	False
51003018002	istri-1	istri		False	True	False	False
51003018003	--1	-		True	False	False	False
51003018004	istri-2	istri		False	True	False	False
51003018005	,-1	,		True	False	False	False
51003018006	tunduklah-1	tunduklah		False	True	False	False
51003018007	kepada-1	kepada		False	True	False	False
51003018008	suami-1	suami		False	True	False	False
51003018009	--2	-		True	False	False	False
51003018010	suamimu-1	suamimu		False	True	False	False
51003018011	,-2	,		True	False	False	False
51003018012	sebagaimana-1	sebagaimana		False	True	False	False
51003018013	sepatutnya-1	sepatutnya		False	True	False	False
51003018014	di-1	di		False	True	False	False
51003018015	dalam-1	dalam		False	True	False	False
51003018016	Tuhan-1	Tuhan		False	True	False	False
51003018017	.-1	.		True	False	False	False
51003019001	Hai-1	Hai		False	True	False	False
51003019002	suami-1	suami		False	True	False	False
51003019003	--1	-		True	False	False	False
51003019004	suami-2	suami		False	True	False	False
51003019005	,-1	,		True	False	False	False
51003019006	kasihilah-1	kasihilah		False	True	False	False
51003019007	istri-1	istri		False	True	False	False
51003019008	--2	-		True	False	False	False
51003019009	istrimu-1	istrimu		False	True	False	False
51003019010	dan-1	dan		False	True	False	False
51003019011	janganlah-1	janganlah		False	True	False	False
51003019012	berlaku-1	berlaku		False	True	False	False
51003019013	kasar-1	kasar		False	True	False	False
51003019014	terhadap-1	terhadap		False	True	False	False
51003019015	mereka-1	mereka		False	True	False	False
51003019016	.-1	.		True	False	False	False
51003020001	Hai-1	Hai		False	True	False	False
51003020002	anak-1	anak		False	True	False	False
51003020003	--1	-		True	False	False	False
51003020004	anak-2	anak		False	True	False	False
51003020005	,-1	,		True	False	False	False
51003020006	taatilah-1	taatilah		False	True	False	False
51003020007	orang-1	orang		False	True	False	False
51003020008	tuamu-1	tuamu		False	True	False	False
51003020009	dalam-1	dalam		False	True	False	False
51003020010	segala-1	segala		False	True	False	False
51003020011	hal-1	hal		False	True	False	False
51003020012	,-2	,		True	False	False	False
51003020013	karena-1	karena		False	True	False	False
51003020014	itulah-1	itulah		False	True	False	False
51003020015	yang-1	yang		False	True	False	False
51003020016	berkenan-1	berkenan		False	True	False	False
51003020017	di-1	di		False	True	False	False
51003020018	dalam-2	dalam		False	True	False	False
51003020019	Tuhan-1	Tuhan		False	True	False	False
51003020020	.-1	.		True	False	False	False
51003021001	Hai-1	Hai		False	True	False	False
51003021002	bapak-1	bapak		False	True	False	False
51003021003	--1	-		True	False	False	False
51003021004	bapak-2	bapak		False	True	False	False
51003021005	,-1	,		True	False	False	False
51003021006	janganlah-1	janganlah		False	True	False	False
51003021007	sakiti-1	sakiti		False	True	False	False
51003021008	hati-1	hati		False	True	False	False
51003021009	anak-1	anak		False	True	False	False
51003021010	--2	-		True	False	False	False
51003021011	anakmu-1	anakmu		False	True	False	False
51003021012	,-2	,		True	False	False	False
51003021013	supaya-1	supaya		False	True	False	False
51003021014	jangan-1	jangan		False	True	False	False
51003021015	mereka-1	mereka		False	True	False	False
51003021016	menjadi-1	menjadi		False	True	False	False
51003021017	tawar-1	tawar		False	True	False	False
51003021018	hati-2	hati		False	True	False	False
51003021019	.-1	.		True	False	False	False
51003022001	Hai-1	Hai		False	True	False	False
51003022002	budak-1	budak		False	True	False	False
51003022003	--1	-		True	False	False	False
51003022004	budak-2	budak		False	True	False	False
51003022005	,-1	,		True	False	False	False
51003022006	taatilah-1	taatilah		False	True	False	False
51003022007	tuan-1	tuan		False	True	False	False
51003022008	--2	-		True	False	False	False
51003022009	tuanmu-1	tuanmu		False	True	False	False
51003022010	yang-1	yang		False	True	False	False
51003022011	di-1	di		False	True	False	False
51003022012	bumi-1	bumi		False	True	False	False
51003022013	ini-1	ini		False	True	False	False
51003022014	dalam-1	dalam		False	True	False	False
51003022015	segala-1	segala		False	True	False	False
51003022016	hal-1	hal		False	True	False	False
51003022017	,-2	,		True	False	False	False
51003022018	jangan-1	jangan		False	True	False	False
51003022019	hanya-1	hanya		False	True	False	False
51003022020	di-2	di		False	True	False	False
51003022021	hadapan-1	hadapan		False	True	False	False
51003022022	mereka-1	mereka		False	True	False	False
51003022023	untuk-1	untuk		False	True	False	False
51003022024	menyenangkan-1	menyenangkan		False	True	False	False
51003022025	mereka-2	mereka		False	True	False	False
51003022026	,-3	,		True	False	False	False
51003022027	melainkan-1	melainkan		False	True	False	False
51003022028	dengan-1	dengan		False	True	False	False
51003022029	ketulusan-1	ketulusan		False	True	False	False
51003022030	hati-1	hati		False	True	False	False
51003022031	,-4	,		True	False	False	False
51003022032	dengan-2	dengan		False	True	False	False
51003022033	takut-1	takut		False	True	False	False
51003022034	akan-1	akan		False	True	False	False
51003022035	Tuhan-1	Tuhan		False	True	False	False
51003022036	.-1	.		True	False	False	False
51003023001	Apa-1	Apa		False	True	False	False
51003023002	pun-1	pun		False	True	False	False
51003023003	yang-1	yang		False	True	False	False
51003023004	kamu-1	kamu		False	True	False	False
51003023005	lakukan-1	lakukan		False	True	False	False
51003023006	,-1	,		True	False	False	False
51003023007	lakukanlah-1	lakukanlah		False	True	False	False
51003023008	dengan-1	dengan		False	True	False	False
51003023009	segenap-1	segenap		False	True	False	False
51003023010	hati-1	hati		False	True	False	False
51003023011	seperti-1	seperti		False	True	False	False
51003023012	untuk-1	untuk		False	True	False	False
51003023013	Tuhan-1	Tuhan		False	True	False	False
51003023014	dan-1	dan		False	True	False	False
51003023015	bukan-1	bukan		False	True	False	False
51003023016	untuk-2	untuk		False	True	False	False
51003023017	manusia-1	manusia		False	True	False	False
51003023018	.-1	.		True	False	False	False
51003024001	Kamu-1	Kamu		False	True	False	False
51003024002	tahu-1	tahu		False	True	False	False
51003024003	bahwa-1	bahwa		False	True	False	False
51003024004	kamu-1	kamu		False	True	False	False
51003024005	akan-1	akan		False	True	False	False
51003024006	menerima-1	menerima		False	True	False	False
51003024007	dari-1	dari		False	True	False	False
51003024008	Tuhan-1	Tuhan		False	True	False	False
51003024009	warisan-1	warisan		False	True	False	False
51003024010	yang-1	yang		False	True	False	False
51003024011	menjadi-1	menjadi		False	True	False	False
51003024012	upahmu-1	upahmu		False	True	False	False
51003024013	.-1	.		True	False	False	False
51003024014	Kamu-2	Kamu		False	True	False	False
51003024015	sedang-1	sedang		False	True	False	False
51003024016	melayani-1	melayani		False	True	False	False
51003024017	Tuhan-2	Tuhan		False	True	False	False
51003024018	Kristus-1	Kristus		False	True	False	False
51003024019	.-2	.		True	False	False	False
51003025001	Karena-1	Karena		False	True	False	False
51003025002	siapa-1	siapa		False	True	False	False
51003025003	yang-1	yang		False	True	False	False
51003025004	melakukan-1	melakukan		False	True	False	False
51003025005	kesalahan-1	kesalahan		False	True	False	False
51003025006	akan-1	akan		False	True	False	False
51003025007	menanggung-1	menanggung		False	True	False	False
51003025008	kesalahannya-1	kesalahannya		False	True	False	False
51003025009	itu-1	itu		False	True	False	False
51003025010	,-1	,		True	False	False	False
51003025011	dan-1	dan		False	True	False	False
51003025012	tidak-1	tidak		False	True	False	False
51003025013	ada-1	ada		False	True	False	False
51003025014	keberpihakan-1	keberpihakan		False	True	False	False
51003025015	.-1	.		True	False	False	False
51004001001	Hai-1	Hai		False	True	False	False
51004001002	tuan-1	tuan		False	True	False	False
51004001003	--1	-		True	False	False	False
51004001004	tuan-2	tuan		False	True	False	False
51004001005	,-1	,		True	False	False	False
51004001006	perlakukanlah-1	perlakukanlah		False	True	False	False
51004001007	budak-1	budak		False	True	False	False
51004001008	--2	-		True	False	False	False
51004001009	budakmu-1	budakmu		False	True	False	False
51004001010	dengan-1	dengan		False	True	False	False
51004001011	benar-1	benar		False	True	False	False
51004001012	dan-1	dan		False	True	False	False
51004001013	adil-1	adil		False	True	False	False
51004001014	,-2	,		True	False	False	False
51004001015	karena-1	karena		False	True	False	False
51004001016	kamu-1	kamu		False	True	False	False
51004001017	mengetahui-1	mengetahui		False	True	False	False
51004001018	bahwa-1	bahwa		False	True	False	False
51004001019	kamu-2	kamu		False	True	False	False
51004001020	juga-1	juga		False	True	False	False
51004001021	mempunyai-1	mempunyai		False	True	False	False
51004001022	seorang-1	seorang		False	True	False	False
51004001023	tuan-3	tuan		False	True	False	False
51004001024	di-1	di		False	True	False	False
51004001025	surga-1	surga		False	True	False	False
51004001026	.-1	.		True	False	False	False
51004002001	Bertekunlah-1	Bertekunlah		False	True	False	False
51004002002	dalam-1	dalam		False	True	False	False
51004002003	doa-1	doa		False	True	False	False
51004002004	,-1	,		True	False	False	False
51004002005	sambil-1	sambil		False	True	False	False
51004002006	berjaga-1	berjaga		False	True	False	False
51004002007	--1	-		True	False	False	False
51004002008	jagalah-1	jagalah		False	True	False	False
51004002009	dalam-2	dalam		False	True	False	False
51004002010	hal-1	hal		False	True	False	False
51004002011	itu-1	itu		False	True	False	False
51004002012	dengan-1	dengan		False	True	False	False
51004002013	ucapan-1	ucapan		False	True	False	False
51004002014	syukur-1	syukur		False	True	False	False
51004002015	.-1	.		True	False	False	False
51004003001	Pada-1	Pada		False	True	False	False
51004003002	waktu-1	waktu		False	True	False	False
51004003003	yang-1	yang		False	True	False	False
51004003004	sama-1	sama		False	True	False	False
51004003005	berdoalah-1	berdoalah		False	True	False	False
51004003006	juga-1	juga		False	True	False	False
51004003007	untuk-1	untuk		False	True	False	False
51004003008	kami-1	kami		False	True	False	False
51004003009	,-1	,		True	False	False	False
51004003010	supaya-1	supaya		False	True	False	False
51004003011	Allah-1	Allah		False	True	False	False
51004003012	membuka-1	membuka		False	True	False	False
51004003013	pintu-1	pintu		False	True	False	False
51004003014	bagi-1	bagi		False	True	False	False
51004003015	kami-2	kami		False	True	False	False
51004003016	untuk-2	untuk		False	True	False	False
51004003017	firman-1	firman		False	True	False	False
51004003018	,-2	,		True	False	False	False
51004003019	agar-1	agar		False	True	False	False
51004003020	kami-3	kami		False	True	False	False
51004003021	dapat-1	dapat		False	True	False	False
51004003022	berbicara-1	berbicara		False	True	False	False
51004003023	tentang-1	tentang		False	True	False	False
51004003024	rahasia-1	rahasia		False	True	False	False
51004003025	Kristus-1	Kristus		False	True	False	False
51004003026	,-3	,		True	False	False	False
51004003027	yang-2	yang		False	True	False	False
51004003028	karenanya-1	karenanya		False	True	False	False
51004003029	juga-2	juga		False	True	False	False
51004003030	aku-1	aku		False	True	False	False
51004003031	telah-1	telah		False	True	False	False
51004003032	dipenjarakan-1	dipenjarakan		False	True	False	False
51004003033	,-4	,		True	False	False	False
51004004001	supaya-1	supaya		False	True	False	False
51004004002	aku-1	aku		False	True	False	False
51004004003	dapat-1	dapat		False	True	False	False
51004004004	menyatakannya-1	menyatakannya		False	True	False	False
51004004005	dengan-1	dengan		False	True	False	False
51004004006	jelas-1	jelas		False	True	False	False
51004004007	,-1	,		True	False	False	False
51004004008	sebagaimana-1	sebagaimana		False	True	False	False
51004004009	seharusnya-1	seharusnya		False	True	False	False
51004004010	aku-2	aku		False	True	False	False
51004004011	berbicara-1	berbicara		False	True	False	False
51004004012	.-1	.		True	False	False	False
51004005001	Hiduplah-1	Hiduplah		False	True	False	False
51004005002	dengan-1	dengan		False	True	False	False
51004005003	hikmat-1	hikmat		False	True	False	False
51004005004	terhadap-1	terhadap		False	True	False	False
51004005005	orang-1	orang		False	True	False	False
51004005006	--1	-		True	False	False	False
51004005007	orang-2	orang		False	True	False	False
51004005008	luar-1	luar		False	True	False	False
51004005009	,-1	,		True	False	False	False
51004005010	pergunakanlah-1	pergunakanlah		False	True	False	False
51004005011	waktu-1	waktu		False	True	False	False
51004005012	yang-1	yang		False	True	False	False
51004005013	ada-1	ada		False	True	False	False
51004005014	.-1	.		True	False	False	False
51004006001	Hendaklah-1	Hendaklah		False	True	False	False
51004006002	kata-1	kata		False	True	False	False
51004006003	--1	-		True	False	False	False
51004006004	katamu-1	katamu		False	True	False	False
51004006005	senantiasa-1	senantiasa		False	True	False	False
51004006006	penuh-1	penuh		False	True	False	False
51004006007	kasih-1	kasih		False	True	False	False
51004006008	,-1	,		True	False	False	False
51004006009	meyakinkan-1	meyakinkan		False	True	False	False
51004006010	dan-1	dan		False	True	False	False
51004006011	menarik-1	menarik		False	True	False	False
51004006012	,-2	,		True	False	False	False
51004006013	sehingga-1	sehingga		False	True	False	False
51004006014	kamu-1	kamu		False	True	False	False
51004006015	tahu-1	tahu		False	True	False	False
51004006016	bagaimana-1	bagaimana		False	True	False	False
51004006017	kamu-2	kamu		False	True	False	False
51004006018	harus-1	harus		False	True	False	False
51004006019	menjawab-1	menjawab		False	True	False	False
51004006020	kepada-1	kepada		False	True	False	False
51004006021	setiap-1	setiap		False	True	False	False
51004006022	orang-1	orang		False	True	False	False
51004006023	.-1	.		True	False	False	False
51004007001	Semua-1	Semua		False	True	False	False
51004007002	hal-1	hal		False	True	False	False
51004007003	tentang-1	tentang		False	True	False	False
51004007004	aku-1	aku		False	True	False	False
51004007005	akan-1	akan		False	True	False	False
51004007006	diberitahukan-1	diberitahukan		False	True	False	False
51004007007	kepada-1	kepada		False	True	False	False
51004007008	kamu-1	kamu		False	True	False	False
51004007009	oleh-1	oleh		False	True	False	False
51004007010	Tikhikus-1	Tikhikus		False	True	False	False
51004007011	,-1	,		True	False	False	False
51004007012	saudara-1	saudara		False	True	False	False
51004007013	kita-1	kita		False	True	False	False
51004007014	yang-1	yang		False	True	False	False
51004007015	terkasih-1	terkasih		False	True	False	False
51004007016	,-2	,		True	False	False	False
51004007017	pelayan-1	pelayan		False	True	False	False
51004007018	yang-2	yang		False	True	False	False
51004007019	setia-1	setia		False	True	False	False
51004007020	dan-1	dan		False	True	False	False
51004007021	sesama-1	sesama		False	True	False	False
51004007022	hamba-1	hamba		False	True	False	False
51004007023	dalam-1	dalam		False	True	False	False
51004007024	Tuhan-1	Tuhan		False	True	False	False
51004007025	.-1	.		True	False	False	False
51004008001	Untuk-1	Untuk		False	True	False	False
51004008002	maksud-1	maksud		False	True	False	False
51004008003	inilah-1	inilah		False	True	False	False
51004008004	ia-1	ia		False	True	False	False
51004008005	telah-1	telah		False	True	False	False
51004008006	kukirim-1	kukirim		False	True	False	False
51004008007	kepada-1	kepada		False	True	False	False
51004008008	kamu-1	kamu		False	True	False	False
51004008009	,-1	,		True	False	False	False
51004008010	supaya-1	supaya		False	True	False	False
51004008011	kamu-2	kamu		False	True	False	False
51004008012	tahu-1	tahu		False	True	False	False
51004008013	kabar-1	kabar		False	True	False	False
51004008014	tentang-1	tentang		False	True	False	False
51004008015	kami-1	kami		False	True	False	False
51004008016	dan-1	dan		False	True	False	False
51004008017	supaya-2	supaya		False	True	False	False
51004008018	ia-2	ia		False	True	False	False
51004008019	menghibur-1	menghibur		False	True	False	False
51004008020	hatimu-1	hatimu		False	True	False	False
51004008021	.-1	.		True	False	False	False
51004009001	Ia-1	Ia		False	True	False	False
51004009002	kukirim-1	kukirim		False	True	False	False
51004009003	bersama-1	bersama		False	True	False	False
51004009004	Onesimus-1	Onesimus		False	True	False	False
51004009005	,-1	,		True	False	False	False
51004009006	saudara-1	saudara		False	True	False	False
51004009007	kita-1	kita		False	True	False	False
51004009008	yang-1	yang		False	True	False	False
51004009009	setia-1	setia		False	True	False	False
51004009010	dan-1	dan		False	True	False	False
51004009011	terkasih-1	terkasih		False	True	False	False
51004009012	,-2	,		True	False	False	False
51004009013	yang-2	yang		False	True	False	False
51004009014	adalah-1	adalah		False	True	False	False
51004009015	seorang-1	seorang		False	True	False	False
51004009016	dari-1	dari		False	True	False	False
51004009017	antara-1	antara		False	True	False	False
51004009018	kamu-1	kamu		False	True	False	False
51004009019	.-1	.		True	False	False	False
51004009020	Mereka-1	Mereka		False	True	False	False
51004009021	akan-1	akan		False	True	False	False
51004009022	memberitahukan-1	memberitahukan		False	True	False	False
51004009023	kepadamu-1	kepadamu		False	True	False	False
51004009024	segala-1	segala		False	True	False	False
51004009025	hal-1	hal		False	True	False	False
51004009026	yang-3	yang		False	True	False	False
51004009027	terjadi-1	terjadi		False	True	False	False
51004009028	di-1	di		False	True	False	False
51004009029	sini-1	sini		False	True	False	False
51004009030	.-2	.		True	False	False	False
51004010001	Aristarkhus-1	Aristarkhus		False	True	False	False
51004010002	,-1	,		True	False	False	False
51004010003	teman-1	teman		False	True	False	False
51004010004	sepenjaraku-1	sepenjaraku		False	True	False	False
51004010005	,-2	,		True	False	False	False
51004010006	menyampaikan-1	menyampaikan		False	True	False	False
51004010007	salam-1	salam		False	True	False	False
51004010008	kepada-1	kepada		False	True	False	False
51004010009	kamu-1	kamu		False	True	False	False
51004010010	,-3	,		True	False	False	False
51004010011	dan-1	dan		False	True	False	False
51004010012	Markus-1	Markus		False	True	False	False
51004010013	,-4	,		True	False	False	False
51004010014	sepupu-1	sepupu		False	True	False	False
51004010015	Barnabas-1	Barnabas		False	True	False	False
51004010016	---1	--		True	False	False	False
51004010017	tentang-1	tentang		False	True	False	False
51004010018	dia-1	dia		False	True	False	False
51004010019	kamu-2	kamu		False	True	False	False
51004010020	telah-1	telah		False	True	False	False
51004010021	menerima-1	menerima		False	True	False	False
51004010022	pesan-1	pesan		False	True	False	False
51004010023	;-1	;		True	False	False	False
51004010024	terimalah-1	terimalah		False	True	False	False
51004010025	dia-2	dia		False	True	False	False
51004010026	,-5	,		True	False	False	False
51004010027	apabila-1	apabila		False	True	False	False
51004010028	dia-3	dia		False	True	False	False
51004010029	datang-1	datang		False	True	False	False
51004010030	kepadamu-1	kepadamu		False	True	False	False
51004010031	---2	--		True	False	False	False
51004010032	,-6	,		True	False	False	False
51004011001	dan-1	dan		False	True	False	False
51004011002	Yesus-1	Yesus		False	True	False	False
51004011003	,-1	,		True	False	False	False
51004011004	yang-1	yang		False	True	False	False
51004011005	dinamai-1	dinamai		False	True	False	False
51004011006	Yustus-1	Yustus		False	True	False	False
51004011007	.-1	.		True	False	False	False
51004011008	Hanya-1	Hanya		False	True	False	False
51004011009	merekalah-1	merekalah		False	True	False	False
51004011010	dari-1	dari		False	True	False	False
51004011011	antara-1	antara		False	True	False	False
51004011012	orang-1	orang		False	True	False	False
51004011013	--1	-		True	False	False	False
51004011014	orang-2	orang		False	True	False	False
51004011015	yang-2	yang		False	True	False	False
51004011016	bersunat-1	bersunat		False	True	False	False
51004011017	yang-3	yang		False	True	False	False
51004011018	menjadi-1	menjadi		False	True	False	False
51004011019	teman-1	teman		False	True	False	False
51004011020	--2	-		True	False	False	False
51004011021	teman-2	teman		False	True	False	False
51004011022	sekerjaku-1	sekerjaku		False	True	False	False
51004011023	untuk-1	untuk		False	True	False	False
51004011024	Kerajaan-1	Kerajaan		False	True	False	False
51004011025	Allah-1	Allah		False	True	False	False
51004011026	,-2	,		True	False	False	False
51004011027	yang-4	yang		False	True	False	False
51004011028	telah-1	telah		False	True	False	False
51004011029	menjadi-2	menjadi		False	True	False	False
51004011030	penghiburan-1	penghiburan		False	True	False	False
51004011031	bagiku-1	bagiku		False	True	False	False
51004011032	.-2	.		True	False	False	False
51004012001	Epafras-1	Epafras		False	True	False	False
51004012002	menyampaikan-1	menyampaikan		False	True	False	False
51004012003	salam-1	salam		False	True	False	False
51004012004	kepada-1	kepada		False	True	False	False
51004012005	kamu-1	kamu		False	True	False	False
51004012006	.-1	.		True	False	False	False
51004012007	Ia-1	Ia		False	True	False	False
51004012008	adalah-1	adalah		False	True	False	False
51004012009	seorang-1	seorang		False	True	False	False
51004012010	dari-1	dari		False	True	False	False
51004012011	antara-1	antara		False	True	False	False
51004012012	kamu-2	kamu		False	True	False	False
51004012013	,-1	,		True	False	False	False
51004012014	seorang-2	seorang		False	True	False	False
51004012015	hamba-1	hamba		False	True	False	False
51004012016	Kristus-1	Kristus		False	True	False	False
51004012017	Yesus-1	Yesus		False	True	False	False
51004012018	,-2	,		True	False	False	False
51004012019	yang-1	yang		False	True	False	False
51004012020	selalu-1	selalu		False	True	False	False
51004012021	bergumul-1	bergumul		False	True	False	False
51004012022	dalam-1	dalam		False	True	False	False
51004012023	doa-1	doa		False	True	False	False
51004012024	--1	-		True	False	False	False
51004012025	doanya-1	doanya		False	True	False	False
51004012026	untuk-1	untuk		False	True	False	False
51004012027	kamu-3	kamu		False	True	False	False
51004012028	,-3	,		True	False	False	False
51004012029	supaya-1	supaya		False	True	False	False
51004012030	kamu-4	kamu		False	True	False	False
51004012031	dapat-1	dapat		False	True	False	False
51004012032	berdiri-1	berdiri		False	True	False	False
51004012033	teguh-1	teguh		False	True	False	False
51004012034	sebagai-1	sebagai		False	True	False	False
51004012035	orang-1	orang		False	True	False	False
51004012036	--2	-		True	False	False	False
51004012037	orang-2	orang		False	True	False	False
51004012038	yang-2	yang		False	True	False	False
51004012039	dewasa-1	dewasa		False	True	False	False
51004012040	dan-1	dan		False	True	False	False
51004012041	yang-3	yang		False	True	False	False
51004012042	berkeyakinan-1	berkeyakinan		False	True	False	False
51004012043	penuh-1	penuh		False	True	False	False
51004012044	dalam-2	dalam		False	True	False	False
51004012045	segala-1	segala		False	True	False	False
51004012046	hal-1	hal		False	True	False	False
51004012047	yang-4	yang		False	True	False	False
51004012048	dikehendaki-1	dikehendaki		False	True	False	False
51004012049	Allah-1	Allah		False	True	False	False
51004012050	.-2	.		True	False	False	False
51004013001	Sebab-1	Sebab		False	True	False	False
51004013002	aku-1	aku		False	True	False	False
51004013003	bersaksi-1	bersaksi		False	True	False	False
51004013004	untuk-1	untuk		False	True	False	False
51004013005	dia-1	dia		False	True	False	False
51004013006	,-1	,		True	False	False	False
51004013007	bahwa-1	bahwa		False	True	False	False
51004013008	ia-1	ia		False	True	False	False
51004013009	sangat-1	sangat		False	True	False	False
51004013010	bersusah-1	bersusah		False	True	False	False
51004013011	payah-1	payah		False	True	False	False
51004013012	untuk-2	untuk		False	True	False	False
51004013013	kamu-1	kamu		False	True	False	False
51004013014	dan-1	dan		False	True	False	False
51004013015	untuk-3	untuk		False	True	False	False
51004013016	mereka-1	mereka		False	True	False	False
51004013017	yang-1	yang		False	True	False	False
51004013018	di-1	di		False	True	False	False
51004013019	Laodikia-1	Laodikia		False	True	False	False
51004013020	dan-2	dan		False	True	False	False
51004013021	mereka-2	mereka		False	True	False	False
51004013022	yang-2	yang		False	True	False	False
51004013023	di-2	di		False	True	False	False
51004013024	Hierapolis-1	Hierapolis		False	True	False	False
51004013025	.-1	.		True	False	False	False
51004014001	Lukas-1	Lukas		False	True	False	False
51004014002	,-1	,		True	False	False	False
51004014003	tabib-1	tabib		False	True	False	False
51004014004	yang-1	yang		False	True	False	False
51004014005	terkasih-1	terkasih		False	True	False	False
51004014006	,-2	,		True	False	False	False
51004014007	menyampaikan-1	menyampaikan		False	True	False	False
51004014008	salam-1	salam		False	True	False	False
51004014009	kepada-1	kepada		False	True	False	False
51004014010	kamu-1	kamu		False	True	False	False
51004014011	,-3	,		True	False	False	False
51004014012	dan-1	dan		False	True	False	False
51004014013	juga-1	juga		False	True	False	False
51004014014	Demas-1	Demas		False	True	False	False
51004014015	.-1	.		True	False	False	False
51004015001	Sampaikan-1	Sampaikan		False	True	False	False
51004015002	salam-1	salam		False	True	False	False
51004015003	kepada-1	kepada		False	True	False	False
51004015004	saudara-1	saudara		False	True	False	False
51004015005	--1	-		True	False	False	False
51004015006	saudara-2	saudara		False	True	False	False
51004015007	di-1	di		False	True	False	False
51004015008	Laodikia-1	Laodikia		False	True	False	False
51004015009	,-1	,		True	False	False	False
51004015010	dan-1	dan		False	True	False	False
51004015011	kepada-2	kepada		False	True	False	False
51004015012	Nimfa-1	Nimfa		False	True	False	False
51004015013	dan-2	dan		False	True	False	False
51004015014	jemaat-1	jemaat		False	True	False	False
51004015015	di-2	di		False	True	False	False
51004015016	rumahnya-1	rumahnya		False	True	False	False
51004015017	.-1	.		True	False	False	False
51004016001	Bilamana-1	Bilamana		False	True	False	False
51004016002	surat-1	surat		False	True	False	False
51004016003	ini-1	ini		False	True	False	False
51004016004	telah-1	telah		False	True	False	False
51004016005	dibacakan-1	dibacakan		False	True	False	False
51004016006	di-1	di		False	True	False	False
51004016007	antara-1	antara		False	True	False	False
51004016008	kamu-1	kamu		False	True	False	False
51004016009	,-1	,		True	False	False	False
51004016010	pastikanlah-1	pastikanlah		False	True	False	False
51004016011	bahwa-1	bahwa		False	True	False	False
51004016012	surat-2	surat		False	True	False	False
51004016013	ini-2	ini		False	True	False	False
51004016014	dibacakan-2	dibacakan		False	True	False	False
51004016015	juga-1	juga		False	True	False	False
51004016016	di-2	di		False	True	False	False
51004016017	jemaat-1	jemaat		False	True	False	False
51004016018	Laodikia-1	Laodikia		False	True	False	False
51004016019	,-2	,		True	False	False	False
51004016020	dan-1	dan		False	True	False	False
51004016021	bahwa-2	bahwa		False	True	False	False
51004016022	kamu-2	kamu		False	True	False	False
51004016023	juga-2	juga		False	True	False	False
51004016024	membacakan-1	membacakan		False	True	False	False
51004016025	surat-3	surat		False	True	False	False
51004016026	dari-1	dari		False	True	False	False
51004016027	Laodikia-2	Laodikia		False	True	False	False
51004016028	.-1	.		True	False	False	False
51004017001	Sampaikanlah-1	Sampaikanlah		False	True	False	False
51004017002	kepada-1	kepada		False	True	False	False
51004017003	Arkhipus-1	Arkhipus		False	True	False	False
51004017004	:-1	:		True	False	False	False
51004017005	Perhatikanlah-1	Perhatikanlah		False	True	False	False
51004017006	pelayanan-1	pelayanan		False	True	False	False
51004017007	yang-1	yang		False	True	False	False
51004017008	telah-1	telah		False	True	False	False
51004017009	engkau-1	engkau		False	True	False	False
51004017010	terima-1	terima		False	True	False	False
51004017011	dalam-1	dalam		False	True	False	False
51004017012	Tuhan-1	Tuhan		False	True	False	False
51004017013	supaya-1	supaya		False	True	False	False
51004017014	engkau-2	engkau		False	True	False	False
51004017015	menyelesaikannya-1	menyelesaikannya		False	True	False	False
51004017016	.-1	.		True	False	False	False
51004018001	Aku-1	Aku		False	True	False	False
51004018002	,-1	,		True	False	False	False
51004018003	Paulus-1	Paulus		False	True	False	False
51004018004	,-2	,		True	False	False	False
51004018005	menulis-1	menulis		False	True	False	False
51004018006	salam-1	salam		False	True	False	False
51004018007	ini-1	ini		False	True	False	False
51004018008	dengan-1	dengan		False	True	False	False
51004018009	tanganku-1	tanganku		False	True	False	False
51004018010	sendiri-1	sendiri		False	True	False	False
51004018011	.-1	.		True	False	False	False
51004018012	Ingatlah-1	Ingatlah		False	True	False	False
51004018013	belengguku-1	belengguku		False	True	False	False
51004018014	.-2	.		True	False	False	False
51004018015	Anugerah-1	Anugerah		False	True	False	False
51004018016	menyertai-1	menyertai		False	True	False	False
51004018017	kamu-1	kamu		False	True	False	False
51004018018	.-3	.		True	False	False	False
52001001001	Dari-1	Dari		False	True	False	False
52001001002	Paulus-1	Paulus		False	True	False	False
52001001003	,-1	,		True	False	False	False
52001001004	dan-1	dan		False	True	False	False
52001001005	Silwanus-1	Silwanus		False	True	False	False
52001001006	dan-2	dan		False	True	False	False
52001001007	Timotius-1	Timotius		False	True	False	False
52001001008	kepada-1	kepada		False	True	False	False
52001001009	jemaat-1	jemaat		False	True	False	False
52001001010	orang-1	orang		False	True	False	False
52001001011	--1	-		True	False	False	False
52001001012	orang-2	orang		False	True	False	False
52001001013	Tesalonika-1	Tesalonika		False	True	False	False
52001001014	yang-1	yang		False	True	False	False
52001001015	di-1	di		False	True	False	False
52001001016	dalam-1	dalam		False	True	False	False
52001001017	Allah-1	Allah		False	True	False	False
52001001018	Bapa-1	Bapa		False	True	False	False
52001001019	dan-3	dan		False	True	False	False
52001001020	Tuhan-1	Tuhan		False	True	False	False
52001001021	Yesus-1	Yesus		False	True	False	False
52001001022	Kristus-1	Kristus		False	True	False	False
52001001023	.-1	.		True	False	False	False
52001001024	Anugerah-1	Anugerah		False	True	False	False
52001001025	dan-4	dan		False	True	False	False
52001001026	damai-1	damai		False	True	False	False
52001001027	menyertai-1	menyertai		False	True	False	False
52001001028	kamu-1	kamu		False	True	False	False
52001001029	.-2	.		True	False	False	False
52001002001	Kami-1	Kami		False	True	False	False
52001002002	selalu-1	selalu		False	True	False	False
52001002003	mengucap-1	mengucap		False	True	False	False
52001002004	syukur-1	syukur		False	True	False	False
52001002005	kepada-1	kepada		False	True	False	False
52001002006	Allah-1	Allah		False	True	False	False
52001002007	karena-1	karena		False	True	False	False
52001002008	kamu-1	kamu		False	True	False	False
52001002009	semua-1	semua		False	True	False	False
52001002010	dan-1	dan		False	True	False	False
52001002011	menyebut-1	menyebut		False	True	False	False
52001002012	kamu-2	kamu		False	True	False	False
52001002013	dalam-1	dalam		False	True	False	False
52001002014	doa-1	doa		False	True	False	False
52001002015	--1	-		True	False	False	False
52001002016	doa-2	doa		False	True	False	False
52001002017	kami-1	kami		False	True	False	False
52001002018	secara-1	secara		False	True	False	False
52001002019	terus-1	terus		False	True	False	False
52001002020	--2	-		True	False	False	False
52001002021	menerus-1	menerus		False	True	False	False
52001003001	Sebab-1	Sebab		False	True	False	False
52001003002	kami-1	kami		False	True	False	False
52001003003	selalu-1	selalu		False	True	False	False
52001003004	mengingat-1	mengingat		False	True	False	False
52001003005	pekerjaan-1	pekerjaan		False	True	False	False
52001003006	imanmu-1	imanmu		False	True	False	False
52001003007	,-1	,		True	False	False	False
52001003008	dan-1	dan		False	True	False	False
52001003009	usaha-1	usaha		False	True	False	False
52001003010	kasihmu-1	kasihmu		False	True	False	False
52001003011	serta-1	serta		False	True	False	False
52001003012	ketekunan-1	ketekunan		False	True	False	False
52001003013	pengharapanmu-1	pengharapanmu		False	True	False	False
52001003014	kepada-1	kepada		False	True	False	False
52001003015	Tuhan-1	Tuhan		False	True	False	False
52001003016	kita-1	kita		False	True	False	False
52001003017	Yesus-1	Yesus		False	True	False	False
52001003018	Kristus-1	Kristus		False	True	False	False
52001003019	di-1	di		False	True	False	False
52001003020	hadapan-1	hadapan		False	True	False	False
52001003021	Allah-1	Allah		False	True	False	False
52001003022	dan-2	dan		False	True	False	False
52001003023	Bapa-1	Bapa		False	True	False	False
52001003024	kita-2	kita		False	True	False	False
52001003025	.-1	.		True	False	False	False
52001004001	Kami-1	Kami		False	True	False	False
52001004002	tahu-1	tahu		False	True	False	False
52001004003	,-1	,		True	False	False	False
52001004004	hai-1	hai		False	True	False	False
52001004005	saudara-1	saudara		False	True	False	False
52001004006	--1	-		True	False	False	False
52001004007	saudara-2	saudara		False	True	False	False
52001004008	yang-1	yang		False	True	False	False
52001004009	dikasihi-1	dikasihi		False	True	False	False
52001004010	Allah-1	Allah		False	True	False	False
52001004011	,-2	,		True	False	False	False
52001004012	bahwa-1	bahwa		False	True	False	False
52001004013	Ia-1	Ia		False	True	False	False
52001004014	telah-1	telah		False	True	False	False
52001004015	memilih-1	memilih		False	True	False	False
52001004016	kamu-1	kamu		False	True	False	False
52001004017	.-1	.		True	False	False	False
52001005001	Sebab-1	Sebab		False	True	False	False
52001005002	Injil-1	Injil		False	True	False	False
52001005003	kami-1	kami		False	True	False	False
52001005004	bukan-1	bukan		False	True	False	False
52001005005	disampaikan-1	disampaikan		False	True	False	False
52001005006	kepada-1	kepada		False	True	False	False
52001005007	kamu-1	kamu		False	True	False	False
52001005008	dengan-1	dengan		False	True	False	False
52001005009	kata-1	kata		False	True	False	False
52001005010	--1	-		True	False	False	False
52001005011	kata-2	kata		False	True	False	False
52001005012	saja-1	saja		False	True	False	False
52001005013	,-1	,		True	False	False	False
52001005014	tetapi-1	tetapi		False	True	False	False
52001005015	juga-1	juga		False	True	False	False
52001005016	dalam-1	dalam		False	True	False	False
52001005017	kuasa-1	kuasa		False	True	False	False
52001005018	dan-1	dan		False	True	False	False
52001005019	dalam-2	dalam		False	True	False	False
52001005020	Roh-1	Roh		False	True	False	False
52001005021	Kudus-1	Kudus		False	True	False	False
52001005022	dan-2	dan		False	True	False	False
52001005023	dengan-2	dengan		False	True	False	False
52001005024	suatu-1	suatu		False	True	False	False
52001005025	kepastian-1	kepastian		False	True	False	False
52001005026	yang-1	yang		False	True	False	False
52001005027	kokoh-1	kokoh		False	True	False	False
52001005028	.-1	.		True	False	False	False
52001005029	Memang-1	Memang		False	True	False	False
52001005030	kamu-2	kamu		False	True	False	False
52001005031	tahu-1	tahu		False	True	False	False
52001005032	,-2	,		True	False	False	False
52001005033	bagaimana-1	bagaimana		False	True	False	False
52001005034	kami-2	kami		False	True	False	False
52001005035	bekerja-1	bekerja		False	True	False	False
52001005036	di-1	di		False	True	False	False
52001005037	antara-1	antara		False	True	False	False
52001005038	kamu-3	kamu		False	True	False	False
52001005039	oleh-1	oleh		False	True	False	False
52001005040	karena-1	karena		False	True	False	False
52001005041	kamu-4	kamu		False	True	False	False
52001005042	.-2	.		True	False	False	False
52001006001	Kamu-1	Kamu		False	True	False	False
52001006002	sendiri-1	sendiri		False	True	False	False
52001006003	telah-1	telah		False	True	False	False
52001006004	menjadi-1	menjadi		False	True	False	False
52001006005	penurut-1	penurut		False	True	False	False
52001006006	kami-1	kami		False	True	False	False
52001006007	dan-1	dan		False	True	False	False
52001006008	penurut-2	penurut		False	True	False	False
52001006009	Tuhan-1	Tuhan		False	True	False	False
52001006010	;-1	;		True	False	False	False
52001006011	dalam-1	dalam		False	True	False	False
52001006012	penindasan-1	penindasan		False	True	False	False
52001006013	yang-1	yang		False	True	False	False
52001006014	berat-1	berat		False	True	False	False
52001006015	kamu-1	kamu		False	True	False	False
52001006016	telah-2	telah		False	True	False	False
52001006017	menerima-1	menerima		False	True	False	False
52001006018	firman-1	firman		False	True	False	False
52001006019	itu-1	itu		False	True	False	False
52001006020	dengan-1	dengan		False	True	False	False
52001006021	sukacita-1	sukacita		False	True	False	False
52001006022	yang-2	yang		False	True	False	False
52001006023	dikerjakan-1	dikerjakan		False	True	False	False
52001006024	oleh-1	oleh		False	True	False	False
52001006025	Roh-1	Roh		False	True	False	False
52001006026	Kudus-1	Kudus		False	True	False	False
52001006027	,-1	,		True	False	False	False
52001007001	sehingga-1	sehingga		False	True	False	False
52001007002	kamu-1	kamu		False	True	False	False
52001007003	telah-1	telah		False	True	False	False
52001007004	menjadi-1	menjadi		False	True	False	False
52001007005	teladan-1	teladan		False	True	False	False
52001007006	untuk-1	untuk		False	True	False	False
52001007007	semua-1	semua		False	True	False	False
52001007008	orang-1	orang		False	True	False	False
52001007009	yang-1	yang		False	True	False	False
52001007010	percaya-1	percaya		False	True	False	False
52001007011	di-1	di		False	True	False	False
52001007012	wilayah-1	wilayah		False	True	False	False
52001007013	Makedonia-1	Makedonia		False	True	False	False
52001007014	dan-1	dan		False	True	False	False
52001007015	Akhaya-1	Akhaya		False	True	False	False
52001007016	.-1	.		True	False	False	False
52001008001	Karena-1	Karena		False	True	False	False
52001008002	dari-1	dari		False	True	False	False
52001008003	antara-1	antara		False	True	False	False
52001008004	kamu-1	kamu		False	True	False	False
52001008005	firman-1	firman		False	True	False	False
52001008006	Tuhan-1	Tuhan		False	True	False	False
52001008007	telah-1	telah		False	True	False	False
52001008008	bergema-1	bergema		False	True	False	False
52001008009	bukan-1	bukan		False	True	False	False
52001008010	hanya-1	hanya		False	True	False	False
52001008011	di-1	di		False	True	False	False
52001008012	Makedonia-1	Makedonia		False	True	False	False
52001008013	dan-1	dan		False	True	False	False
52001008014	Akhaya-1	Akhaya		False	True	False	False
52001008015	,-1	,		True	False	False	False
52001008016	tetapi-1	tetapi		False	True	False	False
52001008017	di-2	di		False	True	False	False
52001008018	semua-1	semua		False	True	False	False
52001008019	tempat-1	tempat		False	True	False	False
52001008020	telah-2	telah		False	True	False	False
52001008021	tersiar-1	tersiar		False	True	False	False
52001008022	kabar-1	kabar		False	True	False	False
52001008023	tentang-1	tentang		False	True	False	False
52001008024	imanmu-1	imanmu		False	True	False	False
52001008025	kepada-1	kepada		False	True	False	False
52001008026	Allah-1	Allah		False	True	False	False
52001008027	,-2	,		True	False	False	False
52001008028	sehingga-1	sehingga		False	True	False	False
52001008029	kami-1	kami		False	True	False	False
52001008030	tidak-1	tidak		False	True	False	False
52001008031	perlu-1	perlu		False	True	False	False
52001008032	mengatakan-1	mengatakan		False	True	False	False
52001008033	apa-1	apa		False	True	False	False
52001008034	--1	-		True	False	False	False
52001008035	apa-2	apa		False	True	False	False
52001008036	tentang-2	tentang		False	True	False	False
52001008037	hal-1	hal		False	True	False	False
52001008038	itu-1	itu		False	True	False	False
52001008039	.-1	.		True	False	False	False
52001009001	Sebab-1	Sebab		False	True	False	False
52001009002	mereka-1	mereka		False	True	False	False
52001009003	sendiri-1	sendiri		False	True	False	False
52001009004	berceritera-1	berceritera		False	True	False	False
52001009005	tentang-1	tentang		False	True	False	False
52001009006	kami-1	kami		False	True	False	False
52001009007	,-1	,		True	False	False	False
52001009008	bagaimana-1	bagaimana		False	True	False	False
52001009009	sambutan-1	sambutan		False	True	False	False
52001009010	kamu-1	kamu		False	True	False	False
52001009011	terhadap-1	terhadap		False	True	False	False
52001009012	kami-2	kami		False	True	False	False
52001009013	dan-1	dan		False	True	False	False
52001009014	bagaimana-2	bagaimana		False	True	False	False
52001009015	kamu-2	kamu		False	True	False	False
52001009016	berbalik-1	berbalik		False	True	False	False
52001009017	dari-1	dari		False	True	False	False
52001009018	berhala-1	berhala		False	True	False	False
52001009019	--1	-		True	False	False	False
52001009020	berhala-2	berhala		False	True	False	False
52001009021	kepada-1	kepada		False	True	False	False
52001009022	Allah-1	Allah		False	True	False	False
52001009023	untuk-1	untuk		False	True	False	False
52001009024	melayani-1	melayani		False	True	False	False
52001009025	Allah-2	Allah		False	True	False	False
52001009026	yang-1	yang		False	True	False	False
52001009027	hidup-1	hidup		False	True	False	False
52001009028	dan-2	dan		False	True	False	False
52001009029	yang-2	yang		False	True	False	False
52001009030	benar-1	benar		False	True	False	False
52001009031	,-2	,		True	False	False	False
52001010001	dan-1	dan		False	True	False	False
52001010002	untuk-1	untuk		False	True	False	False
52001010003	menantikan-1	menantikan		False	True	False	False
52001010004	kedatangan-1	kedatangan		False	True	False	False
52001010005	Anak-1	Anak		False	True	False	False
52001010006	--1	-		True	False	False	False
52001010007	Nya-1	Nya		False	True	False	False
52001010008	dari-1	dari		False	True	False	False
52001010009	surga-1	surga		False	True	False	False
52001010010	,-1	,		True	False	False	False
52001010011	yang-1	yang		False	True	False	False
52001010012	telah-1	telah		False	True	False	False
52001010013	dibangkitkan-1	dibangkitkan		False	True	False	False
52001010014	--2	-		True	False	False	False
52001010015	Nya-2	Nya		False	True	False	False
52001010016	dari-2	dari		False	True	False	False
52001010017	antara-1	antara		False	True	False	False
52001010018	orang-1	orang		False	True	False	False
52001010019	mati-1	mati		False	True	False	False
52001010020	,-2	,		True	False	False	False
52001010021	yaitu-1	yaitu		False	True	False	False
52001010022	Yesus-1	Yesus		False	True	False	False
52001010023	,-3	,		True	False	False	False
52001010024	yang-2	yang		False	True	False	False
52001010025	menyelamatkan-1	menyelamatkan		False	True	False	False
52001010026	kita-1	kita		False	True	False	False
52001010027	dari-3	dari		False	True	False	False
52001010028	murka-1	murka		False	True	False	False
52001010029	yang-3	yang		False	True	False	False
52001010030	akan-1	akan		False	True	False	False
52001010031	datang-1	datang		False	True	False	False
52001010032	.-1	.		True	False	False	False
52002001001	Karena-1	Karena		False	True	False	False
52002001002	kamu-1	kamu		False	True	False	False
52002001003	sendiri-1	sendiri		False	True	False	False
52002001004	memang-1	memang		False	True	False	False
52002001005	tahu-1	tahu		False	True	False	False
52002001006	,-1	,		True	False	False	False
52002001007	saudara-1	saudara		False	True	False	False
52002001008	--1	-		True	False	False	False
52002001009	saudara-2	saudara		False	True	False	False
52002001010	,-2	,		True	False	False	False
52002001011	bahwa-1	bahwa		False	True	False	False
52002001012	kedatangan-1	kedatangan		False	True	False	False
52002001013	kami-1	kami		False	True	False	False
52002001014	di-1	di		False	True	False	False
52002001015	antaramu-1	antaramu		False	True	False	False
52002001016	tidaklah-1	tidaklah		False	True	False	False
52002001017	sia-1	sia		False	True	False	False
52002001018	--2	-		True	False	False	False
52002001019	sia-2	sia		False	True	False	False
52002001020	.-1	.		True	False	False	False
52002002001	Tetapi-1	Tetapi		False	True	False	False
52002002002	sungguhpun-1	sungguhpun		False	True	False	False
52002002003	kami-1	kami		False	True	False	False
52002002004	sebelumnya-1	sebelumnya		False	True	False	False
52002002005	,-1	,		True	False	False	False
52002002006	seperti-1	seperti		False	True	False	False
52002002007	kamu-1	kamu		False	True	False	False
52002002008	tahu-1	tahu		False	True	False	False
52002002009	,-2	,		True	False	False	False
52002002010	telah-1	telah		False	True	False	False
52002002011	dianiaya-1	dianiaya		False	True	False	False
52002002012	dan-1	dan		False	True	False	False
52002002013	dihina-1	dihina		False	True	False	False
52002002014	di-1	di		False	True	False	False
52002002015	Filipi-1	Filipi		False	True	False	False
52002002016	,-3	,		True	False	False	False
52002002017	namun-1	namun		False	True	False	False
52002002018	dengan-1	dengan		False	True	False	False
52002002019	keberanian-1	keberanian		False	True	False	False
52002002020	dalam-1	dalam		False	True	False	False
52002002021	Allah-1	Allah		False	True	False	False
52002002022	kita-1	kita		False	True	False	False
52002002023	untuk-1	untuk		False	True	False	False
52002002024	memberitakan-1	memberitakan		False	True	False	False
52002002025	Injil-1	Injil		False	True	False	False
52002002026	Allah-2	Allah		False	True	False	False
52002002027	kepada-1	kepada		False	True	False	False
52002002028	kamu-2	kamu		False	True	False	False
52002002029	dalam-2	dalam		False	True	False	False
52002002030	perjuangan-1	perjuangan		False	True	False	False
52002002031	yang-1	yang		False	True	False	False
52002002032	berat-1	berat		False	True	False	False
52002002033	.-1	.		True	False	False	False
52002003001	Sebab-1	Sebab		False	True	False	False
52002003002	nasihat-1	nasihat		False	True	False	False
52002003003	kami-1	kami		False	True	False	False
52002003004	tidak-1	tidak		False	True	False	False
52002003005	lahir-1	lahir		False	True	False	False
52002003006	dari-1	dari		False	True	False	False
52002003007	kesesatan-1	kesesatan		False	True	False	False
52002003008	atau-1	atau		False	True	False	False
52002003009	dari-2	dari		False	True	False	False
52002003010	maksud-1	maksud		False	True	False	False
52002003011	yang-1	yang		False	True	False	False
52002003012	tidak-2	tidak		False	True	False	False
52002003013	murni-1	murni		False	True	False	False
52002003014	dan-1	dan		False	True	False	False
52002003015	tipu-1	tipu		False	True	False	False
52002003016	daya-1	daya		False	True	False	False
52002003017	.-1	.		True	False	False	False
52002004001	Sebaliknya-1	Sebaliknya		False	True	False	False
52002004002	,-1	,		True	False	False	False
52002004003	seperti-1	seperti		False	True	False	False
52002004004	kami-1	kami		False	True	False	False
52002004005	telah-1	telah		False	True	False	False
52002004006	dilayakkan-1	dilayakkan		False	True	False	False
52002004007	oleh-1	oleh		False	True	False	False
52002004008	Allah-1	Allah		False	True	False	False
52002004009	untuk-1	untuk		False	True	False	False
52002004010	dipercayakan-1	dipercayakan		False	True	False	False
52002004011	dengan-1	dengan		False	True	False	False
52002004012	Injil-1	Injil		False	True	False	False
52002004013	,-2	,		True	False	False	False
52002004014	karena-1	karena		False	True	False	False
52002004015	itulah-1	itulah		False	True	False	False
52002004016	kami-2	kami		False	True	False	False
52002004017	berbicara-1	berbicara		False	True	False	False
52002004018	,-3	,		True	False	False	False
52002004019	bukan-1	bukan		False	True	False	False
52002004020	untuk-2	untuk		False	True	False	False
52002004021	menyukakan-1	menyukakan		False	True	False	False
52002004022	manusia-1	manusia		False	True	False	False
52002004023	,-4	,		True	False	False	False
52002004024	melainkan-1	melainkan		False	True	False	False
52002004025	Allah-2	Allah		False	True	False	False
52002004026	yang-1	yang		False	True	False	False
52002004027	menguji-1	menguji		False	True	False	False
52002004028	hati-1	hati		False	True	False	False
52002004029	kita-1	kita		False	True	False	False
52002004030	.-1	.		True	False	False	False
52002005001	Karena-1	Karena		False	True	False	False
52002005002	kami-1	kami		False	True	False	False
52002005003	tidak-1	tidak		False	True	False	False
52002005004	pernah-1	pernah		False	True	False	False
52002005005	bermulut-1	bermulut		False	True	False	False
52002005006	manis-1	manis		False	True	False	False
52002005007	---1	--		True	False	False	False
52002005008	seperti-1	seperti		False	True	False	False
52002005009	yang-1	yang		False	True	False	False
52002005010	kamu-1	kamu		False	True	False	False
52002005011	ketahui-1	ketahui		False	True	False	False
52002005012	---2	--		True	False	False	False
52002005013	dan-1	dan		False	True	False	False
52002005014	tidak-2	tidak		False	True	False	False
52002005015	pernah-2	pernah		False	True	False	False
52002005016	mempunyai-1	mempunyai		False	True	False	False
52002005017	keserakahan-1	keserakahan		False	True	False	False
52002005018	yang-2	yang		False	True	False	False
52002005019	tersembunyi-1	tersembunyi		False	True	False	False
52002005020	---3	--		True	False	False	False
52002005021	Allah-1	Allah		False	True	False	False
52002005022	adalah-1	adalah		False	True	False	False
52002005023	saksi-1	saksi		False	True	False	False
52002005024	---4	--		True	False	False	False
52002006001	juga-1	juga		False	True	False	False
52002006002	tidak-1	tidak		False	True	False	False
52002006003	pernah-1	pernah		False	True	False	False
52002006004	kami-1	kami		False	True	False	False
52002006005	mencari-1	mencari		False	True	False	False
52002006006	pujian-1	pujian		False	True	False	False
52002006007	dari-1	dari		False	True	False	False
52002006008	manusia-1	manusia		False	True	False	False
52002006009	,-1	,		True	False	False	False
52002006010	baik-1	baik		False	True	False	False
52002006011	dari-2	dari		False	True	False	False
52002006012	kamu-1	kamu		False	True	False	False
52002006013	,-2	,		True	False	False	False
52002006014	maupun-1	maupun		False	True	False	False
52002006015	dari-3	dari		False	True	False	False
52002006016	orang-1	orang		False	True	False	False
52002006017	--1	-		True	False	False	False
52002006018	orang-2	orang		False	True	False	False
52002006019	lain-1	lain		False	True	False	False
52002006020	,-3	,		True	False	False	False
52002007001	sekalipun-1	sekalipun		False	True	False	False
52002007002	kami-1	kami		False	True	False	False
52002007003	dapat-1	dapat		False	True	False	False
52002007004	berbuat-1	berbuat		False	True	False	False
52002007005	demikian-1	demikian		False	True	False	False
52002007006	sebagai-1	sebagai		False	True	False	False
52002007007	rasul-1	rasul		False	True	False	False
52002007008	--1	-		True	False	False	False
52002007009	rasul-2	rasul		False	True	False	False
52002007010	Kristus-1	Kristus		False	True	False	False
52002007011	.-1	.		True	False	False	False
52002007012	Tetapi-1	Tetapi		False	True	False	False
52002007013	kami-2	kami		False	True	False	False
52002007014	menjadi-1	menjadi		False	True	False	False
52002007015	seperti-1	seperti		False	True	False	False
52002007016	anak-1	anak		False	True	False	False
52002007017	--2	-		True	False	False	False
52002007018	anak-2	anak		False	True	False	False
52002007019	di-1	di		False	True	False	False
52002007020	antara-1	antara		False	True	False	False
52002007021	kamu-1	kamu		False	True	False	False
52002007022	,-1	,		True	False	False	False
52002007023	sama-1	sama		False	True	False	False
52002007024	seperti-2	seperti		False	True	False	False
52002007025	seorang-1	seorang		False	True	False	False
52002007026	ibu-1	ibu		False	True	False	False
52002007027	mengasuh-1	mengasuh		False	True	False	False
52002007028	dan-1	dan		False	True	False	False
52002007029	merawati-1	merawati		False	True	False	False
52002007030	anak-3	anak		False	True	False	False
52002007031	--3	-		True	False	False	False
52002007032	anaknya-1	anaknya		False	True	False	False
52002007033	sendiri-1	sendiri		False	True	False	False
52002007034	.-2	.		True	False	False	False
52002008001	Demikianlah-1	Demikianlah		False	True	False	False
52002008002	kami-1	kami		False	True	False	False
52002008003	,-1	,		True	False	False	False
52002008004	dalam-1	dalam		False	True	False	False
52002008005	kasih-1	kasih		False	True	False	False
52002008006	sayang-1	sayang		False	True	False	False
52002008007	yang-1	yang		False	True	False	False
52002008008	besar-1	besar		False	True	False	False
52002008009	akan-1	akan		False	True	False	False
52002008010	kamu-1	kamu		False	True	False	False
52002008011	,-2	,		True	False	False	False
52002008012	bukan-1	bukan		False	True	False	False
52002008013	saja-1	saja		False	True	False	False
52002008014	rela-1	rela		False	True	False	False
52002008015	membagi-1	membagi		False	True	False	False
52002008016	Injil-1	Injil		False	True	False	False
52002008017	Allah-1	Allah		False	True	False	False
52002008018	dengan-1	dengan		False	True	False	False
52002008019	kamu-2	kamu		False	True	False	False
52002008020	,-3	,		True	False	False	False
52002008021	tetapi-1	tetapi		False	True	False	False
52002008022	juga-1	juga		False	True	False	False
52002008023	hidup-1	hidup		False	True	False	False
52002008024	kami-2	kami		False	True	False	False
52002008025	sendiri-1	sendiri		False	True	False	False
52002008026	,-4	,		True	False	False	False
52002008027	karena-1	karena		False	True	False	False
52002008028	kamu-3	kamu		False	True	False	False
52002008029	telah-1	telah		False	True	False	False
52002008030	kami-3	kami		False	True	False	False
52002008031	kasihi-1	kasihi		False	True	False	False
52002008032	.-1	.		True	False	False	False
52002009001	Sebab-1	Sebab		False	True	False	False
52002009002	kamu-1	kamu		False	True	False	False
52002009003	masih-1	masih		False	True	False	False
52002009004	ingat-1	ingat		False	True	False	False
52002009005	,-1	,		True	False	False	False
52002009006	saudara-1	saudara		False	True	False	False
52002009007	--1	-		True	False	False	False
52002009008	saudara-2	saudara		False	True	False	False
52002009009	,-2	,		True	False	False	False
52002009010	akan-1	akan		False	True	False	False
52002009011	usaha-1	usaha		False	True	False	False
52002009012	dan-1	dan		False	True	False	False
52002009013	jerih-1	jerih		False	True	False	False
52002009014	lelah-1	lelah		False	True	False	False
52002009015	kami-1	kami		False	True	False	False
52002009016	.-1	.		True	False	False	False
52002009017	Sementara-1	Sementara		False	True	False	False
52002009018	kami-2	kami		False	True	False	False
52002009019	bekerja-1	bekerja		False	True	False	False
52002009020	siang-1	siang		False	True	False	False
52002009021	malam-1	malam		False	True	False	False
52002009022	,-3	,		True	False	False	False
52002009023	supaya-1	supaya		False	True	False	False
52002009024	jangan-1	jangan		False	True	False	False
52002009025	menjadi-1	menjadi		False	True	False	False
52002009026	beban-1	beban		False	True	False	False
52002009027	bagi-1	bagi		False	True	False	False
52002009028	siapa-1	siapa		False	True	False	False
52002009029	pun-1	pun		False	True	False	False
52002009030	juga-1	juga		False	True	False	False
52002009031	di-1	di		False	True	False	False
52002009032	antara-1	antara		False	True	False	False
52002009033	kamu-2	kamu		False	True	False	False
52002009034	,-4	,		True	False	False	False
52002009035	kami-3	kami		False	True	False	False
52002009036	telah-1	telah		False	True	False	False
52002009037	memberitakan-1	memberitakan		False	True	False	False
52002009038	Injil-1	Injil		False	True	False	False
52002009039	Allah-1	Allah		False	True	False	False
52002009040	kepada-1	kepada		False	True	False	False
52002009041	kamu-3	kamu		False	True	False	False
52002009042	.-2	.		True	False	False	False
52002010001	Kamu-1	Kamu		False	True	False	False
52002010002	adalah-1	adalah		False	True	False	False
52002010003	saksi-1	saksi		False	True	False	False
52002010004	,-1	,		True	False	False	False
52002010005	demikian-1	demikian		False	True	False	False
52002010006	juga-1	juga		False	True	False	False
52002010007	Allah-1	Allah		False	True	False	False
52002010008	,-2	,		True	False	False	False
52002010009	betapa-1	betapa		False	True	False	False
52002010010	saleh-1	saleh		False	True	False	False
52002010011	,-3	,		True	False	False	False
52002010012	adil-1	adil		False	True	False	False
52002010013	dan-1	dan		False	True	False	False
52002010014	tak-1	tak		False	True	False	False
52002010015	bercacatnya-1	bercacatnya		False	True	False	False
52002010016	kami-1	kami		False	True	False	False
52002010017	berlaku-1	berlaku		False	True	False	False
52002010018	di-1	di		False	True	False	False
52002010019	antara-1	antara		False	True	False	False
52002010020	kamu-1	kamu		False	True	False	False
52002010021	yang-1	yang		False	True	False	False
52002010022	percaya-1	percaya		False	True	False	False
52002010023	.-1	.		True	False	False	False
52002011001	Sebagaimana-1	Sebagaimana		False	True	False	False
52002011002	kamu-1	kamu		False	True	False	False
52002011003	tahu-1	tahu		False	True	False	False
52002011004	,-1	,		True	False	False	False
52002011005	betapa-1	betapa		False	True	False	False
52002011006	kami-1	kami		False	True	False	False
52002011007	,-2	,		True	False	False	False
52002011008	seperti-1	seperti		False	True	False	False
52002011009	seorang-1	seorang		False	True	False	False
52002011010	bapa-1	bapa		False	True	False	False
52002011011	terhadap-1	terhadap		False	True	False	False
52002011012	anak-1	anak		False	True	False	False
52002011013	--1	-		True	False	False	False
52002011014	anaknya-1	anaknya		False	True	False	False
52002011015	sendiri-1	sendiri		False	True	False	False
52002011016	,-3	,		True	False	False	False
52002011017	seorang-2	seorang		False	True	False	False
52002011018	demi-1	demi		False	True	False	False
52002011019	seorang-3	seorang		False	True	False	False
52002011020	,-4	,		True	False	False	False
52002012001	telah-1	telah		False	True	False	False
52002012002	menasihati-1	menasihati		False	True	False	False
52002012003	kamu-1	kamu		False	True	False	False
52002012004	dan-1	dan		False	True	False	False
52002012005	menguatkan-1	menguatkan		False	True	False	False
52002012006	hatimu-1	hatimu		False	True	False	False
52002012007	dan-2	dan		False	True	False	False
52002012008	meminta-1	meminta		False	True	False	False
52002012009	dengan-1	dengan		False	True	False	False
52002012010	sangat-1	sangat		False	True	False	False
52002012011	,-1	,		True	False	False	False
52002012012	supaya-1	supaya		False	True	False	False
52002012013	kamu-2	kamu		False	True	False	False
52002012014	hidup-1	hidup		False	True	False	False
52002012015	dengan-2	dengan		False	True	False	False
52002012016	layak-1	layak		False	True	False	False
52002012017	di-1	di		False	True	False	False
52002012018	hadapan-1	hadapan		False	True	False	False
52002012019	Allah-1	Allah		False	True	False	False
52002012020	,-2	,		True	False	False	False
52002012021	yang-1	yang		False	True	False	False
52002012022	memanggil-1	memanggil		False	True	False	False
52002012023	kamu-3	kamu		False	True	False	False
52002012024	ke-1	ke		False	True	False	False
52002012025	dalam-1	dalam		False	True	False	False
52002012026	Kerajaan-1	Kerajaan		False	True	False	False
52002012027	dan-3	dan		False	True	False	False
52002012028	kemuliaan-1	kemuliaan		False	True	False	False
52002012029	--1	-		True	False	False	False
52002012030	Nya-1	Nya		False	True	False	False
52002012031	sendiri-1	sendiri		False	True	False	False
52002012032	.-1	.		True	False	False	False
52002013001	Dan-1	Dan		False	True	False	False
52002013002	karena-1	karena		False	True	False	False
52002013003	itulah-1	itulah		False	True	False	False
52002013004	kami-1	kami		False	True	False	False
52002013005	tidak-1	tidak		False	True	False	False
52002013006	putus-1	putus		False	True	False	False
52002013007	--1	-		True	False	False	False
52002013008	putusnya-1	putusnya		False	True	False	False
52002013009	mengucap-1	mengucap		False	True	False	False
52002013010	syukur-1	syukur		False	True	False	False
52002013011	juga-1	juga		False	True	False	False
52002013012	kepada-1	kepada		False	True	False	False
52002013013	Allah-1	Allah		False	True	False	False
52002013014	,-1	,		True	False	False	False
52002013015	sebab-1	sebab		False	True	False	False
52002013016	kamu-1	kamu		False	True	False	False
52002013017	telah-1	telah		False	True	False	False
52002013018	menerima-1	menerima		False	True	False	False
52002013019	firman-1	firman		False	True	False	False
52002013020	Allah-2	Allah		False	True	False	False
52002013021	yang-1	yang		False	True	False	False
52002013022	kamu-2	kamu		False	True	False	False
52002013023	dengar-1	dengar		False	True	False	False
52002013024	dari-1	dari		False	True	False	False
52002013025	kami-2	kami		False	True	False	False
52002013026	,-2	,		True	False	False	False
52002013027	bukan-1	bukan		False	True	False	False
52002013028	sebagai-1	sebagai		False	True	False	False
52002013029	perkataan-1	perkataan		False	True	False	False
52002013030	manusia-1	manusia		False	True	False	False
52002013031	,-3	,		True	False	False	False
52002013032	tetapi-1	tetapi		False	True	False	False
52002013033	---1	--		True	False	False	False
52002013034	dan-1	dan		False	True	False	False
52002013035	memang-1	memang		False	True	False	False
52002013036	sungguh-1	sungguh		False	True	False	False
52002013037	--2	-		True	False	False	False
52002013038	sungguh-2	sungguh		False	True	False	False
52002013039	demikian-1	demikian		False	True	False	False
52002013040	---2	--		True	False	False	False
52002013041	sebagai-2	sebagai		False	True	False	False
52002013042	firman-2	firman		False	True	False	False
52002013043	Allah-3	Allah		False	True	False	False
52002013044	,-4	,		True	False	False	False
52002013045	yang-2	yang		False	True	False	False
52002013046	bekerja-1	bekerja		False	True	False	False
52002013047	juga-2	juga		False	True	False	False
52002013048	di-1	di		False	True	False	False
52002013049	dalam-1	dalam		False	True	False	False
52002013050	kamu-3	kamu		False	True	False	False
52002013051	orang-1	orang		False	True	False	False
52002013052	--3	-		True	False	False	False
52002013053	orang-2	orang		False	True	False	False
52002013054	yang-3	yang		False	True	False	False
52002013055	percaya-1	percaya		False	True	False	False
52002013056	.-1	.		True	False	False	False
52002014001	Sebab-1	Sebab		False	True	False	False
52002014002	kamu-1	kamu		False	True	False	False
52002014003	,-1	,		True	False	False	False
52002014004	saudara-1	saudara		False	True	False	False
52002014005	--1	-		True	False	False	False
52002014006	saudara-2	saudara		False	True	False	False
52002014007	,-2	,		True	False	False	False
52002014008	telah-1	telah		False	True	False	False
52002014009	menjadi-1	menjadi		False	True	False	False
52002014010	penurut-1	penurut		False	True	False	False
52002014011	jemaat-1	jemaat		False	True	False	False
52002014012	--2	-		True	False	False	False
52002014013	jemaat-2	jemaat		False	True	False	False
52002014014	Allah-1	Allah		False	True	False	False
52002014015	di-1	di		False	True	False	False
52002014016	Yudea-1	Yudea		False	True	False	False
52002014017	dalam-1	dalam		False	True	False	False
52002014018	Kristus-1	Kristus		False	True	False	False
52002014019	Yesus-1	Yesus		False	True	False	False
52002014020	,-3	,		True	False	False	False
52002014021	karena-1	karena		False	True	False	False
52002014022	kamu-2	kamu		False	True	False	False
52002014023	juga-1	juga		False	True	False	False
52002014024	telah-2	telah		False	True	False	False
52002014025	sama-1	sama		False	True	False	False
52002014026	--3	-		True	False	False	False
52002014027	sama-2	sama		False	True	False	False
52002014028	menderita-1	menderita		False	True	False	False
52002014029	dari-1	dari		False	True	False	False
52002014030	teman-1	teman		False	True	False	False
52002014031	--4	-		True	False	False	False
52002014032	teman-2	teman		False	True	False	False
52002014033	sebangsamu-1	sebangsamu		False	True	False	False
52002014034	sebagaimana-1	sebagaimana		False	True	False	False
52002014035	juga-2	juga		False	True	False	False
52002014036	yang-1	yang		False	True	False	False
52002014037	mereka-1	mereka		False	True	False	False
52002014038	derita-1	derita		False	True	False	False
52002014039	dari-2	dari		False	True	False	False
52002014040	orang-1	orang		False	True	False	False
52002014041	--5	-		True	False	False	False
52002014042	orang-2	orang		False	True	False	False
52002014043	Yahudi-1	Yahudi		False	True	False	False
52002014044	.-1	.		True	False	False	False
52002015001	Bahkan-1	Bahkan		False	True	False	False
52002015002	mereka-1	mereka		False	True	False	False
52002015003	telah-1	telah		False	True	False	False
52002015004	membunuh-1	membunuh		False	True	False	False
52002015005	Tuhan-1	Tuhan		False	True	False	False
52002015006	Yesus-1	Yesus		False	True	False	False
52002015007	dan-1	dan		False	True	False	False
52002015008	para-1	para		False	True	False	False
52002015009	nabi-1	nabi		False	True	False	False
52002015010	dan-2	dan		False	True	False	False
52002015011	telah-2	telah		False	True	False	False
52002015012	menganiaya-1	menganiaya		False	True	False	False
52002015013	kami-1	kami		False	True	False	False
52002015014	.-1	.		True	False	False	False
52002015015	Apa-1	Apa		False	True	False	False
52002015016	yang-1	yang		False	True	False	False
52002015017	berkenan-1	berkenan		False	True	False	False
52002015018	kepada-1	kepada		False	True	False	False
52002015019	Allah-1	Allah		False	True	False	False
52002015020	tidak-1	tidak		False	True	False	False
52002015021	mereka-2	mereka		False	True	False	False
52002015022	pedulikan-1	pedulikan		False	True	False	False
52002015023	dan-3	dan		False	True	False	False
52002015024	semua-1	semua		False	True	False	False
52002015025	manusia-1	manusia		False	True	False	False
52002015026	mereka-3	mereka		False	True	False	False
52002015027	musuhi-1	musuhi		False	True	False	False
52002015028	,-1	,		True	False	False	False
52002016001	karena-1	karena		False	True	False	False
52002016002	mereka-1	mereka		False	True	False	False
52002016003	mau-1	mau		False	True	False	False
52002016004	menghalang-1	menghalang		False	True	False	False
52002016005	--1	-		True	False	False	False
52002016006	halangi-1	halangi		False	True	False	False
52002016007	kami-1	kami		False	True	False	False
52002016008	memberitakan-1	memberitakan		False	True	False	False
52002016009	firman-1	firman		False	True	False	False
52002016010	kepada-1	kepada		False	True	False	False
52002016011	bangsa-1	bangsa		False	True	False	False
52002016012	--2	-		True	False	False	False
52002016013	bangsa-2	bangsa		False	True	False	False
52002016014	lain-1	lain		False	True	False	False
52002016015	agar-1	agar		False	True	False	False
52002016016	mereka-2	mereka		False	True	False	False
52002016017	bisa-1	bisa		False	True	False	False
52002016018	diselamatkan-1	diselamatkan		False	True	False	False
52002016019	.-1	.		True	False	False	False
52002016020	Demikianlah-1	Demikianlah		False	True	False	False
52002016021	mereka-3	mereka		False	True	False	False
52002016022	terus-1	terus		False	True	False	False
52002016023	--3	-		True	False	False	False
52002016024	menerus-1	menerus		False	True	False	False
52002016025	menambah-1	menambah		False	True	False	False
52002016026	dosa-1	dosa		False	True	False	False
52002016027	--4	-		True	False	False	False
52002016028	dosa-2	dosa		False	True	False	False
52002016029	mereka-4	mereka		False	True	False	False
52002016030	.-2	.		True	False	False	False
52002016031	Tetapi-1	Tetapi		False	True	False	False
52002016032	murka-1	murka		False	True	False	False
52002016033	telah-1	telah		False	True	False	False
52002016034	menimpa-1	menimpa		False	True	False	False
52002016035	mereka-5	mereka		False	True	False	False
52002016036	sepenuh-1	sepenuh		False	True	False	False
52002016037	--5	-		True	False	False	False
52002016038	penuhnya-1	penuhnya		False	True	False	False
52002016039	.-3	.		True	False	False	False
52002017001	Tetapi-1	Tetapi		False	True	False	False
52002017002	kami-1	kami		False	True	False	False
52002017003	,-1	,		True	False	False	False
52002017004	saudara-1	saudara		False	True	False	False
52002017005	--1	-		True	False	False	False
52002017006	saudara-2	saudara		False	True	False	False
52002017007	,-2	,		True	False	False	False
52002017008	yang-1	yang		False	True	False	False
52002017009	seketika-1	seketika		False	True	False	False
52002017010	terpisah-1	terpisah		False	True	False	False
52002017011	dari-1	dari		False	True	False	False
52002017012	kamu-1	kamu		False	True	False	False
52002017013	,-3	,		True	False	False	False
52002017014	jauh-1	jauh		False	True	False	False
52002017015	di-1	di		False	True	False	False
52002017016	mata-1	mata		False	True	False	False
52002017017	,-4	,		True	False	False	False
52002017018	tetapi-1	tetapi		False	True	False	False
52002017019	tidak-1	tidak		False	True	False	False
52002017020	jauh-2	jauh		False	True	False	False
52002017021	di-2	di		False	True	False	False
52002017022	hati-1	hati		False	True	False	False
52002017023	,-5	,		True	False	False	False
52002017024	sungguh-1	sungguh		False	True	False	False
52002017025	--2	-		True	False	False	False
52002017026	sungguh-2	sungguh		False	True	False	False
52002017027	,-6	,		True	False	False	False
52002017028	dengan-1	dengan		False	True	False	False
52002017029	rindu-1	rindu		False	True	False	False
52002017030	yang-2	yang		False	True	False	False
52002017031	besar-1	besar		False	True	False	False
52002017032	,-7	,		True	False	False	False
52002017033	telah-1	telah		False	True	False	False
52002017034	berusaha-1	berusaha		False	True	False	False
52002017035	untuk-1	untuk		False	True	False	False
52002017036	datang-1	datang		False	True	False	False
52002017037	melihat-1	melihat		False	True	False	False
52002017038	kamu-2	kamu		False	True	False	False
52002017039	.-1	.		True	False	False	False
52002018001	Sebab-1	Sebab		False	True	False	False
52002018002	kami-1	kami		False	True	False	False
52002018003	telah-1	telah		False	True	False	False
52002018004	berniat-1	berniat		False	True	False	False
52002018005	untuk-1	untuk		False	True	False	False
52002018006	datang-1	datang		False	True	False	False
52002018007	kepada-1	kepada		False	True	False	False
52002018008	kamu-1	kamu		False	True	False	False
52002018009	---1	--		True	False	False	False
52002018010	aku-1	aku		False	True	False	False
52002018011	,-1	,		True	False	False	False
52002018012	Paulus-1	Paulus		False	True	False	False
52002018013	,-2	,		True	False	False	False
52002018014	bahkan-1	bahkan		False	True	False	False
52002018015	satu-1	satu		False	True	False	False
52002018016	atau-1	atau		False	True	False	False
52002018017	dua-1	dua		False	True	False	False
52002018018	kali-1	kali		False	True	False	False
52002018019	---2	--		True	False	False	False
52002018020	,-3	,		True	False	False	False
52002018021	tetapi-1	tetapi		False	True	False	False
52002018022	Setan-1	Setan		False	True	False	False
52002018023	telah-2	telah		False	True	False	False
52002018024	mencegah-1	mencegah		False	True	False	False
52002018025	kami-2	kami		False	True	False	False
52002018026	.-1	.		True	False	False	False
52002019001	Sebab-1	Sebab		False	True	False	False
52002019002	siapakah-1	siapakah		False	True	False	False
52002019003	pengharapan-1	pengharapan		False	True	False	False
52002019004	kami-1	kami		False	True	False	False
52002019005	atau-1	atau		False	True	False	False
52002019006	sukacita-1	sukacita		False	True	False	False
52002019007	kami-2	kami		False	True	False	False
52002019008	atau-2	atau		False	True	False	False
52002019009	mahkota-1	mahkota		False	True	False	False
52002019010	kemegahan-1	kemegahan		False	True	False	False
52002019011	kami-3	kami		False	True	False	False
52002019012	di-1	di		False	True	False	False
52002019013	hadapan-1	hadapan		False	True	False	False
52002019014	Yesus-1	Yesus		False	True	False	False
52002019015	,-1	,		True	False	False	False
52002019016	Tuhan-1	Tuhan		False	True	False	False
52002019017	kita-1	kita		False	True	False	False
52002019018	,-2	,		True	False	False	False
52002019019	pada-1	pada		False	True	False	False
52002019020	waktu-1	waktu		False	True	False	False
52002019021	kedatangan-1	kedatangan		False	True	False	False
52002019022	--1	-		True	False	False	False
52002019023	Nya-1	Nya		False	True	False	False
52002019024	,-3	,		True	False	False	False
52002019025	kalau-1	kalau		False	True	False	False
52002019026	bukan-1	bukan		False	True	False	False
52002019027	kamu-1	kamu		False	True	False	False
52002019028	?-1	?		True	False	False	False
52002020001	Sungguh-1	Sungguh		False	True	False	False
52002020002	,-1	,		True	False	False	False
52002020003	kamu-1	kamu		False	True	False	False
52002020004	adalah-1	adalah		False	True	False	False
52002020005	kemuliaan-1	kemuliaan		False	True	False	False
52002020006	kami-1	kami		False	True	False	False
52002020007	dan-1	dan		False	True	False	False
52002020008	sukacita-1	sukacita		False	True	False	False
52002020009	kami-2	kami		False	True	False	False
52002020010	.-1	.		True	False	False	False
52003001001	Oleh-1	Oleh		False	True	False	False
52003001002	karena-1	karena		False	True	False	False
52003001003	kami-1	kami		False	True	False	False
52003001004	tidak-1	tidak		False	True	False	False
52003001005	dapat-1	dapat		False	True	False	False
52003001006	tahan-1	tahan		False	True	False	False
52003001007	lagi-1	lagi		False	True	False	False
52003001008	,-1	,		True	False	False	False
52003001009	maka-1	maka		False	True	False	False
52003001010	kami-2	kami		False	True	False	False
52003001011	mengambil-1	mengambil		False	True	False	False
52003001012	keputusan-1	keputusan		False	True	False	False
52003001013	untuk-1	untuk		False	True	False	False
52003001014	tinggal-1	tinggal		False	True	False	False
52003001015	seorang-1	seorang		False	True	False	False
52003001016	diri-1	diri		False	True	False	False
52003001017	di-1	di		False	True	False	False
52003001018	Atena-1	Atena		False	True	False	False
52003001019	.-1	.		True	False	False	False
52003002001	Lalu-1	Lalu		False	True	False	False
52003002002	kami-1	kami		False	True	False	False
52003002003	telah-1	telah		False	True	False	False
52003002004	mengirim-1	mengirim		False	True	False	False
52003002005	Timotius-1	Timotius		False	True	False	False
52003002006	,-1	,		True	False	False	False
52003002007	saudara-1	saudara		False	True	False	False
52003002008	kita-1	kita		False	True	False	False
52003002009	dan-1	dan		False	True	False	False
52003002010	seorang-1	seorang		False	True	False	False
52003002011	pelayan-1	pelayan		False	True	False	False
52003002012	Allah-1	Allah		False	True	False	False
52003002013	dalam-1	dalam		False	True	False	False
52003002014	pemberitaan-1	pemberitaan		False	True	False	False
52003002015	Injil-1	Injil		False	True	False	False
52003002016	Kristus-1	Kristus		False	True	False	False
52003002017	,-2	,		True	False	False	False
52003002018	untuk-1	untuk		False	True	False	False
52003002019	menguatkan-1	menguatkan		False	True	False	False
52003002020	kamu-1	kamu		False	True	False	False
52003002021	dan-2	dan		False	True	False	False
52003002022	menasihatkan-1	menasihatkan		False	True	False	False
52003002023	kamu-2	kamu		False	True	False	False
52003002024	demi-1	demi		False	True	False	False
52003002025	imanmu-1	imanmu		False	True	False	False
52003002026	,-3	,		True	False	False	False
52003003001	supaya-1	supaya		False	True	False	False
52003003002	jangan-1	jangan		False	True	False	False
52003003003	ada-1	ada		False	True	False	False
52003003004	orang-1	orang		False	True	False	False
52003003005	yang-1	yang		False	True	False	False
52003003006	digoyahkan-1	digoyahkan		False	True	False	False
52003003007	karena-1	karena		False	True	False	False
52003003008	kesusahan-1	kesusahan		False	True	False	False
52003003009	--1	-		True	False	False	False
52003003010	kesusahan-2	kesusahan		False	True	False	False
52003003011	ini-1	ini		False	True	False	False
52003003012	.-1	.		True	False	False	False
52003003013	Karena-1	Karena		False	True	False	False
52003003014	kamu-1	kamu		False	True	False	False
52003003015	sendiri-1	sendiri		False	True	False	False
52003003016	tahu-1	tahu		False	True	False	False
52003003017	,-1	,		True	False	False	False
52003003018	bahwa-1	bahwa		False	True	False	False
52003003019	kita-1	kita		False	True	False	False
52003003020	ditentukan-1	ditentukan		False	True	False	False
52003003021	untuk-1	untuk		False	True	False	False
52003003022	itu-1	itu		False	True	False	False
52003003023	.-2	.		True	False	False	False
52003004001	Sebab-1	Sebab		False	True	False	False
52003004002	,-1	,		True	False	False	False
52003004003	juga-1	juga		False	True	False	False
52003004004	waktu-1	waktu		False	True	False	False
52003004005	kami-1	kami		False	True	False	False
52003004006	bersama-1	bersama		False	True	False	False
52003004007	--1	-		True	False	False	False
52003004008	sama-1	sama		False	True	False	False
52003004009	dengan-1	dengan		False	True	False	False
52003004010	kamu-1	kamu		False	True	False	False
52003004011	,-2	,		True	False	False	False
52003004012	telah-1	telah		False	True	False	False
52003004013	kami-2	kami		False	True	False	False
52003004014	katakan-1	katakan		False	True	False	False
52003004015	sebelumnya-1	sebelumnya		False	True	False	False
52003004016	kepada-1	kepada		False	True	False	False
52003004017	kamu-2	kamu		False	True	False	False
52003004018	,-3	,		True	False	False	False
52003004019	bahwa-1	bahwa		False	True	False	False
52003004020	kita-1	kita		False	True	False	False
52003004021	akan-1	akan		False	True	False	False
52003004022	mengalami-1	mengalami		False	True	False	False
52003004023	kesusahan-1	kesusahan		False	True	False	False
52003004024	.-1	.		True	False	False	False
52003004025	Seperti-1	Seperti		False	True	False	False
52003004026	juga-2	juga		False	True	False	False
52003004027	yang-1	yang		False	True	False	False
52003004028	kamu-3	kamu		False	True	False	False
52003004029	ketahui-1	ketahui		False	True	False	False
52003004030	,-4	,		True	False	False	False
52003004031	hal-1	hal		False	True	False	False
52003004032	itu-1	itu		False	True	False	False
52003004033	telah-2	telah		False	True	False	False
52003004034	terjadi-1	terjadi		False	True	False	False
52003004035	.-2	.		True	False	False	False
52003005001	Itulah-1	Itulah		False	True	False	False
52003005002	sebabnya-1	sebabnya		False	True	False	False
52003005003	,-1	,		True	False	False	False
52003005004	maka-1	maka		False	True	False	False
52003005005	aku-1	aku		False	True	False	False
52003005006	,-2	,		True	False	False	False
52003005007	karena-1	karena		False	True	False	False
52003005008	tidak-1	tidak		False	True	False	False
52003005009	dapat-1	dapat		False	True	False	False
52003005010	tahan-1	tahan		False	True	False	False
52003005011	lagi-1	lagi		False	True	False	False
52003005012	,-3	,		True	False	False	False
52003005013	telah-1	telah		False	True	False	False
52003005014	mengirim-1	mengirim		False	True	False	False
52003005015	dia-1	dia		False	True	False	False
52003005016	,-4	,		True	False	False	False
52003005017	supaya-1	supaya		False	True	False	False
52003005018	aku-2	aku		False	True	False	False
52003005019	tahu-1	tahu		False	True	False	False
52003005020	tentang-1	tentang		False	True	False	False
52003005021	imanmu-1	imanmu		False	True	False	False
52003005022	,-5	,		True	False	False	False
52003005023	karena-2	karena		False	True	False	False
52003005024	aku-3	aku		False	True	False	False
52003005025	khawatir-1	khawatir		False	True	False	False
52003005026	kalau-1	kalau		False	True	False	False
52003005027	--1	-		True	False	False	False
52003005028	kalau-2	kalau		False	True	False	False
52003005029	kamu-1	kamu		False	True	False	False
52003005030	telah-2	telah		False	True	False	False
52003005031	dicobai-1	dicobai		False	True	False	False
52003005032	oleh-1	oleh		False	True	False	False
52003005033	si-1	si		False	True	False	False
52003005034	penggoda-1	penggoda		False	True	False	False
52003005035	dan-1	dan		False	True	False	False
52003005036	kalau-3	kalau		False	True	False	False
52003005037	--2	-		True	False	False	False
52003005038	kalau-4	kalau		False	True	False	False
52003005039	usaha-1	usaha		False	True	False	False
52003005040	kami-1	kami		False	True	False	False
52003005041	menjadi-1	menjadi		False	True	False	False
52003005042	sia-1	sia		False	True	False	False
52003005043	--3	-		True	False	False	False
52003005044	sia-2	sia		False	True	False	False
52003005045	.-1	.		True	False	False	False
52003006001	Tetapi-1	Tetapi		False	True	False	False
52003006002	sekarang-1	sekarang		False	True	False	False
52003006003	,-1	,		True	False	False	False
52003006004	setelah-1	setelah		False	True	False	False
52003006005	Timotius-1	Timotius		False	True	False	False
52003006006	datang-1	datang		False	True	False	False
52003006007	kembali-1	kembali		False	True	False	False
52003006008	kepada-1	kepada		False	True	False	False
52003006009	kami-1	kami		False	True	False	False
52003006010	dari-1	dari		False	True	False	False
52003006011	kamu-1	kamu		False	True	False	False
52003006012	dan-1	dan		False	True	False	False
52003006013	membawa-1	membawa		False	True	False	False
52003006014	kabar-1	kabar		False	True	False	False
52003006015	yang-1	yang		False	True	False	False
52003006016	menggembirakan-1	menggembirakan		False	True	False	False
52003006017	tentang-1	tentang		False	True	False	False
52003006018	imanmu-1	imanmu		False	True	False	False
52003006019	dan-2	dan		False	True	False	False
52003006020	kasihmu-1	kasihmu		False	True	False	False
52003006021	,-2	,		True	False	False	False
52003006022	dan-3	dan		False	True	False	False
52003006023	bahwa-1	bahwa		False	True	False	False
52003006024	kamu-2	kamu		False	True	False	False
52003006025	selalu-1	selalu		False	True	False	False
52003006026	menaruh-1	menaruh		False	True	False	False
52003006027	kenang-1	kenang		False	True	False	False
52003006028	--1	-		True	False	False	False
52003006029	kenangan-1	kenangan		False	True	False	False
52003006030	yang-2	yang		False	True	False	False
52003006031	baik-1	baik		False	True	False	False
52003006032	akan-1	akan		False	True	False	False
52003006033	kami-2	kami		False	True	False	False
52003006034	dan-4	dan		False	True	False	False
52003006035	ingin-1	ingin		False	True	False	False
52003006036	berjumpa-1	berjumpa		False	True	False	False
52003006037	dengan-1	dengan		False	True	False	False
52003006038	kami-3	kami		False	True	False	False
52003006039	,-3	,		True	False	False	False
52003006040	seperti-1	seperti		False	True	False	False
52003006041	kami-4	kami		False	True	False	False
52003006042	juga-1	juga		False	True	False	False
52003006043	ingin-2	ingin		False	True	False	False
52003006044	berjumpa-2	berjumpa		False	True	False	False
52003006045	dengan-2	dengan		False	True	False	False
52003006046	kamu-3	kamu		False	True	False	False
52003006047	,-4	,		True	False	False	False
52003007001	Oleh-1	Oleh		False	True	False	False
52003007002	karena-1	karena		False	True	False	False
52003007003	itu-1	itu		False	True	False	False
52003007004	,-1	,		True	False	False	False
52003007005	saudara-1	saudara		False	True	False	False
52003007006	--1	-		True	False	False	False
52003007007	saudara-2	saudara		False	True	False	False
52003007008	,-2	,		True	False	False	False
52003007009	dalam-1	dalam		False	True	False	False
52003007010	segala-1	segala		False	True	False	False
52003007011	kesesakan-1	kesesakan		False	True	False	False
52003007012	dan-1	dan		False	True	False	False
52003007013	kesukaran-1	kesukaran		False	True	False	False
52003007014	,-3	,		True	False	False	False
52003007015	kami-1	kami		False	True	False	False
52003007016	telah-1	telah		False	True	False	False
52003007017	terhibur-1	terhibur		False	True	False	False
52003007018	oleh-1	oleh		False	True	False	False
52003007019	kamu-1	kamu		False	True	False	False
52003007020	dan-2	dan		False	True	False	False
52003007021	oleh-2	oleh		False	True	False	False
52003007022	imanmu-1	imanmu		False	True	False	False
52003007023	.-1	.		True	False	False	False
52003008001	Karena-1	Karena		False	True	False	False
52003008002	sekarang-1	sekarang		False	True	False	False
52003008003	kami-1	kami		False	True	False	False
52003008004	hidup-1	hidup		False	True	False	False
52003008005	kembali-1	kembali		False	True	False	False
52003008006	,-1	,		True	False	False	False
52003008007	asal-1	asal		False	True	False	False
52003008008	saja-1	saja		False	True	False	False
52003008009	kamu-1	kamu		False	True	False	False
52003008010	teguh-1	teguh		False	True	False	False
52003008011	berdiri-1	berdiri		False	True	False	False
52003008012	di-1	di		False	True	False	False
52003008013	dalam-1	dalam		False	True	False	False
52003008014	Tuhan-1	Tuhan		False	True	False	False
52003008015	.-1	.		True	False	False	False
52003009001	Sebab-1	Sebab		False	True	False	False
52003009002	ucapan-1	ucapan		False	True	False	False
52003009003	syukur-1	syukur		False	True	False	False
52003009004	apakah-1	apakah		False	True	False	False
52003009005	yang-1	yang		False	True	False	False
52003009006	dapat-1	dapat		False	True	False	False
52003009007	kami-1	kami		False	True	False	False
52003009008	persembahkan-1	persembahkan		False	True	False	False
52003009009	kepada-1	kepada		False	True	False	False
52003009010	Allah-1	Allah		False	True	False	False
52003009011	tentang-1	tentang		False	True	False	False
52003009012	kamu-1	kamu		False	True	False	False
52003009013	,-1	,		True	False	False	False
52003009014	atas-1	atas		False	True	False	False
52003009015	segala-1	segala		False	True	False	False
52003009016	sukacita-1	sukacita		False	True	False	False
52003009017	yang-2	yang		False	True	False	False
52003009018	kami-2	kami		False	True	False	False
52003009019	peroleh-1	peroleh		False	True	False	False
52003009020	karena-1	karena		False	True	False	False
52003009021	kamu-2	kamu		False	True	False	False
52003009022	,-2	,		True	False	False	False
52003009023	di-1	di		False	True	False	False
52003009024	hadapan-1	hadapan		False	True	False	False
52003009025	Allah-2	Allah		False	True	False	False
52003009026	kita-1	kita		False	True	False	False
52003009027	?-1	?		True	False	False	False
52003010001	Siang-1	Siang		False	True	False	False
52003010002	malam-1	malam		False	True	False	False
52003010003	kami-1	kami		False	True	False	False
52003010004	berdoa-1	berdoa		False	True	False	False
52003010005	sungguh-1	sungguh		False	True	False	False
52003010006	--1	-		True	False	False	False
52003010007	sungguh-2	sungguh		False	True	False	False
52003010008	,-1	,		True	False	False	False
52003010009	supaya-1	supaya		False	True	False	False
52003010010	kita-1	kita		False	True	False	False
52003010011	bertemu-1	bertemu		False	True	False	False
52003010012	muka-1	muka		False	True	False	False
52003010013	dengan-1	dengan		False	True	False	False
52003010014	muka-2	muka		False	True	False	False
52003010015	dan-1	dan		False	True	False	False
52003010016	menambahkan-1	menambahkan		False	True	False	False
52003010017	apa-1	apa		False	True	False	False
52003010018	yang-1	yang		False	True	False	False
52003010019	masih-1	masih		False	True	False	False
52003010020	kurang-1	kurang		False	True	False	False
52003010021	pada-1	pada		False	True	False	False
52003010022	imanmu-1	imanmu		False	True	False	False
52003010023	.-1	.		True	False	False	False
52003011001	Tetapi-1	Tetapi		False	True	False	False
52003011002	kiranya-1	kiranya		False	True	False	False
52003011003	Dia-1	Dia		False	True	False	False
52003011004	,-1	,		True	False	False	False
52003011005	Allah-1	Allah		False	True	False	False
52003011006	dan-1	dan		False	True	False	False
52003011007	Bapa-1	Bapa		False	True	False	False
52003011008	kita-1	kita		False	True	False	False
52003011009	dan-2	dan		False	True	False	False
52003011010	Yesus-1	Yesus		False	True	False	False
52003011011	,-2	,		True	False	False	False
52003011012	Tuhan-1	Tuhan		False	True	False	False
52003011013	kita-2	kita		False	True	False	False
52003011014	,-3	,		True	False	False	False
52003011015	membukakan-1	membukakan		False	True	False	False
52003011016	kami-1	kami		False	True	False	False
52003011017	jalan-1	jalan		False	True	False	False
52003011018	kepadamu-1	kepadamu		False	True	False	False
52003011019	.-1	.		True	False	False	False
52003012001	Kiranya-1	Kiranya		False	True	False	False
52003012002	Tuhan-1	Tuhan		False	True	False	False
52003012003	juga-1	juga		False	True	False	False
52003012004	menjadikan-1	menjadikan		False	True	False	False
52003012005	kamu-1	kamu		False	True	False	False
52003012006	bertambah-1	bertambah		False	True	False	False
52003012007	--1	-		True	False	False	False
52003012008	tambah-1	tambah		False	True	False	False
52003012009	dan-1	dan		False	True	False	False
52003012010	berkelimpahan-1	berkelimpahan		False	True	False	False
52003012011	dalam-1	dalam		False	True	False	False
52003012012	kasih-1	kasih		False	True	False	False
52003012013	seorang-1	seorang		False	True	False	False
52003012014	terhadap-1	terhadap		False	True	False	False
52003012015	yang-1	yang		False	True	False	False
52003012016	lain-1	lain		False	True	False	False
52003012017	dan-2	dan		False	True	False	False
52003012018	terhadap-2	terhadap		False	True	False	False
52003012019	semua-1	semua		False	True	False	False
52003012020	orang-1	orang		False	True	False	False
52003012021	,-1	,		True	False	False	False
52003012022	sama-1	sama		False	True	False	False
52003012023	seperti-1	seperti		False	True	False	False
52003012024	kami-1	kami		False	True	False	False
52003012025	juga-2	juga		False	True	False	False
52003012026	mengasihi-1	mengasihi		False	True	False	False
52003012027	kamu-2	kamu		False	True	False	False
52003012028	.-1	.		True	False	False	False
52003013001	Kiranya-1	Kiranya		False	True	False	False
52003013002	Dia-1	Dia		False	True	False	False
52003013003	menguatkan-1	menguatkan		False	True	False	False
52003013004	hatimu-1	hatimu		False	True	False	False
52003013005	,-1	,		True	False	False	False
52003013006	supaya-1	supaya		False	True	False	False
52003013007	tak-1	tak		False	True	False	False
52003013008	bercacat-1	bercacat		False	True	False	False
52003013009	dan-1	dan		False	True	False	False
52003013010	kudus-1	kudus		False	True	False	False
52003013011	,-2	,		True	False	False	False
52003013012	di-1	di		False	True	False	False
52003013013	hadapan-1	hadapan		False	True	False	False
52003013014	Allah-1	Allah		False	True	False	False
52003013015	dan-2	dan		False	True	False	False
52003013016	Bapa-1	Bapa		False	True	False	False
52003013017	kita-1	kita		False	True	False	False
52003013018	pada-1	pada		False	True	False	False
52003013019	waktu-1	waktu		False	True	False	False
52003013020	kedatangan-1	kedatangan		False	True	False	False
52003013021	Yesus-1	Yesus		False	True	False	False
52003013022	,-3	,		True	False	False	False
52003013023	Tuhan-1	Tuhan		False	True	False	False
52003013024	kita-2	kita		False	True	False	False
52003013025	,-4	,		True	False	False	False
52003013026	dengan-1	dengan		False	True	False	False
52003013027	semua-1	semua		False	True	False	False
52003013028	orang-1	orang		False	True	False	False
52003013029	kudus-2	kudus		False	True	False	False
52003013030	--1	-		True	False	False	False
52003013031	Nya-1	Nya		False	True	False	False
52003013032	.-1	.		True	False	False	False
52003013033	Amin-1	Amin		False	True	False	False
52004001001	Karena-1	Karena		False	True	False	False
52004001002	itu-1	itu		False	True	False	False
52004001003	,-1	,		True	False	False	False
52004001004	akhirnya-1	akhirnya		False	True	False	False
52004001005	,-2	,		True	False	False	False
52004001006	saudara-1	saudara		False	True	False	False
52004001007	--1	-		True	False	False	False
52004001008	saudara-2	saudara		False	True	False	False
52004001009	,-3	,		True	False	False	False
52004001010	kami-1	kami		False	True	False	False
52004001011	minta-1	minta		False	True	False	False
52004001012	dan-1	dan		False	True	False	False
52004001013	nasihatkan-1	nasihatkan		False	True	False	False
52004001014	kamu-1	kamu		False	True	False	False
52004001015	di-1	di		False	True	False	False
52004001016	dalam-1	dalam		False	True	False	False
52004001017	Tuhan-1	Tuhan		False	True	False	False
52004001018	Yesus-1	Yesus		False	True	False	False
52004001019	,-4	,		True	False	False	False
52004001020	sama-1	sama		False	True	False	False
52004001021	seperti-1	seperti		False	True	False	False
52004001022	yang-1	yang		False	True	False	False
52004001023	telah-1	telah		False	True	False	False
52004001024	kamu-2	kamu		False	True	False	False
52004001025	terima-1	terima		False	True	False	False
52004001026	dari-1	dari		False	True	False	False
52004001027	kami-2	kami		False	True	False	False
52004001028	,-5	,		True	False	False	False
52004001029	bagaimana-1	bagaimana		False	True	False	False
52004001030	kamu-3	kamu		False	True	False	False
52004001031	harus-1	harus		False	True	False	False
52004001032	hidup-1	hidup		False	True	False	False
52004001033	dan-2	dan		False	True	False	False
52004001034	berkenan-1	berkenan		False	True	False	False
52004001035	kepada-1	kepada		False	True	False	False
52004001036	Allah-1	Allah		False	True	False	False
52004001037	(-1	(		True	False	True	False
52004001038	sama-2	sama		False	True	False	False
52004001039	seperti-2	seperti		False	True	False	False
52004001040	juga-1	juga		False	True	False	False
52004001041	yang-2	yang		False	True	False	False
52004001042	kamu-4	kamu		False	True	False	False
52004001043	lakukan-1	lakukan		False	True	False	False
52004001044	sekarang-1	sekarang		False	True	False	False
52004001045	ini-1	ini		False	True	False	False
52004001046	)-1	)		True	False	False	False
52004001047	,-6	,		True	False	False	False
52004001048	supaya-1	supaya		False	True	False	False
52004001049	kamu-5	kamu		False	True	False	False
52004001050	lebih-1	lebih		False	True	False	False
52004001051	bersungguh-1	bersungguh		False	True	False	False
52004001052	--2	-		True	False	False	False
52004001053	sungguh-1	sungguh		False	True	False	False
52004001054	lagi-1	lagi		False	True	False	False
52004001055	.-1	.		True	False	False	False
52004002001	Sebab-1	Sebab		False	True	False	False
52004002002	kamu-1	kamu		False	True	False	False
52004002003	tahu-1	tahu		False	True	False	False
52004002004	petunjuk-1	petunjuk		False	True	False	False
52004002005	--1	-		True	False	False	False
52004002006	petunjuk-2	petunjuk		False	True	False	False
52004002007	apa-1	apa		False	True	False	False
52004002008	yang-1	yang		False	True	False	False
52004002009	kami-1	kami		False	True	False	False
52004002010	telah-1	telah		False	True	False	False
52004002011	berikan-1	berikan		False	True	False	False
52004002012	kepadamu-1	kepadamu		False	True	False	False
52004002013	melalui-1	melalui		False	True	False	False
52004002014	Tuhan-1	Tuhan		False	True	False	False
52004002015	Yesus-1	Yesus		False	True	False	False
52004002016	.-1	.		True	False	False	False
52004003001	Karena-1	Karena		False	True	False	False
52004003002	inilah-1	inilah		False	True	False	False
52004003003	kehendak-1	kehendak		False	True	False	False
52004003004	Allah-1	Allah		False	True	False	False
52004003005	:-1	:		True	False	False	False
52004003006	pengudusanmu-1	pengudusanmu		False	True	False	False
52004003007	,-1	,		True	False	False	False
52004003008	yaitu-1	yaitu		False	True	False	False
52004003009	supaya-1	supaya		False	True	False	False
52004003010	kamu-1	kamu		False	True	False	False
52004003011	menjauhkan-1	menjauhkan		False	True	False	False
52004003012	dirimu-1	dirimu		False	True	False	False
52004003013	dari-1	dari		False	True	False	False
52004003014	percabulan-1	percabulan		False	True	False	False
52004003015	,-2	,		True	False	False	False
52004004001	supaya-1	supaya		False	True	False	False
52004004002	kamu-1	kamu		False	True	False	False
52004004003	masing-1	masing		False	True	False	False
52004004004	--1	-		True	False	False	False
52004004005	masing-2	masing		False	True	False	False
52004004006	tahu-1	tahu		False	True	False	False
52004004007	mengambil-1	mengambil		False	True	False	False
52004004008	seorang-1	seorang		False	True	False	False
52004004009	perempuan-1	perempuan		False	True	False	False
52004004010	menjadi-1	menjadi		False	True	False	False
52004004011	istrimu-1	istrimu		False	True	False	False
52004004012	sendiri-1	sendiri		False	True	False	False
52004004013	dalam-1	dalam		False	True	False	False
52004004014	kekudusan-1	kekudusan		False	True	False	False
52004004015	dan-1	dan		False	True	False	False
52004004016	kehormatan-1	kehormatan		False	True	False	False
52004004017	,-1	,		True	False	False	False
52004005001	bukan-1	bukan		False	True	False	False
52004005002	dalam-1	dalam		False	True	False	False
52004005003	keinginan-1	keinginan		False	True	False	False
52004005004	hawa-1	hawa		False	True	False	False
52004005005	nafsu-1	nafsu		False	True	False	False
52004005006	,-1	,		True	False	False	False
52004005007	seperti-1	seperti		False	True	False	False
52004005008	juga-1	juga		False	True	False	False
52004005009	yang-1	yang		False	True	False	False
52004005010	dibuat-1	dibuat		False	True	False	False
52004005011	oleh-1	oleh		False	True	False	False
52004005012	orang-1	orang		False	True	False	False
52004005013	--1	-		True	False	False	False
52004005014	orang-2	orang		False	True	False	False
52004005015	bukan-2	bukan		False	True	False	False
52004005016	Yahudi-1	Yahudi		False	True	False	False
52004005017	yang-2	yang		False	True	False	False
52004005018	tidak-1	tidak		False	True	False	False
52004005019	mengenal-1	mengenal		False	True	False	False
52004005020	Allah-1	Allah		False	True	False	False
52004005021	,-2	,		True	False	False	False
52004006001	dan-1	dan		False	True	False	False
52004006002	tidak-1	tidak		False	True	False	False
52004006003	melanggar-1	melanggar		False	True	False	False
52004006004	dan-2	dan		False	True	False	False
52004006005	mengambil-1	mengambil		False	True	False	False
52004006006	keuntungan-1	keuntungan		False	True	False	False
52004006007	dari-1	dari		False	True	False	False
52004006008	saudaranya-1	saudaranya		False	True	False	False
52004006009	dalam-1	dalam		False	True	False	False
52004006010	hal-1	hal		False	True	False	False
52004006011	ini-1	ini		False	True	False	False
52004006012	,-1	,		True	False	False	False
52004006013	karena-1	karena		False	True	False	False
52004006014	Tuhan-1	Tuhan		False	True	False	False
52004006015	adalah-1	adalah		False	True	False	False
52004006016	pembalas-1	pembalas		False	True	False	False
52004006017	dari-2	dari		False	True	False	False
52004006018	semuanya-1	semuanya		False	True	False	False
52004006019	ini-2	ini		False	True	False	False
52004006020	,-2	,		True	False	False	False
52004006021	seperti-1	seperti		False	True	False	False
52004006022	yang-1	yang		False	True	False	False
52004006023	telah-1	telah		False	True	False	False
52004006024	kami-1	kami		False	True	False	False
52004006025	katakan-1	katakan		False	True	False	False
52004006026	sebelumnya-1	sebelumnya		False	True	False	False
52004006027	kepadamu-1	kepadamu		False	True	False	False
52004006028	dan-3	dan		False	True	False	False
52004006029	yang-2	yang		False	True	False	False
52004006030	telah-2	telah		False	True	False	False
52004006031	kami-2	kami		False	True	False	False
52004006032	tegaskan-1	tegaskan		False	True	False	False
52004006033	.-1	.		True	False	False	False
52004007001	Karena-1	Karena		False	True	False	False
52004007002	Allah-1	Allah		False	True	False	False
52004007003	bukan-1	bukan		False	True	False	False
52004007004	memanggil-1	memanggil		False	True	False	False
52004007005	kita-1	kita		False	True	False	False
52004007006	untuk-1	untuk		False	True	False	False
52004007007	hidup-1	hidup		False	True	False	False
52004007008	dalam-1	dalam		False	True	False	False
52004007009	kecemaran-1	kecemaran		False	True	False	False
52004007010	,-1	,		True	False	False	False
52004007011	melainkan-1	melainkan		False	True	False	False
52004007012	dalam-2	dalam		False	True	False	False
52004007013	kekudusan-1	kekudusan		False	True	False	False
52004007014	.-1	.		True	False	False	False
52004008001	Karena-1	Karena		False	True	False	False
52004008002	itu-1	itu		False	True	False	False
52004008003	siapa-1	siapa		False	True	False	False
52004008004	yang-1	yang		False	True	False	False
52004008005	menolak-1	menolak		False	True	False	False
52004008006	ini-1	ini		False	True	False	False
52004008007	bukanlah-1	bukanlah		False	True	False	False
52004008008	menolak-2	menolak		False	True	False	False
52004008009	manusia-1	manusia		False	True	False	False
52004008010	,-1	,		True	False	False	False
52004008011	melainkan-1	melainkan		False	True	False	False
52004008012	menolak-3	menolak		False	True	False	False
52004008013	Allah-1	Allah		False	True	False	False
52004008014	yang-2	yang		False	True	False	False
52004008015	telah-1	telah		False	True	False	False
52004008016	memberikan-1	memberikan		False	True	False	False
52004008017	Roh-1	Roh		False	True	False	False
52004008018	Kudus-1	Kudus		False	True	False	False
52004008019	--1	-		True	False	False	False
52004008020	Nya-1	Nya		False	True	False	False
52004008021	kepada-1	kepada		False	True	False	False
52004008022	kamu-1	kamu		False	True	False	False
52004008023	.-1	.		True	False	False	False
52004009001	Tetapi-1	Tetapi		False	True	False	False
52004009002	tentang-1	tentang		False	True	False	False
52004009003	kasih-1	kasih		False	True	False	False
52004009004	persaudaraan-1	persaudaraan		False	True	False	False
52004009005	tidak-1	tidak		False	True	False	False
52004009006	perlu-1	perlu		False	True	False	False
52004009007	kami-1	kami		False	True	False	False
52004009008	tuliskan-1	tuliskan		False	True	False	False
52004009009	kepadamu-1	kepadamu		False	True	False	False
52004009010	,-1	,		True	False	False	False
52004009011	karena-1	karena		False	True	False	False
52004009012	kamu-1	kamu		False	True	False	False
52004009013	sendiri-1	sendiri		False	True	False	False
52004009014	telah-1	telah		False	True	False	False
52004009015	belajar-1	belajar		False	True	False	False
52004009016	dari-1	dari		False	True	False	False
52004009017	Allah-1	Allah		False	True	False	False
52004009018	untuk-1	untuk		False	True	False	False
52004009019	saling-1	saling		False	True	False	False
52004009020	mengasihi-1	mengasihi		False	True	False	False
52004009021	.-1	.		True	False	False	False
52004010001	Karena-1	Karena		False	True	False	False
52004010002	hal-1	hal		False	True	False	False
52004010003	itu-1	itu		False	True	False	False
52004010004	kamu-1	kamu		False	True	False	False
52004010005	lakukan-1	lakukan		False	True	False	False
52004010006	juga-1	juga		False	True	False	False
52004010007	terhadap-1	terhadap		False	True	False	False
52004010008	semua-1	semua		False	True	False	False
52004010009	saudara-1	saudara		False	True	False	False
52004010010	di-1	di		False	True	False	False
52004010011	seluruh-1	seluruh		False	True	False	False
52004010012	wilayah-1	wilayah		False	True	False	False
52004010013	Makedonia-1	Makedonia		False	True	False	False
52004010014	.-1	.		True	False	False	False
52004010015	Tetapi-1	Tetapi		False	True	False	False
52004010016	kami-1	kami		False	True	False	False
52004010017	menasihati-1	menasihati		False	True	False	False
52004010018	kamu-2	kamu		False	True	False	False
52004010019	,-1	,		True	False	False	False
52004010020	saudara-2	saudara		False	True	False	False
52004010021	--1	-		True	False	False	False
52004010022	saudara-3	saudara		False	True	False	False
52004010023	,-2	,		True	False	False	False
52004010024	supaya-1	supaya		False	True	False	False
52004010025	kamu-3	kamu		False	True	False	False
52004010026	lebih-1	lebih		False	True	False	False
52004010027	bersungguh-1	bersungguh		False	True	False	False
52004010028	--2	-		True	False	False	False
52004010029	sungguh-1	sungguh		False	True	False	False
52004010030	lagi-1	lagi		False	True	False	False
52004010031	melakukannya-1	melakukannya		False	True	False	False
52004010032	.-2	.		True	False	False	False
52004011001	Berusahalah-1	Berusahalah		False	True	False	False
52004011002	untuk-1	untuk		False	True	False	False
52004011003	hidup-1	hidup		False	True	False	False
52004011004	tenang-1	tenang		False	True	False	False
52004011005	dan-1	dan		False	True	False	False
52004011006	mengurus-1	mengurus		False	True	False	False
52004011007	persoalan-1	persoalan		False	True	False	False
52004011008	--1	-		True	False	False	False
52004011009	persoalan-2	persoalan		False	True	False	False
52004011010	sendiri-1	sendiri		False	True	False	False
52004011011	dan-2	dan		False	True	False	False
52004011012	bekerja-1	bekerja		False	True	False	False
52004011013	dengan-1	dengan		False	True	False	False
52004011014	tanganmu-1	tanganmu		False	True	False	False
52004011015	sendiri-2	sendiri		False	True	False	False
52004011016	,-1	,		True	False	False	False
52004011017	seperti-1	seperti		False	True	False	False
52004011018	yang-1	yang		False	True	False	False
52004011019	telah-1	telah		False	True	False	False
52004011020	kami-1	kami		False	True	False	False
52004011021	pesankan-1	pesankan		False	True	False	False
52004011022	kepadamu-1	kepadamu		False	True	False	False
52004011023	,-2	,		True	False	False	False
52004012001	supaya-1	supaya		False	True	False	False
52004012002	kamu-1	kamu		False	True	False	False
52004012003	hidup-1	hidup		False	True	False	False
52004012004	dengan-1	dengan		False	True	False	False
52004012005	sopan-1	sopan		False	True	False	False
52004012006	di-1	di		False	True	False	False
52004012007	mata-1	mata		False	True	False	False
52004012008	orang-1	orang		False	True	False	False
52004012009	--1	-		True	False	False	False
52004012010	orang-2	orang		False	True	False	False
52004012011	luar-1	luar		False	True	False	False
52004012012	dan-1	dan		False	True	False	False
52004012013	tidak-1	tidak		False	True	False	False
52004012014	kekurangan-1	kekurangan		False	True	False	False
52004012015	sesuatu-1	sesuatu		False	True	False	False
52004012016	pun-1	pun		False	True	False	False
52004012017	.-1	.		True	False	False	False
52004013001	Selanjutnya-1	Selanjutnya		False	True	False	False
52004013002	,-1	,		True	False	False	False
52004013003	saudara-1	saudara		False	True	False	False
52004013004	--1	-		True	False	False	False
52004013005	saudara-2	saudara		False	True	False	False
52004013006	,-2	,		True	False	False	False
52004013007	kami-1	kami		False	True	False	False
52004013008	tidak-1	tidak		False	True	False	False
52004013009	mau-1	mau		False	True	False	False
52004013010	bahwa-1	bahwa		False	True	False	False
52004013011	kamu-1	kamu		False	True	False	False
52004013012	tidak-2	tidak		False	True	False	False
52004013013	mengetahui-1	mengetahui		False	True	False	False
52004013014	tentang-1	tentang		False	True	False	False
52004013015	mereka-1	mereka		False	True	False	False
52004013016	yang-1	yang		False	True	False	False
52004013017	meninggal-1	meninggal		False	True	False	False
52004013018	,-3	,		True	False	False	False
52004013019	supaya-1	supaya		False	True	False	False
52004013020	kamu-2	kamu		False	True	False	False
52004013021	jangan-1	jangan		False	True	False	False
52004013022	berdukacita-1	berdukacita		False	True	False	False
52004013023	seperti-1	seperti		False	True	False	False
52004013024	orang-1	orang		False	True	False	False
52004013025	--2	-		True	False	False	False
52004013026	orang-2	orang		False	True	False	False
52004013027	lain-1	lain		False	True	False	False
52004013028	yang-2	yang		False	True	False	False
52004013029	tidak-3	tidak		False	True	False	False
52004013030	mempunyai-1	mempunyai		False	True	False	False
52004013031	pengharapan-1	pengharapan		False	True	False	False
52004013032	.-1	.		True	False	False	False
52004014001	Karena-1	Karena		False	True	False	False
52004014002	jika-1	jika		False	True	False	False
52004014003	kita-1	kita		False	True	False	False
52004014004	percaya-1	percaya		False	True	False	False
52004014005	bahwa-1	bahwa		False	True	False	False
52004014006	Yesus-1	Yesus		False	True	False	False
52004014007	telah-1	telah		False	True	False	False
52004014008	mati-1	mati		False	True	False	False
52004014009	dan-1	dan		False	True	False	False
52004014010	telah-2	telah		False	True	False	False
52004014011	bangkit-1	bangkit		False	True	False	False
52004014012	,-1	,		True	False	False	False
52004014013	demikian-1	demikian		False	True	False	False
52004014014	juga-1	juga		False	True	False	False
52004014015	Allah-1	Allah		False	True	False	False
52004014016	akan-1	akan		False	True	False	False
52004014017	mengumpulkan-1	mengumpulkan		False	True	False	False
52004014018	mereka-1	mereka		False	True	False	False
52004014019	yang-1	yang		False	True	False	False
52004014020	telah-3	telah		False	True	False	False
52004014021	meninggal-1	meninggal		False	True	False	False
52004014022	dalam-1	dalam		False	True	False	False
52004014023	Yesus-2	Yesus		False	True	False	False
52004014024	untuk-1	untuk		False	True	False	False
52004014025	bersama-1	bersama		False	True	False	False
52004014026	--1	-		True	False	False	False
52004014027	sama-1	sama		False	True	False	False
52004014028	dengan-1	dengan		False	True	False	False
52004014029	Dia-1	Dia		False	True	False	False
52004014030	.-1	.		True	False	False	False
52004015001	Karena-1	Karena		False	True	False	False
52004015002	kami-1	kami		False	True	False	False
52004015003	katakan-1	katakan		False	True	False	False
52004015004	ini-1	ini		False	True	False	False
52004015005	kepadamu-1	kepadamu		False	True	False	False
52004015006	dengan-1	dengan		False	True	False	False
52004015007	firman-1	firman		False	True	False	False
52004015008	Tuhan-1	Tuhan		False	True	False	False
52004015009	,-1	,		True	False	False	False
52004015010	bahwa-1	bahwa		False	True	False	False
52004015011	kita-1	kita		False	True	False	False
52004015012	yang-1	yang		False	True	False	False
52004015013	hidup-1	hidup		False	True	False	False
52004015014	,-2	,		True	False	False	False
52004015015	yang-2	yang		False	True	False	False
52004015016	masih-1	masih		False	True	False	False
52004015017	tinggal-1	tinggal		False	True	False	False
52004015018	sampai-1	sampai		False	True	False	False
52004015019	kedatangan-1	kedatangan		False	True	False	False
52004015020	Tuhan-2	Tuhan		False	True	False	False
52004015021	,-3	,		True	False	False	False
52004015022	sekali-1	sekali		False	True	False	False
52004015023	--1	-		True	False	False	False
52004015024	kali-1	kali		False	True	False	False
52004015025	tidak-1	tidak		False	True	False	False
52004015026	akan-1	akan		False	True	False	False
52004015027	mendahului-1	mendahului		False	True	False	False
52004015028	mereka-1	mereka		False	True	False	False
52004015029	yang-3	yang		False	True	False	False
52004015030	telah-1	telah		False	True	False	False
52004015031	meninggal-1	meninggal		False	True	False	False
52004015032	.-1	.		True	False	False	False
52004016001	Sebab-1	Sebab		False	True	False	False
52004016002	dengan-1	dengan		False	True	False	False
52004016003	aba-1	aba		False	True	False	False
52004016004	--1	-		True	False	False	False
52004016005	aba-2	aba		False	True	False	False
52004016006	perintah-1	perintah		False	True	False	False
52004016007	,-1	,		True	False	False	False
52004016008	dengan-2	dengan		False	True	False	False
52004016009	suara-1	suara		False	True	False	False
52004016010	pemimpin-1	pemimpin		False	True	False	False
52004016011	malaikat-1	malaikat		False	True	False	False
52004016012	,-2	,		True	False	False	False
52004016013	dan-1	dan		False	True	False	False
52004016014	dengan-3	dengan		False	True	False	False
52004016015	bunyi-1	bunyi		False	True	False	False
52004016016	sangkakala-1	sangkakala		False	True	False	False
52004016017	Allah-1	Allah		False	True	False	False
52004016018	,-3	,		True	False	False	False
52004016019	Tuhan-1	Tuhan		False	True	False	False
52004016020	sendiri-1	sendiri		False	True	False	False
52004016021	akan-1	akan		False	True	False	False
52004016022	turun-1	turun		False	True	False	False
52004016023	dari-1	dari		False	True	False	False
52004016024	surga-1	surga		False	True	False	False
52004016025	dan-2	dan		False	True	False	False
52004016026	orang-1	orang		False	True	False	False
52004016027	--2	-		True	False	False	False
52004016028	orang-2	orang		False	True	False	False
52004016029	yang-1	yang		False	True	False	False
52004016030	mati-1	mati		False	True	False	False
52004016031	dalam-1	dalam		False	True	False	False
52004016032	Kristus-1	Kristus		False	True	False	False
52004016033	akan-2	akan		False	True	False	False
52004016034	lebih-1	lebih		False	True	False	False
52004016035	dahulu-1	dahulu		False	True	False	False
52004016036	bangkit-1	bangkit		False	True	False	False
52004016037	.-1	.		True	False	False	False
52004017001	Sesudah-1	Sesudah		False	True	False	False
52004017002	itu-1	itu		False	True	False	False
52004017003	,-1	,		True	False	False	False
52004017004	kita-1	kita		False	True	False	False
52004017005	yang-1	yang		False	True	False	False
52004017006	hidup-1	hidup		False	True	False	False
52004017007	,-2	,		True	False	False	False
52004017008	yang-2	yang		False	True	False	False
52004017009	masih-1	masih		False	True	False	False
52004017010	tinggal-1	tinggal		False	True	False	False
52004017011	,-3	,		True	False	False	False
52004017012	akan-1	akan		False	True	False	False
52004017013	diangkat-1	diangkat		False	True	False	False
52004017014	bersama-1	bersama		False	True	False	False
52004017015	mereka-1	mereka		False	True	False	False
52004017016	dalam-1	dalam		False	True	False	False
52004017017	awan-1	awan		False	True	False	False
52004017018	--1	-		True	False	False	False
52004017019	awan-2	awan		False	True	False	False
52004017020	untuk-1	untuk		False	True	False	False
52004017021	bertemu-1	bertemu		False	True	False	False
52004017022	Tuhan-1	Tuhan		False	True	False	False
52004017023	di-1	di		False	True	False	False
52004017024	angkasa-1	angkasa		False	True	False	False
52004017025	.-1	.		True	False	False	False
52004017026	Demikianlah-1	Demikianlah		False	True	False	False
52004017027	kita-2	kita		False	True	False	False
52004017028	akan-2	akan		False	True	False	False
52004017029	selalu-1	selalu		False	True	False	False
52004017030	berada-1	berada		False	True	False	False
52004017031	bersama-2	bersama		False	True	False	False
52004017032	Tuhan-2	Tuhan		False	True	False	False
52004017033	.-2	.		True	False	False	False
52004018001	Karena-1	Karena		False	True	False	False
52004018002	itu-1	itu		False	True	False	False
52004018003	hiburkanlah-1	hiburkanlah		False	True	False	False
52004018004	seorang-1	seorang		False	True	False	False
52004018005	akan-1	akan		False	True	False	False
52004018006	yang-1	yang		False	True	False	False
52004018007	lain-1	lain		False	True	False	False
52004018008	dengan-1	dengan		False	True	False	False
52004018009	perkataan-1	perkataan		False	True	False	False
52004018010	--1	-		True	False	False	False
52004018011	perkataan-2	perkataan		False	True	False	False
52004018012	ini-1	ini		False	True	False	False
52004018013	.-1	.		True	False	False	False
52005001001	Tetapi-1	Tetapi		False	True	False	False
52005001002	tentang-1	tentang		False	True	False	False
52005001003	waktu-1	waktu		False	True	False	False
52005001004	dan-1	dan		False	True	False	False
52005001005	masa-1	masa		False	True	False	False
52005001006	,-1	,		True	False	False	False
52005001007	saudara-1	saudara		False	True	False	False
52005001008	--1	-		True	False	False	False
52005001009	saudara-2	saudara		False	True	False	False
52005001010	,-2	,		True	False	False	False
52005001011	tidak-1	tidak		False	True	False	False
52005001012	perlu-1	perlu		False	True	False	False
52005001013	dituliskan-1	dituliskan		False	True	False	False
52005001014	kepadamu-1	kepadamu		False	True	False	False
52005001015	,-3	,		True	False	False	False
52005002001	karena-1	karena		False	True	False	False
52005002002	kamu-1	kamu		False	True	False	False
52005002003	sendiri-1	sendiri		False	True	False	False
52005002004	tahu-1	tahu		False	True	False	False
52005002005	benar-1	benar		False	True	False	False
52005002006	--1	-		True	False	False	False
52005002007	benar-2	benar		False	True	False	False
52005002008	bahwa-1	bahwa		False	True	False	False
52005002009	hari-1	hari		False	True	False	False
52005002010	Tuhan-1	Tuhan		False	True	False	False
52005002011	datang-1	datang		False	True	False	False
52005002012	dalam-1	dalam		False	True	False	False
52005002013	cara-1	cara		False	True	False	False
52005002014	seperti-1	seperti		False	True	False	False
52005002015	pencuri-1	pencuri		False	True	False	False
52005002016	pada-1	pada		False	True	False	False
52005002017	waktu-1	waktu		False	True	False	False
52005002018	malam-1	malam		False	True	False	False
52005002019	.-1	.		True	False	False	False
52005003001	Apabila-1	Apabila		False	True	False	False
52005003002	mereka-1	mereka		False	True	False	False
52005003003	mengatakan-1	mengatakan		False	True	False	False
52005003004	:-1	:		True	False	False	False
52005003005	damai-1	damai		False	True	False	False
52005003006	dan-1	dan		False	True	False	False
52005003007	aman-1	aman		False	True	False	False
52005003008	---1	--		True	False	False	False
52005003009	maka-1	maka		False	True	False	False
52005003010	tiba-1	tiba		False	True	False	False
52005003011	--1	-		True	False	False	False
52005003012	tiba-2	tiba		False	True	False	False
52005003013	kebinasaan-1	kebinasaan		False	True	False	False
52005003014	menimpa-1	menimpa		False	True	False	False
52005003015	mereka-2	mereka		False	True	False	False
52005003016	,-1	,		True	False	False	False
52005003017	seperti-1	seperti		False	True	False	False
52005003018	sakit-1	sakit		False	True	False	False
52005003019	bersalin-1	bersalin		False	True	False	False
52005003020	dari-1	dari		False	True	False	False
52005003021	seorang-1	seorang		False	True	False	False
52005003022	perempuan-1	perempuan		False	True	False	False
52005003023	yang-1	yang		False	True	False	False
52005003024	hamil-1	hamil		False	True	False	False
52005003025	---2	--		True	False	False	False
52005003026	mereka-3	mereka		False	True	False	False
52005003027	pasti-1	pasti		False	True	False	False
52005003028	tidak-1	tidak		False	True	False	False
52005003029	akan-1	akan		False	True	False	False
52005003030	luput-1	luput		False	True	False	False
52005003031	.-1	.		True	False	False	False
52005004001	Tetapi-1	Tetapi		False	True	False	False
52005004002	kamu-1	kamu		False	True	False	False
52005004003	,-1	,		True	False	False	False
52005004004	saudara-1	saudara		False	True	False	False
52005004005	--1	-		True	False	False	False
52005004006	saudara-2	saudara		False	True	False	False
52005004007	,-2	,		True	False	False	False
52005004008	kamu-2	kamu		False	True	False	False
52005004009	tidak-1	tidak		False	True	False	False
52005004010	hidup-1	hidup		False	True	False	False
52005004011	di-1	di		False	True	False	False
52005004012	dalam-1	dalam		False	True	False	False
52005004013	kegelapan-1	kegelapan		False	True	False	False
52005004014	,-3	,		True	False	False	False
52005004015	sehingga-1	sehingga		False	True	False	False
52005004016	hari-1	hari		False	True	False	False
52005004017	itu-1	itu		False	True	False	False
52005004018	mendatangi-1	mendatangi		False	True	False	False
52005004019	kamu-3	kamu		False	True	False	False
52005004020	seperti-1	seperti		False	True	False	False
52005004021	seorang-1	seorang		False	True	False	False
52005004022	pencuri-1	pencuri		False	True	False	False
52005004023	,-4	,		True	False	False	False
52005005001	karena-1	karena		False	True	False	False
52005005002	kamu-1	kamu		False	True	False	False
52005005003	semua-1	semua		False	True	False	False
52005005004	adalah-1	adalah		False	True	False	False
52005005005	anak-1	anak		False	True	False	False
52005005006	--1	-		True	False	False	False
52005005007	anak-2	anak		False	True	False	False
52005005008	terang-1	terang		False	True	False	False
52005005009	dan-1	dan		False	True	False	False
52005005010	anak-3	anak		False	True	False	False
52005005011	--2	-		True	False	False	False
52005005012	anak-4	anak		False	True	False	False
52005005013	siang-1	siang		False	True	False	False
52005005014	.-1	.		True	False	False	False
52005005015	Kita-1	Kita		False	True	False	False
52005005016	bukanlah-1	bukanlah		False	True	False	False
52005005017	orang-1	orang		False	True	False	False
52005005018	--3	-		True	False	False	False
52005005019	orang-2	orang		False	True	False	False
52005005020	malam-1	malam		False	True	False	False
52005005021	atau-1	atau		False	True	False	False
52005005022	orang-3	orang		False	True	False	False
52005005023	--4	-		True	False	False	False
52005005024	orang-4	orang		False	True	False	False
52005005025	kegelapan-1	kegelapan		False	True	False	False
52005005026	.-2	.		True	False	False	False
52005006001	Sebab-1	Sebab		False	True	False	False
52005006002	itu-1	itu		False	True	False	False
52005006003	baiklah-1	baiklah		False	True	False	False
52005006004	jangan-1	jangan		False	True	False	False
52005006005	kita-1	kita		False	True	False	False
52005006006	tidur-1	tidur		False	True	False	False
52005006007	seperti-1	seperti		False	True	False	False
52005006008	orang-1	orang		False	True	False	False
52005006009	--1	-		True	False	False	False
52005006010	orang-2	orang		False	True	False	False
52005006011	lain-1	lain		False	True	False	False
52005006012	,-1	,		True	False	False	False
52005006013	tetapi-1	tetapi		False	True	False	False
52005006014	marilah-1	marilah		False	True	False	False
52005006015	kita-2	kita		False	True	False	False
52005006016	berjaga-1	berjaga		False	True	False	False
52005006017	--2	-		True	False	False	False
52005006018	jaga-1	jaga		False	True	False	False
52005006019	dan-1	dan		False	True	False	False
52005006020	sadar-1	sadar		False	True	False	False
52005006021	.-1	.		True	False	False	False
52005007001	Sebab-1	Sebab		False	True	False	False
52005007002	mereka-1	mereka		False	True	False	False
52005007003	yang-1	yang		False	True	False	False
52005007004	tidur-1	tidur		False	True	False	False
52005007005	,-1	,		True	False	False	False
52005007006	tidur-2	tidur		False	True	False	False
52005007007	waktu-1	waktu		False	True	False	False
52005007008	malam-1	malam		False	True	False	False
52005007009	dan-1	dan		False	True	False	False
52005007010	mereka-2	mereka		False	True	False	False
52005007011	yang-2	yang		False	True	False	False
52005007012	mabuk-1	mabuk		False	True	False	False
52005007013	,-2	,		True	False	False	False
52005007014	mabuk-2	mabuk		False	True	False	False
52005007015	waktu-2	waktu		False	True	False	False
52005007016	malam-2	malam		False	True	False	False
52005007017	.-1	.		True	False	False	False
52005008001	Tetapi-1	Tetapi		False	True	False	False
52005008002	kita-1	kita		False	True	False	False
52005008003	,-1	,		True	False	False	False
52005008004	yang-1	yang		False	True	False	False
52005008005	adalah-1	adalah		False	True	False	False
52005008006	orang-1	orang		False	True	False	False
52005008007	--1	-		True	False	False	False
52005008008	orang-2	orang		False	True	False	False
52005008009	siang-1	siang		False	True	False	False
52005008010	,-2	,		True	False	False	False
52005008011	baiklah-1	baiklah		False	True	False	False
52005008012	kita-2	kita		False	True	False	False
52005008013	sadar-1	sadar		False	True	False	False
52005008014	,-3	,		True	False	False	False
52005008015	dengan-1	dengan		False	True	False	False
52005008016	memakai-1	memakai		False	True	False	False
52005008017	baju-1	baju		False	True	False	False
52005008018	zirah-1	zirah		False	True	False	False
52005008019	iman-1	iman		False	True	False	False
52005008020	dan-1	dan		False	True	False	False
52005008021	kasih-1	kasih		False	True	False	False
52005008022	,-4	,		True	False	False	False
52005008023	dan-2	dan		False	True	False	False
52005008024	ketopong-1	ketopong		False	True	False	False
52005008025	,-5	,		True	False	False	False
52005008026	yaitu-1	yaitu		False	True	False	False
52005008027	pengharapan-1	pengharapan		False	True	False	False
52005008028	keselamatan-1	keselamatan		False	True	False	False
52005008029	.-1	.		True	False	False	False
52005009001	Karena-1	Karena		False	True	False	False
52005009002	Allah-1	Allah		False	True	False	False
52005009003	tidak-1	tidak		False	True	False	False
52005009004	menetapkan-1	menetapkan		False	True	False	False
52005009005	kita-1	kita		False	True	False	False
52005009006	untuk-1	untuk		False	True	False	False
52005009007	ditimpa-1	ditimpa		False	True	False	False
52005009008	murka-1	murka		False	True	False	False
52005009009	,-1	,		True	False	False	False
52005009010	tetapi-1	tetapi		False	True	False	False
52005009011	untuk-2	untuk		False	True	False	False
52005009012	beroleh-1	beroleh		False	True	False	False
52005009013	keselamatan-1	keselamatan		False	True	False	False
52005009014	melalui-1	melalui		False	True	False	False
52005009015	Yesus-1	Yesus		False	True	False	False
52005009016	Kristus-1	Kristus		False	True	False	False
52005009017	,-2	,		True	False	False	False
52005009018	Tuhan-1	Tuhan		False	True	False	False
52005009019	kita-2	kita		False	True	False	False
52005009020	,-3	,		True	False	False	False
52005010001	yang-1	yang		False	True	False	False
52005010002	sudah-1	sudah		False	True	False	False
52005010003	mati-1	mati		False	True	False	False
52005010004	untuk-1	untuk		False	True	False	False
52005010005	kita-1	kita		False	True	False	False
52005010006	,-1	,		True	False	False	False
52005010007	supaya-1	supaya		False	True	False	False
52005010008	entah-1	entah		False	True	False	False
52005010009	kita-2	kita		False	True	False	False
52005010010	berjaga-1	berjaga		False	True	False	False
52005010011	--1	-		True	False	False	False
52005010012	jaga-1	jaga		False	True	False	False
52005010013	,-2	,		True	False	False	False
52005010014	entah-2	entah		False	True	False	False
52005010015	kita-3	kita		False	True	False	False
52005010016	tidur-1	tidur		False	True	False	False
52005010017	,-3	,		True	False	False	False
52005010018	kita-4	kita		False	True	False	False
52005010019	akan-1	akan		False	True	False	False
52005010020	hidup-1	hidup		False	True	False	False
52005010021	bersama-1	bersama		False	True	False	False
52005010022	--2	-		True	False	False	False
52005010023	sama-1	sama		False	True	False	False
52005010024	dengan-1	dengan		False	True	False	False
52005010025	Dia-1	Dia		False	True	False	False
52005010026	.-1	.		True	False	False	False
52005011001	Karena-1	Karena		False	True	False	False
52005011002	itu-1	itu		False	True	False	False
52005011003	nasihatilah-1	nasihatilah		False	True	False	False
52005011004	seorang-1	seorang		False	True	False	False
52005011005	akan-1	akan		False	True	False	False
52005011006	yang-1	yang		False	True	False	False
52005011007	lain-1	lain		False	True	False	False
52005011008	dan-1	dan		False	True	False	False
52005011009	saling-1	saling		False	True	False	False
52005011010	membangunlah-1	membangunlah		False	True	False	False
52005011011	di-1	di		False	True	False	False
52005011012	antara-1	antara		False	True	False	False
52005011013	kamu-1	kamu		False	True	False	False
52005011014	seperti-1	seperti		False	True	False	False
52005011015	yang-2	yang		False	True	False	False
52005011016	juga-1	juga		False	True	False	False
52005011017	kamu-2	kamu		False	True	False	False
52005011018	sedang-1	sedang		False	True	False	False
52005011019	lakukan-1	lakukan		False	True	False	False
52005011020	.-1	.		True	False	False	False
52005012001	Sekarang-1	Sekarang		False	True	False	False
52005012002	kami-1	kami		False	True	False	False
52005012003	minta-1	minta		False	True	False	False
52005012004	kepadamu-1	kepadamu		False	True	False	False
52005012005	,-1	,		True	False	False	False
52005012006	saudara-1	saudara		False	True	False	False
52005012007	--1	-		True	False	False	False
52005012008	saudara-2	saudara		False	True	False	False
52005012009	,-2	,		True	False	False	False
52005012010	supaya-1	supaya		False	True	False	False
52005012011	kamu-1	kamu		False	True	False	False
52005012012	menghargai-1	menghargai		False	True	False	False
52005012013	mereka-1	mereka		False	True	False	False
52005012014	yang-1	yang		False	True	False	False
52005012015	bekerja-1	bekerja		False	True	False	False
52005012016	keras-1	keras		False	True	False	False
52005012017	di-1	di		False	True	False	False
52005012018	antara-1	antara		False	True	False	False
52005012019	kamu-2	kamu		False	True	False	False
52005012020	,-3	,		True	False	False	False
52005012021	yang-2	yang		False	True	False	False
52005012022	memimpin-1	memimpin		False	True	False	False
52005012023	kamu-3	kamu		False	True	False	False
52005012024	dalam-1	dalam		False	True	False	False
52005012025	Tuhan-1	Tuhan		False	True	False	False
52005012026	,-4	,		True	False	False	False
52005012027	dan-1	dan		False	True	False	False
52005012028	yang-3	yang		False	True	False	False
52005012029	menegur-1	menegur		False	True	False	False
52005012030	kamu-4	kamu		False	True	False	False
52005012031	,-5	,		True	False	False	False
52005013001	dan-1	dan		False	True	False	False
52005013002	supaya-1	supaya		False	True	False	False
52005013003	kamu-1	kamu		False	True	False	False
52005013004	sungguh-1	sungguh		False	True	False	False
52005013005	--1	-		True	False	False	False
52005013006	sungguh-2	sungguh		False	True	False	False
52005013007	menjunjung-1	menjunjung		False	True	False	False
52005013008	mereka-1	mereka		False	True	False	False
52005013009	dalam-1	dalam		False	True	False	False
52005013010	kasih-1	kasih		False	True	False	False
52005013011	karena-1	karena		False	True	False	False
52005013012	pekerjaan-1	pekerjaan		False	True	False	False
52005013013	mereka-2	mereka		False	True	False	False
52005013014	.-1	.		True	False	False	False
52005013015	Hiduplah-1	Hiduplah		False	True	False	False
52005013016	dalam-2	dalam		False	True	False	False
52005013017	damai-1	damai		False	True	False	False
52005013018	seorang-1	seorang		False	True	False	False
52005013019	dengan-1	dengan		False	True	False	False
52005013020	yang-1	yang		False	True	False	False
52005013021	lain-1	lain		False	True	False	False
52005013022	.-2	.		True	False	False	False
52005014001	Selanjutnya-1	Selanjutnya		False	True	False	False
52005014002	,-1	,		True	False	False	False
52005014003	kami-1	kami		False	True	False	False
52005014004	menasihati-1	menasihati		False	True	False	False
52005014005	kamu-1	kamu		False	True	False	False
52005014006	,-2	,		True	False	False	False
52005014007	saudara-1	saudara		False	True	False	False
52005014008	--1	-		True	False	False	False
52005014009	saudara-2	saudara		False	True	False	False
52005014010	,-3	,		True	False	False	False
52005014011	tegurlah-1	tegurlah		False	True	False	False
52005014012	mereka-1	mereka		False	True	False	False
52005014013	yang-1	yang		False	True	False	False
52005014014	hidup-1	hidup		False	True	False	False
52005014015	tidak-1	tidak		False	True	False	False
52005014016	tertib-1	tertib		False	True	False	False
52005014017	,-4	,		True	False	False	False
52005014018	hiburlah-1	hiburlah		False	True	False	False
52005014019	mereka-2	mereka		False	True	False	False
52005014020	yang-2	yang		False	True	False	False
52005014021	tawar-1	tawar		False	True	False	False
52005014022	hati-1	hati		False	True	False	False
52005014023	,-5	,		True	False	False	False
52005014024	topanglah-1	topanglah		False	True	False	False
52005014025	mereka-3	mereka		False	True	False	False
52005014026	yang-3	yang		False	True	False	False
52005014027	lemah-1	lemah		False	True	False	False
52005014028	,-6	,		True	False	False	False
52005014029	sabarlah-1	sabarlah		False	True	False	False
52005014030	terhadap-1	terhadap		False	True	False	False
52005014031	semua-1	semua		False	True	False	False
52005014032	orang-1	orang		False	True	False	False
52005014033	.-1	.		True	False	False	False
52005015001	Perhatikanlah-1	Perhatikanlah		False	True	False	False
52005015002	supaya-1	supaya		False	True	False	False
52005015003	jangan-1	jangan		False	True	False	False
52005015004	ada-1	ada		False	True	False	False
52005015005	orang-1	orang		False	True	False	False
52005015006	yang-1	yang		False	True	False	False
52005015007	membalas-1	membalas		False	True	False	False
52005015008	yang-2	yang		False	True	False	False
52005015009	jahat-1	jahat		False	True	False	False
52005015010	dengan-1	dengan		False	True	False	False
52005015011	yang-3	yang		False	True	False	False
52005015012	jahat-2	jahat		False	True	False	False
52005015013	kepada-1	kepada		False	True	False	False
52005015014	siapa-1	siapa		False	True	False	False
52005015015	pun-1	pun		False	True	False	False
52005015016	,-1	,		True	False	False	False
52005015017	tetapi-1	tetapi		False	True	False	False
52005015018	kejarlah-1	kejarlah		False	True	False	False
52005015019	selalu-1	selalu		False	True	False	False
52005015020	yang-4	yang		False	True	False	False
52005015021	baik-1	baik		False	True	False	False
52005015022	,-2	,		True	False	False	False
52005015023	baik-2	baik		False	True	False	False
52005015024	terhadap-1	terhadap		False	True	False	False
52005015025	kamu-1	kamu		False	True	False	False
52005015026	masing-1	masing		False	True	False	False
52005015027	--1	-		True	False	False	False
52005015028	masing-2	masing		False	True	False	False
52005015029	maupun-1	maupun		False	True	False	False
52005015030	terhadap-2	terhadap		False	True	False	False
52005015031	semua-1	semua		False	True	False	False
52005015032	orang-2	orang		False	True	False	False
52005015033	.-1	.		True	False	False	False
52005016001	Bersukacitalah-1	Bersukacitalah		False	True	False	False
52005016002	selalu-1	selalu		False	True	False	False
52005016003	.-1	.		True	False	False	False
52005017001	Berdoalah-1	Berdoalah		False	True	False	False
52005017002	tanpa-1	tanpa		False	True	False	False
52005017003	henti-1	henti		False	True	False	False
52005017004	.-1	.		True	False	False	False
52005018001	Dalam-1	Dalam		False	True	False	False
52005018002	segala-1	segala		False	True	False	False
52005018003	hal-1	hal		False	True	False	False
52005018004	ucapkanlah-1	ucapkanlah		False	True	False	False
52005018005	syukur-1	syukur		False	True	False	False
52005018006	,-1	,		True	False	False	False
52005018007	sebab-1	sebab		False	True	False	False
52005018008	inilah-1	inilah		False	True	False	False
52005018009	kehendak-1	kehendak		False	True	False	False
52005018010	Allah-1	Allah		False	True	False	False
52005018011	dalam-1	dalam		False	True	False	False
52005018012	Kristus-1	Kristus		False	True	False	False
52005018013	Yesus-1	Yesus		False	True	False	False
52005018014	bagi-1	bagi		False	True	False	False
52005018015	kamu-1	kamu		False	True	False	False
52005018016	.-1	.		True	False	False	False
52005019001	Janganlah-1	Janganlah		False	True	False	False
52005019002	padamkan-1	padamkan		False	True	False	False
52005019003	Roh-1	Roh		False	True	False	False
52005019004	.-1	.		True	False	False	False
52005020001	Janganlah-1	Janganlah		False	True	False	False
52005020002	anggap-1	anggap		False	True	False	False
52005020003	rendah-1	rendah		False	True	False	False
52005020004	nubuat-1	nubuat		False	True	False	False
52005020005	--1	-		True	False	False	False
52005020006	nubuat-2	nubuat		False	True	False	False
52005020007	.-1	.		True	False	False	False
52005021001	Ujilah-1	Ujilah		False	True	False	False
52005021002	segala-1	segala		False	True	False	False
52005021003	sesuatu-1	sesuatu		False	True	False	False
52005021004	dan-1	dan		False	True	False	False
52005021005	peganglah-1	peganglah		False	True	False	False
52005021006	yang-1	yang		False	True	False	False
52005021007	baik-1	baik		False	True	False	False
52005021008	.-1	.		True	False	False	False
52005022001	Jauhkanlah-1	Jauhkanlah		False	True	False	False
52005022002	dirimu-1	dirimu		False	True	False	False
52005022003	dari-1	dari		False	True	False	False
52005022004	segala-1	segala		False	True	False	False
52005022005	bentuk-1	bentuk		False	True	False	False
52005022006	kejahatan-1	kejahatan		False	True	False	False
52005022007	.-1	.		True	False	False	False
52005023001	Semoga-1	Semoga		False	True	False	False
52005023002	Allah-1	Allah		False	True	False	False
52005023003	sumber-1	sumber		False	True	False	False
52005023004	damai-1	damai		False	True	False	False
52005023005	itu-1	itu		False	True	False	False
52005023006	sendiri-1	sendiri		False	True	False	False
52005023007	menguduskan-1	menguduskan		False	True	False	False
52005023008	kamu-1	kamu		False	True	False	False
52005023009	dengan-1	dengan		False	True	False	False
52005023010	sempurna-1	sempurna		False	True	False	False
52005023011	dan-1	dan		False	True	False	False
52005023012	semoga-1	semoga		False	True	False	False
52005023013	seluruh-1	seluruh		False	True	False	False
52005023014	roh-1	roh		False	True	False	False
52005023015	dan-2	dan		False	True	False	False
52005023016	jiwa-1	jiwa		False	True	False	False
52005023017	dan-3	dan		False	True	False	False
52005023018	tubuhmu-1	tubuhmu		False	True	False	False
52005023019	terpelihara-1	terpelihara		False	True	False	False
52005023020	tanpa-1	tanpa		False	True	False	False
52005023021	cacat-1	cacat		False	True	False	False
52005023022	pada-1	pada		False	True	False	False
52005023023	kedatangan-1	kedatangan		False	True	False	False
52005023024	Tuhan-1	Tuhan		False	True	False	False
52005023025	kita-1	kita		False	True	False	False
52005023026	Yesus-1	Yesus		False	True	False	False
52005023027	Kristus-1	Kristus		False	True	False	False
52005023028	.-1	.		True	False	False	False
52005024001	Ia-1	Ia		False	True	False	False
52005024002	yang-1	yang		False	True	False	False
52005024003	memanggil-1	memanggil		False	True	False	False
52005024004	kamu-1	kamu		False	True	False	False
52005024005	adalah-1	adalah		False	True	False	False
52005024006	setia-1	setia		False	True	False	False
52005024007	,-1	,		True	False	False	False
52005024008	Ia-2	Ia		False	True	False	False
52005024009	juga-1	juga		False	True	False	False
52005024010	akan-1	akan		False	True	False	False
52005024011	melakukannya-1	melakukannya		False	True	False	False
52005024012	.-1	.		True	False	False	False
52005025001	Saudara-1	Saudara		False	True	False	False
52005025002	--1	-		True	False	False	False
52005025003	saudara-1	saudara		False	True	False	False
52005025004	,-1	,		True	False	False	False
52005025005	berdoalah-1	berdoalah		False	True	False	False
52005025006	juga-1	juga		False	True	False	False
52005025007	untuk-1	untuk		False	True	False	False
52005025008	kami-1	kami		False	True	False	False
52005025009	.-1	.		True	False	False	False
52005026001	Sampaikanlah-1	Sampaikanlah		False	True	False	False
52005026002	salam-1	salam		False	True	False	False
52005026003	kepada-1	kepada		False	True	False	False
52005026004	semua-1	semua		False	True	False	False
52005026005	saudara-1	saudara		False	True	False	False
52005026006	dengan-1	dengan		False	True	False	False
52005026007	ciuman-1	ciuman		False	True	False	False
52005026008	yang-1	yang		False	True	False	False
52005026009	kudus-1	kudus		False	True	False	False
52005026010	.-1	.		True	False	False	False
52005027001	Aku-1	Aku		False	True	False	False
52005027002	minta-1	minta		False	True	False	False
52005027003	dengan-1	dengan		False	True	False	False
52005027004	sangat-1	sangat		False	True	False	False
52005027005	kepadamu-1	kepadamu		False	True	False	False
52005027006	dalam-1	dalam		False	True	False	False
52005027007	nama-1	nama		False	True	False	False
52005027008	Tuhan-1	Tuhan		False	True	False	False
52005027009	supaya-1	supaya		False	True	False	False
52005027010	surat-1	surat		False	True	False	False
52005027011	ini-1	ini		False	True	False	False
52005027012	dibacakan-1	dibacakan		False	True	False	False
52005027013	kepada-1	kepada		False	True	False	False
52005027014	semua-1	semua		False	True	False	False
52005027015	saudara-1	saudara		False	True	False	False
52005027016	.-1	.		True	False	False	False
52005028001	Anugerah-1	Anugerah		False	True	False	False
52005028002	Tuhan-1	Tuhan		False	True	False	False
52005028003	kita-1	kita		False	True	False	False
52005028004	Yesus-1	Yesus		False	True	False	False
52005028005	Kristus-1	Kristus		False	True	False	False
52005028006	menyertai-1	menyertai		False	True	False	False
52005028007	kamu-1	kamu		False	True	False	False
52005028008	.-1	.		True	False	False	False
53001001001	Paulus-1	Paulus		False	True	False	False
53001001002	dan-1	dan		False	True	False	False
53001001003	Silwanus-1	Silwanus		False	True	False	False
53001001004	dan-2	dan		False	True	False	False
53001001005	Timotius-1	Timotius		False	True	False	False
53001001006	,-1	,		True	False	False	False
53001001007	kepada-1	kepada		False	True	False	False
53001001008	jemaat-1	jemaat		False	True	False	False
53001001009	orang-1	orang		False	True	False	False
53001001010	--1	-		True	False	False	False
53001001011	orang-2	orang		False	True	False	False
53001001012	Tesalonika-1	Tesalonika		False	True	False	False
53001001013	di-1	di		False	True	False	False
53001001014	dalam-1	dalam		False	True	False	False
53001001015	Allah-1	Allah		False	True	False	False
53001001016	Bapa-1	Bapa		False	True	False	False
53001001017	kita-1	kita		False	True	False	False
53001001018	dan-3	dan		False	True	False	False
53001001019	Tuhan-1	Tuhan		False	True	False	False
53001001020	Yesus-1	Yesus		False	True	False	False
53001001021	Kristus-1	Kristus		False	True	False	False
53001001022	.-1	.		True	False	False	False
53001002001	Anugerah-1	Anugerah		False	True	False	False
53001002002	dan-1	dan		False	True	False	False
53001002003	damai-1	damai		False	True	False	False
53001002004	dari-1	dari		False	True	False	False
53001002005	Allah-1	Allah		False	True	False	False
53001002006	,-1	,		True	False	False	False
53001002007	Bapa-1	Bapa		False	True	False	False
53001002008	dan-2	dan		False	True	False	False
53001002009	dari-2	dari		False	True	False	False
53001002010	Tuhan-1	Tuhan		False	True	False	False
53001002011	Yesus-1	Yesus		False	True	False	False
53001002012	Kristus-1	Kristus		False	True	False	False
53001002013	bagi-1	bagi		False	True	False	False
53001002014	kamu-1	kamu		False	True	False	False
53001002015	sekalian-1	sekalian		False	True	False	False
53001003001	Kami-1	Kami		False	True	False	False
53001003002	wajib-1	wajib		False	True	False	False
53001003003	selalu-1	selalu		False	True	False	False
53001003004	mengucap-1	mengucap		False	True	False	False
53001003005	syukur-1	syukur		False	True	False	False
53001003006	kepada-1	kepada		False	True	False	False
53001003007	Allah-1	Allah		False	True	False	False
53001003008	karena-1	karena		False	True	False	False
53001003009	kamu-1	kamu		False	True	False	False
53001003010	,-1	,		True	False	False	False
53001003011	saudara-1	saudara		False	True	False	False
53001003012	--1	-		True	False	False	False
53001003013	saudara-2	saudara		False	True	False	False
53001003014	,-2	,		True	False	False	False
53001003015	sebagaimana-1	sebagaimana		False	True	False	False
53001003016	seharusnya-1	seharusnya		False	True	False	False
53001003017	demikian-1	demikian		False	True	False	False
53001003018	,-3	,		True	False	False	False
53001003019	karena-2	karena		False	True	False	False
53001003020	iman-1	iman		False	True	False	False
53001003021	mu-1	mu		False	True	False	False
53001003022	makin-1	makin		False	True	False	False
53001003023	bertambah-1	bertambah		False	True	False	False
53001003024	besar-1	besar		False	True	False	False
53001003025	,-4	,		True	False	False	False
53001003026	dan-1	dan		False	True	False	False
53001003027	kasih-1	kasih		False	True	False	False
53001003028	dari-1	dari		False	True	False	False
53001003029	setiap-1	setiap		False	True	False	False
53001003030	kamu-2	kamu		False	True	False	False
53001003031	semua-1	semua		False	True	False	False
53001003032	satu-1	satu		False	True	False	False
53001003033	kepada-2	kepada		False	True	False	False
53001003034	yang-1	yang		False	True	False	False
53001003035	lain-1	lain		False	True	False	False
53001003036	makin-2	makin		False	True	False	False
53001003037	bertambah-2	bertambah		False	True	False	False
53001004001	sehingga-1	sehingga		False	True	False	False
53001004002	kami-1	kami		False	True	False	False
53001004003	sendiri-1	sendiri		False	True	False	False
53001004004	bermegah-1	bermegah		False	True	False	False
53001004005	tentang-1	tentang		False	True	False	False
53001004006	kamu-1	kamu		False	True	False	False
53001004007	di-1	di		False	True	False	False
53001004008	antara-1	antara		False	True	False	False
53001004009	jemaat-1	jemaat		False	True	False	False
53001004010	--1	-		True	False	False	False
53001004011	jemaat-2	jemaat		False	True	False	False
53001004012	Allah-1	Allah		False	True	False	False
53001004013	tentang-2	tentang		False	True	False	False
53001004014	ketekunan-1	ketekunan		False	True	False	False
53001004015	dan-1	dan		False	True	False	False
53001004016	iman-1	iman		False	True	False	False
53001004017	mu-1	mu		False	True	False	False
53001004018	dalam-1	dalam		False	True	False	False
53001004019	segala-1	segala		False	True	False	False
53001004020	penganiayaan-1	penganiayaan		False	True	False	False
53001004021	dan-2	dan		False	True	False	False
53001004022	penindasan-1	penindasan		False	True	False	False
53001004023	mu-2	mu		False	True	False	False
53001004024	yang-1	yang		False	True	False	False
53001004025	kamu-2	kamu		False	True	False	False
53001004026	derita-1	derita		False	True	False	False
53001004027	,-1	,		True	False	False	False
53001005001	suatu-1	suatu		False	True	False	False
53001005002	bukti-1	bukti		False	True	False	False
53001005003	penghakiman-1	penghakiman		False	True	False	False
53001005004	Allah-1	Allah		False	True	False	False
53001005005	,-1	,		True	False	False	False
53001005006	yang-1	yang		False	True	False	False
53001005007	adil-1	adil		False	True	False	False
53001005008	,-2	,		True	False	False	False
53001005009	bagi-1	bagi		False	True	False	False
53001005010	kamu-1	kamu		False	True	False	False
53001005011	untuk-1	untuk		False	True	False	False
53001005012	dianggap-1	dianggap		False	True	False	False
53001005013	layak-1	layak		False	True	False	False
53001005014	bagi-2	bagi		False	True	False	False
53001005015	Kerajaan-1	Kerajaan		False	True	False	False
53001005016	Allah-2	Allah		False	True	False	False
53001005017	,-3	,		True	False	False	False
53001005018	yang-2	yang		False	True	False	False
53001005019	untuk-2	untuk		False	True	False	False
53001005020	nya-1	nya		False	True	False	False
53001005021	kamu-2	kamu		False	True	False	False
53001005022	juga-1	juga		False	True	False	False
53001005023	menderita-1	menderita		False	True	False	False
53001005024	.-1	.		True	False	False	False
53001006001	Jika-1	Jika		False	True	False	False
53001006002	memang-1	memang		False	True	False	False
53001006003	ini-1	ini		False	True	False	False
53001006004	adalah-1	adalah		False	True	False	False
53001006005	adil-1	adil		False	True	False	False
53001006006	bagi-1	bagi		False	True	False	False
53001006007	Allah-1	Allah		False	True	False	False
53001006008	untuk-1	untuk		False	True	False	False
53001006009	membalaskan-1	membalaskan		False	True	False	False
53001006010	penindasan-1	penindasan		False	True	False	False
53001006011	kepada-1	kepada		False	True	False	False
53001006012	orang-1	orang		False	True	False	False
53001006013	--1	-		True	False	False	False
53001006014	orang-2	orang		False	True	False	False
53001006015	yang-1	yang		False	True	False	False
53001006016	menindas-1	menindas		False	True	False	False
53001006017	kamu-1	kamu		False	True	False	False
53001006018	,-1	,		True	False	False	False
53001007001	dan-1	dan		False	True	False	False
53001007002	kelegaan-1	kelegaan		False	True	False	False
53001007003	kepada-1	kepada		False	True	False	False
53001007004	kamu-1	kamu		False	True	False	False
53001007005	,-1	,		True	False	False	False
53001007006	orang-1	orang		False	True	False	False
53001007007	--1	-		True	False	False	False
53001007008	orang-2	orang		False	True	False	False
53001007009	yang-1	yang		False	True	False	False
53001007010	ditindas-1	ditindas		False	True	False	False
53001007011	bersama-1	bersama		False	True	False	False
53001007012	kami-1	kami		False	True	False	False
53001007013	,-2	,		True	False	False	False
53001007014	pada-1	pada		False	True	False	False
53001007015	waktu-1	waktu		False	True	False	False
53001007016	penyataan-1	penyataan		False	True	False	False
53001007017	Tuhan-1	Tuhan		False	True	False	False
53001007018	Yesus-1	Yesus		False	True	False	False
53001007019	dari-1	dari		False	True	False	False
53001007020	surga-1	surga		False	True	False	False
53001007021	bersama-2	bersama		False	True	False	False
53001007022	malaikat-1	malaikat		False	True	False	False
53001007023	--2	-		True	False	False	False
53001007024	malaikat-2	malaikat		False	True	False	False
53001007025	--3	-		True	False	False	False
53001007026	Nya-1	Nya		False	True	False	False
53001007027	yang-2	yang		False	True	False	False
53001007028	perkasa-1	perkasa		False	True	False	False
53001007029	,-3	,		True	False	False	False
53001008001	dalam-1	dalam		False	True	False	False
53001008002	api-1	api		False	True	False	False
53001008003	yang-1	yang		False	True	False	False
53001008004	menyala-1	menyala		False	True	False	False
53001008005	--1	-		True	False	False	False
53001008006	nyala-1	nyala		False	True	False	False
53001008007	mengadakan-1	mengadakan		False	True	False	False
53001008008	pembalasan-1	pembalasan		False	True	False	False
53001008009	kepada-1	kepada		False	True	False	False
53001008010	orang-1	orang		False	True	False	False
53001008011	--2	-		True	False	False	False
53001008012	orang-2	orang		False	True	False	False
53001008013	yang-2	yang		False	True	False	False
53001008014	tidak-1	tidak		False	True	False	False
53001008015	mengenal-1	mengenal		False	True	False	False
53001008016	Allah-1	Allah		False	True	False	False
53001008017	dan-1	dan		False	True	False	False
53001008018	kepada-2	kepada		False	True	False	False
53001008019	orang-3	orang		False	True	False	False
53001008020	--3	-		True	False	False	False
53001008021	orang-4	orang		False	True	False	False
53001008022	yang-3	yang		False	True	False	False
53001008023	tidak-2	tidak		False	True	False	False
53001008024	menaati-1	menaati		False	True	False	False
53001008025	Injil-1	Injil		False	True	False	False
53001008026	Yesus-1	Yesus		False	True	False	False
53001008027	,-1	,		True	False	False	False
53001008028	Tuhan-1	Tuhan		False	True	False	False
53001008029	kita-1	kita		False	True	False	False
53001008030	.-1	.		True	False	False	False
53001009001	yang-1	yang		False	True	False	False
53001009002	akan-1	akan		False	True	False	False
53001009003	menjalani-1	menjalani		False	True	False	False
53001009004	hukuman-1	hukuman		False	True	False	False
53001009005	kebinasaan-1	kebinasaan		False	True	False	False
53001009006	kekal-1	kekal		False	True	False	False
53001009007	,-1	,		True	False	False	False
53001009008	jauh-1	jauh		False	True	False	False
53001009009	dari-1	dari		False	True	False	False
53001009010	wajah-1	wajah		False	True	False	False
53001009011	Tuhan-1	Tuhan		False	True	False	False
53001009012	dan-1	dan		False	True	False	False
53001009013	dari-2	dari		False	True	False	False
53001009014	kemuliaan-1	kemuliaan		False	True	False	False
53001009015	kuasa-1	kuasa		False	True	False	False
53001009016	--1	-		True	False	False	False
53001009017	Nya-1	Nya		False	True	False	False
53001009018	,-2	,		True	False	False	False
53001010001	ketika-1	ketika		False	True	False	False
53001010002	Ia-1	Ia		False	True	False	False
53001010003	datang-1	datang		False	True	False	False
53001010004	pada-1	pada		False	True	False	False
53001010005	hari-1	hari		False	True	False	False
53001010006	itu-1	itu		False	True	False	False
53001010007	untuk-1	untuk		False	True	False	False
53001010008	dimuliakan-1	dimuliakan		False	True	False	False
53001010009	oleh-1	oleh		False	True	False	False
53001010010	orang-1	orang		False	True	False	False
53001010011	--1	-		True	False	False	False
53001010012	orang-2	orang		False	True	False	False
53001010013	kudus-1	kudus		False	True	False	False
53001010014	--2	-		True	False	False	False
53001010015	Nya-1	Nya		False	True	False	False
53001010016	dan-1	dan		False	True	False	False
53001010017	untuk-2	untuk		False	True	False	False
53001010018	dikagumi-1	dikagumi		False	True	False	False
53001010019	oleh-2	oleh		False	True	False	False
53001010020	semua-1	semua		False	True	False	False
53001010021	orang-3	orang		False	True	False	False
53001010022	yang-1	yang		False	True	False	False
53001010023	telah-1	telah		False	True	False	False
53001010024	percaya-1	percaya		False	True	False	False
53001010025	,-1	,		True	False	False	False
53001010026	sebab-1	sebab		False	True	False	False
53001010027	kesaksian-1	kesaksian		False	True	False	False
53001010028	kami-1	kami		False	True	False	False
53001010029	kepada-1	kepada		False	True	False	False
53001010030	mu-1	mu		False	True	False	False
53001010031	telah-2	telah		False	True	False	False
53001010032	kamu-1	kamu		False	True	False	False
53001010033	percayai-1	percayai		False	True	False	False
53001010034	.-1	.		True	False	False	False
53001011001	Karena-1	Karena		False	True	False	False
53001011002	itu-1	itu		False	True	False	False
53001011003	,-1	,		True	False	False	False
53001011004	kami-1	kami		False	True	False	False
53001011005	senantiasa-1	senantiasa		False	True	False	False
53001011006	berdoa-1	berdoa		False	True	False	False
53001011007	juga-1	juga		False	True	False	False
53001011008	untuk-1	untuk		False	True	False	False
53001011009	kamu-1	kamu		False	True	False	False
53001011010	,-2	,		True	False	False	False
53001011011	supaya-1	supaya		False	True	False	False
53001011012	Allah-1	Allah		False	True	False	False
53001011013	kita-1	kita		False	True	False	False
53001011014	dapat-1	dapat		False	True	False	False
53001011015	menganggap-1	menganggap		False	True	False	False
53001011016	kamu-2	kamu		False	True	False	False
53001011017	layak-1	layak		False	True	False	False
53001011018	bagi-1	bagi		False	True	False	False
53001011019	panggilan-1	panggilan		False	True	False	False
53001011020	--1	-		True	False	False	False
53001011021	Nya-1	Nya		False	True	False	False
53001011022	dan-1	dan		False	True	False	False
53001011023	semoga-1	semoga		False	True	False	False
53001011024	Dia-1	Dia		False	True	False	False
53001011025	menggenapi-1	menggenapi		False	True	False	False
53001011026	setiap-1	setiap		False	True	False	False
53001011027	keinginan-1	keinginan		False	True	False	False
53001011028	untuk-2	untuk		False	True	False	False
53001011029	kebaikan-1	kebaikan		False	True	False	False
53001011030	dan-2	dan		False	True	False	False
53001011031	pekerjaan-1	pekerjaan		False	True	False	False
53001011032	iman-1	iman		False	True	False	False
53001011033	dalam-1	dalam		False	True	False	False
53001011034	kuasa-1	kuasa		False	True	False	False
53001011035	.-1	.		True	False	False	False
53001012001	sehingga-1	sehingga		False	True	False	False
53001012002	nama-1	nama		False	True	False	False
53001012003	Yesus-1	Yesus		False	True	False	False
53001012004	Tuhan-1	Tuhan		False	True	False	False
53001012005	kita-1	kita		False	True	False	False
53001012006	dapat-1	dapat		False	True	False	False
53001012007	dimuliakan-1	dimuliakan		False	True	False	False
53001012008	di-1	di		False	True	False	False
53001012009	dalam-1	dalam		False	True	False	False
53001012010	kamu-1	kamu		False	True	False	False
53001012011	,-1	,		True	False	False	False
53001012012	dan-1	dan		False	True	False	False
53001012013	kamu-2	kamu		False	True	False	False
53001012014	di-2	di		False	True	False	False
53001012015	dalam-2	dalam		False	True	False	False
53001012016	Dia-1	Dia		False	True	False	False
53001012017	,-2	,		True	False	False	False
53001012018	menurut-1	menurut		False	True	False	False
53001012019	anugerah-1	anugerah		False	True	False	False
53001012020	Allah-1	Allah		False	True	False	False
53001012021	kita-2	kita		False	True	False	False
53001012022	dan-2	dan		False	True	False	False
53001012023	Tuhan-2	Tuhan		False	True	False	False
53001012024	Yesus-2	Yesus		False	True	False	False
53001012025	Kristus-1	Kristus		False	True	False	False
53001012026	.-1	.		True	False	False	False
53002001001	Sekarang-1	Sekarang		False	True	False	False
53002001002	tentang-1	tentang		False	True	False	False
53002001003	kedatangan-1	kedatangan		False	True	False	False
53002001004	Tuhan-1	Tuhan		False	True	False	False
53002001005	kita-1	kita		False	True	False	False
53002001006	Yesus-1	Yesus		False	True	False	False
53002001007	Kristus-1	Kristus		False	True	False	False
53002001008	dan-1	dan		False	True	False	False
53002001009	terhimpunnya-1	terhimpunnya		False	True	False	False
53002001010	kita-2	kita		False	True	False	False
53002001011	dengan-1	dengan		False	True	False	False
53002001012	Dia-1	Dia		False	True	False	False
53002001013	,-1	,		True	False	False	False
53002001014	kami-1	kami		False	True	False	False
53002001015	minta-1	minta		False	True	False	False
53002001016	kepadamu-1	kepadamu		False	True	False	False
53002001017	,-2	,		True	False	False	False
53002001018	saudara-1	saudara		False	True	False	False
53002001019	--1	-		True	False	False	False
53002001020	saudara-2	saudara		False	True	False	False
53002001021	,-3	,		True	False	False	False
53002002001	agar-1	agar		False	True	False	False
53002002002	kamu-1	kamu		False	True	False	False
53002002003	jangan-1	jangan		False	True	False	False
53002002004	lekas-1	lekas		False	True	False	False
53002002005	terguncang-1	terguncang		False	True	False	False
53002002006	dalam-1	dalam		False	True	False	False
53002002007	pikiran-1	pikiran		False	True	False	False
53002002008	{-1	{		True	False	False	False
53002002009	mu-1	mu		False	True	False	False
53002002010	}-1	}		True	False	False	False
53002002011	dan-1	dan		False	True	False	False
53002002012	jangan-2	jangan		False	True	False	False
53002002013	gelisah-1	gelisah		False	True	False	False
53002002014	,-1	,		True	False	False	False
53002002015	baik-1	baik		False	True	False	False
53002002016	oleh-1	oleh		False	True	False	False
53002002017	suatu-1	suatu		False	True	False	False
53002002018	roh-1	roh		False	True	False	False
53002002019	,-2	,		True	False	False	False
53002002020	maupun-1	maupun		False	True	False	False
53002002021	oleh-2	oleh		False	True	False	False
53002002022	suatu-2	suatu		False	True	False	False
53002002023	perkataan-1	perkataan		False	True	False	False
53002002024	atau-1	atau		False	True	False	False
53002002025	suatu-3	suatu		False	True	False	False
53002002026	surat-1	surat		False	True	False	False
53002002027	seolah-1	seolah		False	True	False	False
53002002028	--1	-		True	False	False	False
53002002029	olah-1	olah		False	True	False	False
53002002030	dari-1	dari		False	True	False	False
53002002031	kami-1	kami		False	True	False	False
53002002032	,-3	,		True	False	False	False
53002002033	seolah-2	seolah		False	True	False	False
53002002034	--2	-		True	False	False	False
53002002035	olah-2	olah		False	True	False	False
53002002036	bahwa-1	bahwa		False	True	False	False
53002002037	hari-1	hari		False	True	False	False
53002002038	Tuhan-1	Tuhan		False	True	False	False
53002002039	telah-1	telah		False	True	False	False
53002002040	datang-1	datang		False	True	False	False
53002002041	.-1	.		True	False	False	False
53002003001	Semoga-1	Semoga		False	True	False	False
53002003002	jangan-1	jangan		False	True	False	False
53002003003	seorangpun-1	seorangpun		False	True	False	False
53002003004	menyesatkan-1	menyesatkan		False	True	False	False
53002003005	kamu-1	kamu		False	True	False	False
53002003006	dengan-1	dengan		False	True	False	False
53002003007	cara-1	cara		False	True	False	False
53002003008	apapun-1	apapun		False	True	False	False
53002003009	,-1	,		True	False	False	False
53002003010	sebab-1	sebab		False	True	False	False
53002003011	kecuali-1	kecuali		False	True	False	False
53002003012	kemurtadan-1	kemurtadan		False	True	False	False
53002003013	datang-1	datang		False	True	False	False
53002003014	dahulu-1	dahulu		False	True	False	False
53002003015	dan-1	dan		False	True	False	False
53002003016	manusia-1	manusia		False	True	False	False
53002003017	durhaka-1	durhaka		False	True	False	False
53002003018	dinyatakan-1	dinyatakan		False	True	False	False
53002003019	,-2	,		True	False	False	False
53002003020	yaitu-1	yaitu		False	True	False	False
53002003021	anak-1	anak		False	True	False	False
53002003022	kebinasaan-1	kebinasaan		False	True	False	False
53002003023	itu-1	itu		False	True	False	False
53002003024	,-3	,		True	False	False	False
53002004001	yaitu-1	yaitu		False	True	False	False
53002004002	orang-1	orang		False	True	False	False
53002004003	yang-1	yang		False	True	False	False
53002004004	melawan-1	melawan		False	True	False	False
53002004005	dan-1	dan		False	True	False	False
53002004006	meninggikan-1	meninggikan		False	True	False	False
53002004007	dirinya-1	dirinya		False	True	False	False
53002004008	sendiri-1	sendiri		False	True	False	False
53002004009	terhadap-1	terhadap		False	True	False	False
53002004010	semua-1	semua		False	True	False	False
53002004011	yang-2	yang		False	True	False	False
53002004012	disebut-1	disebut		False	True	False	False
53002004013	allah-1	allah		False	True	False	False
53002004014	atau-1	atau		False	True	False	False
53002004015	suatu-1	suatu		False	True	False	False
53002004016	objek-1	objek		False	True	False	False
53002004017	penyembahan-1	penyembahan		False	True	False	False
53002004018	.-1	.		True	False	False	False
53002004019	Sebagai-1	Sebagai		False	True	False	False
53002004020	hasilnya-1	hasilnya		False	True	False	False
53002004021	,-1	,		True	False	False	False
53002004022	ia-1	ia		False	True	False	False
53002004023	sendiri-2	sendiri		False	True	False	False
53002004024	duduk-1	duduk		False	True	False	False
53002004025	di-1	di		False	True	False	False
53002004026	dalam-1	dalam		False	True	False	False
53002004027	Bait-1	Bait		False	True	False	False
53002004028	Allah-1	Allah		False	True	False	False
53002004029	,-2	,		True	False	False	False
53002004030	menunjukkan-1	menunjukkan		False	True	False	False
53002004031	bahwa-1	bahwa		False	True	False	False
53002004032	dirinya-2	dirinya		False	True	False	False
53002004033	sendiri-3	sendiri		False	True	False	False
53002004034	adalah-1	adalah		False	True	False	False
53002004035	Allah-2	Allah		False	True	False	False
53002004036	.-2	.		True	False	False	False
53002005001	Tidakkah-1	Tidakkah		False	True	False	False
53002005002	kamu-1	kamu		False	True	False	False
53002005003	ingat-1	ingat		False	True	False	False
53002005004	bahwa-1	bahwa		False	True	False	False
53002005005	ketika-1	ketika		False	True	False	False
53002005006	aku-1	aku		False	True	False	False
53002005007	masih-1	masih		False	True	False	False
53002005008	bersama-1	bersama		False	True	False	False
53002005009	kamu-2	kamu		False	True	False	False
53002005010	,-1	,		True	False	False	False
53002005011	aku-2	aku		False	True	False	False
53002005012	telah-1	telah		False	True	False	False
53002005013	mengatakan-1	mengatakan		False	True	False	False
53002005014	kepadamu-1	kepadamu		False	True	False	False
53002005015	{-1	{		True	False	False	False
53002005016	hal-1	hal		False	True	False	False
53002005017	--1	-		True	False	False	False
53002005018	hal-2	hal		False	True	False	False
53002005019	}-1	}		True	False	False	False
53002005020	ini-1	ini		False	True	False	False
53002005021	?-1	?		True	False	False	False
53002006001	Dan-1	Dan		False	True	False	False
53002006002	sekarang-1	sekarang		False	True	False	False
53002006003	kamu-1	kamu		False	True	False	False
53002006004	tahu-1	tahu		False	True	False	False
53002006005	siapa-1	siapa		False	True	False	False
53002006006	yang-1	yang		False	True	False	False
53002006007	menahan-1	menahan		False	True	False	False
53002006008	(-1	(		True	False	True	False
53002006009	nya-1	nya		False	True	False	False
53002006010	)-1	)		True	False	False	False
53002006011	,-1	,		True	False	False	False
53002006012	sampai-1	sampai		False	True	False	False
53002006013	pemunculan-1	pemunculan		False	True	False	False
53002006014	--1	-		True	False	False	False
53002006015	nya-2	nya		False	True	False	False
53002006016	pada-1	pada		False	True	False	False
53002006017	waktu-1	waktu		False	True	False	False
53002006018	nya-3	nya		False	True	False	False
53002007001	Karena-1	Karena		False	True	False	False
53002007002	rahasia-1	rahasia		False	True	False	False
53002007003	kedurhakaan-1	kedurhakaan		False	True	False	False
53002007004	telah-1	telah		False	True	False	False
53002007005	mulai-1	mulai		False	True	False	False
53002007006	bekerja-1	bekerja		False	True	False	False
53002007007	,-1	,		True	False	False	False
53002007008	hanya-1	hanya		False	True	False	False
53002007009	dia-1	dia		False	True	False	False
53002007010	yang-1	yang		False	True	False	False
53002007011	menahan-1	menahan		False	True	False	False
53002007012	(-1	(		True	False	True	False
53002007013	nya-1	nya		False	True	False	False
53002007014	)-1	)		True	False	False	False
53002007015	sekarang-1	sekarang		False	True	False	False
53002007016	akan-1	akan		False	True	False	False
53002007017	melakukannya-1	melakukannya		False	True	False	False
53002007018	sampai-1	sampai		False	True	False	False
53002007019	dia-2	dia		False	True	False	False
53002007020	disingkirkan-1	disingkirkan		False	True	False	False
53002007021	,-2	,		True	False	False	False
53002008001	dan-1	dan		False	True	False	False
53002008002	kemudian-1	kemudian		False	True	False	False
53002008003	si-1	si		False	True	False	False
53002008004	pendurhaka-1	pendurhaka		False	True	False	False
53002008005	akan-1	akan		False	True	False	False
53002008006	dinyatakan-1	dinyatakan		False	True	False	False
53002008007	,-1	,		True	False	False	False
53002008008	yang-1	yang		False	True	False	False
53002008009	mana-1	mana		False	True	False	False
53002008010	Tuhan-1	Tuhan		False	True	False	False
53002008011	Yesus-1	Yesus		False	True	False	False
53002008012	akan-2	akan		False	True	False	False
53002008013	membunuhnya-1	membunuhnya		False	True	False	False
53002008014	dengan-1	dengan		False	True	False	False
53002008015	napas-1	napas		False	True	False	False
53002008016	mulut-1	mulut		False	True	False	False
53002008017	--1	-		True	False	False	False
53002008018	Nya-1	Nya		False	True	False	False
53002008019	dan-2	dan		False	True	False	False
53002008020	akan-3	akan		False	True	False	False
53002008021	memusnahkannya-1	memusnahkannya		False	True	False	False
53002008022	,-2	,		True	False	False	False
53002008023	dengan-2	dengan		False	True	False	False
53002008024	penampakan-1	penampakan		False	True	False	False
53002008025	kedatangan-1	kedatangan		False	True	False	False
53002008026	--2	-		True	False	False	False
53002008027	Nya-2	Nya		False	True	False	False
53002008028	.-1	.		True	False	False	False
53002009001	kedatangan-1	kedatangan		False	True	False	False
53002009002	orang-1	orang		False	True	False	False
53002009003	itu-1	itu		False	True	False	False
53002009004	adalah-1	adalah		False	True	False	False
53002009005	menurut-1	menurut		False	True	False	False
53002009006	pekerjaan-1	pekerjaan		False	True	False	False
53002009007	Setan-1	Setan		False	True	False	False
53002009008	,-1	,		True	False	False	False
53002009009	dalam-1	dalam		False	True	False	False
53002009010	semua-1	semua		False	True	False	False
53002009011	perbuatan-1	perbuatan		False	True	False	False
53002009012	ajaib-1	ajaib		False	True	False	False
53002009013	,-2	,		True	False	False	False
53002009014	dan-1	dan		False	True	False	False
53002009015	tanda-1	tanda		False	True	False	False
53002009016	--1	-		True	False	False	False
53002009017	tanda-2	tanda		False	True	False	False
53002009018	dan-2	dan		False	True	False	False
53002009019	mukjizat-1	mukjizat		False	True	False	False
53002009020	--2	-		True	False	False	False
53002009021	mukjizat-2	mukjizat		False	True	False	False
53002009022	palsu-1	palsu		False	True	False	False
53002009023	,-3	,		True	False	False	False
53002010001	dan-1	dan		False	True	False	False
53002010002	dalam-1	dalam		False	True	False	False
53002010003	semua-1	semua		False	True	False	False
53002010004	tipu-1	tipu		False	True	False	False
53002010005	daya-1	daya		False	True	False	False
53002010006	ketidakbenaran-1	ketidakbenaran		False	True	False	False
53002010007	terhadap-1	terhadap		False	True	False	False
53002010008	orang-1	orang		False	True	False	False
53002010009	--1	-		True	False	False	False
53002010010	orang-2	orang		False	True	False	False
53002010011	yang-1	yang		False	True	False	False
53002010012	akan-1	akan		False	True	False	False
53002010013	binasa-1	binasa		False	True	False	False
53002010014	,-1	,		True	False	False	False
53002010015	karena-1	karena		False	True	False	False
53002010016	mereka-1	mereka		False	True	False	False
53002010017	tidak-1	tidak		False	True	False	False
53002010018	menerima-1	menerima		False	True	False	False
53002010019	kasih-1	kasih		False	True	False	False
53002010020	akan-2	akan		False	True	False	False
53002010021	kebenaran-1	kebenaran		False	True	False	False
53002010022	bagi-1	bagi		False	True	False	False
53002010023	mereka-2	mereka		False	True	False	False
53002010024	untuk-1	untuk		False	True	False	False
53002010025	diselamatkan-1	diselamatkan		False	True	False	False
53002010026	.-1	.		True	False	False	False
53002011001	Dan-1	Dan		False	True	False	False
53002011002	karena-1	karena		False	True	False	False
53002011003	itu-1	itu		False	True	False	False
53002011004	Allah-1	Allah		False	True	False	False
53002011005	mengirim-1	mengirim		False	True	False	False
53002011006	kepada-1	kepada		False	True	False	False
53002011007	mereka-1	mereka		False	True	False	False
53002011008	suatu-1	suatu		False	True	False	False
53002011009	pekerjaan-1	pekerjaan		False	True	False	False
53002011010	yang-1	yang		False	True	False	False
53002011011	menyesatkan-1	menyesatkan		False	True	False	False
53002011012	bagi-1	bagi		False	True	False	False
53002011013	mereka-2	mereka		False	True	False	False
53002011014	untuk-1	untuk		False	True	False	False
53002011015	percaya-1	percaya		False	True	False	False
53002011016	kepada-2	kepada		False	True	False	False
53002011017	dusta-1	dusta		False	True	False	False
53002011018	.-1	.		True	False	False	False
53002012001	supaya-1	supaya		False	True	False	False
53002012002	mereka-1	mereka		False	True	False	False
53002012003	semua-1	semua		False	True	False	False
53002012004	dapat-1	dapat		False	True	False	False
53002012005	dihukum-1	dihukum		False	True	False	False
53002012006	,-1	,		True	False	False	False
53002012007	orang-1	orang		False	True	False	False
53002012008	--1	-		True	False	False	False
53002012009	orang-2	orang		False	True	False	False
53002012010	yang-1	yang		False	True	False	False
53002012011	telah-1	telah		False	True	False	False
53002012012	tidak-1	tidak		False	True	False	False
53002012013	percaya-1	percaya		False	True	False	False
53002012014	akan-1	akan		False	True	False	False
53002012015	kebenaran-1	kebenaran		False	True	False	False
53002012016	,-2	,		True	False	False	False
53002012017	tetapi-1	tetapi		False	True	False	False
53002012018	yang-2	yang		False	True	False	False
53002012019	telah-2	telah		False	True	False	False
53002012020	menikmati-1	menikmati		False	True	False	False
53002012021	ketidakbenaran-1	ketidakbenaran		False	True	False	False
53002012022	.-1	.		True	False	False	False
53002013001	Sekarang-1	Sekarang		False	True	False	False
53002013002	kami-1	kami		False	True	False	False
53002013003	harus-1	harus		False	True	False	False
53002013004	selalu-1	selalu		False	True	False	False
53002013005	mengucap-1	mengucap		False	True	False	False
53002013006	syukur-1	syukur		False	True	False	False
53002013007	kepada-1	kepada		False	True	False	False
53002013008	Allah-1	Allah		False	True	False	False
53002013009	untuk-1	untuk		False	True	False	False
53002013010	kamu-1	kamu		False	True	False	False
53002013011	,-1	,		True	False	False	False
53002013012	saudara-1	saudara		False	True	False	False
53002013013	--1	-		True	False	False	False
53002013014	saudara-2	saudara		False	True	False	False
53002013015	yang-1	yang		False	True	False	False
53002013016	telah-1	telah		False	True	False	False
53002013017	dikasihi-1	dikasihi		False	True	False	False
53002013018	oleh-1	oleh		False	True	False	False
53002013019	Tuhan-1	Tuhan		False	True	False	False
53002013020	.-1	.		True	False	False	False
53002013021	Sebab-1	Sebab		False	True	False	False
53002013022	Allah-2	Allah		False	True	False	False
53002013023	telah-2	telah		False	True	False	False
53002013024	memilih-1	memilih		False	True	False	False
53002013025	kamu-2	kamu		False	True	False	False
53002013026	{-1	{		True	False	False	False
53002013027	sebagai-1	sebagai		False	True	False	False
53002013028	}-1	}		True	False	False	False
53002013029	buah-1	buah		False	True	False	False
53002013030	sulung-1	sulung		False	True	False	False
53002013031	untuk-2	untuk		False	True	False	False
53002013032	keselamatan-1	keselamatan		False	True	False	False
53002013033	dalam-1	dalam		False	True	False	False
53002013034	pengudusan-1	pengudusan		False	True	False	False
53002013035	Roh-1	Roh		False	True	False	False
53002013036	dan-1	dan		False	True	False	False
53002013037	kepercayaan-1	kepercayaan		False	True	False	False
53002013038	akan-1	akan		False	True	False	False
53002013039	kebenaran-1	kebenaran		False	True	False	False
53002013040	.-2	.		True	False	False	False
53002014001	Ia-1	Ia		False	True	False	False
53002014002	telah-1	telah		False	True	False	False
53002014003	memanggil-1	memanggil		False	True	False	False
53002014004	kamu-1	kamu		False	True	False	False
53002014005	kepada-1	kepada		False	True	False	False
53002014006	hal-1	hal		False	True	False	False
53002014007	ini-1	ini		False	True	False	False
53002014008	melalui-1	melalui		False	True	False	False
53002014009	injil-1	injil		False	True	False	False
53002014010	kami-1	kami		False	True	False	False
53002014011	,-1	,		True	False	False	False
53002014012	untuk-1	untuk		False	True	False	False
53002014013	memperoleh-1	memperoleh		False	True	False	False
53002014014	kemuliaan-1	kemuliaan		False	True	False	False
53002014015	Tuhan-1	Tuhan		False	True	False	False
53002014016	kita-1	kita		False	True	False	False
53002014017	Yesus-1	Yesus		False	True	False	False
53002014018	Kristus-1	Kristus		False	True	False	False
53002014019	.-1	.		True	False	False	False
53002015001	Karena-1	Karena		False	True	False	False
53002015002	itu-1	itu		False	True	False	False
53002015003	,-1	,		True	False	False	False
53002015004	saudara-1	saudara		False	True	False	False
53002015005	--1	-		True	False	False	False
53002015006	saudara-2	saudara		False	True	False	False
53002015007	,-2	,		True	False	False	False
53002015008	berdirilah-1	berdirilah		False	True	False	False
53002015009	teguh-1	teguh		False	True	False	False
53002015010	dan-1	dan		False	True	False	False
53002015011	berpeganglah-1	berpeganglah		False	True	False	False
53002015012	kuat-1	kuat		False	True	False	False
53002015013	pada-1	pada		False	True	False	False
53002015014	tradisi-1	tradisi		False	True	False	False
53002015015	--2	-		True	False	False	False
53002015016	tradisi-2	tradisi		False	True	False	False
53002015017	yang-1	yang		False	True	False	False
53002015018	telah-1	telah		False	True	False	False
53002015019	diajarkan-1	diajarkan		False	True	False	False
53002015020	kepadamu-1	kepadamu		False	True	False	False
53002015021	,-3	,		True	False	False	False
53002015022	baik-1	baik		False	True	False	False
53002015023	melalui-1	melalui		False	True	False	False
53002015024	perkataan-1	perkataan		False	True	False	False
53002015025	maupun-1	maupun		False	True	False	False
53002015026	melalui-2	melalui		False	True	False	False
53002015027	surat-1	surat		False	True	False	False
53002015028	kami-1	kami		False	True	False	False
53002015029	.-1	.		True	False	False	False
53002016001	Sekarang-1	Sekarang		False	True	False	False
53002016002	Tuhan-1	Tuhan		False	True	False	False
53002016003	kita-1	kita		False	True	False	False
53002016004	Yesus-1	Yesus		False	True	False	False
53002016005	Kristus-1	Kristus		False	True	False	False
53002016006	sendiri-1	sendiri		False	True	False	False
53002016007	,-1	,		True	False	False	False
53002016008	dan-1	dan		False	True	False	False
53002016009	Allah-1	Allah		False	True	False	False
53002016010	Bapa-1	Bapa		False	True	False	False
53002016011	kita-2	kita		False	True	False	False
53002016012	,-2	,		True	False	False	False
53002016013	yang-1	yang		False	True	False	False
53002016014	telah-1	telah		False	True	False	False
53002016015	mengasihi-1	mengasihi		False	True	False	False
53002016016	kita-3	kita		False	True	False	False
53002016017	dan-2	dan		False	True	False	False
53002016018	yang-2	yang		False	True	False	False
53002016019	telah-2	telah		False	True	False	False
53002016020	memberikan-1	memberikan		False	True	False	False
53002016021	kepada-1	kepada		False	True	False	False
53002016022	{-1	{		True	False	False	False
53002016023	kita-4	kita		False	True	False	False
53002016024	}-1	}		True	False	False	False
53002016025	penghiburan-1	penghiburan		False	True	False	False
53002016026	yang-3	yang		False	True	False	False
53002016027	kekal-1	kekal		False	True	False	False
53002016028	dan-3	dan		False	True	False	False
53002016029	pengharapan-1	pengharapan		False	True	False	False
53002016030	yang-4	yang		False	True	False	False
53002016031	baik-1	baik		False	True	False	False
53002016032	melalui-1	melalui		False	True	False	False
53002016033	anugerah-1	anugerah		False	True	False	False
53002016034	,-3	,		True	False	False	False
53002017001	kiranya-1	kiranya		False	True	False	False
53002017002	Ia-1	Ia		False	True	False	False
53002017003	menghibur-1	menghibur		False	True	False	False
53002017004	dan-1	dan		False	True	False	False
53002017005	menguatkan-1	menguatkan		False	True	False	False
53002017006	hati-1	hati		False	True	False	False
53002017007	kamu-1	kamu		False	True	False	False
53002017008	dalam-1	dalam		False	True	False	False
53002017009	setiap-1	setiap		False	True	False	False
53002017010	pekerjaan-1	pekerjaan		False	True	False	False
53002017011	dan-2	dan		False	True	False	False
53002017012	perkataan-1	perkataan		False	True	False	False
53002017013	yang-1	yang		False	True	False	False
53002017014	baik-1	baik		False	True	False	False
53002017015	.-1	.		True	False	False	False
53003001001	Akhirnya-1	Akhirnya		False	True	False	False
53003001002	,-1	,		True	False	False	False
53003001003	saudara-1	saudara		False	True	False	False
53003001004	--1	-		True	False	False	False
53003001005	saudara-2	saudara		False	True	False	False
53003001006	,-2	,		True	False	False	False
53003001007	berdoalah-1	berdoalah		False	True	False	False
53003001008	untuk-1	untuk		False	True	False	False
53003001009	kami-1	kami		False	True	False	False
53003001010	,-3	,		True	False	False	False
53003001011	supaya-1	supaya		False	True	False	False
53003001012	firman-1	firman		False	True	False	False
53003001013	Tuhan-1	Tuhan		False	True	False	False
53003001014	dapat-1	dapat		False	True	False	False
53003001015	maju-1	maju		False	True	False	False
53003001016	pesat-1	pesat		False	True	False	False
53003001017	dan-1	dan		False	True	False	False
53003001018	dapat-2	dapat		False	True	False	False
53003001019	dimuliakan-1	dimuliakan		False	True	False	False
53003001020	,-4	,		True	False	False	False
53003001021	sebagaimana-1	sebagaimana		False	True	False	False
53003001022	juga-1	juga		False	True	False	False
53003001023	yang-1	yang		False	True	False	False
53003001024	terjadi-1	terjadi		False	True	False	False
53003001025	di-1	di		False	True	False	False
53003001026	antara-1	antara		False	True	False	False
53003001027	kamu-1	kamu		False	True	False	False
53003001028	,-5	,		True	False	False	False
53003002001	dan-1	dan		False	True	False	False
53003002002	supaya-1	supaya		False	True	False	False
53003002003	kami-1	kami		False	True	False	False
53003002004	dapat-1	dapat		False	True	False	False
53003002005	diselamatkan-1	diselamatkan		False	True	False	False
53003002006	dari-1	dari		False	True	False	False
53003002007	orang-1	orang		False	True	False	False
53003002008	--1	-		True	False	False	False
53003002009	orang-2	orang		False	True	False	False
53003002010	yang-1	yang		False	True	False	False
53003002011	sesat-1	sesat		False	True	False	False
53003002012	dan-2	dan		False	True	False	False
53003002013	jahat-1	jahat		False	True	False	False
53003002014	,-1	,		True	False	False	False
53003002015	karena-1	karena		False	True	False	False
53003002016	tidak-1	tidak		False	True	False	False
53003002017	semua-1	semua		False	True	False	False
53003002018	orang-3	orang		False	True	False	False
53003002019	{-1	{		True	False	False	False
53003002020	memiliki-1	memiliki		False	True	False	False
53003002021	}-1	}		True	False	False	False
53003002022	iman-1	iman		False	True	False	False
53003002023	.-1	.		True	False	False	False
53003003001	Tetapi-1	Tetapi		False	True	False	False
53003003002	Tuhan-1	Tuhan		False	True	False	False
53003003003	adalah-1	adalah		False	True	False	False
53003003004	setia-1	setia		False	True	False	False
53003003005	,-1	,		True	False	False	False
53003003006	yang-1	yang		False	True	False	False
53003003007	akan-1	akan		False	True	False	False
53003003008	menguatkan-1	menguatkan		False	True	False	False
53003003009	dan-1	dan		False	True	False	False
53003003010	melindungi-1	melindungi		False	True	False	False
53003003011	kamu-1	kamu		False	True	False	False
53003003012	dari-1	dari		False	True	False	False
53003003013	yang-2	yang		False	True	False	False
53003003014	jahat-1	jahat		False	True	False	False
53003004001	Kami-1	Kami		False	True	False	False
53003004002	juga-1	juga		False	True	False	False
53003004003	yakin-1	yakin		False	True	False	False
53003004004	dalam-1	dalam		False	True	False	False
53003004005	Tuhan-1	Tuhan		False	True	False	False
53003004006	tentang-1	tentang		False	True	False	False
53003004007	kamu-1	kamu		False	True	False	False
53003004008	bahwa-1	bahwa		False	True	False	False
53003004009	kamu-2	kamu		False	True	False	False
53003004010	sedang-1	sedang		False	True	False	False
53003004011	melakukan-1	melakukan		False	True	False	False
53003004012	dan-1	dan		False	True	False	False
53003004013	akan-1	akan		False	True	False	False
53003004014	melakukan-2	melakukan		False	True	False	False
53003004015	apa-1	apa		False	True	False	False
53003004016	yang-1	yang		False	True	False	False
53003004017	kami-1	kami		False	True	False	False
53003004018	perintahkan-1	perintahkan		False	True	False	False
53003004019	.-1	.		True	False	False	False
53003005001	Sekarang-1	Sekarang		False	True	False	False
53003005002	semoga-1	semoga		False	True	False	False
53003005003	Tuhan-1	Tuhan		False	True	False	False
53003005004	mengarahkan-1	mengarahkan		False	True	False	False
53003005005	hati-1	hati		False	True	False	False
53003005006	kamu-1	kamu		False	True	False	False
53003005007	kepada-1	kepada		False	True	False	False
53003005008	kasih-1	kasih		False	True	False	False
53003005009	Allah-1	Allah		False	True	False	False
53003005010	dan-1	dan		False	True	False	False
53003005011	kepada-2	kepada		False	True	False	False
53003005012	ketekunan-1	ketekunan		False	True	False	False
53003005013	Kristus-1	Kristus		False	True	False	False
53003005014	.-1	.		True	False	False	False
53003006001	Sekarang-1	Sekarang		False	True	False	False
53003006002	kami-1	kami		False	True	False	False
53003006003	memberi-1	memberi		False	True	False	False
53003006004	perintah-1	perintah		False	True	False	False
53003006005	kepadamu-1	kepadamu		False	True	False	False
53003006006	,-1	,		True	False	False	False
53003006007	saudara-1	saudara		False	True	False	False
53003006008	--1	-		True	False	False	False
53003006009	saudara-2	saudara		False	True	False	False
53003006010	,-2	,		True	False	False	False
53003006011	dalam-1	dalam		False	True	False	False
53003006012	nama-1	nama		False	True	False	False
53003006013	Tuhan-1	Tuhan		False	True	False	False
53003006014	kita-1	kita		False	True	False	False
53003006015	Yesus-1	Yesus		False	True	False	False
53003006016	Kristus-1	Kristus		False	True	False	False
53003006017	,-3	,		True	False	False	False
53003006018	supaya-1	supaya		False	True	False	False
53003006019	kamu-1	kamu		False	True	False	False
53003006020	menjauhkan-1	menjauhkan		False	True	False	False
53003006021	diri-1	diri		False	True	False	False
53003006022	dari-1	dari		False	True	False	False
53003006023	setiap-1	setiap		False	True	False	False
53003006024	saudara-3	saudara		False	True	False	False
53003006025	yang-1	yang		False	True	False	False
53003006026	hidup-1	hidup		False	True	False	False
53003006027	tidak-1	tidak		False	True	False	False
53003006028	tertib-1	tertib		False	True	False	False
53003006029	dan-1	dan		False	True	False	False
53003006030	tidak-2	tidak		False	True	False	False
53003006031	menurut-1	menurut		False	True	False	False
53003006032	tradisi-1	tradisi		False	True	False	False
53003006033	--2	-		True	False	False	False
53003006034	tradisi-2	tradisi		False	True	False	False
53003006035	yang-2	yang		False	True	False	False
53003006036	telah-1	telah		False	True	False	False
53003006037	kamu-2	kamu		False	True	False	False
53003006038	terima-1	terima		False	True	False	False
53003006039	dari-2	dari		False	True	False	False
53003006040	kami-2	kami		False	True	False	False
53003006041	.-1	.		True	False	False	False
53003007001	Karena-1	Karena		False	True	False	False
53003007002	kamu-1	kamu		False	True	False	False
53003007003	sendiri-1	sendiri		False	True	False	False
53003007004	tahu-1	tahu		False	True	False	False
53003007005	bagaimana-1	bagaimana		False	True	False	False
53003007006	kamu-2	kamu		False	True	False	False
53003007007	harus-1	harus		False	True	False	False
53003007008	meneladani-1	meneladani		False	True	False	False
53003007009	kami-1	kami		False	True	False	False
53003007010	,-1	,		True	False	False	False
53003007011	karena-1	karena		False	True	False	False
53003007012	kami-2	kami		False	True	False	False
53003007013	tidak-1	tidak		False	True	False	False
53003007014	berlaku-1	berlaku		False	True	False	False
53003007015	tidak-2	tidak		False	True	False	False
53003007016	tertib-1	tertib		False	True	False	False
53003007017	di-1	di		False	True	False	False
53003007018	antara-1	antara		False	True	False	False
53003007019	kamu-3	kamu		False	True	False	False
53003007020	,-2	,		True	False	False	False
53003008001	dan-1	dan		False	True	False	False
53003008002	kami-1	kami		False	True	False	False
53003008003	juga-1	juga		False	True	False	False
53003008004	tidak-1	tidak		False	True	False	False
53003008005	makan-1	makan		False	True	False	False
53003008006	roti-1	roti		False	True	False	False
53003008007	dari-1	dari		False	True	False	False
53003008008	siapa-1	siapa		False	True	False	False
53003008009	pun-1	pun		False	True	False	False
53003008010	dengan-1	dengan		False	True	False	False
53003008011	cuma-1	cuma		False	True	False	False
53003008012	--1	-		True	False	False	False
53003008013	cuma-2	cuma		False	True	False	False
53003008014	,-1	,		True	False	False	False
53003008015	tetapi-1	tetapi		False	True	False	False
53003008016	kami-2	kami		False	True	False	False
53003008017	bekerja-1	bekerja		False	True	False	False
53003008018	siang-1	siang		False	True	False	False
53003008019	dan-2	dan		False	True	False	False
53003008020	malam-1	malam		False	True	False	False
53003008021	dengan-2	dengan		False	True	False	False
53003008022	kerja-1	kerja		False	True	False	False
53003008023	keras-1	keras		False	True	False	False
53003008024	dan-3	dan		False	True	False	False
53003008025	jerih-1	jerih		False	True	False	False
53003008026	lelah-1	lelah		False	True	False	False
53003008027	,-2	,		True	False	False	False
53003008028	agar-1	agar		False	True	False	False
53003008029	tidak-2	tidak		False	True	False	False
53003008030	membebani-1	membebani		False	True	False	False
53003008031	siapa-2	siapa		False	True	False	False
53003008032	pun-2	pun		False	True	False	False
53003008033	dari-2	dari		False	True	False	False
53003008034	antara-1	antara		False	True	False	False
53003008035	kamu-1	kamu		False	True	False	False
53003008036	,-3	,		True	False	False	False
53003009001	bukan-1	bukan		False	True	False	False
53003009002	karena-1	karena		False	True	False	False
53003009003	kami-1	kami		False	True	False	False
53003009004	tidak-1	tidak		False	True	False	False
53003009005	mempunyai-1	mempunyai		False	True	False	False
53003009006	wewenang-1	wewenang		False	True	False	False
53003009007	,-1	,		True	False	False	False
53003009008	tetapi-1	tetapi		False	True	False	False
53003009009	supaya-1	supaya		False	True	False	False
53003009010	kami-2	kami		False	True	False	False
53003009011	dapat-1	dapat		False	True	False	False
53003009012	memberikan-1	memberikan		False	True	False	False
53003009013	diri-1	diri		False	True	False	False
53003009014	kami-3	kami		False	True	False	False
53003009015	sendiri-1	sendiri		False	True	False	False
53003009016	{-1	{		True	False	False	False
53003009017	sebagai-1	sebagai		False	True	False	False
53003009018	}-1	}		True	False	False	False
53003009019	satu-1	satu		False	True	False	False
53003009020	teladan-1	teladan		False	True	False	False
53003009021	bagi-1	bagi		False	True	False	False
53003009022	kamu-1	kamu		False	True	False	False
53003009023	untuk-1	untuk		False	True	False	False
53003009024	meneladani-1	meneladani		False	True	False	False
53003009025	kami-4	kami		False	True	False	False
53003009026	.-1	.		True	False	False	False
53003010001	Karena-1	Karena		False	True	False	False
53003010002	bahkan-1	bahkan		False	True	False	False
53003010003	ketika-1	ketika		False	True	False	False
53003010004	kami-1	kami		False	True	False	False
53003010005	dulu-1	dulu		False	True	False	False
53003010006	bersama-1	bersama		False	True	False	False
53003010007	kamu-1	kamu		False	True	False	False
53003010008	,-1	,		True	False	False	False
53003010009	kami-2	kami		False	True	False	False
53003010010	telah-1	telah		False	True	False	False
53003010011	memberi-1	memberi		False	True	False	False
53003010012	perintah-1	perintah		False	True	False	False
53003010013	ini-1	ini		False	True	False	False
53003010014	kepada-1	kepada		False	True	False	False
53003010015	kamu-2	kamu		False	True	False	False
53003010016	,-2	,		True	False	False	False
53003010017	"-1	"		True	False	False	False
53003010018	Jika-1	Jika		False	True	False	False
53003010019	seseorang-1	seseorang		False	True	False	False
53003010020	tidak-1	tidak		False	True	False	False
53003010021	mau-1	mau		False	True	False	False
53003010022	bekerja-1	bekerja		False	True	False	False
53003010023	,-3	,		True	False	False	False
53003010024	jangan-1	jangan		False	True	False	False
53003010025	juga-1	juga		False	True	False	False
53003010026	biarkan-1	biarkan		False	True	False	False
53003010027	dia-1	dia		False	True	False	False
53003010028	makan-1	makan		False	True	False	False
53003010029	.-1	.		True	False	False	False
53003010030	"-2	"		True	False	False	False
53003011001	Sebab-1	Sebab		False	True	False	False
53003011002	kami-1	kami		False	True	False	False
53003011003	dengar-1	dengar		False	True	False	False
53003011004	tentang-1	tentang		False	True	False	False
53003011005	beberapa-1	beberapa		False	True	False	False
53003011006	orang-1	orang		False	True	False	False
53003011007	yang-1	yang		False	True	False	False
53003011008	hidup-1	hidup		False	True	False	False
53003011009	bermalas-1	bermalas		False	True	False	False
53003011010	--1	-		True	False	False	False
53003011011	malasan-1	malasan		False	True	False	False
53003011012	di-1	di		False	True	False	False
53003011013	antara-1	antara		False	True	False	False
53003011014	kamu-1	kamu		False	True	False	False
53003011015	,-1	,		True	False	False	False
53003011016	tidak-1	tidak		False	True	False	False
53003011017	bekerja-1	bekerja		False	True	False	False
53003011018	,-2	,		True	False	False	False
53003011019	melainkan-1	melainkan		False	True	False	False
53003011020	sibuk-1	sibuk		False	True	False	False
53003011021	mencampuri-1	mencampuri		False	True	False	False
53003011022	urusan-1	urusan		False	True	False	False
53003011023	orang-2	orang		False	True	False	False
53003011024	.-1	.		True	False	False	False
53003012001	Tetapi-1	Tetapi		False	True	False	False
53003012002	kepada-1	kepada		False	True	False	False
53003012003	orang-1	orang		False	True	False	False
53003012004	--1	-		True	False	False	False
53003012005	orang-2	orang		False	True	False	False
53003012006	seperti-1	seperti		False	True	False	False
53003012007	itu-1	itu		False	True	False	False
53003012008	kami-1	kami		False	True	False	False
53003012009	perintahkan-1	perintahkan		False	True	False	False
53003012010	dan-1	dan		False	True	False	False
53003012011	nasihatkan-1	nasihatkan		False	True	False	False
53003012012	dalam-1	dalam		False	True	False	False
53003012013	Tuhan-1	Tuhan		False	True	False	False
53003012014	Yesus-1	Yesus		False	True	False	False
53003012015	Kristus-1	Kristus		False	True	False	False
53003012016	,-1	,		True	False	False	False
53003012017	agar-1	agar		False	True	False	False
53003012018	dengan-1	dengan		False	True	False	False
53003012019	bekerja-1	bekerja		False	True	False	False
53003012020	dalam-2	dalam		False	True	False	False
53003012021	ketenangan-1	ketenangan		False	True	False	False
53003012022	,-2	,		True	False	False	False
53003012023	mereka-1	mereka		False	True	False	False
53003012024	dapat-1	dapat		False	True	False	False
53003012025	makan-1	makan		False	True	False	False
53003012026	roti-1	roti		False	True	False	False
53003012027	mereka-2	mereka		False	True	False	False
53003012028	sendiri-1	sendiri		False	True	False	False
53003012029	.-1	.		True	False	False	False
53003013001	Tetapi-1	Tetapi		False	True	False	False
53003013002	kamu-1	kamu		False	True	False	False
53003013003	,-1	,		True	False	False	False
53003013004	saudara-1	saudara		False	True	False	False
53003013005	--1	-		True	False	False	False
53003013006	saudara-2	saudara		False	True	False	False
53003013007	,-2	,		True	False	False	False
53003013008	janganlah-1	janganlah		False	True	False	False
53003013009	menjadi-1	menjadi		False	True	False	False
53003013010	lelah-1	lelah		False	True	False	False
53003013011	dalam-1	dalam		False	True	False	False
53003013012	melakukan-1	melakukan		False	True	False	False
53003013013	apa-1	apa		False	True	False	False
53003013014	yang-1	yang		False	True	False	False
53003013015	baik-1	baik		False	True	False	False
53003013016	.-1	.		True	False	False	False
53003014001	Sekarang-1	Sekarang		False	True	False	False
53003014002	jika-1	jika		False	True	False	False
53003014003	seseorang-1	seseorang		False	True	False	False
53003014004	tidak-1	tidak		False	True	False	False
53003014005	menaati-1	menaati		False	True	False	False
53003014006	perkataan-1	perkataan		False	True	False	False
53003014007	kami-1	kami		False	True	False	False
53003014008	melalui-1	melalui		False	True	False	False
53003014009	surat-1	surat		False	True	False	False
53003014010	ini-1	ini		False	True	False	False
53003014011	,-1	,		True	False	False	False
53003014012	tandailah-1	tandailah		False	True	False	False
53003014013	orang-1	orang		False	True	False	False
53003014014	ini-2	ini		False	True	False	False
53003014015	---1	--		True	False	False	False
53003014016	jangan-1	jangan		False	True	False	False
53003014017	bergaul-1	bergaul		False	True	False	False
53003014018	dengannya-1	dengannya		False	True	False	False
53003014019	,-2	,		True	False	False	False
53003014020	agar-1	agar		False	True	False	False
53003014021	dia-1	dia		False	True	False	False
53003014022	dapat-1	dapat		False	True	False	False
53003014023	menjadi-1	menjadi		False	True	False	False
53003014024	malu-1	malu		False	True	False	False
53003014025	.-1	.		True	False	False	False
53003015001	Dan-1	Dan		False	True	False	False
53003015002	janganlah-1	janganlah		False	True	False	False
53003015003	menganggap-1	menganggap		False	True	False	False
53003015004	{-1	{		True	False	False	False
53003015005	dia-1	dia		False	True	False	False
53003015006	}-1	}		True	False	False	False
53003015007	sebagai-1	sebagai		False	True	False	False
53003015008	seorang-1	seorang		False	True	False	False
53003015009	musuh-1	musuh		False	True	False	False
53003015010	,-1	,		True	False	False	False
53003015011	tetapi-1	tetapi		False	True	False	False
53003015012	peringatkanlah-1	peringatkanlah		False	True	False	False
53003015013	dia-2	dia		False	True	False	False
53003015014	sebagai-2	sebagai		False	True	False	False
53003015015	seorang-2	seorang		False	True	False	False
53003015016	saudara-1	saudara		False	True	False	False
53003015017	.-1	.		True	False	False	False
53003016001	Sekarang-1	Sekarang		False	True	False	False
53003016002	semoga-1	semoga		False	True	False	False
53003016003	Tuhan-1	Tuhan		False	True	False	False
53003016004	sumber-1	sumber		False	True	False	False
53003016005	damai-1	damai		False	True	False	False
53003016006	itu-1	itu		False	True	False	False
53003016007	sendiri-1	sendiri		False	True	False	False
53003016008	memberikan-1	memberikan		False	True	False	False
53003016009	kepada-1	kepada		False	True	False	False
53003016010	kamu-1	kamu		False	True	False	False
53003016011	damai-2	damai		False	True	False	False
53003016012	melalui-1	melalui		False	True	False	False
53003016013	semua-1	semua		False	True	False	False
53003016014	dalam-1	dalam		False	True	False	False
53003016015	segala-1	segala		False	True	False	False
53003016016	hal-1	hal		False	True	False	False
53003016017	.-1	.		True	False	False	False
53003016018	Tuhan-2	Tuhan		False	True	False	False
53003016019	menyertai-1	menyertai		False	True	False	False
53003016020	kamu-2	kamu		False	True	False	False
53003016021	semua-2	semua		False	True	False	False
53003016022	.-2	.		True	False	False	False
53003017001	Salam-1	Salam		False	True	False	False
53003017002	ini-1	ini		False	True	False	False
53003017003	{-1	{		True	False	False	False
53003017004	adalah-1	adalah		False	True	False	False
53003017005	}-1	}		True	False	False	False
53003017006	dengan-1	dengan		False	True	False	False
53003017007	tanganku-1	tanganku		False	True	False	False
53003017008	sendiri-1	sendiri		False	True	False	False
53003017009	—-1	—		True	False	False	False
53003017010	Paulus-1	Paulus		False	True	False	False
53003017011	—-2	—		True	False	False	False
53003017012	yang-1	yang		False	True	False	False
53003017013	adalah-2	adalah		False	True	False	False
53003017014	satu-1	satu		False	True	False	False
53003017015	tanda-1	tanda		False	True	False	False
53003017016	dalam-1	dalam		False	True	False	False
53003017017	setiap-1	setiap		False	True	False	False
53003017018	surat-1	surat		False	True	False	False
53003017019	.-1	.		True	False	False	False
53003017020	Dalam-1	Dalam		False	True	False	False
53003017021	cara-1	cara		False	True	False	False
53003017022	inilah-1	inilah		False	True	False	False
53003017023	aku-1	aku		False	True	False	False
53003017024	menulis-1	menulis		False	True	False	False
53003017025	.-2	.		True	False	False	False
53003018001	Anugerah-1	Anugerah		False	True	False	False
53003018002	Tuhan-1	Tuhan		False	True	False	False
53003018003	kita-1	kita		False	True	False	False
53003018004	Yesus-1	Yesus		False	True	False	False
53003018005	Kristus-1	Kristus		False	True	False	False
53003018006	menyertai-1	menyertai		False	True	False	False
53003018007	kamu-1	kamu		False	True	False	False
53003018008	semua-1	semua		False	True	False	False
53003018009	.-1	.		True	False	False	False
54001001001	Paulus-1	Paulus		False	True	False	False
54001001002	,-1	,		True	False	False	False
54001001003	seorang-1	seorang		False	True	False	False
54001001004	rasul-1	rasul		False	True	False	False
54001001005	Kristus-1	Kristus		False	True	False	False
54001001006	Yesus-1	Yesus		False	True	False	False
54001001007	menurut-1	menurut		False	True	False	False
54001001008	perintah-1	perintah		False	True	False	False
54001001009	dari-1	dari		False	True	False	False
54001001010	Allah-1	Allah		False	True	False	False
54001001011	Juruselamat-1	Juruselamat		False	True	False	False
54001001012	kita-1	kita		False	True	False	False
54001001013	dan-1	dan		False	True	False	False
54001001014	Tuhan-1	Tuhan		False	True	False	False
54001001015	Yesus-2	Yesus		False	True	False	False
54001001016	Kristus-2	Kristus		False	True	False	False
54001001017	pengharapan-1	pengharapan		False	True	False	False
54001001018	kita-2	kita		False	True	False	False
54001001019	,-2	,		True	False	False	False
54001002001	kepada-1	kepada		False	True	False	False
54001002002	Timotius-1	Timotius		False	True	False	False
54001002003	,-1	,		True	False	False	False
54001002004	anakku-1	anakku		False	True	False	False
54001002005	yang-1	yang		False	True	False	False
54001002006	sejati-1	sejati		False	True	False	False
54001002007	dalam-1	dalam		False	True	False	False
54001002008	iman-1	iman		False	True	False	False
54001002009	:-1	:		True	False	False	False
54001002010	Anugerah-1	Anugerah		False	True	False	False
54001002011	,-2	,		True	False	False	False
54001002012	kemurahan-1	kemurahan		False	True	False	False
54001002013	,-3	,		True	False	False	False
54001002014	damai-1	damai		False	True	False	False
54001002015	sejahtera-1	sejahtera		False	True	False	False
54001002016	dari-1	dari		False	True	False	False
54001002017	Allah-1	Allah		False	True	False	False
54001002018	Bapa-1	Bapa		False	True	False	False
54001002019	dan-1	dan		False	True	False	False
54001002020	Kristus-1	Kristus		False	True	False	False
54001002021	Yesus-1	Yesus		False	True	False	False
54001002022	Tuhan-1	Tuhan		False	True	False	False
54001002023	kita-1	kita		False	True	False	False
54001002024	.-1	.		True	False	False	False
54001003001	Sebagaimana-1	Sebagaimana		False	True	False	False
54001003002	aku-1	aku		False	True	False	False
54001003003	telah-1	telah		False	True	False	False
54001003004	mendorong-1	mendorong		False	True	False	False
54001003005	engkau-1	engkau		False	True	False	False
54001003006	ketika-1	ketika		False	True	False	False
54001003007	aku-2	aku		False	True	False	False
54001003008	pergi-1	pergi		False	True	False	False
54001003009	ke-1	ke		False	True	False	False
54001003010	Makedonia-1	Makedonia		False	True	False	False
54001003011	,-1	,		True	False	False	False
54001003012	untuk-1	untuk		False	True	False	False
54001003013	tinggal-1	tinggal		False	True	False	False
54001003014	di-1	di		False	True	False	False
54001003015	Efesus-1	Efesus		False	True	False	False
54001003016	agar-1	agar		False	True	False	False
54001003017	engkau-2	engkau		False	True	False	False
54001003018	dapat-1	dapat		False	True	False	False
54001003019	menasihatkan-1	menasihatkan		False	True	False	False
54001003020	orang-1	orang		False	True	False	False
54001003021	--1	-		True	False	False	False
54001003022	orang-2	orang		False	True	False	False
54001003023	tertentu-1	tertentu		False	True	False	False
54001003024	untuk-2	untuk		False	True	False	False
54001003025	tidak-1	tidak		False	True	False	False
54001003026	mengajarkan-1	mengajarkan		False	True	False	False
54001003027	ajaran-1	ajaran		False	True	False	False
54001003028	yang-1	yang		False	True	False	False
54001003029	berbeda-1	berbeda		False	True	False	False
54001003030	.-1	.		True	False	False	False
54001004001	Jangan-1	Jangan		False	True	False	False
54001004002	menghiraukan-1	menghiraukan		False	True	False	False
54001004003	dongeng-1	dongeng		False	True	False	False
54001004004	--1	-		True	False	False	False
54001004005	dongeng-2	dongeng		False	True	False	False
54001004006	dan-1	dan		False	True	False	False
54001004007	silsilah-1	silsilah		False	True	False	False
54001004008	--2	-		True	False	False	False
54001004009	silsilah-2	silsilah		False	True	False	False
54001004010	yang-1	yang		False	True	False	False
54001004011	tiada-1	tiada		False	True	False	False
54001004012	putus-1	putus		False	True	False	False
54001004013	--3	-		True	False	False	False
54001004014	putusnya-1	putusnya		False	True	False	False
54001004015	,-1	,		True	False	False	False
54001004016	yang-2	yang		False	True	False	False
54001004017	menimbulkan-1	menimbulkan		False	True	False	False
54001004018	perselisihan-1	perselisihan		False	True	False	False
54001004019	dan-2	dan		False	True	False	False
54001004020	bukannya-1	bukannya		False	True	False	False
54001004021	penatalayanan-1	penatalayanan		False	True	False	False
54001004022	Allah-1	Allah		False	True	False	False
54001004023	,-2	,		True	False	False	False
54001004024	(-1	(		True	False	True	False
54001004025	yang-3	yang		False	True	False	False
54001004026	adalah-1	adalah		False	True	False	False
54001004027	)-1	)		True	False	False	False
54001004028	dalam-1	dalam		False	True	False	False
54001004029	iman-1	iman		False	True	False	False
54001004030	.-1	.		True	False	False	False
54001005001	Dan-1	Dan		False	True	False	False
54001005002	tujuan-1	tujuan		False	True	False	False
54001005003	akhir-1	akhir		False	True	False	False
54001005004	dari-1	dari		False	True	False	False
54001005005	perintah-1	perintah		False	True	False	False
54001005006	adalah-1	adalah		False	True	False	False
54001005007	kasih-1	kasih		False	True	False	False
54001005008	dari-2	dari		False	True	False	False
54001005009	hati-1	hati		False	True	False	False
54001005010	yang-1	yang		False	True	False	False
54001005011	murni-1	murni		False	True	False	False
54001005012	,-1	,		True	False	False	False
54001005013	dan-1	dan		False	True	False	False
54001005014	hati-2	hati		False	True	False	False
54001005015	nurani-1	nurani		False	True	False	False
54001005016	yang-2	yang		False	True	False	False
54001005017	baik-1	baik		False	True	False	False
54001005018	,-2	,		True	False	False	False
54001005019	dan-2	dan		False	True	False	False
54001005020	dari-3	dari		False	True	False	False
54001005021	iman-1	iman		False	True	False	False
54001005022	yang-3	yang		False	True	False	False
54001005023	tulus-1	tulus		False	True	False	False
54001005024	.-1	.		True	False	False	False
54001006001	yang-1	yang		False	True	False	False
54001006002	darinya-1	darinya		False	True	False	False
54001006003	beberapa-1	beberapa		False	True	False	False
54001006004	orang-1	orang		False	True	False	False
54001006005	telah-1	telah		False	True	False	False
54001006006	meleset-1	meleset		False	True	False	False
54001006007	dari-1	dari		False	True	False	False
54001006008	sasaran-1	sasaran		False	True	False	False
54001006009	,-1	,		True	False	False	False
54001006010	yang-2	yang		False	True	False	False
54001006011	telah-2	telah		False	True	False	False
54001006012	berpaling-1	berpaling		False	True	False	False
54001006013	kepada-1	kepada		False	True	False	False
54001006014	perkataan-1	perkataan		False	True	False	False
54001006015	yang-3	yang		False	True	False	False
54001006016	sia-1	sia		False	True	False	False
54001006017	--1	-		True	False	False	False
54001006018	sia-2	sia		False	True	False	False
54001006019	.-1	.		True	False	False	False
54001007001	Mereka-1	Mereka		False	True	False	False
54001007002	ingin-1	ingin		False	True	False	False
54001007003	menjadi-1	menjadi		False	True	False	False
54001007004	pengajar-1	pengajar		False	True	False	False
54001007005	--1	-		True	False	False	False
54001007006	pengajar-2	pengajar		False	True	False	False
54001007007	Taurat-1	Taurat		False	True	False	False
54001007008	,-1	,		True	False	False	False
54001007009	tetapi-1	tetapi		False	True	False	False
54001007010	mereka-1	mereka		False	True	False	False
54001007011	tidak-1	tidak		False	True	False	False
54001007012	mengerti-1	mengerti		False	True	False	False
54001007013	tentang-1	tentang		False	True	False	False
54001007014	apa-1	apa		False	True	False	False
54001007015	yang-1	yang		False	True	False	False
54001007016	mereka-2	mereka		False	True	False	False
54001007017	katakan-1	katakan		False	True	False	False
54001007018	atau-1	atau		False	True	False	False
54001007019	tentang-2	tentang		False	True	False	False
54001007020	apa-2	apa		False	True	False	False
54001007021	yang-2	yang		False	True	False	False
54001007022	mereka-3	mereka		False	True	False	False
54001007023	yakini-1	yakini		False	True	False	False
54001007024	.-1	.		True	False	False	False
54001008001	Tetapi-1	Tetapi		False	True	False	False
54001008002	kita-1	kita		False	True	False	False
54001008003	tahu-1	tahu		False	True	False	False
54001008004	bahwa-1	bahwa		False	True	False	False
54001008005	Taurat-1	Taurat		False	True	False	False
54001008006	itu-1	itu		False	True	False	False
54001008007	baik-1	baik		False	True	False	False
54001008008	jika-1	jika		False	True	False	False
54001008009	seseorang-1	seseorang		False	True	False	False
54001008010	menggunakannya-1	menggunakannya		False	True	False	False
54001008011	dengan-1	dengan		False	True	False	False
54001008012	tepat-1	tepat		False	True	False	False
54001008013	.-1	.		True	False	False	False
54001009001	Dan-1	Dan		False	True	False	False
54001009002	kita-1	kita		False	True	False	False
54001009003	tahu-1	tahu		False	True	False	False
54001009004	ini-1	ini		False	True	False	False
54001009005	,-1	,		True	False	False	False
54001009006	hukum-1	hukum		False	True	False	False
54001009007	tidak-1	tidak		False	True	False	False
54001009008	dibuat-1	dibuat		False	True	False	False
54001009009	hanya-1	hanya		False	True	False	False
54001009010	bagi-1	bagi		False	True	False	False
54001009011	orang-1	orang		False	True	False	False
54001009012	yang-1	yang		False	True	False	False
54001009013	benar-1	benar		False	True	False	False
54001009014	,-2	,		True	False	False	False
54001009015	tetapi-1	tetapi		False	True	False	False
54001009016	untuk-1	untuk		False	True	False	False
54001009017	orang-2	orang		False	True	False	False
54001009018	durhaka-1	durhaka		False	True	False	False
54001009019	dan-1	dan		False	True	False	False
54001009020	pemberontak-1	pemberontak		False	True	False	False
54001009021	,-3	,		True	False	False	False
54001009022	untuk-2	untuk		False	True	False	False
54001009023	orang-3	orang		False	True	False	False
54001009024	fasik-1	fasik		False	True	False	False
54001009025	dan-2	dan		False	True	False	False
54001009026	orang-4	orang		False	True	False	False
54001009027	berdosa-1	berdosa		False	True	False	False
54001009028	,-4	,		True	False	False	False
54001009029	untuk-3	untuk		False	True	False	False
54001009030	mereka-1	mereka		False	True	False	False
54001009031	yang-2	yang		False	True	False	False
54001009032	tidak-2	tidak		False	True	False	False
54001009033	percaya-1	percaya		False	True	False	False
54001009034	Tuhan-1	Tuhan		False	True	False	False
54001009035	dan-3	dan		False	True	False	False
54001009036	hidup-1	hidup		False	True	False	False
54001009037	duniawi-1	duniawi		False	True	False	False
54001009038	.-1	.		True	False	False	False
54001009039	Pembunuh-1	Pembunuh		False	True	False	False
54001009040	ayahnya-1	ayahnya		False	True	False	False
54001009041	dan-4	dan		False	True	False	False
54001009042	pembunuh-1	pembunuh		False	True	False	False
54001009043	ibunya-1	ibunya		False	True	False	False
54001009044	,-5	,		True	False	False	False
54001009045	bagi-2	bagi		False	True	False	False
54001009046	para-1	para		False	True	False	False
54001009047	pembunuh-2	pembunuh		False	True	False	False
54001009048	,-6	,		True	False	False	False
54001010001	orang-1	orang		False	True	False	False
54001010002	cabul-1	cabul		False	True	False	False
54001010003	,-1	,		True	False	False	False
54001010004	pencinta-1	pencinta		False	True	False	False
54001010005	sesama-1	sesama		False	True	False	False
54001010006	jenis-1	jenis		False	True	False	False
54001010007	,-2	,		True	False	False	False
54001010008	penculik-1	penculik		False	True	False	False
54001010009	,-3	,		True	False	False	False
54001010010	pembohong-1	pembohong		False	True	False	False
54001010011	,-4	,		True	False	False	False
54001010012	saksi-1	saksi		False	True	False	False
54001010013	--1	-		True	False	False	False
54001010014	saksi-2	saksi		False	True	False	False
54001010015	dusta-1	dusta		False	True	False	False
54001010016	,-5	,		True	False	False	False
54001010017	dan-1	dan		False	True	False	False
54001010018	untuk-1	untuk		False	True	False	False
54001010019	siapa-1	siapa		False	True	False	False
54001010020	saja-1	saja		False	True	False	False
54001010021	yang-1	yang		False	True	False	False
54001010022	mengajarkan-1	mengajarkan		False	True	False	False
54001010023	ajaran-1	ajaran		False	True	False	False
54001010024	yang-2	yang		False	True	False	False
54001010025	bertentangan-1	bertentangan		False	True	False	False
54001010026	dengan-1	dengan		False	True	False	False
54001010027	ajaran-2	ajaran		False	True	False	False
54001010028	sehat-1	sehat		False	True	False	False
54001010029	.-1	.		True	False	False	False
54001011001	Sesuai-1	Sesuai		False	True	False	False
54001011002	dengan-1	dengan		False	True	False	False
54001011003	injil-1	injil		False	True	False	False
54001011004	yang-1	yang		False	True	False	False
54001011005	mulia-1	mulia		False	True	False	False
54001011006	dari-1	dari		False	True	False	False
54001011007	Allah-1	Allah		False	True	False	False
54001011008	yang-2	yang		False	True	False	False
54001011009	terpuji-1	terpuji		False	True	False	False
54001011010	,-1	,		True	False	False	False
54001011011	yang-3	yang		False	True	False	False
54001011012	telah-1	telah		False	True	False	False
54001011013	dipercayakan-1	dipercayakan		False	True	False	False
54001011014	kepadaku-1	kepadaku		False	True	False	False
54001011015	.-1	.		True	False	False	False
54001012001	Aku-1	Aku		False	True	False	False
54001012002	bersyukur-1	bersyukur		False	True	False	False
54001012003	kepada-1	kepada		False	True	False	False
54001012004	Kristus-1	Kristus		False	True	False	False
54001012005	Yesus-1	Yesus		False	True	False	False
54001012006	Tuhan-1	Tuhan		False	True	False	False
54001012007	kita-1	kita		False	True	False	False
54001012008	,-1	,		True	False	False	False
54001012009	yang-1	yang		False	True	False	False
54001012010	telah-1	telah		False	True	False	False
54001012011	memberi-1	memberi		False	True	False	False
54001012012	kekuatan-1	kekuatan		False	True	False	False
54001012013	kepadaku-1	kepadaku		False	True	False	False
54001012014	,-2	,		True	False	False	False
54001012015	sebab-1	sebab		False	True	False	False
54001012016	Dia-1	Dia		False	True	False	False
54001012017	sudah-1	sudah		False	True	False	False
54001012018	menganggap-1	menganggap		False	True	False	False
54001012019	aku-1	aku		False	True	False	False
54001012020	setia-1	setia		False	True	False	False
54001012021	,-3	,		True	False	False	False
54001012022	yang-2	yang		False	True	False	False
54001012023	menempatkanku-1	menempatkanku		False	True	False	False
54001012024	dalam-1	dalam		False	True	False	False
54001012025	pelayanan-1	pelayanan		False	True	False	False
54001012026	.-1	.		True	False	False	False
54001013001	aku-1	aku		False	True	False	False
54001013002	yang-1	yang		False	True	False	False
54001013003	dahulu-1	dahulu		False	True	False	False
54001013004	seorang-1	seorang		False	True	False	False
54001013005	penghujat-1	penghujat		False	True	False	False
54001013006	,-1	,		True	False	False	False
54001013007	dan-1	dan		False	True	False	False
54001013008	seorang-2	seorang		False	True	False	False
54001013009	penganiaya-1	penganiaya		False	True	False	False
54001013010	,-2	,		True	False	False	False
54001013011	dan-2	dan		False	True	False	False
54001013012	seorang-3	seorang		False	True	False	False
54001013013	yang-2	yang		False	True	False	False
54001013014	ganas-1	ganas		False	True	False	False
54001013015	.-1	.		True	False	False	False
54001013016	Tetapi-1	Tetapi		False	True	False	False
54001013017	aku-2	aku		False	True	False	False
54001013018	telah-1	telah		False	True	False	False
54001013019	mendapatkan-1	mendapatkan		False	True	False	False
54001013020	kemurahan-1	kemurahan		False	True	False	False
54001013021	karena-1	karena		False	True	False	False
54001013022	tanpa-1	tanpa		False	True	False	False
54001013023	mengetahui-1	mengetahui		False	True	False	False
54001013024	,-3	,		True	False	False	False
54001013025	aku-3	aku		False	True	False	False
54001013026	melakukan-1	melakukan		False	True	False	False
54001013027	dalam-1	dalam		False	True	False	False
54001013028	ketidakpercayaan-1	ketidakpercayaan		False	True	False	False
54001013029	.-2	.		True	False	False	False
54001014001	Tetapi-1	Tetapi		False	True	False	False
54001014002	anugerah-1	anugerah		False	True	False	False
54001014003	Tuhan-1	Tuhan		False	True	False	False
54001014004	kita-1	kita		False	True	False	False
54001014005	yang-1	yang		False	True	False	False
54001014006	melimpah-1	melimpah		False	True	False	False
54001014007	dalam-1	dalam		False	True	False	False
54001014008	iman-1	iman		False	True	False	False
54001014009	dan-1	dan		False	True	False	False
54001014010	kasih-1	kasih		False	True	False	False
54001014011	dalam-2	dalam		False	True	False	False
54001014012	Kristus-1	Kristus		False	True	False	False
54001014013	Yesus-1	Yesus		False	True	False	False
54001014014	.-1	.		True	False	False	False
54001015001	Pernyataan-1	Pernyataan		False	True	False	False
54001015002	ini-1	ini		False	True	False	False
54001015003	dapat-1	dapat		False	True	False	False
54001015004	dipercaya-1	dipercaya		False	True	False	False
54001015005	dan-1	dan		False	True	False	False
54001015006	layak-1	layak		False	True	False	False
54001015007	diterima-1	diterima		False	True	False	False
54001015008	oleh-1	oleh		False	True	False	False
54001015009	seluruhnya-1	seluruhnya		False	True	False	False
54001015010	,-1	,		True	False	False	False
54001015011	"-1	"		True	False	False	False
54001015012	Kristus-1	Kristus		False	True	False	False
54001015013	Yesus-1	Yesus		False	True	False	False
54001015014	telah-1	telah		False	True	False	False
54001015015	datang-1	datang		False	True	False	False
54001015016	ke-1	ke		False	True	False	False
54001015017	dalam-1	dalam		False	True	False	False
54001015018	dunia-1	dunia		False	True	False	False
54001015019	ini-2	ini		False	True	False	False
54001015020	untuk-1	untuk		False	True	False	False
54001015021	menyelamatkan-1	menyelamatkan		False	True	False	False
54001015022	orang-1	orang		False	True	False	False
54001015023	berdosa-1	berdosa		False	True	False	False
54001015024	,-2	,		True	False	False	False
54001015025	"-2	"		True	False	False	False
54001015026	dari-1	dari		False	True	False	False
54001015027	antara-1	antara		False	True	False	False
54001015028	mereka-1	mereka		False	True	False	False
54001015029	akulah-1	akulah		False	True	False	False
54001015030	yang-1	yang		False	True	False	False
54001015031	paling-1	paling		False	True	False	False
54001015032	berdosa-2	berdosa		False	True	False	False
54001015033	.-1	.		True	False	False	False
54001016001	Tetapi-1	Tetapi		False	True	False	False
54001016002	dengan-1	dengan		False	True	False	False
54001016003	alasan-1	alasan		False	True	False	False
54001016004	inilah-1	inilah		False	True	False	False
54001016005	aku-1	aku		False	True	False	False
54001016006	telah-1	telah		False	True	False	False
54001016007	ditunjukkan-1	ditunjukkan		False	True	False	False
54001016008	kemurahan-1	kemurahan		False	True	False	False
54001016009	,-1	,		True	False	False	False
54001016010	supaya-1	supaya		False	True	False	False
54001016011	dalam-1	dalam		False	True	False	False
54001016012	diriku-1	diriku		False	True	False	False
54001016013	,-2	,		True	False	False	False
54001016014	pertama-1	pertama		False	True	False	False
54001016015	,-3	,		True	False	False	False
54001016016	Yesus-1	Yesus		False	True	False	False
54001016017	Kristus-1	Kristus		False	True	False	False
54001016018	dapat-1	dapat		False	True	False	False
54001016019	menyatakan-1	menyatakan		False	True	False	False
54001016020	seluruh-1	seluruh		False	True	False	False
54001016021	kesabaran-1	kesabaran		False	True	False	False
54001016022	sebagai-1	sebagai		False	True	False	False
54001016023	contoh-1	contoh		False	True	False	False
54001016024	untuk-1	untuk		False	True	False	False
54001016025	mereka-1	mereka		False	True	False	False
54001016026	yang-1	yang		False	True	False	False
54001016027	akan-1	akan		False	True	False	False
54001016028	percaya-1	percaya		False	True	False	False
54001016029	kepada-1	kepada		False	True	False	False
54001016030	Dia-1	Dia		False	True	False	False
54001016031	untuk-2	untuk		False	True	False	False
54001016032	hidup-1	hidup		False	True	False	False
54001016033	kekal-1	kekal		False	True	False	False
54001016034	.-1	.		True	False	False	False
54001017001	Dan-1	Dan		False	True	False	False
54001017002	kepada-1	kepada		False	True	False	False
54001017003	Raja-1	Raja		False	True	False	False
54001017004	segala-1	segala		False	True	False	False
54001017005	zaman-1	zaman		False	True	False	False
54001017006	,-1	,		True	False	False	False
54001017007	kekal-1	kekal		False	True	False	False
54001017008	,-2	,		True	False	False	False
54001017009	tidak-1	tidak		False	True	False	False
54001017010	kelihatan-1	kelihatan		False	True	False	False
54001017011	,-3	,		True	False	False	False
54001017012	satu-1	satu		False	True	False	False
54001017013	--1	-		True	False	False	False
54001017014	satunya-1	satunya		False	True	False	False
54001017015	Allah-1	Allah		False	True	False	False
54001017016	,-4	,		True	False	False	False
54001017017	hormat-1	hormat		False	True	False	False
54001017018	dan-1	dan		False	True	False	False
54001017019	kemuliaan-1	kemuliaan		False	True	False	False
54001017020	kekal-2	kekal		False	True	False	False
54001017021	sampai-1	sampai		False	True	False	False
54001017022	selama-1	selama		False	True	False	False
54001017023	--2	-		True	False	False	False
54001017024	lamanya-1	lamanya		False	True	False	False
54001017025	.-1	.		True	False	False	False
54001017026	Amin-1	Amin		False	True	False	False
54001017027	.-2	.		True	False	False	False
54001018001	Aku-1	Aku		False	True	False	False
54001018002	menempatkan-1	menempatkan		False	True	False	False
54001018003	perintah-1	perintah		False	True	False	False
54001018004	ini-1	ini		False	True	False	False
54001018005	untukmu-1	untukmu		False	True	False	False
54001018006	,-1	,		True	False	False	False
54001018007	hai-1	hai		False	True	False	False
54001018008	anakku-1	anakku		False	True	False	False
54001018009	Timotius-1	Timotius		False	True	False	False
54001018010	,-2	,		True	False	False	False
54001018011	sesuai-1	sesuai		False	True	False	False
54001018012	dengan-1	dengan		False	True	False	False
54001018013	nubuat-1	nubuat		False	True	False	False
54001018014	--1	-		True	False	False	False
54001018015	nubuat-2	nubuat		False	True	False	False
54001018016	yang-1	yang		False	True	False	False
54001018017	telah-1	telah		False	True	False	False
54001018018	mendahului-1	mendahului		False	True	False	False
54001018019	mengenai-1	mengenai		False	True	False	False
54001018020	engkau-1	engkau		False	True	False	False
54001018021	supaya-1	supaya		False	True	False	False
54001018022	dengan-2	dengan		False	True	False	False
54001018023	mereka-1	mereka		False	True	False	False
54001018024	engkau-2	engkau		False	True	False	False
54001018025	dapat-1	dapat		False	True	False	False
54001018026	bertarung-1	bertarung		False	True	False	False
54001018027	pertarungan-1	pertarungan		False	True	False	False
54001018028	yang-2	yang		False	True	False	False
54001018029	baik-1	baik		False	True	False	False
54001018030	.-1	.		True	False	False	False
54001019001	Mempertahankan-1	Mempertahankan		False	True	False	False
54001019002	iman-1	iman		False	True	False	False
54001019003	dan-1	dan		False	True	False	False
54001019004	hati-1	hati		False	True	False	False
54001019005	nurani-1	nurani		False	True	False	False
54001019006	yang-1	yang		False	True	False	False
54001019007	baik-1	baik		False	True	False	False
54001019008	yang-2	yang		False	True	False	False
54001019009	beberapa-1	beberapa		False	True	False	False
54001019010	orang-1	orang		False	True	False	False
54001019011	telah-1	telah		False	True	False	False
54001019012	menolak-1	menolak		False	True	False	False
54001019013	,-1	,		True	False	False	False
54001019014	berkenaan-1	berkenaan		False	True	False	False
54001019015	dengan-1	dengan		False	True	False	False
54001019016	iman-2	iman		False	True	False	False
54001019017	,-2	,		True	False	False	False
54001019018	mereka-1	mereka		False	True	False	False
54001019019	telah-2	telah		False	True	False	False
54001019020	kandas-1	kandas		False	True	False	False
54001019021	.-1	.		True	False	False	False
54001020001	yang-1	yang		False	True	False	False
54001020002	adalah-1	adalah		False	True	False	False
54001020003	Himenius-1	Himenius		False	True	False	False
54001020004	dan-1	dan		False	True	False	False
54001020005	Alexander-1	Alexander		False	True	False	False
54001020006	,-1	,		True	False	False	False
54001020007	yang-2	yang		False	True	False	False
54001020008	aku-1	aku		False	True	False	False
54001020009	telah-1	telah		False	True	False	False
54001020010	menyerahkan-1	menyerahkan		False	True	False	False
54001020011	kepada-1	kepada		False	True	False	False
54001020012	Setan-1	Setan		False	True	False	False
54001020013	agar-1	agar		False	True	False	False
54001020014	mereka-1	mereka		False	True	False	False
54001020015	diajar-1	diajar		False	True	False	False
54001020016	untuk-1	untuk		False	True	False	False
54001020017	tidak-1	tidak		False	True	False	False
54001020018	menghujat-1	menghujat		False	True	False	False
54001020019	.-1	.		True	False	False	False
54002001001	Maka-1	Maka		False	True	False	False
54002001002	dari-1	dari		False	True	False	False
54002001003	itu-1	itu		False	True	False	False
54002001004	yang-1	yang		False	True	False	False
54002001005	pertama-1	pertama		False	True	False	False
54002001006	dari-2	dari		False	True	False	False
54002001007	semuanya-1	semuanya		False	True	False	False
54002001008	,-1	,		True	False	False	False
54002001009	aku-1	aku		False	True	False	False
54002001010	menasehati-1	menasehati		False	True	False	False
54002001011	{-1	{		True	False	False	False
54002001012	agar-1	agar		False	True	False	False
54002001013	}-1	}		True	False	False	False
54002001014	permohonan-1	permohonan		False	True	False	False
54002001015	,-2	,		True	False	False	False
54002001016	doa-1	doa		False	True	False	False
54002001017	,-3	,		True	False	False	False
54002001018	doa-2	doa		False	True	False	False
54002001019	syafaat-1	syafaat		False	True	False	False
54002001020	,-4	,		True	False	False	False
54002001021	doa-3	doa		False	True	False	False
54002001022	pengucapan-1	pengucapan		False	True	False	False
54002001023	syukur-1	syukur		False	True	False	False
54002001024	,-5	,		True	False	False	False
54002001025	dilakukan-1	dilakukan		False	True	False	False
54002001026	bagi-1	bagi		False	True	False	False
54002001027	semua-1	semua		False	True	False	False
54002001028	orang-1	orang		False	True	False	False
54002001029	,-6	,		True	False	False	False
54002002001	untuk-1	untuk		False	True	False	False
54002002002	raja-1	raja		False	True	False	False
54002002003	--1	-		True	False	False	False
54002002004	raja-2	raja		False	True	False	False
54002002005	dan-1	dan		False	True	False	False
54002002006	semua-1	semua		False	True	False	False
54002002007	orang-1	orang		False	True	False	False
54002002008	yang-1	yang		False	True	False	False
54002002009	ada-1	ada		False	True	False	False
54002002010	dalam-1	dalam		False	True	False	False
54002002011	kekuasan-1	kekuasan		False	True	False	False
54002002012	,-1	,		True	False	False	False
54002002013	agar-1	agar		False	True	False	False
54002002014	kita-1	kita		False	True	False	False
54002002015	bisa-1	bisa		False	True	False	False
54002002016	hidup-1	hidup		False	True	False	False
54002002017	tenang-1	tenang		False	True	False	False
54002002018	dan-2	dan		False	True	False	False
54002002019	tenteram-1	tenteram		False	True	False	False
54002002020	dalam-2	dalam		False	True	False	False
54002002021	segala-1	segala		False	True	False	False
54002002022	kesalehan-1	kesalehan		False	True	False	False
54002002023	dan-3	dan		False	True	False	False
54002002024	kehormatan-1	kehormatan		False	True	False	False
54002002025	.-1	.		True	False	False	False
54002003001	Ini-1	Ini		False	True	False	False
54002003002	{-1	{		True	False	False	False
54002003003	adalah-1	adalah		False	True	False	False
54002003004	}-1	}		True	False	False	False
54002003005	hal-1	hal		False	True	False	False
54002003006	yang-1	yang		False	True	False	False
54002003007	baik-1	baik		False	True	False	False
54002003008	dan-1	dan		False	True	False	False
54002003009	berkenan-1	berkenan		False	True	False	False
54002003010	di-1	di		False	True	False	False
54002003011	hadapan-1	hadapan		False	True	False	False
54002003012	Allah-1	Allah		False	True	False	False
54002003013	Juruselamat-1	Juruselamat		False	True	False	False
54002003014	kita-1	kita		False	True	False	False
54002003015	.-1	.		True	False	False	False
54002004001	yang-1	yang		False	True	False	False
54002004002	menginginkan-1	menginginkan		False	True	False	False
54002004003	semua-1	semua		False	True	False	False
54002004004	manusia-1	manusia		False	True	False	False
54002004005	untuk-1	untuk		False	True	False	False
54002004006	diselamatkan-1	diselamatkan		False	True	False	False
54002004007	dan-1	dan		False	True	False	False
54002004008	datang-1	datang		False	True	False	False
54002004009	pengetahuan-1	pengetahuan		False	True	False	False
54002004010	akan-1	akan		False	True	False	False
54002004011	kebenaran-1	kebenaran		False	True	False	False
54002004012	.-1	.		True	False	False	False
54002005001	Karena-1	Karena		False	True	False	False
54002005002	hanya-1	hanya		False	True	False	False
54002005003	ada-1	ada		False	True	False	False
54002005004	satu-1	satu		False	True	False	False
54002005005	Allah-1	Allah		False	True	False	False
54002005006	,-1	,		True	False	False	False
54002005007	dan-1	dan		False	True	False	False
54002005008	satu-2	satu		False	True	False	False
54002005009	perantara-1	perantara		False	True	False	False
54002005010	antara-1	antara		False	True	False	False
54002005011	Allah-2	Allah		False	True	False	False
54002005012	dan-2	dan		False	True	False	False
54002005013	manusia-1	manusia		False	True	False	False
54002005014	,-2	,		True	False	False	False
54002005015	yaitu-1	yaitu		False	True	False	False
54002005016	manusia-2	manusia		False	True	False	False
54002005017	Kristus-1	Kristus		False	True	False	False
54002005018	Yesus-1	Yesus		False	True	False	False
54002005019	.-1	.		True	False	False	False
54002006001	yang-1	yang		False	True	False	False
54002006002	telah-1	telah		False	True	False	False
54002006003	memberikan-1	memberikan		False	True	False	False
54002006004	diriNya-1	diriNya		False	True	False	False
54002006005	sebagai-1	sebagai		False	True	False	False
54002006006	tebusan-1	tebusan		False	True	False	False
54002006007	untuk-1	untuk		False	True	False	False
54002006008	semua-1	semua		False	True	False	False
54002006009	,-1	,		True	False	False	False
54002006010	menjadi-1	menjadi		False	True	False	False
54002006011	kesaksian-1	kesaksian		False	True	False	False
54002006012	pada-1	pada		False	True	False	False
54002006013	waktu-1	waktu		False	True	False	False
54002006014	--1	-		True	False	False	False
54002006015	waktunya-1	waktunya		False	True	False	False
54002006016	sendiri-1	sendiri		False	True	False	False
54002006017	.-1	.		True	False	False	False
54002007001	Untuk-1	Untuk		False	True	False	False
54002007002	tujuan-1	tujuan		False	True	False	False
54002007003	itulah-1	itulah		False	True	False	False
54002007004	,-1	,		True	False	False	False
54002007005	aku-1	aku		False	True	False	False
54002007006	sendiri-1	sendiri		False	True	False	False
54002007007	telah-1	telah		False	True	False	False
54002007008	ditetapkan-1	ditetapkan		False	True	False	False
54002007009	sebagai-1	sebagai		False	True	False	False
54002007010	seorang-1	seorang		False	True	False	False
54002007011	pemberita-1	pemberita		False	True	False	False
54002007012	dan-1	dan		False	True	False	False
54002007013	seorang-2	seorang		False	True	False	False
54002007014	rasul-1	rasul		False	True	False	False
54002007015	.-1	.		True	False	False	False
54002007016	Aku-1	Aku		False	True	False	False
54002007017	memberitakan-1	memberitakan		False	True	False	False
54002007018	kebenaran-1	kebenaran		False	True	False	False
54002007019	di-1	di		False	True	False	False
54002007020	dalam-1	dalam		False	True	False	False
54002007021	Kristus-1	Kristus		False	True	False	False
54002007022	.-2	.		True	False	False	False
54002007023	Aku-2	Aku		False	True	False	False
54002007024	tidak-1	tidak		False	True	False	False
54002007025	berdusta-1	berdusta		False	True	False	False
54002007026	.-3	.		True	False	False	False
54002007027	Aku-3	Aku		False	True	False	False
54002007028	seorang-3	seorang		False	True	False	False
54002007029	pengajar-1	pengajar		False	True	False	False
54002007030	bagi-1	bagi		False	True	False	False
54002007031	orang-1	orang		False	True	False	False
54002007032	--1	-		True	False	False	False
54002007033	orang-2	orang		False	True	False	False
54002007034	bukan-1	bukan		False	True	False	False
54002007035	Yahudi-1	Yahudi		False	True	False	False
54002007036	dalam-2	dalam		False	True	False	False
54002007037	iman-1	iman		False	True	False	False
54002007038	dan-2	dan		False	True	False	False
54002007039	kebenaran-2	kebenaran		False	True	False	False
54002007040	.-4	.		True	False	False	False
54002008001	Demikianlah-1	Demikianlah		False	True	False	False
54002008002	,-1	,		True	False	False	False
54002008003	aku-1	aku		False	True	False	False
54002008004	ingin-1	ingin		False	True	False	False
54002008005	kaum-1	kaum		False	True	False	False
54002008006	pria-1	pria		False	True	False	False
54002008007	di-1	di		False	True	False	False
54002008008	manapun-1	manapun		False	True	False	False
54002008009	untuk-1	untuk		False	True	False	False
54002008010	berdoa-1	berdoa		False	True	False	False
54002008011	dan-1	dan		False	True	False	False
54002008012	menengadahkan-1	menengadahkan		False	True	False	False
54002008013	tangannya-1	tangannya		False	True	False	False
54002008014	yang-1	yang		False	True	False	False
54002008015	kudus-1	kudus		False	True	False	False
54002008016	tanpa-1	tanpa		False	True	False	False
54002008017	marah-1	marah		False	True	False	False
54002008018	atau-1	atau		False	True	False	False
54002008019	ragu-1	ragu		False	True	False	False
54002008020	--1	-		True	False	False	False
54002008021	ragu-2	ragu		False	True	False	False
54002008022	.-1	.		True	False	False	False
54002009001	Demikian-1	Demikian		False	True	False	False
54002009002	juga-1	juga		False	True	False	False
54002009003	,-1	,		True	False	False	False
54002009004	kaum-1	kaum		False	True	False	False
54002009005	perempuan-1	perempuan		False	True	False	False
54002009006	harus-1	harus		False	True	False	False
54002009007	mendandani-1	mendandani		False	True	False	False
54002009008	diri-1	diri		False	True	False	False
54002009009	dengan-1	dengan		False	True	False	False
54002009010	pakaian-1	pakaian		False	True	False	False
54002009011	yang-1	yang		False	True	False	False
54002009012	pantas-1	pantas		False	True	False	False
54002009013	,-2	,		True	False	False	False
54002009014	dengan-2	dengan		False	True	False	False
54002009015	kesederhanaan-1	kesederhanaan		False	True	False	False
54002009016	dan-1	dan		False	True	False	False
54002009017	pengendalian-1	pengendalian		False	True	False	False
54002009018	diri-2	diri		False	True	False	False
54002009019	,-3	,		True	False	False	False
54002009020	bukan-1	bukan		False	True	False	False
54002009021	dengan-3	dengan		False	True	False	False
54002009022	rambut-1	rambut		False	True	False	False
54002009023	yang-2	yang		False	True	False	False
54002009024	berkepang-1	berkepang		False	True	False	False
54002009025	dan-2	dan		False	True	False	False
54002009026	emas-1	emas		False	True	False	False
54002009027	,-4	,		True	False	False	False
54002009028	atau-1	atau		False	True	False	False
54002009029	mutiara-1	mutiara		False	True	False	False
54002009030	,-5	,		True	False	False	False
54002009031	atau-2	atau		False	True	False	False
54002009032	pakaian-2	pakaian		False	True	False	False
54002009033	yang-3	yang		False	True	False	False
54002009034	mahal-1	mahal		False	True	False	False
54002009035	.-1	.		True	False	False	False
54002010001	tetapi-1	tetapi		False	True	False	False
54002010002	apa-1	apa		False	True	False	False
54002010003	yang-1	yang		False	True	False	False
54002010004	pantas-1	pantas		False	True	False	False
54002010005	untuk-1	untuk		False	True	False	False
54002010006	para-1	para		False	True	False	False
54002010007	perempuan-1	perempuan		False	True	False	False
54002010008	yang-2	yang		False	True	False	False
54002010009	memiliki-1	memiliki		False	True	False	False
54002010010	kesalehan-1	kesalehan		False	True	False	False
54002010011	,-1	,		True	False	False	False
54002010012	melalui-1	melalui		False	True	False	False
54002010013	pekerjaan-1	pekerjaan		False	True	False	False
54002010014	--1	-		True	False	False	False
54002010015	pekerjaan-2	pekerjaan		False	True	False	False
54002010016	yang-3	yang		False	True	False	False
54002010017	baik-1	baik		False	True	False	False
54002010018	.-1	.		True	False	False	False
54002011001	Seorang-1	Seorang		False	True	False	False
54002011002	perempuan-1	perempuan		False	True	False	False
54002011003	hendaklah-1	hendaklah		False	True	False	False
54002011004	belajar-1	belajar		False	True	False	False
54002011005	untuk-1	untuk		False	True	False	False
54002011006	berdiam-1	berdiam		False	True	False	False
54002011007	diri-1	diri		False	True	False	False
54002011008	,-1	,		True	False	False	False
54002011009	dalam-1	dalam		False	True	False	False
54002011010	segala-1	segala		False	True	False	False
54002011011	kepatuhan-1	kepatuhan		False	True	False	False
54002011012	.-1	.		True	False	False	False
54002012001	Akan-1	Akan		False	True	False	False
54002012002	tetapi-1	tetapi		False	True	False	False
54002012003	,-1	,		True	False	False	False
54002012004	aku-1	aku		False	True	False	False
54002012005	tidak-1	tidak		False	True	False	False
54002012006	mengijinkan-1	mengijinkan		False	True	False	False
54002012007	seorang-1	seorang		False	True	False	False
54002012008	perempuan-1	perempuan		False	True	False	False
54002012009	untuk-1	untuk		False	True	False	False
54002012010	mengajar-1	mengajar		False	True	False	False
54002012011	atau-1	atau		False	True	False	False
54002012012	menerapkan-1	menerapkan		False	True	False	False
54002012013	kekuasaan-1	kekuasaan		False	True	False	False
54002012014	atas-1	atas		False	True	False	False
54002012015	laki-1	laki		False	True	False	False
54002012016	--1	-		True	False	False	False
54002012017	laki-2	laki		False	True	False	False
54002012018	,-2	,		True	False	False	False
54002012019	tetapi-2	tetapi		False	True	False	False
54002012020	untuk-2	untuk		False	True	False	False
54002012021	menjadi-1	menjadi		False	True	False	False
54002012022	di-1	di		False	True	False	False
54002012023	dalam-1	dalam		False	True	False	False
54002012024	keheningan-1	keheningan		False	True	False	False
54002012025	.-1	.		True	False	False	False
54002013001	Karena-1	Karena		False	True	False	False
54002013002	Adam-1	Adam		False	True	False	False
54002013003	pertama-1	pertama		False	True	False	False
54002013004	dibentuk-1	dibentuk		False	True	False	False
54002013005	,-1	,		True	False	False	False
54002013006	setelah-1	setelah		False	True	False	False
54002013007	itu-1	itu		False	True	False	False
54002013008	Hawa-1	Hawa		False	True	False	False
54002013009	.-1	.		True	False	False	False
54002014001	Dan-1	Dan		False	True	False	False
54002014002	bukan-1	bukan		False	True	False	False
54002014003	Adam-1	Adam		False	True	False	False
54002014004	yang-1	yang		False	True	False	False
54002014005	ditipu-1	ditipu		False	True	False	False
54002014006	,-1	,		True	False	False	False
54002014007	melainkan-1	melainkan		False	True	False	False
54002014008	perempuan-1	perempuan		False	True	False	False
54002014009	yang-2	yang		False	True	False	False
54002014010	ditipu-2	ditipu		False	True	False	False
54002014011	telah-1	telah		False	True	False	False
54002014012	datang-1	datang		False	True	False	False
54002014013	di-1	di		False	True	False	False
54002014014	dalam-1	dalam		False	True	False	False
54002014015	pelanggaran-1	pelanggaran		False	True	False	False
54002015001	Namun-1	Namun		False	True	False	False
54002015002	demikian-1	demikian		False	True	False	False
54002015003	,-1	,		True	False	False	False
54002015004	ia-1	ia		False	True	False	False
54002015005	akan-1	akan		False	True	False	False
54002015006	diselamatkan-1	diselamatkan		False	True	False	False
54002015007	melalui-1	melalui		False	True	False	False
54002015008	melahirkan-1	melahirkan		False	True	False	False
54002015009	anak-1	anak		False	True	False	False
54002015010	,-2	,		True	False	False	False
54002015011	jika-1	jika		False	True	False	False
54002015012	mereka-1	mereka		False	True	False	False
54002015013	tetap-1	tetap		False	True	False	False
54002015014	di-1	di		False	True	False	False
54002015015	dalam-1	dalam		False	True	False	False
54002015016	iman-1	iman		False	True	False	False
54002015017	dan-1	dan		False	True	False	False
54002015018	kasih-1	kasih		False	True	False	False
54002015019	dan-2	dan		False	True	False	False
54002015020	pengudusan-1	pengudusan		False	True	False	False
54002015021	dengan-1	dengan		False	True	False	False
54002015022	pengendalian-1	pengendalian		False	True	False	False
54002015023	diri-1	diri		False	True	False	False
54002015024	.-1	.		True	False	False	False
54003001001	Perkataan-1	Perkataan		False	True	False	False
54003001002	{-1	{		True	False	False	False
54003001003	ini-1	ini		False	True	False	False
54003001004	}-1	}		True	False	False	False
54003001005	{-2	{		True	False	False	False
54003001006	adalah-1	adalah		False	True	False	False
54003001007	}-2	}		True	False	False	False
54003001008	bisa-1	bisa		False	True	False	False
54003001009	dipercaya-1	dipercaya		False	True	False	False
54003001010	:-1	:		True	False	False	False
54003001011	jika-1	jika		False	True	False	False
54003001012	seseorang-1	seseorang		False	True	False	False
54003001013	menghendaki-1	menghendaki		False	True	False	False
54003001014	menjadi-1	menjadi		False	True	False	False
54003001015	penilik-1	penilik		False	True	False	False
54003001016	,-1	,		True	False	False	False
54003001017	ia-1	ia		False	True	False	False
54003001018	menghendaki-2	menghendaki		False	True	False	False
54003001019	pekerjaan-1	pekerjaan		False	True	False	False
54003001020	yang-1	yang		False	True	False	False
54003001021	mulia-1	mulia		False	True	False	False
54003001022	.-1	.		True	False	False	False
54003002001	Karena-1	Karena		False	True	False	False
54003002002	itu-1	itu		False	True	False	False
54003002003	penilik-1	penilik		False	True	False	False
54003002004	itu-2	itu		False	True	False	False
54003002005	haruslah-1	haruslah		False	True	False	False
54003002006	tidak-1	tidak		False	True	False	False
54003002007	tercela-1	tercela		False	True	False	False
54003002008	,-1	,		True	False	False	False
54003002009	seorang-1	seorang		False	True	False	False
54003002010	suami-1	suami		False	True	False	False
54003002011	dari-1	dari		False	True	False	False
54003002012	satu-1	satu		False	True	False	False
54003002013	istri-1	istri		False	True	False	False
54003002014	,-2	,		True	False	False	False
54003002015	orang-1	orang		False	True	False	False
54003002016	yang-1	yang		False	True	False	False
54003002017	sabar-1	sabar		False	True	False	False
54003002018	,-3	,		True	False	False	False
54003002019	bijaksana-1	bijaksana		False	True	False	False
54003002020	,-4	,		True	False	False	False
54003002021	tertib-1	tertib		False	True	False	False
54003002022	,-5	,		True	False	False	False
54003002023	ramah-1	ramah		False	True	False	False
54003002024	,-6	,		True	False	False	False
54003002025	mampu-1	mampu		False	True	False	False
54003002026	untuk-1	untuk		False	True	False	False
54003002027	mengajar-1	mengajar		False	True	False	False
54003002028	.-1	.		True	False	False	False
54003003001	tidak-1	tidak		False	True	False	False
54003003002	boleh-1	boleh		False	True	False	False
54003003003	pemabuk-1	pemabuk		False	True	False	False
54003003004	,-1	,		True	False	False	False
54003003005	tidak-2	tidak		False	True	False	False
54003003006	suka-1	suka		False	True	False	False
54003003007	bertengkar-1	bertengkar		False	True	False	False
54003003008	,-2	,		True	False	False	False
54003003009	melainkan-1	melainkan		False	True	False	False
54003003010	harus-1	harus		False	True	False	False
54003003011	lemah-1	lemah		False	True	False	False
54003003012	--1	-		True	False	False	False
54003003013	lembut-1	lembut		False	True	False	False
54003003014	,-3	,		True	False	False	False
54003003015	suka-2	suka		False	True	False	False
54003003016	berdamai-1	berdamai		False	True	False	False
54003003017	,-4	,		True	False	False	False
54003003018	bukan-1	bukan		False	True	False	False
54003003019	pencinta-1	pencinta		False	True	False	False
54003003020	uang-1	uang		False	True	False	False
54003003021	.-1	.		True	False	False	False
54003004001	Ia-1	Ia		False	True	False	False
54003004002	mampu-1	mampu		False	True	False	False
54003004003	mengatur-1	mengatur		False	True	False	False
54003004004	rumah-1	rumah		False	True	False	False
54003004005	tangganya-1	tangganya		False	True	False	False
54003004006	sendiri-1	sendiri		False	True	False	False
54003004007	dengan-1	dengan		False	True	False	False
54003004008	baik-1	baik		False	True	False	False
54003004009	,-1	,		True	False	False	False
54003004010	{-1	{		True	False	False	False
54003004011	dan-1	dan		False	True	False	False
54003004012	}-1	}		True	False	False	False
54003004013	memiliki-1	memiliki		False	True	False	False
54003004014	anak-1	anak		False	True	False	False
54003004015	--1	-		True	False	False	False
54003004016	anak-2	anak		False	True	False	False
54003004017	dalam-1	dalam		False	True	False	False
54003004018	ketaatan-1	ketaatan		False	True	False	False
54003004019	,-2	,		True	False	False	False
54003004020	dengan-2	dengan		False	True	False	False
54003004021	penuh-1	penuh		False	True	False	False
54003004022	hormat-1	hormat		False	True	False	False
54003004023	.-1	.		True	False	False	False
54003005001	Karena-1	Karena		False	True	False	False
54003005002	apabila-1	apabila		False	True	False	False
54003005003	seseorang-1	seseorang		False	True	False	False
54003005004	tidak-1	tidak		False	True	False	False
54003005005	tahu-1	tahu		False	True	False	False
54003005006	mengatur-1	mengatur		False	True	False	False
54003005007	rumah-1	rumah		False	True	False	False
54003005008	tangganya-1	tangganya		False	True	False	False
54003005009	sendiri-1	sendiri		False	True	False	False
54003005010	,-1	,		True	False	False	False
54003005011	bagaimana-1	bagaimana		False	True	False	False
54003005012	ia-1	ia		False	True	False	False
54003005013	dapat-1	dapat		False	True	False	False
54003005014	mengurus-1	mengurus		False	True	False	False
54003005015	jemaat-1	jemaat		False	True	False	False
54003005016	Allah-1	Allah		False	True	False	False
54003005017	?-1	?		True	False	False	False
54003006001	Ia-1	Ia		False	True	False	False
54003006002	bukan-1	bukan		False	True	False	False
54003006003	seorang-1	seorang		False	True	False	False
54003006004	petobat-1	petobat		False	True	False	False
54003006005	baru-1	baru		False	True	False	False
54003006006	,-1	,		True	False	False	False
54003006007	agar-1	agar		False	True	False	False
54003006008	ia-1	ia		False	True	False	False
54003006009	tidak-1	tidak		False	True	False	False
54003006010	jatuh-1	jatuh		False	True	False	False
54003006011	,-2	,		True	False	False	False
54003006012	dengan-1	dengan		False	True	False	False
54003006013	menjadi-1	menjadi		False	True	False	False
54003006014	sombong-1	sombong		False	True	False	False
54003006015	,-3	,		True	False	False	False
54003006016	ke-1	ke		False	True	False	False
54003006017	dalam-1	dalam		False	True	False	False
54003006018	penghakiman-1	penghakiman		False	True	False	False
54003006019	Iblis-1	Iblis		False	True	False	False
54003007001	Tetapi-1	Tetapi		False	True	False	False
54003007002	Ia-1	Ia		False	True	False	False
54003007003	juga-1	juga		False	True	False	False
54003007004	harus-1	harus		False	True	False	False
54003007005	memiliki-1	memiliki		False	True	False	False
54003007006	nama-1	nama		False	True	False	False
54003007007	baik-1	baik		False	True	False	False
54003007008	dengan-1	dengan		False	True	False	False
54003007009	mereka-1	mereka		False	True	False	False
54003007010	di-1	di		False	True	False	False
54003007011	luar-1	luar		False	True	False	False
54003007012	,-1	,		True	False	False	False
54003007013	sehingga-1	sehingga		False	True	False	False
54003007014	ia-1	ia		False	True	False	False
54003007015	tidak-1	tidak		False	True	False	False
54003007016	jatuh-1	jatuh		False	True	False	False
54003007017	dalam-1	dalam		False	True	False	False
54003007018	hal-1	hal		False	True	False	False
54003007019	yang-1	yang		False	True	False	False
54003007020	memalukan-1	memalukan		False	True	False	False
54003007021	dan-1	dan		False	True	False	False
54003007022	perangkap-1	perangkap		False	True	False	False
54003007023	Iblis-1	Iblis		False	True	False	False
54003007024	.-1	.		True	False	False	False
54003008001	Demikian-1	Demikian		False	True	False	False
54003008002	juga-1	juga		False	True	False	False
54003008003	para-1	para		False	True	False	False
54003008004	diaken-1	diaken		False	True	False	False
54003008005	,-1	,		True	False	False	False
54003008006	haruslah-1	haruslah		False	True	False	False
54003008007	orang-1	orang		False	True	False	False
54003008008	yang-1	yang		False	True	False	False
54003008009	penuh-1	penuh		False	True	False	False
54003008010	hormat-1	hormat		False	True	False	False
54003008011	,-2	,		True	False	False	False
54003008012	bukan-1	bukan		False	True	False	False
54003008013	yang-2	yang		False	True	False	False
54003008014	bercabang-1	bercabang		False	True	False	False
54003008015	lidah-1	lidah		False	True	False	False
54003008016	,-3	,		True	False	False	False
54003008017	tidak-1	tidak		False	True	False	False
54003008018	terlalu-1	terlalu		False	True	False	False
54003008019	banyak-1	banyak		False	True	False	False
54003008020	minum-1	minum		False	True	False	False
54003008021	anggur-1	anggur		False	True	False	False
54003008022	,-4	,		True	False	False	False
54003008023	tidak-2	tidak		False	True	False	False
54003008024	menjadi-1	menjadi		False	True	False	False
54003008025	serakah-1	serakah		False	True	False	False
54003008026	.-1	.		True	False	False	False
54003009001	dengan-1	dengan		False	True	False	False
54003009002	memegang-1	memegang		False	True	False	False
54003009003	rahasia-1	rahasia		False	True	False	False
54003009004	iman-1	iman		False	True	False	False
54003009005	dengan-2	dengan		False	True	False	False
54003009006	hati-1	hati		False	True	False	False
54003009007	nurani-1	nurani		False	True	False	False
54003009008	yang-1	yang		False	True	False	False
54003009009	murni-1	murni		False	True	False	False
54003009010	.-1	.		True	False	False	False
54003010001	Dan-1	Dan		False	True	False	False
54003010002	hendaklah-1	hendaklah		False	True	False	False
54003010003	mereka-1	mereka		False	True	False	False
54003010004	juga-1	juga		False	True	False	False
54003010005	diuji-1	diuji		False	True	False	False
54003010006	terlebih-1	terlebih		False	True	False	False
54003010007	dahulu-1	dahulu		False	True	False	False
54003010008	,-1	,		True	False	False	False
54003010009	kemudian-1	kemudian		False	True	False	False
54003010010	hendaklah-2	hendaklah		False	True	False	False
54003010011	mereka-2	mereka		False	True	False	False
54003010012	melayani-1	melayani		False	True	False	False
54003010013	karena-1	karena		False	True	False	False
54003010014	mereka-3	mereka		False	True	False	False
54003010015	tidak-1	tidak		False	True	False	False
54003010016	bercela-1	bercela		False	True	False	False
54003010017	.-1	.		True	False	False	False
54003011001	Demikian-1	Demikian		False	True	False	False
54003011002	juga-1	juga		False	True	False	False
54003011003	kaum-1	kaum		False	True	False	False
54003011004	perempuan-1	perempuan		False	True	False	False
54003011005	haruslah-1	haruslah		False	True	False	False
54003011006	penuh-1	penuh		False	True	False	False
54003011007	hormat-1	hormat		False	True	False	False
54003011008	,-1	,		True	False	False	False
54003011009	bukan-1	bukan		False	True	False	False
54003011010	pemfitnah-1	pemfitnah		False	True	False	False
54003011011	,-2	,		True	False	False	False
54003011012	bijaksana-1	bijaksana		False	True	False	False
54003011013	,-3	,		True	False	False	False
54003011014	dan-1	dan		False	True	False	False
54003011015	dipercaya-1	dipercaya		False	True	False	False
54003011016	dalam-1	dalam		False	True	False	False
54003011017	segala-1	segala		False	True	False	False
54003011018	hal-1	hal		False	True	False	False
54003011019	.-1	.		True	False	False	False
54003012001	Diaken-1	Diaken		False	True	False	False
54003012002	--1	-		True	False	False	False
54003012003	diaken-1	diaken		False	True	False	False
54003012004	haruslah-1	haruslah		False	True	False	False
54003012005	suami-1	suami		False	True	False	False
54003012006	--2	-		True	False	False	False
54003012007	suami-2	suami		False	True	False	False
54003012008	dari-1	dari		False	True	False	False
54003012009	satu-1	satu		False	True	False	False
54003012010	istri-1	istri		False	True	False	False
54003012011	.-1	.		True	False	False	False
54003012012	Mereka-1	Mereka		False	True	False	False
54003012013	harus-1	harus		False	True	False	False
54003012014	dapat-1	dapat		False	True	False	False
54003012015	mengatur-1	mengatur		False	True	False	False
54003012016	anak-1	anak		False	True	False	False
54003012017	--3	-		True	False	False	False
54003012018	anak-2	anak		False	True	False	False
54003012019	mereka-1	mereka		False	True	False	False
54003012020	dan-1	dan		False	True	False	False
54003012021	rumah-1	rumah		False	True	False	False
54003012022	tangga-1	tangga		False	True	False	False
54003012023	mereka-2	mereka		False	True	False	False
54003012024	sendiri-1	sendiri		False	True	False	False
54003012025	dengan-1	dengan		False	True	False	False
54003012026	baik-1	baik		False	True	False	False
54003013001	Karena-1	Karena		False	True	False	False
54003013002	mereka-1	mereka		False	True	False	False
54003013003	yang-1	yang		False	True	False	False
54003013004	melayani-1	melayani		False	True	False	False
54003013005	dengan-1	dengan		False	True	False	False
54003013006	baik-1	baik		False	True	False	False
54003013007	mereka-2	mereka		False	True	False	False
54003013008	akan-1	akan		False	True	False	False
54003013009	memperoleh-1	memperoleh		False	True	False	False
54003013010	kedudukan-1	kedudukan		False	True	False	False
54003013011	yang-2	yang		False	True	False	False
54003013012	baik-2	baik		False	True	False	False
54003013013	bagi-1	bagi		False	True	False	False
54003013014	mereka-3	mereka		False	True	False	False
54003013015	sendiri-1	sendiri		False	True	False	False
54003013016	dan-1	dan		False	True	False	False
54003013017	keyakinan-1	keyakinan		False	True	False	False
54003013018	besar-1	besar		False	True	False	False
54003013019	di-1	di		False	True	False	False
54003013020	dalam-1	dalam		False	True	False	False
54003013021	iman-1	iman		False	True	False	False
54003013022	yang-3	yang		False	True	False	False
54003013023	di-2	di		False	True	False	False
54003013024	dalam-2	dalam		False	True	False	False
54003013025	Yesus-1	Yesus		False	True	False	False
54003013026	Kristus-1	Kristus		False	True	False	False
54003013027	.-1	.		True	False	False	False
54003014001	Aku-1	Aku		False	True	False	False
54003014002	menulis-1	menulis		False	True	False	False
54003014003	semua-1	semua		False	True	False	False
54003014004	ini-1	ini		False	True	False	False
54003014005	kepadamu-1	kepadamu		False	True	False	False
54003014006	,-1	,		True	False	False	False
54003014007	berharap-1	berharap		False	True	False	False
54003014008	untuk-1	untuk		False	True	False	False
54003014009	pergi-1	pergi		False	True	False	False
54003014010	kepadamu-2	kepadamu		False	True	False	False
54003014011	dengan-1	dengan		False	True	False	False
54003014012	segera-1	segera		False	True	False	False
54003014013	.-1	.		True	False	False	False
54003015001	Tetapi-1	Tetapi		False	True	False	False
54003015002	apabila-1	apabila		False	True	False	False
54003015003	aku-1	aku		False	True	False	False
54003015004	menunda-1	menunda		False	True	False	False
54003015005	,-1	,		True	False	False	False
54003015006	supaya-1	supaya		False	True	False	False
54003015007	engkau-1	engkau		False	True	False	False
54003015008	tahu-1	tahu		False	True	False	False
54003015009	bagaimana-1	bagaimana		False	True	False	False
54003015010	seseorang-1	seseorang		False	True	False	False
54003015011	harus-1	harus		False	True	False	False
54003015012	berperilaku-1	berperilaku		False	True	False	False
54003015013	di-1	di		False	True	False	False
54003015014	dalam-1	dalam		False	True	False	False
54003015015	rumah-1	rumah		False	True	False	False
54003015016	Allah-1	Allah		False	True	False	False
54003015017	yang-1	yang		False	True	False	False
54003015018	adalah-1	adalah		False	True	False	False
54003015019	jemaat-1	jemaat		False	True	False	False
54003015020	Allah-2	Allah		False	True	False	False
54003015021	yang-2	yang		False	True	False	False
54003015022	hidup-1	hidup		False	True	False	False
54003015023	,-2	,		True	False	False	False
54003015024	sebagai-1	sebagai		False	True	False	False
54003015025	pilar-1	pilar		False	True	False	False
54003015026	dan-1	dan		False	True	False	False
54003015027	dasar-1	dasar		False	True	False	False
54003015028	dari-1	dari		False	True	False	False
54003015029	kebenaran-1	kebenaran		False	True	False	False
54003015030	.-1	.		True	False	False	False
54003016001	Dan-1	Dan		False	True	False	False
54003016002	tanpa-1	tanpa		False	True	False	False
54003016003	penyangkalan-1	penyangkalan		False	True	False	False
54003016004	besar-1	besar		False	True	False	False
54003016005	adalah-1	adalah		False	True	False	False
54003016006	rahasia-1	rahasia		False	True	False	False
54003016007	kesalehan-1	kesalehan		False	True	False	False
54003016008	:-1	:		True	False	False	False
54003016009	Yang-1	Yang		False	True	False	False
54003016010	telah-1	telah		False	True	False	False
54003016011	dinyatakan-1	dinyatakan		False	True	False	False
54003016012	di-1	di		False	True	False	False
54003016013	dalam-1	dalam		False	True	False	False
54003016014	daging-1	daging		False	True	False	False
54003016015	,-1	,		True	False	False	False
54003016016	dibenarkan-1	dibenarkan		False	True	False	False
54003016017	di-2	di		False	True	False	False
54003016018	dalam-2	dalam		False	True	False	False
54003016019	Roh-1	Roh		False	True	False	False
54003016020	,-2	,		True	False	False	False
54003016021	dilihat-1	dilihat		False	True	False	False
54003016022	oleh-1	oleh		False	True	False	False
54003016023	para-1	para		False	True	False	False
54003016024	malaikat-1	malaikat		False	True	False	False
54003016025	,-3	,		True	False	False	False
54003016026	diberitakan-1	diberitakan		False	True	False	False
54003016027	di-3	di		False	True	False	False
54003016028	antara-1	antara		False	True	False	False
54003016029	bangsa-1	bangsa		False	True	False	False
54003016030	--1	-		True	False	False	False
54003016031	bangsa-2	bangsa		False	True	False	False
54003016032	,-4	,		True	False	False	False
54003016033	dipercayai-1	dipercayai		False	True	False	False
54003016034	di-4	di		False	True	False	False
54003016035	dunia-1	dunia		False	True	False	False
54003016036	,-5	,		True	False	False	False
54003016037	diangkat-1	diangkat		False	True	False	False
54003016038	dalam-3	dalam		False	True	False	False
54003016039	kemuliaan-1	kemuliaan		False	True	False	False
54003016040	.-1	.		True	False	False	False
54003016041	"-1	"		True	False	False	False
54004001001	Sekarang-1	Sekarang		False	True	False	False
54004001002	Roh-1	Roh		False	True	False	False
54004001003	mengatakan-1	mengatakan		False	True	False	False
54004001004	dengan-1	dengan		False	True	False	False
54004001005	jelas-1	jelas		False	True	False	False
54004001006	bahwa-1	bahwa		False	True	False	False
54004001007	pada-1	pada		False	True	False	False
54004001008	waktu-1	waktu		False	True	False	False
54004001009	--1	-		True	False	False	False
54004001010	waktu-2	waktu		False	True	False	False
54004001011	kemudian-1	kemudian		False	True	False	False
54004001012	beberapa-1	beberapa		False	True	False	False
54004001013	orang-1	orang		False	True	False	False
54004001014	akan-1	akan		False	True	False	False
54004001015	meninggalkan-1	meninggalkan		False	True	False	False
54004001016	iman-1	iman		False	True	False	False
54004001017	,-1	,		True	False	False	False
54004001018	mengalihkan-1	mengalihkan		False	True	False	False
54004001019	perhatiannya-1	perhatiannya		False	True	False	False
54004001020	kepada-1	kepada		False	True	False	False
54004001021	roh-1	roh		False	True	False	False
54004001022	--2	-		True	False	False	False
54004001023	roh-2	roh		False	True	False	False
54004001024	pendusta-1	pendusta		False	True	False	False
54004001025	dan-1	dan		False	True	False	False
54004001026	ajaran-1	ajaran		False	True	False	False
54004001027	setan-1	setan		False	True	False	False
54004001028	--3	-		True	False	False	False
54004001029	setan-2	setan		False	True	False	False
54004001030	,-2	,		True	False	False	False
54004002001	dalam-1	dalam		False	True	False	False
54004002002	kemunafikan-1	kemunafikan		False	True	False	False
54004002003	,-1	,		True	False	False	False
54004002004	dusta-1	dusta		False	True	False	False
54004002005	,-2	,		True	False	False	False
54004002006	hati-1	hati		False	True	False	False
54004002007	nurani-1	nurani		False	True	False	False
54004002008	(-1	(		True	False	True	False
54004002009	mereka-1	mereka		False	True	False	False
54004002010	)-1	)		True	False	False	False
54004002011	sendiri-1	sendiri		False	True	False	False
54004002012	telah-1	telah		False	True	False	False
54004002013	dicap-1	dicap		False	True	False	False
54004002014	,-3	,		True	False	False	False
54004003001	dengan-1	dengan		False	True	False	False
54004003002	melarang-1	melarang		False	True	False	False
54004003003	untuk-1	untuk		False	True	False	False
54004003004	menikah-1	menikah		False	True	False	False
54004003005	,-1	,		True	False	False	False
54004003006	untuk-2	untuk		False	True	False	False
54004003007	makan-1	makan		False	True	False	False
54004003008	makanan-1	makanan		False	True	False	False
54004003009	--1	-		True	False	False	False
54004003010	makanan-2	makanan		False	True	False	False
54004003011	yang-1	yang		False	True	False	False
54004003012	Allah-1	Allah		False	True	False	False
54004003013	telah-1	telah		False	True	False	False
54004003014	ciptakan-1	ciptakan		False	True	False	False
54004003015	untuk-3	untuk		False	True	False	False
54004003016	penerimaan-1	penerimaan		False	True	False	False
54004003017	dengan-2	dengan		False	True	False	False
54004003018	pengucapan-1	pengucapan		False	True	False	False
54004003019	syukur-1	syukur		False	True	False	False
54004003020	oleh-1	oleh		False	True	False	False
54004003021	orang-1	orang		False	True	False	False
54004003022	--2	-		True	False	False	False
54004003023	orang-2	orang		False	True	False	False
54004003024	percaya-1	percaya		False	True	False	False
54004003025	dan-1	dan		False	True	False	False
54004003026	yang-2	yang		False	True	False	False
54004003027	telah-2	telah		False	True	False	False
54004003028	mengenal-1	mengenal		False	True	False	False
54004003029	kebenaran-1	kebenaran		False	True	False	False
54004003030	.-1	.		True	False	False	False
54004004001	Karena-1	Karena		False	True	False	False
54004004002	semua-1	semua		False	True	False	False
54004004003	ciptaan-1	ciptaan		False	True	False	False
54004004004	Allah-1	Allah		False	True	False	False
54004004005	{-1	{		True	False	False	False
54004004006	adalah-1	adalah		False	True	False	False
54004004007	}-1	}		True	False	False	False
54004004008	baik-1	baik		False	True	False	False
54004004009	,-1	,		True	False	False	False
54004004010	dan-1	dan		False	True	False	False
54004004011	tidak-1	tidak		False	True	False	False
54004004012	sesuatupun-1	sesuatupun		False	True	False	False
54004004013	yang-1	yang		False	True	False	False
54004004014	diterima-1	diterima		False	True	False	False
54004004015	dengan-1	dengan		False	True	False	False
54004004016	ucapan-1	ucapan		False	True	False	False
54004004017	syukur-1	syukur		False	True	False	False
54004004018	{-2	{		True	False	False	False
54004004019	adalah-2	adalah		False	True	False	False
54004004020	}-2	}		True	False	False	False
54004004021	najis-1	najis		False	True	False	False
54004004022	,-2	,		True	False	False	False
54004005001	Karena-1	Karena		False	True	False	False
54004005002	semua-1	semua		False	True	False	False
54004005003	itu-1	itu		False	True	False	False
54004005004	disucikan-1	disucikan		False	True	False	False
54004005005	melalui-1	melalui		False	True	False	False
54004005006	firman-1	firman		False	True	False	False
54004005007	Allah-1	Allah		False	True	False	False
54004005008	dan-1	dan		False	True	False	False
54004005009	doa-1	doa		False	True	False	False
54004005010	.-1	.		True	False	False	False
54004006001	Apabila-1	Apabila		False	True	False	False
54004006002	engkau-1	engkau		False	True	False	False
54004006003	menanamkan-1	menanamkan		False	True	False	False
54004006004	hal-1	hal		False	True	False	False
54004006005	--1	-		True	False	False	False
54004006006	hal-2	hal		False	True	False	False
54004006007	ini-1	ini		False	True	False	False
54004006008	kepada-1	kepada		False	True	False	False
54004006009	saudara-1	saudara		False	True	False	False
54004006010	--2	-		True	False	False	False
54004006011	saudara-2	saudara		False	True	False	False
54004006012	,-1	,		True	False	False	False
54004006013	engkau-2	engkau		False	True	False	False
54004006014	akan-1	akan		False	True	False	False
54004006015	menjadi-1	menjadi		False	True	False	False
54004006016	pelayan-1	pelayan		False	True	False	False
54004006017	Yesus-1	Yesus		False	True	False	False
54004006018	Kristus-1	Kristus		False	True	False	False
54004006019	yang-1	yang		False	True	False	False
54004006020	baik-1	baik		False	True	False	False
54004006021	.-1	.		True	False	False	False
54004006022	Karena-1	Karena		False	True	False	False
54004006023	engkau-3	engkau		False	True	False	False
54004006024	sedang-1	sedang		False	True	False	False
54004006025	diberi-1	diberi		False	True	False	False
54004006026	makan-1	makan		False	True	False	False
54004006027	dengan-1	dengan		False	True	False	False
54004006028	kata-1	kata		False	True	False	False
54004006029	--3	-		True	False	False	False
54004006030	kata-2	kata		False	True	False	False
54004006031	iman-1	iman		False	True	False	False
54004006032	dari-1	dari		False	True	False	False
54004006033	ajaran-1	ajaran		False	True	False	False
54004006034	yang-2	yang		False	True	False	False
54004006035	baik-2	baik		False	True	False	False
54004006036	yang-3	yang		False	True	False	False
54004006037	telah-1	telah		False	True	False	False
54004006038	engkau-4	engkau		False	True	False	False
54004006039	ikuti-1	ikuti		False	True	False	False
54004006040	.-2	.		True	False	False	False
54004007001	Tetapi-1	Tetapi		False	True	False	False
54004007002	tolaklah-1	tolaklah		False	True	False	False
54004007003	cerita-1	cerita		False	True	False	False
54004007004	--1	-		True	False	False	False
54004007005	cerita-2	cerita		False	True	False	False
54004007006	yang-1	yang		False	True	False	False
54004007007	duniawi-1	duniawi		False	True	False	False
54004007008	dan-1	dan		False	True	False	False
54004007009	yang-2	yang		False	True	False	False
54004007010	disukai-1	disukai		False	True	False	False
54004007011	nenek-1	nenek		False	True	False	False
54004007012	--2	-		True	False	False	False
54004007013	nenek-2	nenek		False	True	False	False
54004007014	tua-1	tua		False	True	False	False
54004007015	.-1	.		True	False	False	False
54004007016	Sebaliknya-1	Sebaliknya		False	True	False	False
54004007017	,-1	,		True	False	False	False
54004007018	latihlah-1	latihlah		False	True	False	False
54004007019	dirimu-1	dirimu		False	True	False	False
54004007020	sendiri-1	sendiri		False	True	False	False
54004007021	dalam-1	dalam		False	True	False	False
54004007022	kesalehan-1	kesalehan		False	True	False	False
54004007023	.-2	.		True	False	False	False
54004008001	Karena-1	Karena		False	True	False	False
54004008002	latihan-1	latihan		False	True	False	False
54004008003	jasmani-1	jasmani		False	True	False	False
54004008004	itu-1	itu		False	True	False	False
54004008005	sedikit-1	sedikit		False	True	False	False
54004008006	bermanfaat-1	bermanfaat		False	True	False	False
54004008007	,-1	,		True	False	False	False
54004008008	tetapi-1	tetapi		False	True	False	False
54004008009	kesalehan-1	kesalehan		False	True	False	False
54004008010	berguna-1	berguna		False	True	False	False
54004008011	bagi-1	bagi		False	True	False	False
54004008012	segala-1	segala		False	True	False	False
54004008013	hal-1	hal		False	True	False	False
54004008014	,-2	,		True	False	False	False
54004008015	yang-1	yang		False	True	False	False
54004008016	memiliki-1	memiliki		False	True	False	False
54004008017	janji-1	janji		False	True	False	False
54004008018	untuk-1	untuk		False	True	False	False
54004008019	hidup-1	hidup		False	True	False	False
54004008020	sekarang-1	sekarang		False	True	False	False
54004008021	dan-1	dan		False	True	False	False
54004008022	yang-2	yang		False	True	False	False
54004008023	akan-1	akan		False	True	False	False
54004008024	datang-1	datang		False	True	False	False
54004008025	.-1	.		True	False	False	False
54004009001	Pernyataan-1	Pernyataan		False	True	False	False
54004009002	ini-1	ini		False	True	False	False
54004009003	dapat-1	dapat		False	True	False	False
54004009004	dipercaya-1	dipercaya		False	True	False	False
54004009005	dan-1	dan		False	True	False	False
54004009006	layak-1	layak		False	True	False	False
54004009007	diterima-1	diterima		False	True	False	False
54004009008	sepenuhnya-1	sepenuhnya		False	True	False	False
54004009009	.-1	.		True	False	False	False
54004010001	Karena-1	Karena		False	True	False	False
54004010002	untuk-1	untuk		False	True	False	False
54004010003	inilah-1	inilah		False	True	False	False
54004010004	kami-1	kami		False	True	False	False
54004010005	berjuang-1	berjuang		False	True	False	False
54004010006	dan-1	dan		False	True	False	False
54004010007	bekerja-1	bekerja		False	True	False	False
54004010008	keras-1	keras		False	True	False	False
54004010009	,-1	,		True	False	False	False
54004010010	karena-1	karena		False	True	False	False
54004010011	kami-2	kami		False	True	False	False
54004010012	memiliki-1	memiliki		False	True	False	False
54004010013	pengharapan-1	pengharapan		False	True	False	False
54004010014	pada-1	pada		False	True	False	False
54004010015	Allah-1	Allah		False	True	False	False
54004010016	yang-1	yang		False	True	False	False
54004010017	hidup-1	hidup		False	True	False	False
54004010018	,-2	,		True	False	False	False
54004010019	yang-2	yang		False	True	False	False
54004010020	adalah-1	adalah		False	True	False	False
54004010021	Juruselamat-1	Juruselamat		False	True	False	False
54004010022	semua-1	semua		False	True	False	False
54004010023	orang-1	orang		False	True	False	False
54004010024	,-3	,		True	False	False	False
54004010025	khususnya-1	khususnya		False	True	False	False
54004010026	orang-2	orang		False	True	False	False
54004010027	--1	-		True	False	False	False
54004010028	orang-3	orang		False	True	False	False
54004010029	percaya-1	percaya		False	True	False	False
54004010030	.-1	.		True	False	False	False
54004011001	Beritakan-1	Beritakan		False	True	False	False
54004011002	dan-1	dan		False	True	False	False
54004011003	ajarkanlah-1	ajarkanlah		False	True	False	False
54004011004	semuanya-1	semuanya		False	True	False	False
54004011005	ini-1	ini		False	True	False	False
54004011006	.-1	.		True	False	False	False
54004012001	Jangan-1	Jangan		False	True	False	False
54004012002	biarkan-1	biarkan		False	True	False	False
54004012003	seorangpun-1	seorangpun		False	True	False	False
54004012004	meremehkanmu-1	meremehkanmu		False	True	False	False
54004012005	karena-1	karena		False	True	False	False
54004012006	engkau-1	engkau		False	True	False	False
54004012007	muda-1	muda		False	True	False	False
54004012008	.-1	.		True	False	False	False
54004012009	Sebaliknya-1	Sebaliknya		False	True	False	False
54004012010	,-1	,		True	False	False	False
54004012011	jadilah-1	jadilah		False	True	False	False
54004012012	contoh-1	contoh		False	True	False	False
54004012013	bagi-1	bagi		False	True	False	False
54004012014	orang-1	orang		False	True	False	False
54004012015	--1	-		True	False	False	False
54004012016	orang-2	orang		False	True	False	False
54004012017	percaya-1	percaya		False	True	False	False
54004012018	,-2	,		True	False	False	False
54004012019	dalam-1	dalam		False	True	False	False
54004012020	perkataan-1	perkataan		False	True	False	False
54004012021	,-3	,		True	False	False	False
54004012022	dalam-2	dalam		False	True	False	False
54004012023	kelakuan-1	kelakuan		False	True	False	False
54004012024	,-4	,		True	False	False	False
54004012025	dalam-3	dalam		False	True	False	False
54004012026	kasih-1	kasih		False	True	False	False
54004012027	,-5	,		True	False	False	False
54004012028	dalam-4	dalam		False	True	False	False
54004012029	kesetiaan-1	kesetiaan		False	True	False	False
54004012030	,-6	,		True	False	False	False
54004012031	dalam-5	dalam		False	True	False	False
54004012032	kemurnian-1	kemurnian		False	True	False	False
54004013001	Sampai-1	Sampai		False	True	False	False
54004013002	aku-1	aku		False	True	False	False
54004013003	datang-1	datang		False	True	False	False
54004013004	,-1	,		True	False	False	False
54004013005	perhatikan-1	perhatikan		False	True	False	False
54004013006	pembacaan-1	pembacaan		False	True	False	False
54004013007	,-2	,		True	False	False	False
54004013008	nasehat-1	nasehat		False	True	False	False
54004013009	,-3	,		True	False	False	False
54004013010	pengajaran-1	pengajaran		False	True	False	False
54004013011	.-1	.		True	False	False	False
54004014001	Janganlah-1	Janganlah		False	True	False	False
54004014002	mengabaikan-1	mengabaikan		False	True	False	False
54004014003	karunia-1	karunia		False	True	False	False
54004014004	di-1	di		False	True	False	False
54004014005	dalam-1	dalam		False	True	False	False
54004014006	engkau-1	engkau		False	True	False	False
54004014007	,-1	,		True	False	False	False
54004014008	yang-1	yang		False	True	False	False
54004014009	telah-1	telah		False	True	False	False
54004014010	diberikan-1	diberikan		False	True	False	False
54004014011	kepadamu-1	kepadamu		False	True	False	False
54004014012	melalui-1	melalui		False	True	False	False
54004014013	nubuat-1	nubuat		False	True	False	False
54004014014	,-2	,		True	False	False	False
54004014015	dengan-1	dengan		False	True	False	False
54004014016	penumpangan-1	penumpangan		False	True	False	False
54004014017	tangan-1	tangan		False	True	False	False
54004014018	--1	-		True	False	False	False
54004014019	tangan-2	tangan		False	True	False	False
54004014020	penatua-1	penatua		False	True	False	False
54004014021	.-1	.		True	False	False	False
54004015001	Pelajarilah-1	Pelajarilah		False	True	False	False
54004015002	semua-1	semua		False	True	False	False
54004015003	ini-1	ini		False	True	False	False
54004015004	.-1	.		True	False	False	False
54004015005	Ada-1	Ada		False	True	False	False
54004015006	di-1	di		False	True	False	False
54004015007	dalam-1	dalam		False	True	False	False
54004015008	semua-2	semua		False	True	False	False
54004015009	itu-1	itu		False	True	False	False
54004015010	,-1	,		True	False	False	False
54004015011	sehingga-1	sehingga		False	True	False	False
54004015012	kemajuan-1	kemajuan		False	True	False	False
54004015013	engkau-1	engkau		False	True	False	False
54004015014	dapat-1	dapat		False	True	False	False
54004015015	menjadi-1	menjadi		False	True	False	False
54004015016	nyata-1	nyata		False	True	False	False
54004015017	bagi-1	bagi		False	True	False	False
54004015018	semua-3	semua		False	True	False	False
54004015019	.-2	.		True	False	False	False
54004016001	Perhatikan-1	Perhatikan		False	True	False	False
54004016002	dirimu-1	dirimu		False	True	False	False
54004016003	sendiri-1	sendiri		False	True	False	False
54004016004	dan-1	dan		False	True	False	False
54004016005	pengajaran-1	pengajaran		False	True	False	False
54004016006	.-1	.		True	False	False	False
54004016007	Lanjutkanlah-1	Lanjutkanlah		False	True	False	False
54004016008	semuanya-1	semuanya		False	True	False	False
54004016009	.-2	.		True	False	False	False
54004016010	Karena-1	Karena		False	True	False	False
54004016011	dengan-1	dengan		False	True	False	False
54004016012	melakukan-1	melakukan		False	True	False	False
54004016013	ini-1	ini		False	True	False	False
54004016014	,-1	,		True	False	False	False
54004016015	maka-1	maka		False	True	False	False
54004016016	engkau-1	engkau		False	True	False	False
54004016017	akan-1	akan		False	True	False	False
54004016018	menyelamatkan-1	menyelamatkan		False	True	False	False
54004016019	dirimu-2	dirimu		False	True	False	False
54004016020	sendiri-2	sendiri		False	True	False	False
54004016021	dan-2	dan		False	True	False	False
54004016022	mereka-1	mereka		False	True	False	False
54004016023	yang-1	yang		False	True	False	False
54004016024	mendengarkan-1	mendengarkan		False	True	False	False
54004016025	engkau-2	engkau		False	True	False	False
54004016026	.-3	.		True	False	False	False
54005001001	Janganlah-1	Janganlah		False	True	False	False
54005001002	engkau-1	engkau		False	True	False	False
54005001003	marah-1	marah		False	True	False	False
54005001004	kepada-1	kepada		False	True	False	False
54005001005	laki-1	laki		False	True	False	False
54005001006	--1	-		True	False	False	False
54005001007	laki-2	laki		False	True	False	False
54005001008	yang-1	yang		False	True	False	False
54005001009	tua-1	tua		False	True	False	False
54005001010	.-1	.		True	False	False	False
54005001011	Sebaliknya-1	Sebaliknya		False	True	False	False
54005001012	,-1	,		True	False	False	False
54005001013	nasehatilah-1	nasehatilah		False	True	False	False
54005001014	sebagai-1	sebagai		False	True	False	False
54005001015	seorang-1	seorang		False	True	False	False
54005001016	bapa-1	bapa		False	True	False	False
54005001017	,-2	,		True	False	False	False
54005001018	laki-3	laki		False	True	False	False
54005001019	--2	-		True	False	False	False
54005001020	laki-4	laki		False	True	False	False
54005001021	yang-2	yang		False	True	False	False
54005001022	muda-1	muda		False	True	False	False
54005001023	sebagai-2	sebagai		False	True	False	False
54005001024	saudara-1	saudara		False	True	False	False
54005001025	--3	-		True	False	False	False
54005001026	saudara-2	saudara		False	True	False	False
54005001027	laki-5	laki		False	True	False	False
54005001028	--4	-		True	False	False	False
54005001029	laki-6	laki		False	True	False	False
54005001030	.-2	.		True	False	False	False
54005002001	Perempuan-1	Perempuan		False	True	False	False
54005002002	--1	-		True	False	False	False
54005002003	perempuan-1	perempuan		False	True	False	False
54005002004	yang-1	yang		False	True	False	False
54005002005	tua-1	tua		False	True	False	False
54005002006	,-1	,		True	False	False	False
54005002007	sebagai-1	sebagai		False	True	False	False
54005002008	seorang-1	seorang		False	True	False	False
54005002009	ibu-1	ibu		False	True	False	False
54005002010	,-2	,		True	False	False	False
54005002011	perempuan-2	perempuan		False	True	False	False
54005002012	--2	-		True	False	False	False
54005002013	perempuan-3	perempuan		False	True	False	False
54005002014	muda-1	muda		False	True	False	False
54005002015	sebagai-2	sebagai		False	True	False	False
54005002016	saudari-1	saudari		False	True	False	False
54005002017	--3	-		True	False	False	False
54005002018	saudari-2	saudari		False	True	False	False
54005002019	dengan-1	dengan		False	True	False	False
54005002020	segala-1	segala		False	True	False	False
54005002021	kemurnian-1	kemurnian		False	True	False	False
54005002022	.-1	.		True	False	False	False
54005003001	Hormatilah-1	Hormatilah		False	True	False	False
54005003002	janda-1	janda		False	True	False	False
54005003003	--1	-		True	False	False	False
54005003004	janda-2	janda		False	True	False	False
54005003005	,-1	,		True	False	False	False
54005003006	yaitu-1	yaitu		False	True	False	False
54005003007	janda-3	janda		False	True	False	False
54005003008	--2	-		True	False	False	False
54005003009	janda-4	janda		False	True	False	False
54005003010	yang-1	yang		False	True	False	False
54005003011	sungguh-1	sungguh		False	True	False	False
54005003012	--3	-		True	False	False	False
54005003013	sungguh-2	sungguh		False	True	False	False
54005003014	.-1	.		True	False	False	False
54005004001	Tetapi-1	Tetapi		False	True	False	False
54005004002	jika-1	jika		False	True	False	False
54005004003	seorang-1	seorang		False	True	False	False
54005004004	janda-1	janda		False	True	False	False
54005004005	memiliki-1	memiliki		False	True	False	False
54005004006	anak-1	anak		False	True	False	False
54005004007	--1	-		True	False	False	False
54005004008	anak-2	anak		False	True	False	False
54005004009	atau-1	atau		False	True	False	False
54005004010	cucu-1	cucu		False	True	False	False
54005004011	--2	-		True	False	False	False
54005004012	cucu-2	cucu		False	True	False	False
54005004013	,-1	,		True	False	False	False
54005004014	biarlah-1	biarlah		False	True	False	False
54005004015	mereka-1	mereka		False	True	False	False
54005004016	pertama-1	pertama		False	True	False	False
54005004017	--3	-		True	False	False	False
54005004018	tama-1	tama		False	True	False	False
54005004019	belajar-1	belajar		False	True	False	False
54005004020	untuk-1	untuk		False	True	False	False
54005004021	menghormati-1	menghormati		False	True	False	False
54005004022	rumah-1	rumah		False	True	False	False
54005004023	tangga-1	tangga		False	True	False	False
54005004024	mereka-2	mereka		False	True	False	False
54005004025	sendiri-1	sendiri		False	True	False	False
54005004026	dan-1	dan		False	True	False	False
54005004027	membalas-1	membalas		False	True	False	False
54005004028	perbuatan-1	perbuatan		False	True	False	False
54005004029	baik-1	baik		False	True	False	False
54005004030	orang-1	orang		False	True	False	False
54005004031	tua-1	tua		False	True	False	False
54005004032	dan-2	dan		False	True	False	False
54005004033	nenek-1	nenek		False	True	False	False
54005004034	,-2	,		True	False	False	False
54005004035	karena-1	karena		False	True	False	False
54005004036	hal-1	hal		False	True	False	False
54005004037	ini-1	ini		False	True	False	False
54005004038	adalah-1	adalah		False	True	False	False
54005004039	berkenan-1	berkenan		False	True	False	False
54005004040	di-1	di		False	True	False	False
54005004041	hadapan-1	hadapan		False	True	False	False
54005004042	Allah-1	Allah		False	True	False	False
54005004043	.-1	.		True	False	False	False
54005005001	Tetapi-1	Tetapi		False	True	False	False
54005005002	seorang-1	seorang		False	True	False	False
54005005003	yang-1	yang		False	True	False	False
54005005004	sungguh-1	sungguh		False	True	False	False
54005005005	--1	-		True	False	False	False
54005005006	sungguh-2	sungguh		False	True	False	False
54005005007	janda-1	janda		False	True	False	False
54005005008	dan-1	dan		False	True	False	False
54005005009	telah-1	telah		False	True	False	False
54005005010	ditinggalkan-1	ditinggalkan		False	True	False	False
54005005011	sendirian-1	sendirian		False	True	False	False
54005005012	,-1	,		True	False	False	False
54005005013	ia-1	ia		False	True	False	False
54005005014	telah-2	telah		False	True	False	False
54005005015	menaruh-1	menaruh		False	True	False	False
54005005016	pengharapannya-1	pengharapannya		False	True	False	False
54005005017	pada-1	pada		False	True	False	False
54005005018	Allah-1	Allah		False	True	False	False
54005005019	,-2	,		True	False	False	False
54005005020	dan-2	dan		False	True	False	False
54005005021	terus-1	terus		False	True	False	False
54005005022	menerus-1	menerus		False	True	False	False
54005005023	dalam-1	dalam		False	True	False	False
54005005024	permohonan-1	permohonan		False	True	False	False
54005005025	--2	-		True	False	False	False
54005005026	permohonan-2	permohonan		False	True	False	False
54005005027	dan-3	dan		False	True	False	False
54005005028	doa-1	doa		False	True	False	False
54005005029	--3	-		True	False	False	False
54005005030	doa-2	doa		False	True	False	False
54005005031	malam-1	malam		False	True	False	False
54005005032	dan-4	dan		False	True	False	False
54005005033	siang-1	siang		False	True	False	False
54005005034	.-1	.		True	False	False	False
54005006001	Tetapi-1	Tetapi		False	True	False	False
54005006002	,-1	,		True	False	False	False
54005006003	perempuan-1	perempuan		False	True	False	False
54005006004	yang-1	yang		False	True	False	False
54005006005	bermewah-1	bermewah		False	True	False	False
54005006006	--1	-		True	False	False	False
54005006007	mewah-1	mewah		False	True	False	False
54005006008	,-2	,		True	False	False	False
54005006009	ia-1	ia		False	True	False	False
54005006010	telah-1	telah		False	True	False	False
54005006011	mati-1	mati		False	True	False	False
54005006012	,-3	,		True	False	False	False
54005006013	walaupun-1	walaupun		False	True	False	False
54005006014	ia-2	ia		False	True	False	False
54005006015	masih-1	masih		False	True	False	False
54005006016	hidup-1	hidup		False	True	False	False
54005006017	.-1	.		True	False	False	False
54005007001	Beritakanlah-1	Beritakanlah		False	True	False	False
54005007002	tentang-1	tentang		False	True	False	False
54005007003	semua-1	semua		False	True	False	False
54005007004	hal-1	hal		False	True	False	False
54005007005	ini-1	ini		False	True	False	False
54005007006	supaya-1	supaya		False	True	False	False
54005007007	mereka-1	mereka		False	True	False	False
54005007008	dapat-1	dapat		False	True	False	False
54005007009	tidak-1	tidak		False	True	False	False
54005007010	cela-1	cela		False	True	False	False
54005007011	.-1	.		True	False	False	False
54005008001	Tetapi-1	Tetapi		False	True	False	False
54005008002	jika-1	jika		False	True	False	False
54005008003	ada-1	ada		False	True	False	False
54005008004	seorang-1	seorang		False	True	False	False
54005008005	yang-1	yang		False	True	False	False
54005008006	tidak-1	tidak		False	True	False	False
54005008007	menyediakan-1	menyediakan		False	True	False	False
54005008008	kebutuhan-1	kebutuhan		False	True	False	False
54005008009	sanak-1	sanak		False	True	False	False
54005008010	saudaranya-1	saudaranya		False	True	False	False
54005008011	sendiri-1	sendiri		False	True	False	False
54005008012	,-1	,		True	False	False	False
54005008013	dan-1	dan		False	True	False	False
54005008014	terutama-1	terutama		False	True	False	False
54005008015	bagi-1	bagi		False	True	False	False
54005008016	anggota-1	anggota		False	True	False	False
54005008017	--1	-		True	False	False	False
54005008018	anggota-2	anggota		False	True	False	False
54005008019	rumah-1	rumah		False	True	False	False
54005008020	tangganya-1	tangganya		False	True	False	False
54005008021	sendiri-2	sendiri		False	True	False	False
54005008022	,-2	,		True	False	False	False
54005008023	ia-1	ia		False	True	False	False
54005008024	telah-1	telah		False	True	False	False
54005008025	menyangkal-1	menyangkal		False	True	False	False
54005008026	iman-1	iman		False	True	False	False
54005008027	dan-2	dan		False	True	False	False
54005008028	lebih-1	lebih		False	True	False	False
54005008029	buruk-1	buruk		False	True	False	False
54005008030	dari-1	dari		False	True	False	False
54005008031	pada-1	pada		False	True	False	False
54005008032	orang-1	orang		False	True	False	False
54005008033	yang-2	yang		False	True	False	False
54005008034	tidak-2	tidak		False	True	False	False
54005008035	percaya-1	percaya		False	True	False	False
54005008036	.-1	.		True	False	False	False
54005009001	Hendaknya-1	Hendaknya		False	True	False	False
54005009002	seorang-1	seorang		False	True	False	False
54005009003	janda-1	janda		False	True	False	False
54005009004	yang-1	yang		False	True	False	False
54005009005	didaftarkan-1	didaftarkan		False	True	False	False
54005009006	tidak-1	tidak		False	True	False	False
54005009007	kurang-1	kurang		False	True	False	False
54005009008	dari-1	dari		False	True	False	False
54005009009	60-1	60		False	True	False	False
54005009010	tahun-1	tahun		False	True	False	False
54005009011	,-1	,		True	False	False	False
54005009012	seorang-2	seorang		False	True	False	False
54005009013	istri-1	istri		False	True	False	False
54005009014	dari-2	dari		False	True	False	False
54005009015	satu-1	satu		False	True	False	False
54005009016	suami-1	suami		False	True	False	False
54005009017	,-2	,		True	False	False	False
54005010001	dikenal-1	dikenal		False	True	False	False
54005010002	dalam-1	dalam		False	True	False	False
54005010003	perbuatan-1	perbuatan		False	True	False	False
54005010004	--1	-		True	False	False	False
54005010005	perbuatan-2	perbuatan		False	True	False	False
54005010006	yang-1	yang		False	True	False	False
54005010007	baik-1	baik		False	True	False	False
54005010008	:-1	:		True	False	False	False
54005010009	jika-1	jika		False	True	False	False
54005010010	ia-1	ia		False	True	False	False
54005010011	membesarkan-1	membesarkan		False	True	False	False
54005010012	anak-1	anak		False	True	False	False
54005010013	--2	-		True	False	False	False
54005010014	anak-2	anak		False	True	False	False
54005010015	,-1	,		True	False	False	False
54005010016	jika-2	jika		False	True	False	False
54005010017	ia-2	ia		False	True	False	False
54005010018	menerima-1	menerima		False	True	False	False
54005010019	orang-1	orang		False	True	False	False
54005010020	asing-1	asing		False	True	False	False
54005010021	,-2	,		True	False	False	False
54005010022	jika-3	jika		False	True	False	False
54005010023	ia-3	ia		False	True	False	False
54005010024	membasuh-1	membasuh		False	True	False	False
54005010025	kaki-1	kaki		False	True	False	False
54005010026	orang-2	orang		False	True	False	False
54005010027	--3	-		True	False	False	False
54005010028	orang-3	orang		False	True	False	False
54005010029	kudus-1	kudus		False	True	False	False
54005010030	,-3	,		True	False	False	False
54005010031	jika-4	jika		False	True	False	False
54005010032	ia-4	ia		False	True	False	False
54005010033	meringankan-1	meringankan		False	True	False	False
54005010034	beban-1	beban		False	True	False	False
54005010035	orang-4	orang		False	True	False	False
54005010036	--4	-		True	False	False	False
54005010037	orang-5	orang		False	True	False	False
54005010038	yang-2	yang		False	True	False	False
54005010039	menderita-1	menderita		False	True	False	False
54005010040	,-4	,		True	False	False	False
54005010041	jika-5	jika		False	True	False	False
54005010042	ia-5	ia		False	True	False	False
54005010043	telah-1	telah		False	True	False	False
54005010044	berusaha-1	berusaha		False	True	False	False
54005010045	melakukan-1	melakukan		False	True	False	False
54005010046	setiap-1	setiap		False	True	False	False
54005010047	pekerjaan-1	pekerjaan		False	True	False	False
54005010048	yang-3	yang		False	True	False	False
54005010049	baik-2	baik		False	True	False	False
54005010050	.-1	.		True	False	False	False
54005011001	Tetapi-1	Tetapi		False	True	False	False
54005011002	tolaklah-1	tolaklah		False	True	False	False
54005011003	janda-1	janda		False	True	False	False
54005011004	--1	-		True	False	False	False
54005011005	janda-2	janda		False	True	False	False
54005011006	yang-1	yang		False	True	False	False
54005011007	lebih-1	lebih		False	True	False	False
54005011008	muda-1	muda		False	True	False	False
54005011009	,-1	,		True	False	False	False
54005011010	karena-1	karena		False	True	False	False
54005011011	ketika-1	ketika		False	True	False	False
54005011012	mereka-1	mereka		False	True	False	False
54005011013	menjadi-1	menjadi		False	True	False	False
54005011014	tidak-1	tidak		False	True	False	False
54005011015	setia-1	setia		False	True	False	False
54005011016	kepada-1	kepada		False	True	False	False
54005011017	Kristus-1	Kristus		False	True	False	False
54005011018	,-2	,		True	False	False	False
54005011019	mereka-2	mereka		False	True	False	False
54005011020	ingin-1	ingin		False	True	False	False
54005011021	menikah-1	menikah		False	True	False	False
54005011022	,-3	,		True	False	False	False
54005012001	memiliki-1	memiliki		False	True	False	False
54005012002	penghakiman-1	penghakiman		False	True	False	False
54005012003	karena-1	karena		False	True	False	False
54005012004	mereka-1	mereka		False	True	False	False
54005012005	telah-1	telah		False	True	False	False
54005012006	melanggar-1	melanggar		False	True	False	False
54005012007	janji-1	janji		False	True	False	False
54005012008	pertama-1	pertama		False	True	False	False
54005012009	mereka-2	mereka		False	True	False	False
54005012010	.-1	.		True	False	False	False
54005013001	Tetapi-1	Tetapi		False	True	False	False
54005013002	pada-1	pada		False	True	False	False
54005013003	saat-1	saat		False	True	False	False
54005013004	yang-1	yang		False	True	False	False
54005013005	sama-1	sama		False	True	False	False
54005013006	,-1	,		True	False	False	False
54005013007	mereka-1	mereka		False	True	False	False
54005013008	juga-1	juga		False	True	False	False
54005013009	membiasakan-1	membiasakan		False	True	False	False
54005013010	diri-1	diri		False	True	False	False
54005013011	menjadi-1	menjadi		False	True	False	False
54005013012	malas-1	malas		False	True	False	False
54005013013	,-2	,		True	False	False	False
54005013014	berkeliling-1	berkeliling		False	True	False	False
54005013015	ke-1	ke		False	True	False	False
54005013016	rumah-1	rumah		False	True	False	False
54005013017	--1	-		True	False	False	False
54005013018	rumah-2	rumah		False	True	False	False
54005013019	,-3	,		True	False	False	False
54005013020	dan-1	dan		False	True	False	False
54005013021	bukan-1	bukan		False	True	False	False
54005013022	hanya-1	hanya		False	True	False	False
54005013023	menjadi-2	menjadi		False	True	False	False
54005013024	malas-2	malas		False	True	False	False
54005013025	,-4	,		True	False	False	False
54005013026	tetapi-1	tetapi		False	True	False	False
54005013027	mereka-2	mereka		False	True	False	False
54005013028	juga-2	juga		False	True	False	False
54005013029	bergosip-1	bergosip		False	True	False	False
54005013030	dan-2	dan		False	True	False	False
54005013031	suka-1	suka		False	True	False	False
54005013032	mencampuri-1	mencampuri		False	True	False	False
54005013033	urusan-1	urusan		False	True	False	False
54005013034	orang-1	orang		False	True	False	False
54005013035	lain-1	lain		False	True	False	False
54005013036	.-1	.		True	False	False	False
54005013037	Mereka-1	Mereka		False	True	False	False
54005013038	mengatakan-1	mengatakan		False	True	False	False
54005013039	hal-1	hal		False	True	False	False
54005013040	--2	-		True	False	False	False
54005013041	hal-2	hal		False	True	False	False
54005013042	yang-2	yang		False	True	False	False
54005013043	seharusnya-1	seharusnya		False	True	False	False
54005013044	tidak-1	tidak		False	True	False	False
54005013045	mereka-3	mereka		False	True	False	False
54005013046	katakan-1	katakan		False	True	False	False
54005013047	.-2	.		True	False	False	False
54005014001	Karena-1	Karena		False	True	False	False
54005014002	itu-1	itu		False	True	False	False
54005014003	,-1	,		True	False	False	False
54005014004	aku-1	aku		False	True	False	False
54005014005	ingin-1	ingin		False	True	False	False
54005014006	perempuan-1	perempuan		False	True	False	False
54005014007	--1	-		True	False	False	False
54005014008	perempuan-2	perempuan		False	True	False	False
54005014009	yang-1	yang		False	True	False	False
54005014010	lebih-1	lebih		False	True	False	False
54005014011	muda-1	muda		False	True	False	False
54005014012	untuk-1	untuk		False	True	False	False
54005014013	menikah-1	menikah		False	True	False	False
54005014014	,-2	,		True	False	False	False
54005014015	melahirkan-1	melahirkan		False	True	False	False
54005014016	anak-1	anak		False	True	False	False
54005014017	--2	-		True	False	False	False
54005014018	anak-2	anak		False	True	False	False
54005014019	,-3	,		True	False	False	False
54005014020	mengatur-1	mengatur		False	True	False	False
54005014021	rumah-1	rumah		False	True	False	False
54005014022	tangga-1	tangga		False	True	False	False
54005014023	,-4	,		True	False	False	False
54005014024	sehingga-1	sehingga		False	True	False	False
54005014025	tidak-1	tidak		False	True	False	False
54005014026	memberi-1	memberi		False	True	False	False
54005014027	kesempatan-1	kesempatan		False	True	False	False
54005014028	bagi-1	bagi		False	True	False	False
54005014029	musuh-1	musuh		False	True	False	False
54005014030	untuk-2	untuk		False	True	False	False
54005014031	mencela-1	mencela		False	True	False	False
54005014032	kita-1	kita		False	True	False	False
54005014033	.-1	.		True	False	False	False
54005015001	Karena-1	Karena		False	True	False	False
54005015002	beberapa-1	beberapa		False	True	False	False
54005015003	orang-1	orang		False	True	False	False
54005015004	telah-1	telah		False	True	False	False
54005015005	berbalik-1	berbalik		False	True	False	False
54005015006	mengikut-1	mengikut		False	True	False	False
54005015007	Setan-1	Setan		False	True	False	False
54005015008	.-1	.		True	False	False	False
54005016001	Jika-1	Jika		False	True	False	False
54005016002	ada-1	ada		False	True	False	False
54005016003	perempuan-1	perempuan		False	True	False	False
54005016004	yang-1	yang		False	True	False	False
54005016005	percaya-1	percaya		False	True	False	False
54005016006	memiliki-1	memiliki		False	True	False	False
54005016007	janda-1	janda		False	True	False	False
54005016008	--1	-		True	False	False	False
54005016009	janda-2	janda		False	True	False	False
54005016010	,-1	,		True	False	False	False
54005016011	hendaklah-1	hendaklah		False	True	False	False
54005016012	ia-1	ia		False	True	False	False
54005016013	menolong-1	menolong		False	True	False	False
54005016014	mereka-1	mereka		False	True	False	False
54005016015	,-2	,		True	False	False	False
54005016016	dan-1	dan		False	True	False	False
54005016017	hendaklah-2	hendaklah		False	True	False	False
54005016018	jemaat-1	jemaat		False	True	False	False
54005016019	tidak-1	tidak		False	True	False	False
54005016020	dibebani-1	dibebani		False	True	False	False
54005016021	,-3	,		True	False	False	False
54005016022	supaya-1	supaya		False	True	False	False
54005016023	jemaat-2	jemaat		False	True	False	False
54005016024	bisa-1	bisa		False	True	False	False
54005016025	membantu-1	membantu		False	True	False	False
54005016026	janda-3	janda		False	True	False	False
54005016027	--2	-		True	False	False	False
54005016028	janda-4	janda		False	True	False	False
54005016029	yang-2	yang		False	True	False	False
54005016030	sebenarnya-1	sebenarnya		False	True	False	False
54005016031	.-1	.		True	False	False	False
54005017001	Biarlah-1	Biarlah		False	True	False	False
54005017002	para-1	para		False	True	False	False
54005017003	penatua-1	penatua		False	True	False	False
54005017004	yang-1	yang		False	True	False	False
54005017005	telah-1	telah		False	True	False	False
54005017006	memimpin-1	memimpin		False	True	False	False
54005017007	dengan-1	dengan		False	True	False	False
54005017008	baik-1	baik		False	True	False	False
54005017009	dianggap-1	dianggap		False	True	False	False
54005017010	layak-1	layak		False	True	False	False
54005017011	untuk-1	untuk		False	True	False	False
54005017012	menerima-1	menerima		False	True	False	False
54005017013	penghormatan-1	penghormatan		False	True	False	False
54005017014	dua-1	dua		False	True	False	False
54005017015	kali-1	kali		False	True	False	False
54005017016	lipat-1	lipat		False	True	False	False
54005017017	,-1	,		True	False	False	False
54005017018	terutama-1	terutama		False	True	False	False
54005017019	mereka-1	mereka		False	True	False	False
54005017020	yang-2	yang		False	True	False	False
54005017021	berjerih-1	berjerih		False	True	False	False
54005017022	lelah-1	lelah		False	True	False	False
54005017023	dalam-1	dalam		False	True	False	False
54005017024	firman-1	firman		False	True	False	False
54005017025	dan-1	dan		False	True	False	False
54005017026	pengajaran-1	pengajaran		False	True	False	False
54005017027	.-1	.		True	False	False	False
54005018001	Karena-1	Karena		False	True	False	False
54005018002	Kitab-1	Kitab		False	True	False	False
54005018003	Suci-1	Suci		False	True	False	False
54005018004	berkata-1	berkata		False	True	False	False
54005018005	,-1	,		True	False	False	False
54005018006	"-1	"		True	False	False	False
54005018007	Engkau-1	Engkau		False	True	False	False
54005018008	tidak-1	tidak		False	True	False	False
54005018009	boleh-1	boleh		False	True	False	False
54005018010	memberangus-1	memberangus		False	True	False	False
54005018011	lembu-1	lembu		False	True	False	False
54005018012	yang-1	yang		False	True	False	False
54005018013	sedang-1	sedang		False	True	False	False
54005018014	mengirik-1	mengirik		False	True	False	False
54005018015	,-2	,		True	False	False	False
54005018016	"-2	"		True	False	False	False
54005018017	dan-1	dan		False	True	False	False
54005018018	"-3	"		True	False	False	False
54005018019	Seorang-1	Seorang		False	True	False	False
54005018020	pekerja-1	pekerja		False	True	False	False
54005018021	layak-1	layak		False	True	False	False
54005018022	untuk-1	untuk		False	True	False	False
54005018023	upahnya-1	upahnya		False	True	False	False
54005018024	.-1	.		True	False	False	False
54005018025	"-4	"		True	False	False	False
54005019001	Janganlah-1	Janganlah		False	True	False	False
54005019002	menerima-1	menerima		False	True	False	False
54005019003	tuduhan-1	tuduhan		False	True	False	False
54005019004	menentang-1	menentang		False	True	False	False
54005019005	seorang-1	seorang		False	True	False	False
54005019006	penatua-1	penatua		False	True	False	False
54005019007	kecuali-1	kecuali		False	True	False	False
54005019008	jika-1	jika		False	True	False	False
54005019009	berdasarkan-1	berdasarkan		False	True	False	False
54005019010	dua-1	dua		False	True	False	False
54005019011	atau-1	atau		False	True	False	False
54005019012	tiga-1	tiga		False	True	False	False
54005019013	saksi-1	saksi		False	True	False	False
54005019014	.-1	.		True	False	False	False
54005020001	Tegurlah-1	Tegurlah		False	True	False	False
54005020002	mereka-1	mereka		False	True	False	False
54005020003	yang-1	yang		False	True	False	False
54005020004	berdosa-1	berdosa		False	True	False	False
54005020005	di-1	di		False	True	False	False
54005020006	depan-1	depan		False	True	False	False
54005020007	semua-1	semua		False	True	False	False
54005020008	orang-1	orang		False	True	False	False
54005020009	supaya-1	supaya		False	True	False	False
54005020010	yang-2	yang		False	True	False	False
54005020011	lainnya-1	lainnya		False	True	False	False
54005020012	juga-1	juga		False	True	False	False
54005020013	memiliki-1	memiliki		False	True	False	False
54005020014	ketakutan-1	ketakutan		False	True	False	False
54005020015	.-1	.		True	False	False	False
54005021001	Aku-1	Aku		False	True	False	False
54005021002	menghimbau-1	menghimbau		False	True	False	False
54005021003	di-1	di		False	True	False	False
54005021004	depan-1	depan		False	True	False	False
54005021005	Allah-1	Allah		False	True	False	False
54005021006	,-1	,		True	False	False	False
54005021007	dan-1	dan		False	True	False	False
54005021008	Kristus-1	Kristus		False	True	False	False
54005021009	Yesus-1	Yesus		False	True	False	False
54005021010	,-2	,		True	False	False	False
54005021011	dan-2	dan		False	True	False	False
54005021012	malaikat-1	malaikat		False	True	False	False
54005021013	--1	-		True	False	False	False
54005021014	malaikat-2	malaikat		False	True	False	False
54005021015	terpilih-1	terpilih		False	True	False	False
54005021016	,-3	,		True	False	False	False
54005021017	agar-1	agar		False	True	False	False
54005021018	engkau-1	engkau		False	True	False	False
54005021019	menjaga-1	menjaga		False	True	False	False
54005021020	hal-1	hal		False	True	False	False
54005021021	--2	-		True	False	False	False
54005021022	hal-2	hal		False	True	False	False
54005021023	ini-1	ini		False	True	False	False
54005021024	tanpa-1	tanpa		False	True	False	False
54005021025	prasangka-1	prasangka		False	True	False	False
54005021026	,-4	,		True	False	False	False
54005021027	melakukan-1	melakukan		False	True	False	False
54005021028	tidak-1	tidak		False	True	False	False
54005021029	satupun-1	satupun		False	True	False	False
54005021030	berdasarkan-1	berdasarkan		False	True	False	False
54005021031	keberpihakkan-1	keberpihakkan		False	True	False	False
54005021032	.-1	.		True	False	False	False
54005022001	Menumpangkan-1	Menumpangkan		False	True	False	False
54005022002	tangan-1	tangan		False	True	False	False
54005022003	--1	-		True	False	False	False
54005022004	tangan-2	tangan		False	True	False	False
54005022005	dengan-1	dengan		False	True	False	False
54005022006	tergesa-1	tergesa		False	True	False	False
54005022007	--2	-		True	False	False	False
54005022008	gesa-1	gesa		False	True	False	False
54005022009	pada-1	pada		False	True	False	False
54005022010	tidak-1	tidak		False	True	False	False
54005022011	satu-1	satu		False	True	False	False
54005022012	orang-1	orang		False	True	False	False
54005022013	pun-1	pun		False	True	False	False
54005022014	.-1	.		True	False	False	False
54005022015	Jangan-1	Jangan		False	True	False	False
54005022016	terlibat-1	terlibat		False	True	False	False
54005022017	dalam-1	dalam		False	True	False	False
54005022018	dosa-1	dosa		False	True	False	False
54005022019	--3	-		True	False	False	False
54005022020	dosa-2	dosa		False	True	False	False
54005022021	orang-2	orang		False	True	False	False
54005022022	--4	-		True	False	False	False
54005022023	orang-3	orang		False	True	False	False
54005022024	lain-1	lain		False	True	False	False
54005022025	.-2	.		True	False	False	False
54005022026	Jagalah-1	Jagalah		False	True	False	False
54005022027	dirimu-1	dirimu		False	True	False	False
54005022028	murni-1	murni		False	True	False	False
54005022029	.-3	.		True	False	False	False
54005023001	Minum-1	Minum		False	True	False	False
54005023002	air-1	air		False	True	False	False
54005023003	tidak-1	tidak		False	True	False	False
54005023004	lagi-1	lagi		False	True	False	False
54005023005	,-1	,		True	False	False	False
54005023006	tetapi-1	tetapi		False	True	False	False
54005023007	gunakan-1	gunakan		False	True	False	False
54005023008	sedikit-1	sedikit		False	True	False	False
54005023009	anggur-1	anggur		False	True	False	False
54005023010	untuk-1	untuk		False	True	False	False
54005023011	perut-1	perut		False	True	False	False
54005023012	dan-1	dan		False	True	False	False
54005023013	penyakit-1	penyakit		False	True	False	False
54005023014	--1	-		True	False	False	False
54005023015	penyakit-2	penyakit		False	True	False	False
54005023016	engkau-1	engkau		False	True	False	False
54005023017	yang-1	yang		False	True	False	False
54005023018	sering-1	sering		False	True	False	False
54005023019	muncul-1	muncul		False	True	False	False
54005023020	.-1	.		True	False	False	False
54005024001	Dosa-1	Dosa		False	True	False	False
54005024002	--1	-		True	False	False	False
54005024003	dosa-1	dosa		False	True	False	False
54005024004	dari-1	dari		False	True	False	False
54005024005	beberapa-1	beberapa		False	True	False	False
54005024006	orang-1	orang		False	True	False	False
54005024007	adalah-1	adalah		False	True	False	False
54005024008	nyata-1	nyata		False	True	False	False
54005024009	,-1	,		True	False	False	False
54005024010	menuju-1	menuju		False	True	False	False
54005024011	ke-1	ke		False	True	False	False
54005024012	dalam-1	dalam		False	True	False	False
54005024013	penghakiman-1	penghakiman		False	True	False	False
54005024014	.-1	.		True	False	False	False
54005024015	Tetapi-1	Tetapi		False	True	False	False
54005024016	bagi-1	bagi		False	True	False	False
54005024017	beberapa-2	beberapa		False	True	False	False
54005024018	orang-2	orang		False	True	False	False
54005024019	,-2	,		True	False	False	False
54005024020	mereka-1	mereka		False	True	False	False
54005024021	juga-1	juga		False	True	False	False
54005024022	mengikuti-1	mengikuti		False	True	False	False
54005024023	.-2	.		True	False	False	False
54005025001	Demikian-1	Demikian		False	True	False	False
54005025002	juga-1	juga		False	True	False	False
54005025003	,-1	,		True	False	False	False
54005025004	perbuatan-1	perbuatan		False	True	False	False
54005025005	--1	-		True	False	False	False
54005025006	perbuatan-2	perbuatan		False	True	False	False
54005025007	baik-1	baik		False	True	False	False
54005025008	nyata-1	nyata		False	True	False	False
54005025009	,-2	,		True	False	False	False
54005025010	dan-1	dan		False	True	False	False
54005025011	mereka-1	mereka		False	True	False	False
54005025012	yang-1	yang		False	True	False	False
54005025013	mempunyai-1	mempunyai		False	True	False	False
54005025014	lainnya-1	lainnya		False	True	False	False
54005025015	tidak-1	tidak		False	True	False	False
54005025016	dapat-1	dapat		False	True	False	False
54005025017	disembunyikan-1	disembunyikan		False	True	False	False
54005025018	.-1	.		True	False	False	False
54006001001	Semua-1	Semua		False	True	False	False
54006001002	orang-1	orang		False	True	False	False
54006001003	yang-1	yang		False	True	False	False
54006001004	ada-1	ada		False	True	False	False
54006001005	di-1	di		False	True	False	False
54006001006	bawah-1	bawah		False	True	False	False
54006001007	belenggu-1	belenggu		False	True	False	False
54006001008	perbudakan-1	perbudakan		False	True	False	False
54006001009	,-1	,		True	False	False	False
54006001010	biarlah-1	biarlah		False	True	False	False
54006001011	mereka-1	mereka		False	True	False	False
54006001012	menganggap-1	menganggap		False	True	False	False
54006001013	tuan-1	tuan		False	True	False	False
54006001014	--1	-		True	False	False	False
54006001015	tuan-2	tuan		False	True	False	False
54006001016	mereka-2	mereka		False	True	False	False
54006001017	sendiri-1	sendiri		False	True	False	False
54006001018	layak-1	layak		False	True	False	False
54006001019	menerima-1	menerima		False	True	False	False
54006001020	semua-1	semua		False	True	False	False
54006001021	penghormatan-1	penghormatan		False	True	False	False
54006001022	,-2	,		True	False	False	False
54006001023	supaya-1	supaya		False	True	False	False
54006001024	nama-1	nama		False	True	False	False
54006001025	Allah-1	Allah		False	True	False	False
54006001026	dan-1	dan		False	True	False	False
54006001027	ajaran-1	ajaran		False	True	False	False
54006001028	tidak-1	tidak		False	True	False	False
54006001029	dihujat-1	dihujat		False	True	False	False
54006001030	orang-2	orang		False	True	False	False
54006001031	.-1	.		True	False	False	False
54006002001	Tetapi-1	Tetapi		False	True	False	False
54006002002	,-1	,		True	False	False	False
54006002003	mereka-1	mereka		False	True	False	False
54006002004	yang-1	yang		False	True	False	False
54006002005	memiliki-1	memiliki		False	True	False	False
54006002006	tuan-1	tuan		False	True	False	False
54006002007	--1	-		True	False	False	False
54006002008	tuan-2	tuan		False	True	False	False
54006002009	yang-2	yang		False	True	False	False
54006002010	percaya-1	percaya		False	True	False	False
54006002011	,-2	,		True	False	False	False
54006002012	biarlah-1	biarlah		False	True	False	False
54006002013	tidak-1	tidak		False	True	False	False
54006002014	memandang-1	memandang		False	True	False	False
54006002015	rendah-1	rendah		False	True	False	False
54006002016	,-3	,		True	False	False	False
54006002017	karena-1	karena		False	True	False	False
54006002018	mereka-2	mereka		False	True	False	False
54006002019	adalah-1	adalah		False	True	False	False
54006002020	saudara-1	saudara		False	True	False	False
54006002021	--2	-		True	False	False	False
54006002022	saudara-2	saudara		False	True	False	False
54006002023	.-1	.		True	False	False	False
54006002024	Sebaliknya-1	Sebaliknya		False	True	False	False
54006002025	,-4	,		True	False	False	False
54006002026	hendaknya-1	hendaknya		False	True	False	False
54006002027	mereka-3	mereka		False	True	False	False
54006002028	melayani-1	melayani		False	True	False	False
54006002029	lebih-1	lebih		False	True	False	False
54006002030	sungguh-1	sungguh		False	True	False	False
54006002031	,-5	,		True	False	False	False
54006002032	karena-2	karena		False	True	False	False
54006002033	mereka-4	mereka		False	True	False	False
54006002034	yang-3	yang		False	True	False	False
54006002035	menerima-1	menerima		False	True	False	False
54006002036	pelayanan-1	pelayanan		False	True	False	False
54006002037	yang-4	yang		False	True	False	False
54006002038	baik-1	baik		False	True	False	False
54006002039	adalah-2	adalah		False	True	False	False
54006002040	orang-1	orang		False	True	False	False
54006002041	--3	-		True	False	False	False
54006002042	orang-2	orang		False	True	False	False
54006002043	percaya-2	percaya		False	True	False	False
54006002044	dan-1	dan		False	True	False	False
54006002045	orang-3	orang		False	True	False	False
54006002046	--4	-		True	False	False	False
54006002047	orang-4	orang		False	True	False	False
54006002048	yang-5	yang		False	True	False	False
54006002049	dikasihi-1	dikasihi		False	True	False	False
54006002050	.-2	.		True	False	False	False
54006002051	Ajarkanlah-1	Ajarkanlah		False	True	False	False
54006002052	dan-2	dan		False	True	False	False
54006002053	nasehatkanlah-1	nasehatkanlah		False	True	False	False
54006002054	hal-1	hal		False	True	False	False
54006002055	--5	-		True	False	False	False
54006002056	hal-2	hal		False	True	False	False
54006002057	ini-1	ini		False	True	False	False
54006002058	.-3	.		True	False	False	False
54006003001	Jika-1	Jika		False	True	False	False
54006003002	seseorang-1	seseorang		False	True	False	False
54006003003	mengajar-1	mengajar		False	True	False	False
54006003004	ajaran-1	ajaran		False	True	False	False
54006003005	yang-1	yang		False	True	False	False
54006003006	lain-1	lain		False	True	False	False
54006003007	dan-1	dan		False	True	False	False
54006003008	tidak-1	tidak		False	True	False	False
54006003009	menerima-1	menerima		False	True	False	False
54006003010	perkataan-1	perkataan		False	True	False	False
54006003011	--1	-		True	False	False	False
54006003012	perkataan-2	perkataan		False	True	False	False
54006003013	yang-2	yang		False	True	False	False
54006003014	sehat-1	sehat		False	True	False	False
54006003015	,-1	,		True	False	False	False
54006003016	yaitu-1	yaitu		False	True	False	False
54006003017	kata-1	kata		False	True	False	False
54006003018	--2	-		True	False	False	False
54006003019	kata-2	kata		False	True	False	False
54006003020	Tuhan-1	Tuhan		False	True	False	False
54006003021	kita-1	kita		False	True	False	False
54006003022	Yesus-1	Yesus		False	True	False	False
54006003023	Kristus-1	Kristus		False	True	False	False
54006003024	,-2	,		True	False	False	False
54006003025	dan-2	dan		False	True	False	False
54006003026	ajaran-2	ajaran		False	True	False	False
54006003027	yang-3	yang		False	True	False	False
54006003028	sesuai-1	sesuai		False	True	False	False
54006003029	dengan-1	dengan		False	True	False	False
54006003030	kesalehan-1	kesalehan		False	True	False	False
54006003031	.-1	.		True	False	False	False
54006004001	dia-1	dia		False	True	False	False
54006004002	telah-1	telah		False	True	False	False
54006004003	menjadi-1	menjadi		False	True	False	False
54006004004	sombong-1	sombong		False	True	False	False
54006004005	,-1	,		True	False	False	False
54006004006	tidak-1	tidak		False	True	False	False
54006004007	mengetahui-1	mengetahui		False	True	False	False
54006004008	apapun-1	apapun		False	True	False	False
54006004009	,-2	,		True	False	False	False
54006004010	sebaliknya-1	sebaliknya		False	True	False	False
54006004011	penyakitnya-1	penyakitnya		False	True	False	False
54006004012	{-1	{		True	False	False	False
54006004013	adalah-1	adalah		False	True	False	False
54006004014	}-1	}		True	False	False	False
54006004015	suka-1	suka		False	True	False	False
54006004016	berbantah-1	berbantah		False	True	False	False
54006004017	--1	-		True	False	False	False
54006004018	bantah-1	bantah		False	True	False	False
54006004019	dan-1	dan		False	True	False	False
54006004020	bersilat-1	bersilat		False	True	False	False
54006004021	kata-1	kata		False	True	False	False
54006004022	,-3	,		True	False	False	False
54006004023	yang-1	yang		False	True	False	False
54006004024	darinya-1	darinya		False	True	False	False
54006004025	mendatangkan-1	mendatangkan		False	True	False	False
54006004026	iri-1	iri		False	True	False	False
54006004027	hati-1	hati		False	True	False	False
54006004028	,-4	,		True	False	False	False
54006004029	perselisihan-1	perselisihan		False	True	False	False
54006004030	,-5	,		True	False	False	False
54006004031	penghinaan-1	penghinaan		False	True	False	False
54006004032	,-6	,		True	False	False	False
54006004033	kecurigaan-1	kecurigaan		False	True	False	False
54006004034	yang-2	yang		False	True	False	False
54006004035	jahat-1	jahat		False	True	False	False
54006004036	,-7	,		True	False	False	False
54006005001	perselisihan-1	perselisihan		False	True	False	False
54006005002	--1	-		True	False	False	False
54006005003	perselisihan-2	perselisihan		False	True	False	False
54006005004	,-1	,		True	False	False	False
54006005005	orang-1	orang		False	True	False	False
54006005006	--2	-		True	False	False	False
54006005007	orang-2	orang		False	True	False	False
54006005008	yang-1	yang		False	True	False	False
54006005009	pikirannya-1	pikirannya		False	True	False	False
54006005010	telah-1	telah		False	True	False	False
54006005011	rusak-1	rusak		False	True	False	False
54006005012	dan-1	dan		False	True	False	False
54006005013	telah-2	telah		False	True	False	False
54006005014	meninggalkan-1	meninggalkan		False	True	False	False
54006005015	kebenaran-1	kebenaran		False	True	False	False
54006005016	.-1	.		True	False	False	False
54006005017	Mereka-1	Mereka		False	True	False	False
54006005018	berpikir-1	berpikir		False	True	False	False
54006005019	bahwa-1	bahwa		False	True	False	False
54006005020	kesalehan-1	kesalehan		False	True	False	False
54006005021	adalah-1	adalah		False	True	False	False
54006005022	jalan-1	jalan		False	True	False	False
54006005023	menjadi-1	menjadi		False	True	False	False
54006005024	kaya-1	kaya		False	True	False	False
54006006001	Tetapi-1	Tetapi		False	True	False	False
54006006002	kesalehan-1	kesalehan		False	True	False	False
54006006003	yang-1	yang		False	True	False	False
54006006004	disertai-1	disertai		False	True	False	False
54006006005	rasa-1	rasa		False	True	False	False
54006006006	cukup-1	cukup		False	True	False	False
54006006007	merupakan-1	merupakan		False	True	False	False
54006006008	keuntungan-1	keuntungan		False	True	False	False
54006006009	yang-2	yang		False	True	False	False
54006006010	besar-1	besar		False	True	False	False
54006006011	.-1	.		True	False	False	False
54006007001	Karena-1	Karena		False	True	False	False
54006007002	kita-1	kita		False	True	False	False
54006007003	tidak-1	tidak		False	True	False	False
54006007004	membawa-1	membawa		False	True	False	False
54006007005	apapun-1	apapun		False	True	False	False
54006007006	ke-1	ke		False	True	False	False
54006007007	dunia-1	dunia		False	True	False	False
54006007008	,-1	,		True	False	False	False
54006007009	demikian-1	demikian		False	True	False	False
54006007010	juga-1	juga		False	True	False	False
54006007011	kita-2	kita		False	True	False	False
54006007012	tidak-2	tidak		False	True	False	False
54006007013	bisa-1	bisa		False	True	False	False
54006007014	membawa-2	membawa		False	True	False	False
54006007015	keluar-1	keluar		False	True	False	False
54006007016	apapun-2	apapun		False	True	False	False
54006007017	.-1	.		True	False	False	False
54006008001	Tetapi-1	Tetapi		False	True	False	False
54006008002	,-1	,		True	False	False	False
54006008003	memiliki-1	memiliki		False	True	False	False
54006008004	makanan-1	makanan		False	True	False	False
54006008005	dan-1	dan		False	True	False	False
54006008006	pakaian-1	pakaian		False	True	False	False
54006008007	,-2	,		True	False	False	False
54006008008	dengan-1	dengan		False	True	False	False
54006008009	hal-1	hal		False	True	False	False
54006008010	--1	-		True	False	False	False
54006008011	hal-2	hal		False	True	False	False
54006008012	ini-1	ini		False	True	False	False
54006008013	kita-1	kita		False	True	False	False
54006008014	akan-1	akan		False	True	False	False
54006008015	dipuaskan-1	dipuaskan		False	True	False	False
54006009001	Sekarang-1	Sekarang		False	True	False	False
54006009002	,-1	,		True	False	False	False
54006009003	orang-1	orang		False	True	False	False
54006009004	--1	-		True	False	False	False
54006009005	orang-2	orang		False	True	False	False
54006009006	yang-1	yang		False	True	False	False
54006009007	ingin-1	ingin		False	True	False	False
54006009008	menjadi-1	menjadi		False	True	False	False
54006009009	kaya-1	kaya		False	True	False	False
54006009010	jatuh-1	jatuh		False	True	False	False
54006009011	ke-1	ke		False	True	False	False
54006009012	dalam-1	dalam		False	True	False	False
54006009013	pencobaan-1	pencobaan		False	True	False	False
54006009014	dan-1	dan		False	True	False	False
54006009015	perangkap-1	perangkap		False	True	False	False
54006009016	serta-1	serta		False	True	False	False
54006009017	berbagai-1	berbagai		False	True	False	False
54006009018	keinginan-1	keinginan		False	True	False	False
54006009019	yang-2	yang		False	True	False	False
54006009020	bodoh-1	bodoh		False	True	False	False
54006009021	dan-2	dan		False	True	False	False
54006009022	berbahaya-1	berbahaya		False	True	False	False
54006009023	,-2	,		True	False	False	False
54006009024	apa-1	apa		False	True	False	False
54006009025	pun-1	pun		False	True	False	False
54006009026	yang-3	yang		False	True	False	False
54006009027	menjerumuskan-1	menjerumuskan		False	True	False	False
54006009028	manusia-1	manusia		False	True	False	False
54006009029	ke-2	ke		False	True	False	False
54006009030	dalam-2	dalam		False	True	False	False
54006009031	keruntuhan-1	keruntuhan		False	True	False	False
54006009032	dan-3	dan		False	True	False	False
54006009033	kehancuran-1	kehancuran		False	True	False	False
54006009034	.-1	.		True	False	False	False
54006010001	Karena-1	Karena		False	True	False	False
54006010002	akar-1	akar		False	True	False	False
54006010003	segala-1	segala		False	True	False	False
54006010004	kejahatan-1	kejahatan		False	True	False	False
54006010005	adalah-1	adalah		False	True	False	False
54006010006	cinta-1	cinta		False	True	False	False
54006010007	uang-1	uang		False	True	False	False
54006010008	,-1	,		True	False	False	False
54006010009	yang-1	yang		False	True	False	False
54006010010	beberapa-1	beberapa		False	True	False	False
54006010011	orang-1	orang		False	True	False	False
54006010012	menginginkannya-1	menginginkannya		False	True	False	False
54006010013	,-2	,		True	False	False	False
54006010014	mereka-1	mereka		False	True	False	False
54006010015	telah-1	telah		False	True	False	False
54006010016	disesatkan-1	disesatkan		False	True	False	False
54006010017	dari-1	dari		False	True	False	False
54006010018	iman-1	iman		False	True	False	False
54006010019	dan-1	dan		False	True	False	False
54006010020	menyiksa-1	menyiksa		False	True	False	False
54006010021	diri-1	diri		False	True	False	False
54006010022	mereka-2	mereka		False	True	False	False
54006010023	sendiri-1	sendiri		False	True	False	False
54006010024	dengan-1	dengan		False	True	False	False
54006010025	berbagai-1	berbagai		False	True	False	False
54006010026	--1	-		True	False	False	False
54006010027	bagai-1	bagai		False	True	False	False
54006010028	kesengsaraan-1	kesengsaraan		False	True	False	False
54006010029	.-1	.		True	False	False	False
54006011001	Tetapi-1	Tetapi		False	True	False	False
54006011002	engkau-1	engkau		False	True	False	False
54006011003	,-1	,		True	False	False	False
54006011004	hai-1	hai		False	True	False	False
54006011005	manusia-1	manusia		False	True	False	False
54006011006	Allah-1	Allah		False	True	False	False
54006011007	,-2	,		True	False	False	False
54006011008	jauhilah-1	jauhilah		False	True	False	False
54006011009	hal-1	hal		False	True	False	False
54006011010	--1	-		True	False	False	False
54006011011	hal-2	hal		False	True	False	False
54006011012	ini-1	ini		False	True	False	False
54006011013	.-1	.		True	False	False	False
54006011014	dan-1	dan		False	True	False	False
54006011015	kejarlah-1	kejarlah		False	True	False	False
54006011016	keadilan-1	keadilan		False	True	False	False
54006011017	,-3	,		True	False	False	False
54006011018	kesalehan-1	kesalehan		False	True	False	False
54006011019	,-4	,		True	False	False	False
54006011020	kesetiaan-1	kesetiaan		False	True	False	False
54006011021	,-5	,		True	False	False	False
54006011022	kasih-1	kasih		False	True	False	False
54006011023	,-6	,		True	False	False	False
54006011024	ketekunan-1	ketekunan		False	True	False	False
54006011025	,-7	,		True	False	False	False
54006011026	kelemah-1	kelemah		False	True	False	False
54006011027	--2	-		True	False	False	False
54006011028	lembutan-1	lembutan		False	True	False	False
54006011029	.-2	.		True	False	False	False
54006012001	Bertandinglah-1	Bertandinglah		False	True	False	False
54006012002	dalam-1	dalam		False	True	False	False
54006012003	pertandingan-1	pertandingan		False	True	False	False
54006012004	iman-1	iman		False	True	False	False
54006012005	yang-1	yang		False	True	False	False
54006012006	baik-1	baik		False	True	False	False
54006012007	,-1	,		True	False	False	False
54006012008	berpeganglah-1	berpeganglah		False	True	False	False
54006012009	pada-1	pada		False	True	False	False
54006012010	hidup-1	hidup		False	True	False	False
54006012011	yang-2	yang		False	True	False	False
54006012012	kekal-1	kekal		False	True	False	False
54006012013	,-2	,		True	False	False	False
54006012014	yang-3	yang		False	True	False	False
54006012015	untuk-1	untuk		False	True	False	False
54006012016	itu-1	itu		False	True	False	False
54006012017	engkau-1	engkau		False	True	False	False
54006012018	telah-1	telah		False	True	False	False
54006012019	dipanggil-1	dipanggil		False	True	False	False
54006012020	dan-1	dan		False	True	False	False
54006012021	telah-2	telah		False	True	False	False
54006012022	memberi-1	memberi		False	True	False	False
54006012023	pengakuan-1	pengakuan		False	True	False	False
54006012024	yang-4	yang		False	True	False	False
54006012025	baik-2	baik		False	True	False	False
54006012026	di-1	di		False	True	False	False
54006012027	hadapan-1	hadapan		False	True	False	False
54006012028	banyak-1	banyak		False	True	False	False
54006012029	saksi-1	saksi		False	True	False	False
54006012030	.-1	.		True	False	False	False
54006013001	Aku-1	Aku		False	True	False	False
54006013002	perintahkan-1	perintahkan		False	True	False	False
54006013003	engkau-1	engkau		False	True	False	False
54006013004	di-1	di		False	True	False	False
54006013005	hadapan-1	hadapan		False	True	False	False
54006013006	Allah-1	Allah		False	True	False	False
54006013007	,-1	,		True	False	False	False
54006013008	yang-1	yang		False	True	False	False
54006013009	memberi-1	memberi		False	True	False	False
54006013010	hidup-1	hidup		False	True	False	False
54006013011	kepada-1	kepada		False	True	False	False
54006013012	segala-1	segala		False	True	False	False
54006013013	sesuatu-1	sesuatu		False	True	False	False
54006013014	,-2	,		True	False	False	False
54006013015	dan-1	dan		False	True	False	False
54006013016	Kristus-1	Kristus		False	True	False	False
54006013017	Yesus-1	Yesus		False	True	False	False
54006013018	,-3	,		True	False	False	False
54006013019	yang-2	yang		False	True	False	False
54006013020	telah-1	telah		False	True	False	False
54006013021	menyatakan-1	menyatakan		False	True	False	False
54006013022	pengakuan-1	pengakuan		False	True	False	False
54006013023	yang-3	yang		False	True	False	False
54006013024	baik-1	baik		False	True	False	False
54006013025	di-2	di		False	True	False	False
54006013026	hadapan-2	hadapan		False	True	False	False
54006013027	Pontius-1	Pontius		False	True	False	False
54006013028	Pilatus-1	Pilatus		False	True	False	False
54006013029	:-1	:		True	False	False	False
54006014001	agar-1	agar		False	True	False	False
54006014002	engkau-1	engkau		False	True	False	False
54006014003	memelihara-1	memelihara		False	True	False	False
54006014004	perintah-1	perintah		False	True	False	False
54006014005	itu-1	itu		False	True	False	False
54006014006	tanpa-1	tanpa		False	True	False	False
54006014007	cacat-1	cacat		False	True	False	False
54006014008	,-1	,		True	False	False	False
54006014009	tanpa-2	tanpa		False	True	False	False
54006014010	cela-1	cela		False	True	False	False
54006014011	,-2	,		True	False	False	False
54006014012	sampai-1	sampai		False	True	False	False
54006014013	penampakan-1	penampakan		False	True	False	False
54006014014	Tuhan-1	Tuhan		False	True	False	False
54006014015	kita-1	kita		False	True	False	False
54006014016	Yesus-1	Yesus		False	True	False	False
54006014017	Kristus-1	Kristus		False	True	False	False
54006014018	.-1	.		True	False	False	False
54006015001	yang-1	yang		False	True	False	False
54006015002	pada-1	pada		False	True	False	False
54006015003	saatnya-1	saatnya		False	True	False	False
54006015004	sendiri-1	sendiri		False	True	False	False
54006015005	Penguasa-1	Penguasa		False	True	False	False
54006015006	satu-1	satu		False	True	False	False
54006015007	--1	-		True	False	False	False
54006015008	satunya-1	satunya		False	True	False	False
54006015009	dan-1	dan		False	True	False	False
54006015010	yang-2	yang		False	True	False	False
54006015011	terpuji-1	terpuji		False	True	False	False
54006015012	,-1	,		True	False	False	False
54006015013	Raja-1	Raja		False	True	False	False
54006015014	atas-1	atas		False	True	False	False
54006015015	raja-1	raja		False	True	False	False
54006015016	--2	-		True	False	False	False
54006015017	raja-2	raja		False	True	False	False
54006015018	dan-2	dan		False	True	False	False
54006015019	Tuan-1	Tuan		False	True	False	False
54006015020	atas-2	atas		False	True	False	False
54006015021	tuan-1	tuan		False	True	False	False
54006015022	--3	-		True	False	False	False
54006015023	tuan-2	tuan		False	True	False	False
54006015024	,-2	,		True	False	False	False
54006015025	akan-1	akan		False	True	False	False
54006015026	menyatakan-1	menyatakan		False	True	False	False
54006015027	diri-1	diri		False	True	False	False
54006015028	--4	-		True	False	False	False
54006015029	Nya-1	Nya		False	True	False	False
54006015030	.-1	.		True	False	False	False
54006016001	Ia-1	Ia		False	True	False	False
54006016002	saja-1	saja		False	True	False	False
54006016003	yang-1	yang		False	True	False	False
54006016004	memiliki-1	memiliki		False	True	False	False
54006016005	kekekalan-1	kekekalan		False	True	False	False
54006016006	,-1	,		True	False	False	False
54006016007	tinggal-1	tinggal		False	True	False	False
54006016008	di-1	di		False	True	False	False
54006016009	dalam-1	dalam		False	True	False	False
54006016010	terang-1	terang		False	True	False	False
54006016011	yang-2	yang		False	True	False	False
54006016012	tidak-1	tidak		False	True	False	False
54006016013	dapat-1	dapat		False	True	False	False
54006016014	dihampiri-1	dihampiri		False	True	False	False
54006016015	yang-3	yang		False	True	False	False
54006016016	tidak-2	tidak		False	True	False	False
54006016017	ada-1	ada		False	True	False	False
54006016018	dari-1	dari		False	True	False	False
54006016019	manusia-1	manusia		False	True	False	False
54006016020	--1	-		True	False	False	False
54006016021	manusia-2	manusia		False	True	False	False
54006016022	telah-1	telah		False	True	False	False
54006016023	melihat-1	melihat		False	True	False	False
54006016024	atau-1	atau		False	True	False	False
54006016025	dapat-2	dapat		False	True	False	False
54006016026	melihat-2	melihat		False	True	False	False
54006016027	.-1	.		True	False	False	False
54006016028	Bagi-1	Bagi		False	True	False	False
54006016029	Dialah-1	Dialah		False	True	False	False
54006016030	hormat-1	hormat		False	True	False	False
54006016031	dan-1	dan		False	True	False	False
54006016032	kuasa-1	kuasa		False	True	False	False
54006016033	,-2	,		True	False	False	False
54006016034	kekal-1	kekal		False	True	False	False
54006016035	.-2	.		True	False	False	False
54006016036	Amin-1	Amin		False	True	False	False
54006016037	.-3	.		True	False	False	False
54006017001	Perintahkan-1	Perintahkan		False	True	False	False
54006017002	kepada-1	kepada		False	True	False	False
54006017003	orang-1	orang		False	True	False	False
54006017004	--1	-		True	False	False	False
54006017005	orang-2	orang		False	True	False	False
54006017006	kaya-1	kaya		False	True	False	False
54006017007	di-1	di		False	True	False	False
54006017008	zaman-1	zaman		False	True	False	False
54006017009	ini-1	ini		False	True	False	False
54006017010	agar-1	agar		False	True	False	False
54006017011	tidak-1	tidak		False	True	False	False
54006017012	sombong-1	sombong		False	True	False	False
54006017013	,-1	,		True	False	False	False
54006017014	atau-1	atau		False	True	False	False
54006017015	berharap-1	berharap		False	True	False	False
54006017016	kepada-2	kepada		False	True	False	False
54006017017	kekayaan-1	kekayaan		False	True	False	False
54006017018	,-2	,		True	False	False	False
54006017019	yang-1	yang		False	True	False	False
54006017020	tidak-2	tidak		False	True	False	False
54006017021	pasti-1	pasti		False	True	False	False
54006017022	.-1	.		True	False	False	False
54006017023	tetapi-1	tetapi		False	True	False	False
54006017024	kepada-3	kepada		False	True	False	False
54006017025	Allah-1	Allah		False	True	False	False
54006017026	yang-2	yang		False	True	False	False
54006017027	menyediakan-1	menyediakan		False	True	False	False
54006017028	semua-1	semua		False	True	False	False
54006017029	dengan-1	dengan		False	True	False	False
54006017030	kelimpahan-1	kelimpahan		False	True	False	False
54006017031	bagi-1	bagi		False	True	False	False
54006017032	kita-1	kita		False	True	False	False
54006017033	untuk-1	untuk		False	True	False	False
54006017034	kenikmatan-1	kenikmatan		False	True	False	False
54006017035	.-2	.		True	False	False	False
54006018001	Melakukan-1	Melakukan		False	True	False	False
54006018002	yang-1	yang		False	True	False	False
54006018003	baik-1	baik		False	True	False	False
54006018004	,-1	,		True	False	False	False
54006018005	menjadi-1	menjadi		False	True	False	False
54006018006	kaya-1	kaya		False	True	False	False
54006018007	dalam-1	dalam		False	True	False	False
54006018008	perbuatan-1	perbuatan		False	True	False	False
54006018009	--1	-		True	False	False	False
54006018010	perbuatan-2	perbuatan		False	True	False	False
54006018011	yang-2	yang		False	True	False	False
54006018012	baik-2	baik		False	True	False	False
54006018013	,-2	,		True	False	False	False
54006018014	menjadi-2	menjadi		False	True	False	False
54006018015	murah-1	murah		False	True	False	False
54006018016	hati-1	hati		False	True	False	False
54006018017	,-3	,		True	False	False	False
54006018018	bersedia-1	bersedia		False	True	False	False
54006018019	untuk-1	untuk		False	True	False	False
54006018020	berbagi-1	berbagi		False	True	False	False
54006018021	.-1	.		True	False	False	False
54006019001	mengumpulkan-1	mengumpulkan		False	True	False	False
54006019002	untuk-1	untuk		False	True	False	False
54006019003	dirinya-1	dirinya		False	True	False	False
54006019004	sendiri-1	sendiri		False	True	False	False
54006019005	dasar-1	dasar		False	True	False	False
54006019006	yang-1	yang		False	True	False	False
54006019007	baik-1	baik		False	True	False	False
54006019008	untuk-2	untuk		False	True	False	False
54006019009	yang-2	yang		False	True	False	False
54006019010	akan-1	akan		False	True	False	False
54006019011	datang-1	datang		False	True	False	False
54006019012	,-1	,		True	False	False	False
54006019013	supaya-1	supaya		False	True	False	False
54006019014	mereka-1	mereka		False	True	False	False
54006019015	memiliki-1	memiliki		False	True	False	False
54006019016	kehidupan-1	kehidupan		False	True	False	False
54006019017	yang-3	yang		False	True	False	False
54006019018	sesungguhnya-1	sesungguhnya		False	True	False	False
54006019019	.-1	.		True	False	False	False
54006020001	Hai-1	Hai		False	True	False	False
54006020002	Timotius-1	Timotius		False	True	False	False
54006020003	,-1	,		True	False	False	False
54006020004	jagalah-1	jagalah		False	True	False	False
54006020005	apa-1	apa		False	True	False	False
54006020006	yang-1	yang		False	True	False	False
54006020007	telah-1	telah		False	True	False	False
54006020008	dipercayakan-1	dipercayakan		False	True	False	False
54006020009	,-2	,		True	False	False	False
54006020010	menghindari-1	menghindari		False	True	False	False
54006020011	pembicaraan-1	pembicaraan		False	True	False	False
54006020012	--1	-		True	False	False	False
54006020013	pembicaraan-2	pembicaraan		False	True	False	False
54006020014	duniawi-1	duniawi		False	True	False	False
54006020015	dan-1	dan		False	True	False	False
54006020016	pertentangan-1	pertentangan		False	True	False	False
54006020017	--2	-		True	False	False	False
54006020018	pertentangan-2	pertentangan		False	True	False	False
54006020019	yang-2	yang		False	True	False	False
54006020020	keliru-1	keliru		False	True	False	False
54006020021	disebut-1	disebut		False	True	False	False
54006020022	sebagai-1	sebagai		False	True	False	False
54006020023	pengetahuan-1	pengetahuan		False	True	False	False
54006020024	.-1	.		True	False	False	False
54006021001	yang-1	yang		False	True	False	False
54006021002	beberapa-1	beberapa		False	True	False	False
54006021003	orang-1	orang		False	True	False	False
54006021004	mengakui-1	mengakui		False	True	False	False
54006021005	,-1	,		True	False	False	False
54006021006	mereka-1	mereka		False	True	False	False
54006021007	telah-1	telah		False	True	False	False
54006021008	menyimpang-1	menyimpang		False	True	False	False
54006021009	dari-1	dari		False	True	False	False
54006021010	iman-1	iman		False	True	False	False
54006021011	.-1	.		True	False	False	False
54006021012	Anugerah-1	Anugerah		False	True	False	False
54006021013	menyertai-1	menyertai		False	True	False	False
54006021014	kalian-1	kalian		False	True	False	False
54006021015	.-2	.		True	False	False	False
55001001001	Paulus-1	Paulus		False	True	False	False
55001001002	,-1	,		True	False	False	False
55001001003	seorang-1	seorang		False	True	False	False
55001001004	rasul-1	rasul		False	True	False	False
55001001005	Kristus-1	Kristus		False	True	False	False
55001001006	Yesus-1	Yesus		False	True	False	False
55001001007	melalui-1	melalui		False	True	False	False
55001001008	kehendak-1	kehendak		False	True	False	False
55001001009	Allah-1	Allah		False	True	False	False
55001001010	,-2	,		True	False	False	False
55001001011	sesuai-1	sesuai		False	True	False	False
55001001012	dengan-1	dengan		False	True	False	False
55001001013	janji-1	janji		False	True	False	False
55001001014	tentang-1	tentang		False	True	False	False
55001001015	hidup-1	hidup		False	True	False	False
55001001016	yang-1	yang		False	True	False	False
55001001017	ada-1	ada		False	True	False	False
55001001018	dalam-1	dalam		False	True	False	False
55001001019	Kristus-2	Kristus		False	True	False	False
55001001020	Yesus-2	Yesus		False	True	False	False
55001001021	,-3	,		True	False	False	False
55001002001	kepada-1	kepada		False	True	False	False
55001002002	Timotius-1	Timotius		False	True	False	False
55001002003	,-1	,		True	False	False	False
55001002004	anakku-1	anakku		False	True	False	False
55001002005	yang-1	yang		False	True	False	False
55001002006	kekasih-1	kekasih		False	True	False	False
55001002007	:-1	:		True	False	False	False
55001002008	Anugerah-1	Anugerah		False	True	False	False
55001002009	,-2	,		True	False	False	False
55001002010	kemurahan-1	kemurahan		False	True	False	False
55001002011	,-3	,		True	False	False	False
55001002012	dan-1	dan		False	True	False	False
55001002013	damai-1	damai		False	True	False	False
55001002014	sejahtera-1	sejahtera		False	True	False	False
55001002015	dari-1	dari		False	True	False	False
55001002016	Allah-1	Allah		False	True	False	False
55001002017	Bapa-1	Bapa		False	True	False	False
55001002018	dan-2	dan		False	True	False	False
55001002019	Kristus-1	Kristus		False	True	False	False
55001002020	Yesus-1	Yesus		False	True	False	False
55001002021	Tuhan-1	Tuhan		False	True	False	False
55001002022	kita-1	kita		False	True	False	False
55001002023	.-1	.		True	False	False	False
55001003001	Aku-1	Aku		False	True	False	False
55001003002	bersyukur-1	bersyukur		False	True	False	False
55001003003	kepada-1	kepada		False	True	False	False
55001003004	Allah-1	Allah		False	True	False	False
55001003005	,-1	,		True	False	False	False
55001003006	yang-1	yang		False	True	False	False
55001003007	aku-1	aku		False	True	False	False
55001003008	layani-1	layani		False	True	False	False
55001003009	sejak-1	sejak		False	True	False	False
55001003010	jaman-1	jaman		False	True	False	False
55001003011	nenek-1	nenek		False	True	False	False
55001003012	moyangku-1	moyangku		False	True	False	False
55001003013	,-2	,		True	False	False	False
55001003014	dengan-1	dengan		False	True	False	False
55001003015	hati-1	hati		False	True	False	False
55001003016	nurani-1	nurani		False	True	False	False
55001003017	yang-2	yang		False	True	False	False
55001003018	murni-1	murni		False	True	False	False
55001003019	,-3	,		True	False	False	False
55001003020	sebagaimana-1	sebagaimana		False	True	False	False
55001003021	aku-2	aku		False	True	False	False
55001003022	selalu-1	selalu		False	True	False	False
55001003023	mengingat-1	mengingat		False	True	False	False
55001003024	tentang-1	tentang		False	True	False	False
55001003025	engkau-1	engkau		False	True	False	False
55001003026	dalam-1	dalam		False	True	False	False
55001003027	doa-1	doa		False	True	False	False
55001003028	--1	-		True	False	False	False
55001003029	doa-2	doa		False	True	False	False
55001003030	ku-1	ku		False	True	False	False
55001003031	malam-1	malam		False	True	False	False
55001003032	dan-1	dan		False	True	False	False
55001003033	siang-1	siang		False	True	False	False
55001003034	,-4	,		True	False	False	False
55001004001	karena-1	karena		False	True	False	False
55001004002	aku-1	aku		False	True	False	False
55001004003	rindu-1	rindu		False	True	False	False
55001004004	untuk-1	untuk		False	True	False	False
55001004005	mengunjungi-1	mengunjungi		False	True	False	False
55001004006	engkau-1	engkau		False	True	False	False
55001004007	,-1	,		True	False	False	False
55001004008	ketika-1	ketika		False	True	False	False
55001004009	aku-2	aku		False	True	False	False
55001004010	ingat-1	ingat		False	True	False	False
55001004011	air-1	air		False	True	False	False
55001004012	mata-1	mata		False	True	False	False
55001004013	mu-1	mu		False	True	False	False
55001004014	,-2	,		True	False	False	False
55001004015	agar-1	agar		False	True	False	False
55001004016	aku-3	aku		False	True	False	False
55001004017	dapat-1	dapat		False	True	False	False
55001004018	dipenuhi-1	dipenuhi		False	True	False	False
55001004019	dengan-1	dengan		False	True	False	False
55001004020	sukacita-1	sukacita		False	True	False	False
55001004021	.-1	.		True	False	False	False
55001005001	ketika-1	ketika		False	True	False	False
55001005002	aku-1	aku		False	True	False	False
55001005003	mengingat-1	mengingat		False	True	False	False
55001005004	iman-1	iman		False	True	False	False
55001005005	yang-1	yang		False	True	False	False
55001005006	murni-1	murni		False	True	False	False
55001005007	di-1	di		False	True	False	False
55001005008	dalam-1	dalam		False	True	False	False
55001005009	engkau-1	engkau		False	True	False	False
55001005010	,-1	,		True	False	False	False
55001005011	yang-2	yang		False	True	False	False
55001005012	pertama-1	pertama		False	True	False	False
55001005013	--1	-		True	False	False	False
55001005014	tama-1	tama		False	True	False	False
55001005015	hidup-1	hidup		False	True	False	False
55001005016	dalam-2	dalam		False	True	False	False
55001005017	nenek-1	nenek		False	True	False	False
55001005018	mu-1	mu		False	True	False	False
55001005019	Lois-1	Lois		False	True	False	False
55001005020	dan-1	dan		False	True	False	False
55001005021	ibu-1	ibu		False	True	False	False
55001005022	mu-2	mu		False	True	False	False
55001005023	Eunike-1	Eunike		False	True	False	False
55001005024	,-2	,		True	False	False	False
55001005025	dan-2	dan		False	True	False	False
55001005026	aku-2	aku		False	True	False	False
55001005027	yakin-1	yakin		False	True	False	False
55001005028	bahwa-1	bahwa		False	True	False	False
55001005029	itu-1	itu		False	True	False	False
55001005030	hidup-2	hidup		False	True	False	False
55001005031	dalam-3	dalam		False	True	False	False
55001005032	engkau-2	engkau		False	True	False	False
55001005033	juga-1	juga		False	True	False	False
55001005034	.-1	.		True	False	False	False
55001006001	Untuk-1	Untuk		False	True	False	False
55001006002	alasan-1	alasan		False	True	False	False
55001006003	inilah-1	inilah		False	True	False	False
55001006004	aku-1	aku		False	True	False	False
55001006005	mengingatkan-1	mengingatkan		False	True	False	False
55001006006	engkau-1	engkau		False	True	False	False
55001006007	untuk-1	untuk		False	True	False	False
55001006008	menghidupkan-1	menghidupkan		False	True	False	False
55001006009	kembali-1	kembali		False	True	False	False
55001006010	karunia-1	karunia		False	True	False	False
55001006011	dari-1	dari		False	True	False	False
55001006012	Allah-1	Allah		False	True	False	False
55001006013	yang-1	yang		False	True	False	False
55001006014	ada-1	ada		False	True	False	False
55001006015	dalam-1	dalam		False	True	False	False
55001006016	engkau-2	engkau		False	True	False	False
55001006017	melalui-1	melalui		False	True	False	False
55001006018	penumpangan-1	penumpangan		False	True	False	False
55001006019	tangan-1	tangan		False	True	False	False
55001006020	ku-1	ku		False	True	False	False
55001006021	.-1	.		True	False	False	False
55001007001	Karena-1	Karena		False	True	False	False
55001007002	Allah-1	Allah		False	True	False	False
55001007003	tidak-1	tidak		False	True	False	False
55001007004	memberi-1	memberi		False	True	False	False
55001007005	kita-1	kita		False	True	False	False
55001007006	suatu-1	suatu		False	True	False	False
55001007007	roh-1	roh		False	True	False	False
55001007008	ketakutan-1	ketakutan		False	True	False	False
55001007009	,-1	,		True	False	False	False
55001007010	tetapi-1	tetapi		False	True	False	False
55001007011	kuasa-1	kuasa		False	True	False	False
55001007012	dan-1	dan		False	True	False	False
55001007013	kasih-1	kasih		False	True	False	False
55001007014	dan-2	dan		False	True	False	False
55001007015	kedisiplinan-1	kedisiplinan		False	True	False	False
55001007016	.-1	.		True	False	False	False
55001008001	Oleh-1	Oleh		False	True	False	False
55001008002	sebab-1	sebab		False	True	False	False
55001008003	itu-1	itu		False	True	False	False
55001008004	,-1	,		True	False	False	False
55001008005	janganlah-1	janganlah		False	True	False	False
55001008006	malu-1	malu		False	True	False	False
55001008007	tentang-1	tentang		False	True	False	False
55001008008	kesaksian-1	kesaksian		False	True	False	False
55001008009	mengenai-1	mengenai		False	True	False	False
55001008010	Tuhan-1	Tuhan		False	True	False	False
55001008011	kita-1	kita		False	True	False	False
55001008012	,-2	,		True	False	False	False
55001008013	atau-1	atau		False	True	False	False
55001008014	tentang-2	tentang		False	True	False	False
55001008015	aku-1	aku		False	True	False	False
55001008016	tawanan-1	tawanan		False	True	False	False
55001008017	Nya-1	Nya		False	True	False	False
55001008018	,-3	,		True	False	False	False
55001008019	tetapi-1	tetapi		False	True	False	False
55001008020	menderitalah-1	menderitalah		False	True	False	False
55001008021	bersama-1	bersama		False	True	False	False
55001008022	bagi-1	bagi		False	True	False	False
55001008023	Injil-1	Injil		False	True	False	False
55001008024	menurut-1	menurut		False	True	False	False
55001008025	kuasa-1	kuasa		False	True	False	False
55001008026	Allah-1	Allah		False	True	False	False
55001008027	.-1	.		True	False	False	False
55001009001	Dialah-1	Dialah		False	True	False	False
55001009002	yang-1	yang		False	True	False	False
55001009003	telah-1	telah		False	True	False	False
55001009004	menyelamatkan-1	menyelamatkan		False	True	False	False
55001009005	kita-1	kita		False	True	False	False
55001009006	,-1	,		True	False	False	False
55001009007	dan-1	dan		False	True	False	False
55001009008	telah-2	telah		False	True	False	False
55001009009	memanggil-1	memanggil		False	True	False	False
55001009010	kita-2	kita		False	True	False	False
55001009011	dengan-1	dengan		False	True	False	False
55001009012	panggilan-1	panggilan		False	True	False	False
55001009013	yang-2	yang		False	True	False	False
55001009014	kudus-1	kudus		False	True	False	False
55001009015	--1	-		True	False	False	False
55001009016	bukan-1	bukan		False	True	False	False
55001009017	berdasarkan-1	berdasarkan		False	True	False	False
55001009018	perbuatan-1	perbuatan		False	True	False	False
55001009019	--2	-		True	False	False	False
55001009020	perbuatan-2	perbuatan		False	True	False	False
55001009021	kita-3	kita		False	True	False	False
55001009022	,-2	,		True	False	False	False
55001009023	tetapi-1	tetapi		False	True	False	False
55001009024	berdasarkan-2	berdasarkan		False	True	False	False
55001009025	maksud-1	maksud		False	True	False	False
55001009026	dan-2	dan		False	True	False	False
55001009027	anugerah-1	anugerah		False	True	False	False
55001009028	--3	-		True	False	False	False
55001009029	Nya-1	Nya		False	True	False	False
55001009030	sendiri-1	sendiri		False	True	False	False
55001009031	.-1	.		True	False	False	False
55001009032	Anugerah-1	Anugerah		False	True	False	False
55001009033	ini-1	ini		False	True	False	False
55001009034	telah-3	telah		False	True	False	False
55001009035	diberikan-1	diberikan		False	True	False	False
55001009036	kepada-1	kepada		False	True	False	False
55001009037	kita-4	kita		False	True	False	False
55001009038	dalam-1	dalam		False	True	False	False
55001009039	Kristus-1	Kristus		False	True	False	False
55001009040	Yesus-1	Yesus		False	True	False	False
55001009041	sebelum-1	sebelum		False	True	False	False
55001009042	permulaan-1	permulaan		False	True	False	False
55001009043	jaman-1	jaman		False	True	False	False
55001010001	tetapi-1	tetapi		False	True	False	False
55001010002	sekarang-1	sekarang		False	True	False	False
55001010003	telah-1	telah		False	True	False	False
55001010004	dinyatakan-1	dinyatakan		False	True	False	False
55001010005	melalui-1	melalui		False	True	False	False
55001010006	kehadiran-1	kehadiran		False	True	False	False
55001010007	Juruselamat-1	Juruselamat		False	True	False	False
55001010008	kita-1	kita		False	True	False	False
55001010009	Kristus-1	Kristus		False	True	False	False
55001010010	Yesus-1	Yesus		False	True	False	False
55001010011	,-1	,		True	False	False	False
55001010012	yang-1	yang		False	True	False	False
55001010013	telah-2	telah		False	True	False	False
55001010014	mengakhiri-1	mengakhiri		False	True	False	False
55001010015	kematian-1	kematian		False	True	False	False
55001010016	dan-1	dan		False	True	False	False
55001010017	membawa-1	membawa		False	True	False	False
55001010018	terang-1	terang		False	True	False	False
55001010019	hidup-1	hidup		False	True	False	False
55001010020	dan-2	dan		False	True	False	False
55001010021	keabadian-1	keabadian		False	True	False	False
55001010022	melalui-2	melalui		False	True	False	False
55001010023	Injil-1	Injil		False	True	False	False
55001010024	.-1	.		True	False	False	False
55001011001	yang-1	yang		False	True	False	False
55001011002	untuk-1	untuk		False	True	False	False
55001011003	itulah-1	itulah		False	True	False	False
55001011004	,-1	,		True	False	False	False
55001011005	aku-1	aku		False	True	False	False
55001011006	telah-1	telah		False	True	False	False
55001011007	ditetapkan-1	ditetapkan		False	True	False	False
55001011008	untuk-2	untuk		False	True	False	False
55001011009	menjadi-1	menjadi		False	True	False	False
55001011010	seorang-1	seorang		False	True	False	False
55001011011	pemberita-1	pemberita		False	True	False	False
55001011012	dan-1	dan		False	True	False	False
55001011013	seorang-2	seorang		False	True	False	False
55001011014	rasul-1	rasul		False	True	False	False
55001011015	dan-2	dan		False	True	False	False
55001011016	seorang-3	seorang		False	True	False	False
55001011017	guru-1	guru		False	True	False	False
55001011018	.-1	.		True	False	False	False
55001012001	Untuk-1	Untuk		False	True	False	False
55001012002	alasan-1	alasan		False	True	False	False
55001012003	itulah-1	itulah		False	True	False	False
55001012004	maka-1	maka		False	True	False	False
55001012005	aku-1	aku		False	True	False	False
55001012006	juga-1	juga		False	True	False	False
55001012007	menderita-1	menderita		False	True	False	False
55001012008	hal-1	hal		False	True	False	False
55001012009	--1	-		True	False	False	False
55001012010	hal-2	hal		False	True	False	False
55001012011	ini-1	ini		False	True	False	False
55001012012	.-1	.		True	False	False	False
55001012013	Tetapi-1	Tetapi		False	True	False	False
55001012014	aku-2	aku		False	True	False	False
55001012015	tidak-1	tidak		False	True	False	False
55001012016	malu-1	malu		False	True	False	False
55001012017	,-1	,		True	False	False	False
55001012018	sebab-1	sebab		False	True	False	False
55001012019	aku-3	aku		False	True	False	False
55001012020	mengenal-1	mengenal		False	True	False	False
55001012021	dan-1	dan		False	True	False	False
55001012022	aku-4	aku		False	True	False	False
55001012023	telah-1	telah		False	True	False	False
55001012024	percaya-1	percaya		False	True	False	False
55001012025	,-2	,		True	False	False	False
55001012026	aku-5	aku		False	True	False	False
55001012027	yakin-1	yakin		False	True	False	False
55001012028	bahwa-1	bahwa		False	True	False	False
55001012029	Ia-1	Ia		False	True	False	False
55001012030	sanggup-1	sanggup		False	True	False	False
55001012031	menjaga-1	menjaga		False	True	False	False
55001012032	apa-1	apa		False	True	False	False
55001012033	yang-1	yang		False	True	False	False
55001012034	telah-2	telah		False	True	False	False
55001012035	dipercayakan-1	dipercayakan		False	True	False	False
55001012036	kepadaku-1	kepadaku		False	True	False	False
55001012037	sampai-1	sampai		False	True	False	False
55001012038	pada-1	pada		False	True	False	False
55001012039	hari-1	hari		False	True	False	False
55001012040	itu-1	itu		False	True	False	False
55001012041	.-2	.		True	False	False	False
55001013001	Pertahankanlah-1	Pertahankanlah		False	True	False	False
55001013002	contoh-1	contoh		False	True	False	False
55001013003	ajaran-1	ajaran		False	True	False	False
55001013004	yang-1	yang		False	True	False	False
55001013005	sehat-1	sehat		False	True	False	False
55001013006	yang-2	yang		False	True	False	False
55001013007	engkau-1	engkau		False	True	False	False
55001013008	telah-1	telah		False	True	False	False
55001013009	dengar-1	dengar		False	True	False	False
55001013010	dari-1	dari		False	True	False	False
55001013011	aku-1	aku		False	True	False	False
55001013012	,-1	,		True	False	False	False
55001013013	dalam-1	dalam		False	True	False	False
55001013014	iman-1	iman		False	True	False	False
55001013015	dan-1	dan		False	True	False	False
55001013016	kasih-1	kasih		False	True	False	False
55001013017	dalam-2	dalam		False	True	False	False
55001013018	Kristus-1	Kristus		False	True	False	False
55001013019	Yesus-1	Yesus		False	True	False	False
55001013020	.-1	.		True	False	False	False
55001014001	Peliharalah-1	Peliharalah		False	True	False	False
55001014002	harta-1	harta		False	True	False	False
55001014003	yang-1	yang		False	True	False	False
55001014004	baik-1	baik		False	True	False	False
55001014005	yang-2	yang		False	True	False	False
55001014006	telah-1	telah		False	True	False	False
55001014007	dipercayakan-1	dipercayakan		False	True	False	False
55001014008	,-1	,		True	False	False	False
55001014009	melalui-1	melalui		False	True	False	False
55001014010	Roh-1	Roh		False	True	False	False
55001014011	Kudus-1	Kudus		False	True	False	False
55001014012	,-2	,		True	False	False	False
55001014013	yang-3	yang		False	True	False	False
55001014014	tinggal-1	tinggal		False	True	False	False
55001014015	di-1	di		False	True	False	False
55001014016	dalam-1	dalam		False	True	False	False
55001014017	kita-1	kita		False	True	False	False
55001014018	.-1	.		True	False	False	False
55001015001	Engkau-1	Engkau		False	True	False	False
55001015002	tahu-1	tahu		False	True	False	False
55001015003	hal-1	hal		False	True	False	False
55001015004	ini-1	ini		False	True	False	False
55001015005	,-1	,		True	False	False	False
55001015006	bahwa-1	bahwa		False	True	False	False
55001015007	semua-1	semua		False	True	False	False
55001015008	yang-1	yang		False	True	False	False
55001015009	tinggal-1	tinggal		False	True	False	False
55001015010	di-1	di		False	True	False	False
55001015011	Asia-1	Asia		False	True	False	False
55001015012	telah-1	telah		False	True	False	False
55001015013	meninggalkan-1	meninggalkan		False	True	False	False
55001015014	aku-1	aku		False	True	False	False
55001015015	.-1	.		True	False	False	False
55001015016	di-2	di		False	True	False	False
55001015017	antaranya-1	antaranya		False	True	False	False
55001015018	adalah-1	adalah		False	True	False	False
55001015019	Figelus-1	Figelus		False	True	False	False
55001015020	dan-1	dan		False	True	False	False
55001015021	Hermogenes-1	Hermogenes		False	True	False	False
55001015022	.-2	.		True	False	False	False
55001016001	Semoga-1	Semoga		False	True	False	False
55001016002	Tuhan-1	Tuhan		False	True	False	False
55001016003	memberikan-1	memberikan		False	True	False	False
55001016004	kemurahan-1	kemurahan		False	True	False	False
55001016005	kepada-1	kepada		False	True	False	False
55001016006	rumah-1	rumah		False	True	False	False
55001016007	tangga-1	tangga		False	True	False	False
55001016008	Onesiforus-1	Onesiforus		False	True	False	False
55001016009	,-1	,		True	False	False	False
55001016010	karena-1	karena		False	True	False	False
55001016011	ia-1	ia		False	True	False	False
55001016012	sering-1	sering		False	True	False	False
55001016013	menjamu-1	menjamu		False	True	False	False
55001016014	aku-1	aku		False	True	False	False
55001016015	,-2	,		True	False	False	False
55001016016	dan-1	dan		False	True	False	False
55001016017	tidak-1	tidak		False	True	False	False
55001016018	malu-1	malu		False	True	False	False
55001016019	karena-2	karena		False	True	False	False
55001016020	pemenjaraan-1	pemenjaraan		False	True	False	False
55001016021	ku-1	ku		False	True	False	False
55001016022	.-1	.		True	False	False	False
55001017001	Sebaliknya-1	Sebaliknya		False	True	False	False
55001017002	,-1	,		True	False	False	False
55001017003	ketika-1	ketika		False	True	False	False
55001017004	ia-1	ia		False	True	False	False
55001017005	di-1	di		False	True	False	False
55001017006	Roma-1	Roma		False	True	False	False
55001017007	,-2	,		True	False	False	False
55001017008	ia-2	ia		False	True	False	False
55001017009	dengan-1	dengan		False	True	False	False
55001017010	tekun-1	tekun		False	True	False	False
55001017011	mencari-1	mencari		False	True	False	False
55001017012	aku-1	aku		False	True	False	False
55001017013	,-3	,		True	False	False	False
55001017014	dan-1	dan		False	True	False	False
55001017015	ia-3	ia		False	True	False	False
55001017016	telah-1	telah		False	True	False	False
55001017017	menemukanku-1	menemukanku		False	True	False	False
55001017018	.-1	.		True	False	False	False
55001018001	Kiranya-1	Kiranya		False	True	False	False
55001018002	Tuhan-1	Tuhan		False	True	False	False
55001018003	menganugerahkan-1	menganugerahkan		False	True	False	False
55001018004	dia-1	dia		False	True	False	False
55001018005	untuk-1	untuk		False	True	False	False
55001018006	memperoleh-1	memperoleh		False	True	False	False
55001018007	kemurahan-1	kemurahan		False	True	False	False
55001018008	dari-1	dari		False	True	False	False
55001018009	Tuhan-2	Tuhan		False	True	False	False
55001018010	pada-1	pada		False	True	False	False
55001018011	hari-1	hari		False	True	False	False
55001018012	itu-1	itu		False	True	False	False
55001018013	.-1	.		True	False	False	False
55001018014	Dan-1	Dan		False	True	False	False
55001018015	betapa-1	betapa		False	True	False	False
55001018016	banyak-1	banyak		False	True	False	False
55001018017	dia-2	dia		False	True	False	False
55001018018	telah-1	telah		False	True	False	False
55001018019	melayani-1	melayani		False	True	False	False
55001018020	di-1	di		False	True	False	False
55001018021	Efesus-1	Efesus		False	True	False	False
55001018022	,-1	,		True	False	False	False
55001018023	engkau-1	engkau		False	True	False	False
55001018024	mengetahui-1	mengetahui		False	True	False	False
55001018025	dengan-1	dengan		False	True	False	False
55001018026	sangat-1	sangat		False	True	False	False
55001018027	baik-1	baik		False	True	False	False
55002001001	Oleh-1	Oleh		False	True	False	False
55002001002	sebab-1	sebab		False	True	False	False
55002001003	itu-1	itu		False	True	False	False
55002001004	,-1	,		True	False	False	False
55002001005	engkau-1	engkau		False	True	False	False
55002001006	,-2	,		True	False	False	False
55002001007	anakku-1	anakku		False	True	False	False
55002001008	,-3	,		True	False	False	False
55002001009	jadilah-1	jadilah		False	True	False	False
55002001010	kuat-1	kuat		False	True	False	False
55002001011	dalam-1	dalam		False	True	False	False
55002001012	anugerah-1	anugerah		False	True	False	False
55002001013	yang-1	yang		False	True	False	False
55002001014	ada-1	ada		False	True	False	False
55002001015	dalam-2	dalam		False	True	False	False
55002001016	Kristus-1	Kristus		False	True	False	False
55002001017	Yesus-1	Yesus		False	True	False	False
55002001018	.-1	.		True	False	False	False
55002002001	Dan-1	Dan		False	True	False	False
55002002002	apa-1	apa		False	True	False	False
55002002003	yang-1	yang		False	True	False	False
55002002004	telah-1	telah		False	True	False	False
55002002005	engkau-1	engkau		False	True	False	False
55002002006	dengar-1	dengar		False	True	False	False
55002002007	dari-1	dari		False	True	False	False
55002002008	padaku-1	padaku		False	True	False	False
55002002009	bersama-1	bersama		False	True	False	False
55002002010	dengan-1	dengan		False	True	False	False
55002002011	banyak-1	banyak		False	True	False	False
55002002012	saksi-1	saksi		False	True	False	False
55002002013	,-1	,		True	False	False	False
55002002014	percayakanlah-1	percayakanlah		False	True	False	False
55002002015	hal-1	hal		False	True	False	False
55002002016	--1	-		True	False	False	False
55002002017	hal-2	hal		False	True	False	False
55002002018	itu-1	itu		False	True	False	False
55002002019	kepada-1	kepada		False	True	False	False
55002002020	orang-1	orang		False	True	False	False
55002002021	--2	-		True	False	False	False
55002002022	orang-2	orang		False	True	False	False
55002002023	yang-2	yang		False	True	False	False
55002002024	setia-1	setia		False	True	False	False
55002002025	yang-3	yang		False	True	False	False
55002002026	akan-1	akan		False	True	False	False
55002002027	mampu-1	mampu		False	True	False	False
55002002028	mengajar-1	mengajar		False	True	False	False
55002002029	orang-3	orang		False	True	False	False
55002002030	--3	-		True	False	False	False
55002002031	orang-4	orang		False	True	False	False
55002002032	lain-1	lain		False	True	False	False
55002002033	juga-1	juga		False	True	False	False
55002002034	.-1	.		True	False	False	False
55002003001	Menderitalah-1	Menderitalah		False	True	False	False
55002003002	bersama-1	bersama		False	True	False	False
55002003003	sebagai-1	sebagai		False	True	False	False
55002003004	seorang-1	seorang		False	True	False	False
55002003005	prajurit-1	prajurit		False	True	False	False
55002003006	yang-1	yang		False	True	False	False
55002003007	baik-1	baik		False	True	False	False
55002003008	dari-1	dari		False	True	False	False
55002003009	Yesus-1	Yesus		False	True	False	False
55002003010	Kristus-1	Kristus		False	True	False	False
55002003011	.-1	.		True	False	False	False
55002004001	Tidak-1	Tidak		False	True	False	False
55002004002	ada-1	ada		False	True	False	False
55002004003	seorang-1	seorang		False	True	False	False
55002004004	pun-1	pun		False	True	False	False
55002004005	yang-1	yang		False	True	False	False
55002004006	melayani-1	melayani		False	True	False	False
55002004007	sebagai-1	sebagai		False	True	False	False
55002004008	seorang-2	seorang		False	True	False	False
55002004009	prajurit-1	prajurit		False	True	False	False
55002004010	yang-2	yang		False	True	False	False
55002004011	terlibat-1	terlibat		False	True	False	False
55002004012	dalam-1	dalam		False	True	False	False
55002004013	urusan-1	urusan		False	True	False	False
55002004014	--1	-		True	False	False	False
55002004015	urusan-2	urusan		False	True	False	False
55002004016	kehidupan-1	kehidupan		False	True	False	False
55002004017	,-1	,		True	False	False	False
55002004018	supaya-1	supaya		False	True	False	False
55002004019	ia-1	ia		False	True	False	False
55002004020	dapat-1	dapat		False	True	False	False
55002004021	menyenangkan-1	menyenangkan		False	True	False	False
55002004022	hati-1	hati		False	True	False	False
55002004023	orang-1	orang		False	True	False	False
55002004024	yang-3	yang		False	True	False	False
55002004025	merekrutnya-1	merekrutnya		False	True	False	False
55002005001	Juga-1	Juga		False	True	False	False
55002005002	,-1	,		True	False	False	False
55002005003	jika-1	jika		False	True	False	False
55002005004	seseorang-1	seseorang		False	True	False	False
55002005005	bertanding-1	bertanding		False	True	False	False
55002005006	,-2	,		True	False	False	False
55002005007	ia-1	ia		False	True	False	False
55002005008	tidak-1	tidak		False	True	False	False
55002005009	akan-1	akan		False	True	False	False
55002005010	diberi-1	diberi		False	True	False	False
55002005011	mahkota-1	mahkota		False	True	False	False
55002005012	jika-2	jika		False	True	False	False
55002005013	ia-2	ia		False	True	False	False
55002005014	tidak-2	tidak		False	True	False	False
55002005015	berlomba-1	berlomba		False	True	False	False
55002005016	sesuai-1	sesuai		False	True	False	False
55002005017	dengan-1	dengan		False	True	False	False
55002005018	peraturan-1	peraturan		False	True	False	False
55002005019	pertandingan-1	pertandingan		False	True	False	False
55002005020	.-1	.		True	False	False	False
55002006001	Seorang-1	Seorang		False	True	False	False
55002006002	petani-1	petani		False	True	False	False
55002006003	yang-1	yang		False	True	False	False
55002006004	bekerja-1	bekerja		False	True	False	False
55002006005	keras-1	keras		False	True	False	False
55002006006	haruslah-1	haruslah		False	True	False	False
55002006007	yang-2	yang		False	True	False	False
55002006008	pertama-1	pertama		False	True	False	False
55002006009	menerima-1	menerima		False	True	False	False
55002006010	hasil-1	hasil		False	True	False	False
55002006011	--1	-		True	False	False	False
55002006012	hasil-2	hasil		False	True	False	False
55002006013	panen-1	panen		False	True	False	False
55002006014	.-1	.		True	False	False	False
55002007001	Pikirkanlah-1	Pikirkanlah		False	True	False	False
55002007002	tentang-1	tentang		False	True	False	False
55002007003	apa-1	apa		False	True	False	False
55002007004	yang-1	yang		False	True	False	False
55002007005	kukatakan-1	kukatakan		False	True	False	False
55002007006	,-1	,		True	False	False	False
55002007007	karena-1	karena		False	True	False	False
55002007008	Tuhan-1	Tuhan		False	True	False	False
55002007009	akan-1	akan		False	True	False	False
55002007010	memberikan-1	memberikan		False	True	False	False
55002007011	kepadamu-1	kepadamu		False	True	False	False
55002007012	pengertian-1	pengertian		False	True	False	False
55002007013	dalam-1	dalam		False	True	False	False
55002007014	segala-1	segala		False	True	False	False
55002007015	hal-1	hal		False	True	False	False
55002007016	.-1	.		True	False	False	False
55002008001	Ingatlah-1	Ingatlah		False	True	False	False
55002008002	Yesus-1	Yesus		False	True	False	False
55002008003	Kristus-1	Kristus		False	True	False	False
55002008004	,-1	,		True	False	False	False
55002008005	yang-1	yang		False	True	False	False
55002008006	telah-1	telah		False	True	False	False
55002008007	bangkit-1	bangkit		False	True	False	False
55002008008	dari-1	dari		False	True	False	False
55002008009	kematian-1	kematian		False	True	False	False
55002008010	,-2	,		True	False	False	False
55002008011	dari-2	dari		False	True	False	False
55002008012	keturunan-1	keturunan		False	True	False	False
55002008013	Daud-1	Daud		False	True	False	False
55002008014	,-3	,		True	False	False	False
55002008015	sesuai-1	sesuai		False	True	False	False
55002008016	dengan-1	dengan		False	True	False	False
55002008017	berita-1	berita		False	True	False	False
55002008018	Injil-1	Injil		False	True	False	False
55002008019	ku-1	ku		False	True	False	False
55002008020	,-4	,		True	False	False	False
55002009001	yang-1	yang		False	True	False	False
55002009002	karenanya-1	karenanya		False	True	False	False
55002009003	aku-1	aku		False	True	False	False
55002009004	menderita-1	menderita		False	True	False	False
55002009005	sampai-1	sampai		False	True	False	False
55002009006	dirantai-1	dirantai		False	True	False	False
55002009007	seperti-1	seperti		False	True	False	False
55002009008	seorang-1	seorang		False	True	False	False
55002009009	penjahat-1	penjahat		False	True	False	False
55002009010	.-1	.		True	False	False	False
55002009011	Namun-1	Namun		False	True	False	False
55002009012	firman-1	firman		False	True	False	False
55002009013	Allah-1	Allah		False	True	False	False
55002009014	tidak-1	tidak		False	True	False	False
55002009015	terbelenggu-1	terbelenggu		False	True	False	False
55002010001	Karena-1	Karena		False	True	False	False
55002010002	hal-1	hal		False	True	False	False
55002010003	ini-1	ini		False	True	False	False
55002010004	,-1	,		True	False	False	False
55002010005	aku-1	aku		False	True	False	False
55002010006	bertahan-1	bertahan		False	True	False	False
55002010007	dalam-1	dalam		False	True	False	False
55002010008	segala-1	segala		False	True	False	False
55002010009	hal-2	hal		False	True	False	False
55002010010	untuk-1	untuk		False	True	False	False
55002010011	mereka-1	mereka		False	True	False	False
55002010012	yang-1	yang		False	True	False	False
55002010013	dipilih-1	dipilih		False	True	False	False
55002010014	,-2	,		True	False	False	False
55002010015	supaya-1	supaya		False	True	False	False
55002010016	mereka-2	mereka		False	True	False	False
55002010017	juga-1	juga		False	True	False	False
55002010018	dapat-1	dapat		False	True	False	False
55002010019	memperoleh-1	memperoleh		False	True	False	False
55002010020	keselamatan-1	keselamatan		False	True	False	False
55002010021	dalam-2	dalam		False	True	False	False
55002010022	Kristus-1	Kristus		False	True	False	False
55002010023	Yesus-1	Yesus		False	True	False	False
55002010024	,-3	,		True	False	False	False
55002010025	dengan-1	dengan		False	True	False	False
55002010026	kemuliaan-1	kemuliaan		False	True	False	False
55002010027	yang-2	yang		False	True	False	False
55002010028	kekal-1	kekal		False	True	False	False
55002010029	.-1	.		True	False	False	False
55002011001	Pernyataan-1	Pernyataan		False	True	False	False
55002011002	ini-1	ini		False	True	False	False
55002011003	bisa-1	bisa		False	True	False	False
55002011004	dipercaya-1	dipercaya		False	True	False	False
55002011005	:-1	:		True	False	False	False
55002011006	"-1	"		True	False	False	False
55002011007	Sebab-1	Sebab		False	True	False	False
55002011008	jika-1	jika		False	True	False	False
55002011009	kita-1	kita		False	True	False	False
55002011010	telah-1	telah		False	True	False	False
55002011011	mati-1	mati		False	True	False	False
55002011012	bersama-1	bersama		False	True	False	False
55002011013	Dia-1	Dia		False	True	False	False
55002011014	,-1	,		True	False	False	False
55002011015	kita-2	kita		False	True	False	False
55002011016	juga-1	juga		False	True	False	False
55002011017	akan-1	akan		False	True	False	False
55002011018	hidup-1	hidup		False	True	False	False
55002011019	bersama-2	bersama		False	True	False	False
55002011020	Dia-2	Dia		False	True	False	False
55002011021	.-1	.		True	False	False	False
55002011022	"-2	"		True	False	False	False
55002012001	Jika-1	Jika		False	True	False	False
55002012002	kita-1	kita		False	True	False	False
55002012003	bertahan-1	bertahan		False	True	False	False
55002012004	,-1	,		True	False	False	False
55002012005	kita-2	kita		False	True	False	False
55002012006	juga-1	juga		False	True	False	False
55002012007	akan-1	akan		False	True	False	False
55002012008	memerintah-1	memerintah		False	True	False	False
55002012009	bersama-1	bersama		False	True	False	False
55002012010	Dia-1	Dia		False	True	False	False
55002012011	.-1	.		True	False	False	False
55002012012	Jika-2	Jika		False	True	False	False
55002012013	kita-3	kita		False	True	False	False
55002012014	menyangkalNya-1	menyangkalNya		False	True	False	False
55002012015	,-2	,		True	False	False	False
55002012016	Ia-1	Ia		False	True	False	False
55002012017	juga-2	juga		False	True	False	False
55002012018	akan-2	akan		False	True	False	False
55002012019	menyangkal-1	menyangkal		False	True	False	False
55002012020	kita-4	kita		False	True	False	False
55002012021	.-2	.		True	False	False	False
55002013001	Jika-1	Jika		False	True	False	False
55002013002	kita-1	kita		False	True	False	False
55002013003	tidak-1	tidak		False	True	False	False
55002013004	setia-1	setia		False	True	False	False
55002013005	,-1	,		True	False	False	False
55002013006	Ia-1	Ia		False	True	False	False
55002013007	tetap-1	tetap		False	True	False	False
55002013008	setia-2	setia		False	True	False	False
55002013009	,-2	,		True	False	False	False
55002013010	karena-1	karena		False	True	False	False
55002013011	Ia-2	Ia		False	True	False	False
55002013012	tidak-2	tidak		False	True	False	False
55002013013	bisa-1	bisa		False	True	False	False
55002013014	menyangkal-1	menyangkal		False	True	False	False
55002013015	diriNya-1	diriNya		False	True	False	False
55002013016	sendiri-1	sendiri		False	True	False	False
55002013017	.-1	.		True	False	False	False
55002013018	"-1	"		True	False	False	False
55002014001	Ingatkanlah-1	Ingatkanlah		False	True	False	False
55002014002	mereka-1	mereka		False	True	False	False
55002014003	akan-1	akan		False	True	False	False
55002014004	hal-1	hal		False	True	False	False
55002014005	--1	-		True	False	False	False
55002014006	hal-2	hal		False	True	False	False
55002014007	ini-1	ini		False	True	False	False
55002014008	,-1	,		True	False	False	False
55002014009	peringatkanlah-1	peringatkanlah		False	True	False	False
55002014010	mereka-2	mereka		False	True	False	False
55002014011	di-1	di		False	True	False	False
55002014012	hadapan-1	hadapan		False	True	False	False
55002014013	Allah-1	Allah		False	True	False	False
55002014014	untuk-1	untuk		False	True	False	False
55002014015	tidak-1	tidak		False	True	False	False
55002014016	berdebat-1	berdebat		False	True	False	False
55002014017	mengenai-1	mengenai		False	True	False	False
55002014018	kata-1	kata		False	True	False	False
55002014019	--2	-		True	False	False	False
55002014020	kata-2	kata		False	True	False	False
55002014021	;-1	;		True	False	False	False
55002014022	hal-3	hal		False	True	False	False
55002014023	ini-2	ini		False	True	False	False
55002014024	adalah-1	adalah		False	True	False	False
55002014025	tidak-2	tidak		False	True	False	False
55002014026	berguna-1	berguna		False	True	False	False
55002014027	,-2	,		True	False	False	False
55002014028	yang-1	yang		False	True	False	False
55002014029	membawa-1	membawa		False	True	False	False
55002014030	kehancuran-1	kehancuran		False	True	False	False
55002014031	bagi-1	bagi		False	True	False	False
55002014032	orang-1	orang		False	True	False	False
55002014033	--3	-		True	False	False	False
55002014034	orang-2	orang		False	True	False	False
55002014035	yang-2	yang		False	True	False	False
55002014036	mendengarnya-1	mendengarnya		False	True	False	False
55002014037	.-1	.		True	False	False	False
55002015001	Berjuanglah-1	Berjuanglah		False	True	False	False
55002015002	untuk-1	untuk		False	True	False	False
55002015003	memperhadapkan-1	memperhadapkan		False	True	False	False
55002015004	dirimu-1	dirimu		False	True	False	False
55002015005	sebagai-1	sebagai		False	True	False	False
55002015006	seorang-1	seorang		False	True	False	False
55002015007	yang-1	yang		False	True	False	False
55002015008	berkenan-1	berkenan		False	True	False	False
55002015009	kepada-1	kepada		False	True	False	False
55002015010	Allah-1	Allah		False	True	False	False
55002015011	,-1	,		True	False	False	False
55002015012	seorang-2	seorang		False	True	False	False
55002015013	pekerja-1	pekerja		False	True	False	False
55002015014	yang-2	yang		False	True	False	False
55002015015	tidak-1	tidak		False	True	False	False
55002015016	malu-1	malu		False	True	False	False
55002015017	,-2	,		True	False	False	False
55002015018	yang-3	yang		False	True	False	False
55002015019	mengajarkan-1	mengajarkan		False	True	False	False
55002015020	firman-1	firman		False	True	False	False
55002015021	kebenaran-1	kebenaran		False	True	False	False
55002015022	secara-1	secara		False	True	False	False
55002015023	terus-1	terus		False	True	False	False
55002015024	terang-1	terang		False	True	False	False
55002015025	.-1	.		True	False	False	False
55002016001	Tetapi-1	Tetapi		False	True	False	False
55002016002	hindarilah-1	hindarilah		False	True	False	False
55002016003	pembicaraan-1	pembicaraan		False	True	False	False
55002016004	--1	-		True	False	False	False
55002016005	pembicaraan-2	pembicaraan		False	True	False	False
55002016006	yang-1	yang		False	True	False	False
55002016007	kosong-1	kosong		False	True	False	False
55002016008	dan-1	dan		False	True	False	False
55002016009	tidak-1	tidak		False	True	False	False
55002016010	senonoh-1	senonoh		False	True	False	False
55002016011	,-1	,		True	False	False	False
55002016012	sebab-1	sebab		False	True	False	False
55002016013	hal-1	hal		False	True	False	False
55002016014	--2	-		True	False	False	False
55002016015	hal-2	hal		False	True	False	False
55002016016	itu-1	itu		False	True	False	False
55002016017	akan-1	akan		False	True	False	False
55002016018	membawa-1	membawa		False	True	False	False
55002016019	ke-1	ke		False	True	False	False
55002016020	dalam-1	dalam		False	True	False	False
55002016021	ketidak-1	ketidak		False	True	False	False
55002016022	--3	-		True	False	False	False
55002016023	salehan-1	salehan		False	True	False	False
55002016024	yang-2	yang		False	True	False	False
55002016025	lebih-1	lebih		False	True	False	False
55002016026	dalam-2	dalam		False	True	False	False
55002016027	.-1	.		True	False	False	False
55002017001	dan-1	dan		False	True	False	False
55002017002	perkataan-1	perkataan		False	True	False	False
55002017003	mereka-1	mereka		False	True	False	False
55002017004	akan-1	akan		False	True	False	False
55002017005	menyebar-1	menyebar		False	True	False	False
55002017006	seperti-1	seperti		False	True	False	False
55002017007	jamur-1	jamur		False	True	False	False
55002017008	,-1	,		True	False	False	False
55002017009	di-1	di		False	True	False	False
55002017010	antara-1	antara		False	True	False	False
55002017011	mereka-2	mereka		False	True	False	False
55002017012	adalah-1	adalah		False	True	False	False
55002017013	Himeneus-1	Himeneus		False	True	False	False
55002017014	dan-2	dan		False	True	False	False
55002017015	Filetus-1	Filetus		False	True	False	False
55002017016	.-1	.		True	False	False	False
55002018001	yang-1	yang		False	True	False	False
55002018002	telah-1	telah		False	True	False	False
55002018003	menyimpang-1	menyimpang		False	True	False	False
55002018004	dari-1	dari		False	True	False	False
55002018005	kebenaran-1	kebenaran		False	True	False	False
55002018006	,-1	,		True	False	False	False
55002018007	dengan-1	dengan		False	True	False	False
55002018008	mengatakan-1	mengatakan		False	True	False	False
55002018009	bahwa-1	bahwa		False	True	False	False
55002018010	kebangkitan-1	kebangkitan		False	True	False	False
55002018011	telah-2	telah		False	True	False	False
55002018012	terjadi-1	terjadi		False	True	False	False
55002018013	,-2	,		True	False	False	False
55002018014	dan-1	dan		False	True	False	False
55002018015	yang-2	yang		False	True	False	False
55002018016	menghancurkan-1	menghancurkan		False	True	False	False
55002018017	iman-1	iman		False	True	False	False
55002018018	beberapa-1	beberapa		False	True	False	False
55002018019	orang-1	orang		False	True	False	False
55002018020	.-1	.		True	False	False	False
55002019001	Walaupun-1	Walaupun		False	True	False	False
55002019002	demikian-1	demikian		False	True	False	False
55002019003	,-1	,		True	False	False	False
55002019004	fondasi-1	fondasi		False	True	False	False
55002019005	Allah-1	Allah		False	True	False	False
55002019006	tetap-1	tetap		False	True	False	False
55002019007	berdiri-1	berdiri		False	True	False	False
55002019008	teguh-1	teguh		False	True	False	False
55002019009	,-2	,		True	False	False	False
55002019010	yang-1	yang		False	True	False	False
55002019011	memiliki-1	memiliki		False	True	False	False
55002019012	meterai-1	meterai		False	True	False	False
55002019013	:-1	:		True	False	False	False
55002019014	"-1	"		True	False	False	False
55002019015	Tuhan-1	Tuhan		False	True	False	False
55002019016	telah-1	telah		False	True	False	False
55002019017	mengenal-1	mengenal		False	True	False	False
55002019018	mereka-1	mereka		False	True	False	False
55002019019	yang-2	yang		False	True	False	False
55002019020	menjadi-1	menjadi		False	True	False	False
55002019021	milikNya-1	milikNya		False	True	False	False
55002019022	"-2	"		True	False	False	False
55002019023	dan-1	dan		False	True	False	False
55002019024	"-3	"		True	False	False	False
55002019025	Setiap-1	Setiap		False	True	False	False
55002019026	orang-1	orang		False	True	False	False
55002019027	yang-3	yang		False	True	False	False
55002019028	menyebut-1	menyebut		False	True	False	False
55002019029	nama-1	nama		False	True	False	False
55002019030	Tuhan-2	Tuhan		False	True	False	False
55002019031	harus-1	harus		False	True	False	False
55002019032	menjauhkan-1	menjauhkan		False	True	False	False
55002019033	diri-1	diri		False	True	False	False
55002019034	dari-1	dari		False	True	False	False
55002019035	ketidakbenaran-1	ketidakbenaran		False	True	False	False
55002019036	.-1	.		True	False	False	False
55002019037	"-4	"		True	False	False	False
55002020001	Sekarang-1	Sekarang		False	True	False	False
55002020002	dalam-1	dalam		False	True	False	False
55002020003	sebuah-1	sebuah		False	True	False	False
55002020004	rumah-1	rumah		False	True	False	False
55002020005	besar-1	besar		False	True	False	False
55002020006	,-1	,		True	False	False	False
55002020007	tidak-1	tidak		False	True	False	False
55002020008	hanya-1	hanya		False	True	False	False
55002020009	ada-1	ada		False	True	False	False
55002020010	bejana-1	bejana		False	True	False	False
55002020011	--1	-		True	False	False	False
55002020012	bejana-2	bejana		False	True	False	False
55002020013	emas-1	emas		False	True	False	False
55002020014	dan-1	dan		False	True	False	False
55002020015	perak-1	perak		False	True	False	False
55002020016	,-2	,		True	False	False	False
55002020017	tetapi-1	tetapi		False	True	False	False
55002020018	juga-1	juga		False	True	False	False
55002020019	ada-2	ada		False	True	False	False
55002020020	kayu-1	kayu		False	True	False	False
55002020021	dan-2	dan		False	True	False	False
55002020022	tanah-1	tanah		False	True	False	False
55002020023	liat-1	liat		False	True	False	False
55002020024	,-3	,		True	False	False	False
55002020025	dan-3	dan		False	True	False	False
55002020026	beberapa-1	beberapa		False	True	False	False
55002020027	bejana-3	bejana		False	True	False	False
55002020028	digunakan-1	digunakan		False	True	False	False
55002020029	untuk-1	untuk		False	True	False	False
55002020030	hal-1	hal		False	True	False	False
55002020031	--2	-		True	False	False	False
55002020032	hal-2	hal		False	True	False	False
55002020033	yang-1	yang		False	True	False	False
55002020034	terhormat-1	terhormat		False	True	False	False
55002020035	,-4	,		True	False	False	False
55002020036	tetapi-2	tetapi		False	True	False	False
55002020037	ada-3	ada		False	True	False	False
55002020038	beberapa-2	beberapa		False	True	False	False
55002020039	untuk-2	untuk		False	True	False	False
55002020040	hal-3	hal		False	True	False	False
55002020041	--3	-		True	False	False	False
55002020042	hal-4	hal		False	True	False	False
55002020043	yang-2	yang		False	True	False	False
55002020044	tidak-2	tidak		False	True	False	False
55002020045	terhormat-2	terhormat		False	True	False	False
55002020046	.-1	.		True	False	False	False
55002021001	Oleh-1	Oleh		False	True	False	False
55002021002	sebab-1	sebab		False	True	False	False
55002021003	itu-1	itu		False	True	False	False
55002021004	,-1	,		True	False	False	False
55002021005	Jika-1	Jika		False	True	False	False
55002021006	seseorang-1	seseorang		False	True	False	False
55002021007	telah-1	telah		False	True	False	False
55002021008	membersihkan-1	membersihkan		False	True	False	False
55002021009	dirinya-1	dirinya		False	True	False	False
55002021010	dari-1	dari		False	True	False	False
55002021011	hal-1	hal		False	True	False	False
55002021012	--1	-		True	False	False	False
55002021013	hal-2	hal		False	True	False	False
55002021014	ini-1	ini		False	True	False	False
55002021015	,-2	,		True	False	False	False
55002021016	ia-1	ia		False	True	False	False
55002021017	akan-1	akan		False	True	False	False
55002021018	menjadi-1	menjadi		False	True	False	False
55002021019	sebuah-1	sebuah		False	True	False	False
55002021020	bejana-1	bejana		False	True	False	False
55002021021	yang-1	yang		False	True	False	False
55002021022	terhormat-1	terhormat		False	True	False	False
55002021023	,-3	,		True	False	False	False
55002021024	yang-2	yang		False	True	False	False
55002021025	telah-2	telah		False	True	False	False
55002021026	disucikan-1	disucikan		False	True	False	False
55002021027	,-4	,		True	False	False	False
55002021028	berguna-1	berguna		False	True	False	False
55002021029	untuk-1	untuk		False	True	False	False
55002021030	Tuannya-1	Tuannya		False	True	False	False
55002021031	,-5	,		True	False	False	False
55002021032	yang-3	yang		False	True	False	False
55002021033	telah-3	telah		False	True	False	False
55002021034	dipersiapkan-1	dipersiapkan		False	True	False	False
55002021035	untuk-2	untuk		False	True	False	False
55002021036	setiap-1	setiap		False	True	False	False
55002021037	perbuatan-1	perbuatan		False	True	False	False
55002021038	yang-4	yang		False	True	False	False
55002021039	baik-1	baik		False	True	False	False
55002021040	.-1	.		True	False	False	False
55002022001	jadi-1	jadi		False	True	False	False
55002022002	jauhilah-1	jauhilah		False	True	False	False
55002022003	segala-1	segala		False	True	False	False
55002022004	nafsu-1	nafsu		False	True	False	False
55002022005	kaum-1	kaum		False	True	False	False
55002022006	muda-1	muda		False	True	False	False
55002022007	dan-1	dan		False	True	False	False
55002022008	kejarlah-1	kejarlah		False	True	False	False
55002022009	kebenaran-1	kebenaran		False	True	False	False
55002022010	,-1	,		True	False	False	False
55002022011	iman-1	iman		False	True	False	False
55002022012	,-2	,		True	False	False	False
55002022013	kasih-1	kasih		False	True	False	False
55002022014	,-3	,		True	False	False	False
55002022015	dan-2	dan		False	True	False	False
55002022016	damai-1	damai		False	True	False	False
55002022017	bersama-1	bersama		False	True	False	False
55002022018	dengan-1	dengan		False	True	False	False
55002022019	mereka-1	mereka		False	True	False	False
55002022020	yang-1	yang		False	True	False	False
55002022021	memanggil-1	memanggil		False	True	False	False
55002022022	Tuhan-1	Tuhan		False	True	False	False
55002022023	dari-1	dari		False	True	False	False
55002022024	satu-1	satu		False	True	False	False
55002022025	hati-1	hati		False	True	False	False
55002022026	yang-2	yang		False	True	False	False
55002022027	murni-1	murni		False	True	False	False
55002022028	.-1	.		True	False	False	False
55002023001	Tetapi-1	Tetapi		False	True	False	False
55002023002	hindarilah-1	hindarilah		False	True	False	False
55002023003	pertanyaan-1	pertanyaan		False	True	False	False
55002023004	--1	-		True	False	False	False
55002023005	pertanyaan-2	pertanyaan		False	True	False	False
55002023006	yang-1	yang		False	True	False	False
55002023007	bodoh-1	bodoh		False	True	False	False
55002023008	dan-1	dan		False	True	False	False
55002023009	dungu-1	dungu		False	True	False	False
55002023010	,-1	,		True	False	False	False
55002023011	sebab-1	sebab		False	True	False	False
55002023012	engkau-1	engkau		False	True	False	False
55002023013	tahu-1	tahu		False	True	False	False
55002023014	bahwa-1	bahwa		False	True	False	False
55002023015	semuanya-1	semuanya		False	True	False	False
55002023016	itu-1	itu		False	True	False	False
55002023017	melahirkan-1	melahirkan		False	True	False	False
55002023018	pertengkaran-1	pertengkaran		False	True	False	False
55002023019	.-1	.		True	False	False	False
55002024001	Tetapi-1	Tetapi		False	True	False	False
55002024002	seorang-1	seorang		False	True	False	False
55002024003	hamba-1	hamba		False	True	False	False
55002024004	Tuhan-1	Tuhan		False	True	False	False
55002024005	tidak-1	tidak		False	True	False	False
55002024006	boleh-1	boleh		False	True	False	False
55002024007	bertengkar-1	bertengkar		False	True	False	False
55002024008	,-1	,		True	False	False	False
55002024009	tetapi-1	tetapi		False	True	False	False
55002024010	ia-1	ia		False	True	False	False
55002024011	seharusnya-1	seharusnya		False	True	False	False
55002024012	baik-1	baik		False	True	False	False
55002024013	kepada-1	kepada		False	True	False	False
55002024014	semua-1	semua		False	True	False	False
55002024015	orang-1	orang		False	True	False	False
55002024016	,-2	,		True	False	False	False
55002024017	mampu-1	mampu		False	True	False	False
55002024018	mengajar-1	mengajar		False	True	False	False
55002024019	,-3	,		True	False	False	False
55002024020	sabar-1	sabar		False	True	False	False
55002024021	.-1	.		True	False	False	False
55002025001	dalam-1	dalam		False	True	False	False
55002025002	kelemah-1	kelemah		False	True	False	False
55002025003	--1	-		True	False	False	False
55002025004	lembutan-1	lembutan		False	True	False	False
55002025005	mengajar-1	mengajar		False	True	False	False
55002025006	mereka-1	mereka		False	True	False	False
55002025007	yang-1	yang		False	True	False	False
55002025008	menentangnya-1	menentangnya		False	True	False	False
55002025009	.-1	.		True	False	False	False
55002025010	Allah-1	Allah		False	True	False	False
55002025011	mungkin-1	mungkin		False	True	False	False
55002025012	memberi-1	memberi		False	True	False	False
55002025013	kepada-1	kepada		False	True	False	False
55002025014	mereka-2	mereka		False	True	False	False
55002025015	pertobatan-1	pertobatan		False	True	False	False
55002025016	untuk-1	untuk		False	True	False	False
55002025017	pengetahuan-1	pengetahuan		False	True	False	False
55002025018	akan-1	akan		False	True	False	False
55002025019	kebenaran-1	kebenaran		False	True	False	False
55002025020	.-2	.		True	False	False	False
55002026001	dan-1	dan		False	True	False	False
55002026002	mereka-1	mereka		False	True	False	False
55002026003	mungkin-1	mungkin		False	True	False	False
55002026004	menjadi-1	menjadi		False	True	False	False
55002026005	sadar-1	sadar		False	True	False	False
55002026006	kembali-1	kembali		False	True	False	False
55002026007	dari-1	dari		False	True	False	False
55002026008	perangkap-1	perangkap		False	True	False	False
55002026009	Iblis-1	Iblis		False	True	False	False
55002026010	,-1	,		True	False	False	False
55002026011	setelah-1	setelah		False	True	False	False
55002026012	selama-1	selama		False	True	False	False
55002026013	ini-1	ini		False	True	False	False
55002026014	ditawan-1	ditawan		False	True	False	False
55002026015	oleh-1	oleh		False	True	False	False
55002026016	nya-1	nya		False	True	False	False
55002026017	untuk-1	untuk		False	True	False	False
55002026018	mengikuti-1	mengikuti		False	True	False	False
55002026019	kehendak-1	kehendak		False	True	False	False
55002026020	nya-2	nya		False	True	False	False
55002026021	.-1	.		True	False	False	False
55003001001	Tetapi-1	Tetapi		False	True	False	False
55003001002	ketahuilah-1	ketahuilah		False	True	False	False
55003001003	ini-1	ini		False	True	False	False
55003001004	,-1	,		True	False	False	False
55003001005	bahwa-1	bahwa		False	True	False	False
55003001006	pada-1	pada		False	True	False	False
55003001007	hari-1	hari		False	True	False	False
55003001008	--1	-		True	False	False	False
55003001009	hari-2	hari		False	True	False	False
55003001010	terakhir-1	terakhir		False	True	False	False
55003001011	akan-1	akan		False	True	False	False
55003001012	ada-1	ada		False	True	False	False
55003001013	masa-1	masa		False	True	False	False
55003001014	--2	-		True	False	False	False
55003001015	masa-2	masa		False	True	False	False
55003001016	yang-1	yang		False	True	False	False
55003001017	sulit-1	sulit		False	True	False	False
55003001018	.-1	.		True	False	False	False
55003002001	Sebab-1	Sebab		False	True	False	False
55003002002	orang-1	orang		False	True	False	False
55003002003	--1	-		True	False	False	False
55003002004	orang-2	orang		False	True	False	False
55003002005	akan-1	akan		False	True	False	False
55003002006	mencintai-1	mencintai		False	True	False	False
55003002007	diri-1	diri		False	True	False	False
55003002008	sendiri-1	sendiri		False	True	False	False
55003002009	,-1	,		True	False	False	False
55003002010	mencintai-2	mencintai		False	True	False	False
55003002011	uang-1	uang		False	True	False	False
55003002012	,-2	,		True	False	False	False
55003002013	pembual-1	pembual		False	True	False	False
55003002014	,-3	,		True	False	False	False
55003002015	sombong-1	sombong		False	True	False	False
55003002016	,-4	,		True	False	False	False
55003002017	suka-1	suka		False	True	False	False
55003002018	menghujat-1	menghujat		False	True	False	False
55003002019	,-5	,		True	False	False	False
55003002020	tidak-1	tidak		False	True	False	False
55003002021	taat-1	taat		False	True	False	False
55003002022	kepada-1	kepada		False	True	False	False
55003002023	orang-3	orang		False	True	False	False
55003002024	tua-1	tua		False	True	False	False
55003002025	,-6	,		True	False	False	False
55003002026	tidak-2	tidak		False	True	False	False
55003002027	tahu-1	tahu		False	True	False	False
55003002028	berterima-1	berterima		False	True	False	False
55003002029	kasih-1	kasih		False	True	False	False
55003002030	,-7	,		True	False	False	False
55003002031	tidak-3	tidak		False	True	False	False
55003002032	suci-1	suci		False	True	False	False
55003002033	,-8	,		True	False	False	False
55003003001	tidak-1	tidak		False	True	False	False
55003003002	mengasihi-1	mengasihi		False	True	False	False
55003003003	,-1	,		True	False	False	False
55003003004	tidak-2	tidak		False	True	False	False
55003003005	mau-1	mau		False	True	False	False
55003003006	berdamai-1	berdamai		False	True	False	False
55003003007	,-2	,		True	False	False	False
55003003008	suka-1	suka		False	True	False	False
55003003009	memfitnah-1	memfitnah		False	True	False	False
55003003010	,-3	,		True	False	False	False
55003003011	tidak-3	tidak		False	True	False	False
55003003012	bisa-1	bisa		False	True	False	False
55003003013	mengendalikan-1	mengendalikan		False	True	False	False
55003003014	diri-1	diri		False	True	False	False
55003003015	,-4	,		True	False	False	False
55003003016	kejam-1	kejam		False	True	False	False
55003003017	,-5	,		True	False	False	False
55003003018	tidak-4	tidak		False	True	False	False
55003003019	menyukai-1	menyukai		False	True	False	False
55003003020	yang-1	yang		False	True	False	False
55003003021	baik-1	baik		False	True	False	False
55003004001	pengkhianat-1	pengkhianat		False	True	False	False
55003004002	,-1	,		True	False	False	False
55003004003	sembrono-1	sembrono		False	True	False	False
55003004004	,-2	,		True	False	False	False
55003004005	sombong-1	sombong		False	True	False	False
55003004006	,-3	,		True	False	False	False
55003004007	lebih-1	lebih		False	True	False	False
55003004008	mengasihi-1	mengasihi		False	True	False	False
55003004009	kenikmatan-1	kenikmatan		False	True	False	False
55003004010	dunia-1	dunia		False	True	False	False
55003004011	daripada-1	daripada		False	True	False	False
55003004012	mengasihi-2	mengasihi		False	True	False	False
55003004013	Allah-1	Allah		False	True	False	False
55003004014	.-1	.		True	False	False	False
55003005001	memiliki-1	memiliki		False	True	False	False
55003005002	satu-1	satu		False	True	False	False
55003005003	bentuk-1	bentuk		False	True	False	False
55003005004	kesalehan-1	kesalehan		False	True	False	False
55003005005	,-1	,		True	False	False	False
55003005006	tetapi-1	tetapi		False	True	False	False
55003005007	mengingkari-1	mengingkari		False	True	False	False
55003005008	kuasanya-1	kuasanya		False	True	False	False
55003005009	.-1	.		True	False	False	False
55003005010	Dan-1	Dan		False	True	False	False
55003005011	berpalinglah-1	berpalinglah		False	True	False	False
55003005012	dari-1	dari		False	True	False	False
55003005013	orang-1	orang		False	True	False	False
55003005014	--1	-		True	False	False	False
55003005015	orang-2	orang		False	True	False	False
55003005016	ini-1	ini		False	True	False	False
55003005017	.-2	.		True	False	False	False
55003006001	Karena-1	Karena		False	True	False	False
55003006002	di-1	di		False	True	False	False
55003006003	antara-1	antara		False	True	False	False
55003006004	mereka-1	mereka		False	True	False	False
55003006005	ada-1	ada		False	True	False	False
55003006006	orang-1	orang		False	True	False	False
55003006007	--1	-		True	False	False	False
55003006008	orang-2	orang		False	True	False	False
55003006009	yang-1	yang		False	True	False	False
55003006010	masuk-1	masuk		False	True	False	False
55003006011	ke-1	ke		False	True	False	False
55003006012	dalam-1	dalam		False	True	False	False
55003006013	rumah-1	rumah		False	True	False	False
55003006014	--2	-		True	False	False	False
55003006015	rumah-2	rumah		False	True	False	False
55003006016	dan-1	dan		False	True	False	False
55003006017	memikat-1	memikat		False	True	False	False
55003006018	perempuan-1	perempuan		False	True	False	False
55003006019	--3	-		True	False	False	False
55003006020	perempuan-2	perempuan		False	True	False	False
55003006021	lemah-1	lemah		False	True	False	False
55003006022	yang-2	yang		False	True	False	False
55003006023	sarat-1	sarat		False	True	False	False
55003006024	dengan-1	dengan		False	True	False	False
55003006025	dosa-1	dosa		False	True	False	False
55003006026	--4	-		True	False	False	False
55003006027	dosa-2	dosa		False	True	False	False
55003006028	,-1	,		True	False	False	False
55003006029	yang-3	yang		False	True	False	False
55003006030	disesatkan-1	disesatkan		False	True	False	False
55003006031	oleh-1	oleh		False	True	False	False
55003006032	berbagai-1	berbagai		False	True	False	False
55003006033	keinginan-1	keinginan		False	True	False	False
55003006034	,-2	,		True	False	False	False
55003007001	selalu-1	selalu		False	True	False	False
55003007002	belajar-1	belajar		False	True	False	False
55003007003	,-1	,		True	False	False	False
55003007004	tetapi-1	tetapi		False	True	False	False
55003007005	tidak-1	tidak		False	True	False	False
55003007006	pernah-1	pernah		False	True	False	False
55003007007	bisa-1	bisa		False	True	False	False
55003007008	datang-1	datang		False	True	False	False
55003007009	kepada-1	kepada		False	True	False	False
55003007010	pengetahuan-1	pengetahuan		False	True	False	False
55003007011	tentang-1	tentang		False	True	False	False
55003007012	kebenaran-1	kebenaran		False	True	False	False
55003007013	.-1	.		True	False	False	False
55003008001	Dan-1	Dan		False	True	False	False
55003008002	seperti-1	seperti		False	True	False	False
55003008003	halnya-1	halnya		False	True	False	False
55003008004	Yanes-1	Yanes		False	True	False	False
55003008005	dan-1	dan		False	True	False	False
55003008006	Yambres-1	Yambres		False	True	False	False
55003008007	menentang-1	menentang		False	True	False	False
55003008008	Musa-1	Musa		False	True	False	False
55003008009	,-1	,		True	False	False	False
55003008010	demikian-1	demikian		False	True	False	False
55003008011	juga-1	juga		False	True	False	False
55003008012	orang-1	orang		False	True	False	False
55003008013	--1	-		True	False	False	False
55003008014	orang-2	orang		False	True	False	False
55003008015	ini-1	ini		False	True	False	False
55003008016	menentang-2	menentang		False	True	False	False
55003008017	kebenaran-1	kebenaran		False	True	False	False
55003008018	,-2	,		True	False	False	False
55003008019	orang-3	orang		False	True	False	False
55003008020	--2	-		True	False	False	False
55003008021	orang-4	orang		False	True	False	False
55003008022	yang-1	yang		False	True	False	False
55003008023	pikirannya-1	pikirannya		False	True	False	False
55003008024	telah-1	telah		False	True	False	False
55003008025	rusak-1	rusak		False	True	False	False
55003008026	,-3	,		True	False	False	False
55003008027	yang-2	yang		False	True	False	False
55003008028	gagal-1	gagal		False	True	False	False
55003008029	dalam-1	dalam		False	True	False	False
55003008030	hubungannya-1	hubungannya		False	True	False	False
55003008031	dengan-1	dengan		False	True	False	False
55003008032	iman-1	iman		False	True	False	False
55003008033	.-1	.		True	False	False	False
55003009001	Tetapi-1	Tetapi		False	True	False	False
55003009002	mereka-1	mereka		False	True	False	False
55003009003	tidak-1	tidak		False	True	False	False
55003009004	akan-1	akan		False	True	False	False
55003009005	maju-1	maju		False	True	False	False
55003009006	lebih-1	lebih		False	True	False	False
55003009007	jauh-1	jauh		False	True	False	False
55003009008	lagi-1	lagi		False	True	False	False
55003009009	,-1	,		True	False	False	False
55003009010	karena-1	karena		False	True	False	False
55003009011	kebodohan-1	kebodohan		False	True	False	False
55003009012	mereka-2	mereka		False	True	False	False
55003009013	akan-2	akan		False	True	False	False
55003009014	menjadi-1	menjadi		False	True	False	False
55003009015	nyata-1	nyata		False	True	False	False
55003009016	kepada-1	kepada		False	True	False	False
55003009017	semua-1	semua		False	True	False	False
55003009018	orang-1	orang		False	True	False	False
55003009019	,-2	,		True	False	False	False
55003009020	sebagaimana-1	sebagaimana		False	True	False	False
55003009021	juga-1	juga		False	True	False	False
55003009022	kebodohan-2	kebodohan		False	True	False	False
55003009023	orang-2	orang		False	True	False	False
55003009024	--1	-		True	False	False	False
55003009025	orang-3	orang		False	True	False	False
55003009026	itu-1	itu		False	True	False	False
55003009027	terlihat-1	terlihat		False	True	False	False
55003009028	.-1	.		True	False	False	False
55003010001	Tetapi-1	Tetapi		False	True	False	False
55003010002	engkau-1	engkau		False	True	False	False
55003010003	telah-1	telah		False	True	False	False
55003010004	mengikuti-1	mengikuti		False	True	False	False
55003010005	ajaranku-1	ajaranku		False	True	False	False
55003010006	,-1	,		True	False	False	False
55003010007	perilakuku-1	perilakuku		False	True	False	False
55003010008	,-2	,		True	False	False	False
55003010009	tujuan-1	tujuan		False	True	False	False
55003010010	hidupku-1	hidupku		False	True	False	False
55003010011	,-3	,		True	False	False	False
55003010012	imanku-1	imanku		False	True	False	False
55003010013	,-4	,		True	False	False	False
55003010014	kesabaranku-1	kesabaranku		False	True	False	False
55003010015	,-5	,		True	False	False	False
55003010016	kasihku-1	kasihku		False	True	False	False
55003010017	,-6	,		True	False	False	False
55003010018	ketekunanku-1	ketekunanku		False	True	False	False
55003010019	,-7	,		True	False	False	False
55003011001	penganiayaan-1	penganiayaan		False	True	False	False
55003011002	,-1	,		True	False	False	False
55003011003	penderitaan-1	penderitaan		False	True	False	False
55003011004	,-2	,		True	False	False	False
55003011005	seperti-1	seperti		False	True	False	False
55003011006	yang-1	yang		False	True	False	False
55003011007	telah-1	telah		False	True	False	False
55003011008	terjadi-1	terjadi		False	True	False	False
55003011009	padaku-1	padaku		False	True	False	False
55003011010	di-1	di		False	True	False	False
55003011011	Antiokhia-1	Antiokhia		False	True	False	False
55003011012	,-3	,		True	False	False	False
55003011013	di-2	di		False	True	False	False
55003011014	Ikonium-1	Ikonium		False	True	False	False
55003011015	,-4	,		True	False	False	False
55003011016	di-3	di		False	True	False	False
55003011017	Listra-1	Listra		False	True	False	False
55003011018	;-1	;		True	False	False	False
55003011019	segala-1	segala		False	True	False	False
55003011020	penganiayaan-2	penganiayaan		False	True	False	False
55003011021	seperti-2	seperti		False	True	False	False
55003011022	itulah-1	itulah		False	True	False	False
55003011023	yang-2	yang		False	True	False	False
55003011024	telah-2	telah		False	True	False	False
55003011025	kutanggung-1	kutanggung		False	True	False	False
55003011026	.-1	.		True	False	False	False
55003011027	Tetapi-1	Tetapi		False	True	False	False
55003011028	Tuhan-1	Tuhan		False	True	False	False
55003011029	telah-3	telah		False	True	False	False
55003011030	melepaskan-1	melepaskan		False	True	False	False
55003011031	aku-1	aku		False	True	False	False
55003011032	dari-1	dari		False	True	False	False
55003011033	semuanya-1	semuanya		False	True	False	False
55003011034	.-2	.		True	False	False	False
55003012001	Dan-1	Dan		False	True	False	False
55003012002	sesungguhnya-1	sesungguhnya		False	True	False	False
55003012003	,-1	,		True	False	False	False
55003012004	semua-1	semua		False	True	False	False
55003012005	orang-1	orang		False	True	False	False
55003012006	yang-1	yang		False	True	False	False
55003012007	ingin-1	ingin		False	True	False	False
55003012008	hidup-1	hidup		False	True	False	False
55003012009	saleh-1	saleh		False	True	False	False
55003012010	dalam-1	dalam		False	True	False	False
55003012011	Kristus-1	Kristus		False	True	False	False
55003012012	Yesus-1	Yesus		False	True	False	False
55003012013	akan-1	akan		False	True	False	False
55003012014	dianiaya-1	dianiaya		False	True	False	False
55003012015	.-1	.		True	False	False	False
55003013001	Tetapi-1	Tetapi		False	True	False	False
55003013002	orang-1	orang		False	True	False	False
55003013003	--1	-		True	False	False	False
55003013004	orang-2	orang		False	True	False	False
55003013005	jahat-1	jahat		False	True	False	False
55003013006	dan-1	dan		False	True	False	False
55003013007	penipu-1	penipu		False	True	False	False
55003013008	--2	-		True	False	False	False
55003013009	penipu-2	penipu		False	True	False	False
55003013010	akan-1	akan		False	True	False	False
55003013011	berbuat-1	berbuat		False	True	False	False
55003013012	lebih-1	lebih		False	True	False	False
55003013013	buruk-1	buruk		False	True	False	False
55003013014	lagi-1	lagi		False	True	False	False
55003013015	,-1	,		True	False	False	False
55003013016	menyesatkan-1	menyesatkan		False	True	False	False
55003013017	dan-2	dan		False	True	False	False
55003013018	disesatkan-1	disesatkan		False	True	False	False
55003013019	.-1	.		True	False	False	False
55003014001	Namun-1	Namun		False	True	False	False
55003014002	engkau-1	engkau		False	True	False	False
55003014003	,-1	,		True	False	False	False
55003014004	tetaplah-1	tetaplah		False	True	False	False
55003014005	tinggal-1	tinggal		False	True	False	False
55003014006	dalam-1	dalam		False	True	False	False
55003014007	apa-1	apa		False	True	False	False
55003014008	yang-1	yang		False	True	False	False
55003014009	telah-1	telah		False	True	False	False
55003014010	kamu-1	kamu		False	True	False	False
55003014011	pelajari-1	pelajari		False	True	False	False
55003014012	dan-1	dan		False	True	False	False
55003014013	yakini-1	yakini		False	True	False	False
55003014014	,-2	,		True	False	False	False
55003014015	dengan-1	dengan		False	True	False	False
55003014016	mengetahui-1	mengetahui		False	True	False	False
55003014017	dari-1	dari		False	True	False	False
55003014018	siapa-1	siapa		False	True	False	False
55003014019	kamu-2	kamu		False	True	False	False
55003014020	mempelajarinya-1	mempelajarinya		False	True	False	False
55003014021	,-3	,		True	False	False	False
55003015001	dan-1	dan		False	True	False	False
55003015002	bahwa-1	bahwa		False	True	False	False
55003015003	sejak-1	sejak		False	True	False	False
55003015004	kecil-1	kecil		False	True	False	False
55003015005	engkau-1	engkau		False	True	False	False
55003015006	telah-1	telah		False	True	False	False
55003015007	mengenal-1	mengenal		False	True	False	False
55003015008	tulisan-1	tulisan		False	True	False	False
55003015009	--1	-		True	False	False	False
55003015010	tulisan-2	tulisan		False	True	False	False
55003015011	suci-1	suci		False	True	False	False
55003015012	,-1	,		True	False	False	False
55003015013	yang-1	yang		False	True	False	False
55003015014	dapat-1	dapat		False	True	False	False
55003015015	menjadikan-1	menjadikan		False	True	False	False
55003015016	engkau-2	engkau		False	True	False	False
55003015017	berhikmat-1	berhikmat		False	True	False	False
55003015018	untuk-1	untuk		False	True	False	False
55003015019	keselamatan-1	keselamatan		False	True	False	False
55003015020	melalui-1	melalui		False	True	False	False
55003015021	iman-1	iman		False	True	False	False
55003015022	{-1	{		True	False	False	False
55003015023	yang-2	yang		False	True	False	False
55003015024	ada-1	ada		False	True	False	False
55003015025	}-1	}		True	False	False	False
55003015026	dalam-1	dalam		False	True	False	False
55003015027	Kristus-1	Kristus		False	True	False	False
55003015028	Yesus-1	Yesus		False	True	False	False
55003015029	.-1	.		True	False	False	False
55003016001	Seluruh-1	Seluruh		False	True	False	False
55003016002	Kitab-1	Kitab		False	True	False	False
55003016003	Suci-1	Suci		False	True	False	False
55003016004	{-1	{		True	False	False	False
55003016005	adalah-1	adalah		False	True	False	False
55003016006	}-1	}		True	False	False	False
55003016007	diilhamkan-1	diilhamkan		False	True	False	False
55003016008	Allah-1	Allah		False	True	False	False
55003016009	dan-1	dan		False	True	False	False
55003016010	bermanfaat-1	bermanfaat		False	True	False	False
55003016011	untuk-1	untuk		False	True	False	False
55003016012	mengajar-1	mengajar		False	True	False	False
55003016013	,-1	,		True	False	False	False
55003016014	untuk-2	untuk		False	True	False	False
55003016015	menegur-1	menegur		False	True	False	False
55003016016	,-2	,		True	False	False	False
55003016017	untuk-3	untuk		False	True	False	False
55003016018	mengoreksi-1	mengoreksi		False	True	False	False
55003016019	,-3	,		True	False	False	False
55003016020	{-2	{		True	False	False	False
55003016021	dan-2	dan		False	True	False	False
55003016022	}-2	}		True	False	False	False
55003016023	untuk-4	untuk		False	True	False	False
55003016024	mendidik-1	mendidik		False	True	False	False
55003016025	dalam-1	dalam		False	True	False	False
55003016026	kebenaran-1	kebenaran		False	True	False	False
55003016027	,-4	,		True	False	False	False
55003017001	sehingga-1	sehingga		False	True	False	False
55003017002	manusia-1	manusia		False	True	False	False
55003017003	milik-1	milik		False	True	False	False
55003017004	Allah-1	Allah		False	True	False	False
55003017005	dapat-1	dapat		False	True	False	False
55003017006	menjadi-1	menjadi		False	True	False	False
55003017007	kompeten-1	kompeten		False	True	False	False
55003017008	,-1	,		True	False	False	False
55003017009	diperlengkapi-1	diperlengkapi		False	True	False	False
55003017010	untuk-1	untuk		False	True	False	False
55003017011	setiap-1	setiap		False	True	False	False
55003017012	pekerjaan-1	pekerjaan		False	True	False	False
55003017013	yang-1	yang		False	True	False	False
55003017014	baik-1	baik		False	True	False	False
55003017015	.-1	.		True	False	False	False
55004001001	Aku-1	Aku		False	True	False	False
55004001002	dengan-1	dengan		False	True	False	False
55004001003	sungguh-1	sungguh		False	True	False	False
55004001004	--1	-		True	False	False	False
55004001005	sungguh-2	sungguh		False	True	False	False
55004001006	memberi-1	memberi		False	True	False	False
55004001007	perintah-1	perintah		False	True	False	False
55004001008	ini-1	ini		False	True	False	False
55004001009	di-1	di		False	True	False	False
55004001010	hadapan-1	hadapan		False	True	False	False
55004001011	Allah-1	Allah		False	True	False	False
55004001012	dan-1	dan		False	True	False	False
55004001013	Kristus-1	Kristus		False	True	False	False
55004001014	Yesus-1	Yesus		False	True	False	False
55004001015	,-1	,		True	False	False	False
55004001016	yang-1	yang		False	True	False	False
55004001017	akan-1	akan		False	True	False	False
55004001018	menghakimi-1	menghakimi		False	True	False	False
55004001019	orang-1	orang		False	True	False	False
55004001020	--2	-		True	False	False	False
55004001021	orang-2	orang		False	True	False	False
55004001022	yang-2	yang		False	True	False	False
55004001023	hidup-1	hidup		False	True	False	False
55004001024	dan-2	dan		False	True	False	False
55004001025	yang-3	yang		False	True	False	False
55004001026	mati-1	mati		False	True	False	False
55004001027	,-2	,		True	False	False	False
55004001028	dan-3	dan		False	True	False	False
55004001029	karena-1	karena		False	True	False	False
55004001030	penyataan-1	penyataan		False	True	False	False
55004001031	Nya-1	Nya		False	True	False	False
55004001032	dan-4	dan		False	True	False	False
55004001033	kerajaan-1	kerajaan		False	True	False	False
55004001034	Nya-2	Nya		False	True	False	False
55004001035	:-1	:		True	False	False	False
55004002001	Beritakanlah-1	Beritakanlah		False	True	False	False
55004002002	firman-1	firman		False	True	False	False
55004002003	.-1	.		True	False	False	False
55004002004	Bersiaplah-1	Bersiaplah		False	True	False	False
55004002005	pada-1	pada		False	True	False	False
55004002006	saat-1	saat		False	True	False	False
55004002007	yang-1	yang		False	True	False	False
55004002008	baik-1	baik		False	True	False	False
55004002009	dan-1	dan		False	True	False	False
55004002010	pada-2	pada		False	True	False	False
55004002011	saat-2	saat		False	True	False	False
55004002012	yang-2	yang		False	True	False	False
55004002013	tidak-1	tidak		False	True	False	False
55004002014	baik-2	baik		False	True	False	False
55004002015	.-2	.		True	False	False	False
55004002016	Tegurlah-1	Tegurlah		False	True	False	False
55004002017	,-1	,		True	False	False	False
55004002018	nasihatilah-1	nasihatilah		False	True	False	False
55004002019	,-2	,		True	False	False	False
55004002020	doronglah-1	doronglah		False	True	False	False
55004002021	,-3	,		True	False	False	False
55004002022	dengan-1	dengan		False	True	False	False
55004002023	segala-1	segala		False	True	False	False
55004002024	kesabaran-1	kesabaran		False	True	False	False
55004002025	dan-2	dan		False	True	False	False
55004002026	pengajaran-1	pengajaran		False	True	False	False
55004002027	.-3	.		True	False	False	False
55004003001	Sebab-1	Sebab		False	True	False	False
55004003002	akan-1	akan		False	True	False	False
55004003003	datang-1	datang		False	True	False	False
55004003004	waktunya-1	waktunya		False	True	False	False
55004003005	ketika-1	ketika		False	True	False	False
55004003006	mereka-1	mereka		False	True	False	False
55004003007	tidak-1	tidak		False	True	False	False
55004003008	dapat-1	dapat		False	True	False	False
55004003009	lagi-1	lagi		False	True	False	False
55004003010	menerima-1	menerima		False	True	False	False
55004003011	ajaran-1	ajaran		False	True	False	False
55004003012	yang-1	yang		False	True	False	False
55004003013	sehat-1	sehat		False	True	False	False
55004003014	.-1	.		True	False	False	False
55004003015	Sebaliknya-1	Sebaliknya		False	True	False	False
55004003016	,-1	,		True	False	False	False
55004003017	mereka-2	mereka		False	True	False	False
55004003018	akan-2	akan		False	True	False	False
55004003019	mengumpulkan-1	mengumpulkan		False	True	False	False
55004003020	guru-1	guru		False	True	False	False
55004003021	--1	-		True	False	False	False
55004003022	guru-2	guru		False	True	False	False
55004003023	bagi-1	bagi		False	True	False	False
55004003024	diri-1	diri		False	True	False	False
55004003025	mereka-3	mereka		False	True	False	False
55004003026	sendiri-1	sendiri		False	True	False	False
55004003027	menurut-1	menurut		False	True	False	False
55004003028	keinginan-1	keinginan		False	True	False	False
55004003029	{-1	{		True	False	False	False
55004003030	mereka-4	mereka		False	True	False	False
55004003031	}-1	}		True	False	False	False
55004003032	sendiri-2	sendiri		False	True	False	False
55004003033	,-2	,		True	False	False	False
55004003034	menurut-2	menurut		False	True	False	False
55004003035	keinginan-2	keinginan		False	True	False	False
55004003036	telinga-1	telinga		False	True	False	False
55004003037	{-2	{		True	False	False	False
55004003038	mereka-5	mereka		False	True	False	False
55004003039	}-2	}		True	False	False	False
55004003040	yang-2	yang		False	True	False	False
55004003041	gatal-1	gatal		False	True	False	False
55004003042	.-2	.		True	False	False	False
55004004001	dan-1	dan		False	True	False	False
55004004002	mereka-1	mereka		False	True	False	False
55004004003	akan-1	akan		False	True	False	False
55004004004	memalingkan-1	memalingkan		False	True	False	False
55004004005	telinga-1	telinga		False	True	False	False
55004004006	{-1	{		True	False	False	False
55004004007	mereka-2	mereka		False	True	False	False
55004004008	}-1	}		True	False	False	False
55004004009	dari-1	dari		False	True	False	False
55004004010	kebenaran-1	kebenaran		False	True	False	False
55004004011	dan-2	dan		False	True	False	False
55004004012	berpaling-1	berpaling		False	True	False	False
55004004013	kepada-1	kepada		False	True	False	False
55004004014	mitos-1	mitos		False	True	False	False
55004004015	--1	-		True	False	False	False
55004004016	mitos-2	mitos		False	True	False	False
55004004017	.-1	.		True	False	False	False
55004005001	Tetapi-1	Tetapi		False	True	False	False
55004005002	engkau-1	engkau		False	True	False	False
55004005003	,-1	,		True	False	False	False
55004005004	sadarlah-1	sadarlah		False	True	False	False
55004005005	dalam-1	dalam		False	True	False	False
55004005006	segala-1	segala		False	True	False	False
55004005007	hal-1	hal		False	True	False	False
55004005008	.-1	.		True	False	False	False
55004005009	Tanggunglah-1	Tanggunglah		False	True	False	False
55004005010	kesesakan-1	kesesakan		False	True	False	False
55004005011	.-2	.		True	False	False	False
55004005012	Lakukan-1	Lakukan		False	True	False	False
55004005013	pekerjaan-1	pekerjaan		False	True	False	False
55004005014	seorang-1	seorang		False	True	False	False
55004005015	pemberita-1	pemberita		False	True	False	False
55004005016	injil-1	injil		False	True	False	False
55004005017	.-3	.		True	False	False	False
55004005018	Laksanakan-1	Laksanakan		False	True	False	False
55004005019	sepenuhnya-1	sepenuhnya		False	True	False	False
55004005020	pelayanan-1	pelayanan		False	True	False	False
55004005021	mu-1	mu		False	True	False	False
55004005022	.-4	.		True	False	False	False
55004006001	Karena-1	Karena		False	True	False	False
55004006002	aku-1	aku		False	True	False	False
55004006003	telah-1	telah		False	True	False	False
55004006004	mulai-1	mulai		False	True	False	False
55004006005	dicurahkan-1	dicurahkan		False	True	False	False
55004006006	,-1	,		True	False	False	False
55004006007	dan-1	dan		False	True	False	False
55004006008	waktu-1	waktu		False	True	False	False
55004006009	kepergian-1	kepergian		False	True	False	False
55004006010	ku-1	ku		False	True	False	False
55004006011	telah-2	telah		False	True	False	False
55004006012	tiba-1	tiba		False	True	False	False
55004006013	.-1	.		True	False	False	False
55004007001	Aku-1	Aku		False	True	False	False
55004007002	telah-1	telah		False	True	False	False
55004007003	bertanding-1	bertanding		False	True	False	False
55004007004	dalam-1	dalam		False	True	False	False
55004007005	pertandingan-1	pertandingan		False	True	False	False
55004007006	yang-1	yang		False	True	False	False
55004007007	baik-1	baik		False	True	False	False
55004007008	;-1	;		True	False	False	False
55004007009	aku-1	aku		False	True	False	False
55004007010	telah-2	telah		False	True	False	False
55004007011	menyelesaikan-1	menyelesaikan		False	True	False	False
55004007012	perlombaan-1	perlombaan		False	True	False	False
55004007013	;-2	;		True	False	False	False
55004007014	aku-2	aku		False	True	False	False
55004007015	telah-3	telah		False	True	False	False
55004007016	memelihara-1	memelihara		False	True	False	False
55004007017	iman-1	iman		False	True	False	False
55004007018	.-1	.		True	False	False	False
55004008001	Sekarang-1	Sekarang		False	True	False	False
55004008002	mahkota-1	mahkota		False	True	False	False
55004008003	kebenaran-1	kebenaran		False	True	False	False
55004008004	telah-1	telah		False	True	False	False
55004008005	disediakan-1	disediakan		False	True	False	False
55004008006	bagiku-1	bagiku		False	True	False	False
55004008007	,-1	,		True	False	False	False
55004008008	yang-1	yang		False	True	False	False
55004008009	Tuhan-1	Tuhan		False	True	False	False
55004008010	,-2	,		True	False	False	False
55004008011	hakim-1	hakim		False	True	False	False
55004008012	yang-2	yang		False	True	False	False
55004008013	adil-1	adil		False	True	False	False
55004008014	,-3	,		True	False	False	False
55004008015	akan-1	akan		False	True	False	False
55004008016	anugerahkan-1	anugerahkan		False	True	False	False
55004008017	kepadaku-1	kepadaku		False	True	False	False
55004008018	pada-1	pada		False	True	False	False
55004008019	hari-1	hari		False	True	False	False
55004008020	itu-1	itu		False	True	False	False
55004008021	,-4	,		True	False	False	False
55004008022	dan-1	dan		False	True	False	False
55004008023	bukan-1	bukan		False	True	False	False
55004008024	hanya-1	hanya		False	True	False	False
55004008025	kepadaku-2	kepadaku		False	True	False	False
55004008026	,-5	,		True	False	False	False
55004008027	tetapi-1	tetapi		False	True	False	False
55004008028	juga-1	juga		False	True	False	False
55004008029	kepada-1	kepada		False	True	False	False
55004008030	semua-1	semua		False	True	False	False
55004008031	orang-1	orang		False	True	False	False
55004008032	yang-3	yang		False	True	False	False
55004008033	telah-2	telah		False	True	False	False
55004008034	mengasihi-1	mengasihi		False	True	False	False
55004008035	penampakan-1	penampakan		False	True	False	False
55004008036	--1	-		True	False	False	False
55004008037	Nya-1	Nya		False	True	False	False
55004008038	.-1	.		True	False	False	False
55004009001	Berusahalah-1	Berusahalah		False	True	False	False
55004009002	segera-1	segera		False	True	False	False
55004009003	datang-1	datang		False	True	False	False
55004009004	kepadaku-1	kepadaku		False	True	False	False
55004009005	,-1	,		True	False	False	False
55004010001	sebab-1	sebab		False	True	False	False
55004010002	Demas-1	Demas		False	True	False	False
55004010003	telah-1	telah		False	True	False	False
55004010004	meninggalkan-1	meninggalkan		False	True	False	False
55004010005	aku-1	aku		False	True	False	False
55004010006	,-1	,		True	False	False	False
55004010007	karena-1	karena		False	True	False	False
55004010008	ia-1	ia		False	True	False	False
55004010009	telah-2	telah		False	True	False	False
55004010010	mencintai-1	mencintai		False	True	False	False
55004010011	zaman-1	zaman		False	True	False	False
55004010012	sekarang-1	sekarang		False	True	False	False
55004010013	dan-1	dan		False	True	False	False
55004010014	telah-3	telah		False	True	False	False
55004010015	pergi-1	pergi		False	True	False	False
55004010016	ke-1	ke		False	True	False	False
55004010017	Tesalonika-1	Tesalonika		False	True	False	False
55004010018	,-2	,		True	False	False	False
55004010019	Kreskes-1	Kreskes		False	True	False	False
55004010020	ke-2	ke		False	True	False	False
55004010021	Galatia-1	Galatia		False	True	False	False
55004010022	,-3	,		True	False	False	False
55004010023	Titus-1	Titus		False	True	False	False
55004010024	ke-3	ke		False	True	False	False
55004010025	Dalmatia-1	Dalmatia		False	True	False	False
55004010026	.-1	.		True	False	False	False
55004011001	Hanya-1	Hanya		False	True	False	False
55004011002	Lukas-1	Lukas		False	True	False	False
55004011003	ada-1	ada		False	True	False	False
55004011004	bersama-1	bersama		False	True	False	False
55004011005	aku-1	aku		False	True	False	False
55004011006	.-1	.		True	False	False	False
55004011007	Jemputlah-1	Jemputlah		False	True	False	False
55004011008	Markus-1	Markus		False	True	False	False
55004011009	,-1	,		True	False	False	False
55004011010	dan-1	dan		False	True	False	False
55004011011	bawalah-1	bawalah		False	True	False	False
55004011012	{-1	{		True	False	False	False
55004011013	ia-1	ia		False	True	False	False
55004011014	}-1	}		True	False	False	False
55004011015	bersama-2	bersama		False	True	False	False
55004011016	mu-1	mu		False	True	False	False
55004011017	,-2	,		True	False	False	False
55004011018	sebab-1	sebab		False	True	False	False
55004011019	ia-2	ia		False	True	False	False
55004011020	berguna-1	berguna		False	True	False	False
55004011021	bagiku-1	bagiku		False	True	False	False
55004011022	untuk-1	untuk		False	True	False	False
55004011023	pelayanan-1	pelayanan		False	True	False	False
55004011024	.-2	.		True	False	False	False
55004012001	Tetapi-1	Tetapi		False	True	False	False
55004012002	aku-1	aku		False	True	False	False
55004012003	telah-1	telah		False	True	False	False
55004012004	mengutus-1	mengutus		False	True	False	False
55004012005	Tikhikus-1	Tikhikus		False	True	False	False
55004012006	ke-1	ke		False	True	False	False
55004012007	Efesus-1	Efesus		False	True	False	False
55004012008	.-1	.		True	False	False	False
55004013001	Jubah-1	Jubah		False	True	False	False
55004013002	yang-1	yang		False	True	False	False
55004013003	aku-1	aku		False	True	False	False
55004013004	tinggalkan-1	tinggalkan		False	True	False	False
55004013005	di-1	di		False	True	False	False
55004013006	Troas-1	Troas		False	True	False	False
55004013007	bersama-1	bersama		False	True	False	False
55004013008	Karpus-1	Karpus		False	True	False	False
55004013009	,-1	,		True	False	False	False
55004013010	bawalah-1	bawalah		False	True	False	False
55004013011	ketika-1	ketika		False	True	False	False
55004013012	kamu-1	kamu		False	True	False	False
55004013013	datang-1	datang		False	True	False	False
55004013014	,-2	,		True	False	False	False
55004013015	dan-1	dan		False	True	False	False
55004013016	buku-1	buku		False	True	False	False
55004013017	--1	-		True	False	False	False
55004013018	buku-2	buku		False	True	False	False
55004013019	,-3	,		True	False	False	False
55004013020	terutama-1	terutama		False	True	False	False
55004013021	perkamen-1	perkamen		False	True	False	False
55004013022	--2	-		True	False	False	False
55004013023	perkamen-2	perkamen		False	True	False	False
55004013024	.-1	.		True	False	False	False
55004014001	Aleksander-1	Aleksander		False	True	False	False
55004014002	,-1	,		True	False	False	False
55004014003	tukang-1	tukang		False	True	False	False
55004014004	tembaga-1	tembaga		False	True	False	False
55004014005	itu-1	itu		False	True	False	False
55004014006	,-2	,		True	False	False	False
55004014007	telah-1	telah		False	True	False	False
55004014008	melakukan-1	melakukan		False	True	False	False
55004014009	banyak-1	banyak		False	True	False	False
55004014010	kejahatan-1	kejahatan		False	True	False	False
55004014011	terhadapku-1	terhadapku		False	True	False	False
55004014012	.-1	.		True	False	False	False
55004014013	Tuhan-1	Tuhan		False	True	False	False
55004014014	akan-1	akan		False	True	False	False
55004014015	membalas-1	membalas		False	True	False	False
55004014016	kepadanya-1	kepadanya		False	True	False	False
55004014017	sesuai-1	sesuai		False	True	False	False
55004014018	dengan-1	dengan		False	True	False	False
55004014019	perbuatan-1	perbuatan		False	True	False	False
55004014020	--1	-		True	False	False	False
55004014021	perbuatan-2	perbuatan		False	True	False	False
55004014022	nya-1	nya		False	True	False	False
55004014023	,-3	,		True	False	False	False
55004015001	yang-1	yang		False	True	False	False
55004015002	juga-1	juga		False	True	False	False
55004015003	harus-1	harus		False	True	False	False
55004015004	engkau-1	engkau		False	True	False	False
55004015005	waspadai-1	waspadai		False	True	False	False
55004015006	,-1	,		True	False	False	False
55004015007	karena-1	karena		False	True	False	False
55004015008	ia-1	ia		False	True	False	False
55004015009	sangat-1	sangat		False	True	False	False
55004015010	menentang-1	menentang		False	True	False	False
55004015011	kata-1	kata		False	True	False	False
55004015012	--1	-		True	False	False	False
55004015013	kata-2	kata		False	True	False	False
55004015014	kita-1	kita		False	True	False	False
55004015015	.-1	.		True	False	False	False
55004016001	Pada-1	Pada		False	True	False	False
55004016002	pembelaan-1	pembelaan		False	True	False	False
55004016003	pertama-1	pertama		False	True	False	False
55004016004	ku-1	ku		False	True	False	False
55004016005	,-1	,		True	False	False	False
55004016006	tidak-1	tidak		False	True	False	False
55004016007	ada-1	ada		False	True	False	False
55004016008	seorang-1	seorang		False	True	False	False
55004016009	pun-1	pun		False	True	False	False
55004016010	terlihat-1	terlihat		False	True	False	False
55004016011	bersamaku-1	bersamaku		False	True	False	False
55004016012	,-2	,		True	False	False	False
55004016013	tetapi-1	tetapi		False	True	False	False
55004016014	semua-1	semua		False	True	False	False
55004016015	orang-1	orang		False	True	False	False
55004016016	meninggalkan-1	meninggalkan		False	True	False	False
55004016017	aku-1	aku		False	True	False	False
55004016018	.-1	.		True	False	False	False
55004016019	Semoga-1	Semoga		False	True	False	False
55004016020	hal-1	hal		False	True	False	False
55004016021	itu-1	itu		False	True	False	False
55004016022	tidak-2	tidak		False	True	False	False
55004016023	diperhitungkan-1	diperhitungkan		False	True	False	False
55004016024	terhadap-1	terhadap		False	True	False	False
55004016025	mereka-1	mereka		False	True	False	False
55004016026	.-2	.		True	False	False	False
55004017001	Tetapi-1	Tetapi		False	True	False	False
55004017002	Tuhan-1	Tuhan		False	True	False	False
55004017003	telah-1	telah		False	True	False	False
55004017004	berdiri-1	berdiri		False	True	False	False
55004017005	bersamaku-1	bersamaku		False	True	False	False
55004017006	dan-1	dan		False	True	False	False
55004017007	telah-2	telah		False	True	False	False
55004017008	menguatkan-1	menguatkan		False	True	False	False
55004017009	aku-1	aku		False	True	False	False
55004017010	,-1	,		True	False	False	False
55004017011	sehingga-1	sehingga		False	True	False	False
55004017012	melalui-1	melalui		False	True	False	False
55004017013	aku-2	aku		False	True	False	False
55004017014	pemberitaan-1	pemberitaan		False	True	False	False
55004017015	itu-1	itu		False	True	False	False
55004017016	dapat-1	dapat		False	True	False	False
55004017017	dilaksanakan-1	dilaksanakan		False	True	False	False
55004017018	sepenuhnya-1	sepenuhnya		False	True	False	False
55004017019	dan-2	dan		False	True	False	False
55004017020	semua-1	semua		False	True	False	False
55004017021	orang-1	orang		False	True	False	False
55004017022	bukan-1	bukan		False	True	False	False
55004017023	Yahudi-1	Yahudi		False	True	False	False
55004017024	dapat-2	dapat		False	True	False	False
55004017025	mendengar-1	mendengar		False	True	False	False
55004017026	.-1	.		True	False	False	False
55004017027	Dan-1	Dan		False	True	False	False
55004017028	aku-3	aku		False	True	False	False
55004017029	telah-3	telah		False	True	False	False
55004017030	dilepaskan-1	dilepaskan		False	True	False	False
55004017031	dari-1	dari		False	True	False	False
55004017032	mulut-1	mulut		False	True	False	False
55004017033	singa-1	singa		False	True	False	False
55004017034	.-2	.		True	False	False	False
55004018001	Tuhan-1	Tuhan		False	True	False	False
55004018002	akan-1	akan		False	True	False	False
55004018003	melepaskan-1	melepaskan		False	True	False	False
55004018004	aku-1	aku		False	True	False	False
55004018005	dari-1	dari		False	True	False	False
55004018006	setiap-1	setiap		False	True	False	False
55004018007	perbuatan-1	perbuatan		False	True	False	False
55004018008	jahat-1	jahat		False	True	False	False
55004018009	dan-1	dan		False	True	False	False
55004018010	akan-2	akan		False	True	False	False
55004018011	menyelamatkan-1	menyelamatkan		False	True	False	False
55004018012	aku-2	aku		False	True	False	False
55004018013	untuk-1	untuk		False	True	False	False
55004018014	kerajaan-1	kerajaan		False	True	False	False
55004018015	surgawi-1	surgawi		False	True	False	False
55004018016	--1	-		True	False	False	False
55004018017	Nya-1	Nya		False	True	False	False
55004018018	.-1	.		True	False	False	False
55004018019	Bagi-1	Bagi		False	True	False	False
55004018020	Dialah-1	Dialah		False	True	False	False
55004018021	kemuliaan-1	kemuliaan		False	True	False	False
55004018022	sampai-1	sampai		False	True	False	False
55004018023	kekal-1	kekal		False	True	False	False
55004018024	selama-1	selama		False	True	False	False
55004018025	--2	-		True	False	False	False
55004018026	lamanya-1	lamanya		False	True	False	False
55004018027	.-2	.		True	False	False	False
55004018028	Amin-1	Amin		False	True	False	False
55004018029	.-3	.		True	False	False	False
55004019001	Salam-1	Salam		False	True	False	False
55004019002	kepada-1	kepada		False	True	False	False
55004019003	Priskila-1	Priskila		False	True	False	False
55004019004	dan-1	dan		False	True	False	False
55004019005	Akwila-1	Akwila		False	True	False	False
55004019006	,-1	,		True	False	False	False
55004019007	dan-2	dan		False	True	False	False
55004019008	kepada-2	kepada		False	True	False	False
55004019009	keluarga-1	keluarga		False	True	False	False
55004019010	Onesiforus-1	Onesiforus		False	True	False	False
55004019011	.-1	.		True	False	False	False
55004020001	Erastus-1	Erastus		False	True	False	False
55004020002	tetap-1	tetap		False	True	False	False
55004020003	tinggal-1	tinggal		False	True	False	False
55004020004	di-1	di		False	True	False	False
55004020005	Korintus-1	Korintus		False	True	False	False
55004020006	,-1	,		True	False	False	False
55004020007	dan-1	dan		False	True	False	False
55004020008	aku-1	aku		False	True	False	False
55004020009	telah-1	telah		False	True	False	False
55004020010	tinggalkan-1	tinggalkan		False	True	False	False
55004020011	Trofimus-1	Trofimus		False	True	False	False
55004020012	dalam-1	dalam		False	True	False	False
55004020013	keadaan-1	keadaan		False	True	False	False
55004020014	sakit-1	sakit		False	True	False	False
55004020015	di-2	di		False	True	False	False
55004020016	Miletus-1	Miletus		False	True	False	False
55004020017	.-1	.		True	False	False	False
55004021001	Segeralah-1	Segeralah		False	True	False	False
55004021002	datang-1	datang		False	True	False	False
55004021003	sebelum-1	sebelum		False	True	False	False
55004021004	musim-1	musim		False	True	False	False
55004021005	dingin-1	dingin		False	True	False	False
55004021006	.-1	.		True	False	False	False
55004021007	Ebulus-1	Ebulus		False	True	False	False
55004021008	menyampaikan-1	menyampaikan		False	True	False	False
55004021009	salam-1	salam		False	True	False	False
55004021010	kepadamu-1	kepadamu		False	True	False	False
55004021011	,-1	,		True	False	False	False
55004021012	dan-1	dan		False	True	False	False
55004021013	Pudes-1	Pudes		False	True	False	False
55004021014	dan-2	dan		False	True	False	False
55004021015	Linus-1	Linus		False	True	False	False
55004021016	dan-3	dan		False	True	False	False
55004021017	Klaudia-1	Klaudia		False	True	False	False
55004021018	dan-4	dan		False	True	False	False
55004021019	saudara-1	saudara		False	True	False	False
55004021020	--1	-		True	False	False	False
55004021021	saudara-2	saudara		False	True	False	False
55004021022	.-2	.		True	False	False	False
55004022001	Tuhan-1	Tuhan		False	True	False	False
55004022002	[-1	[		True	False	False	False
55004022003	kiranya-1	kiranya		False	True	False	False
55004022004	}-1	}		True	False	False	False
55004022005	bersama-1	bersama		False	True	False	False
55004022006	roh-1	roh		False	True	False	False
55004022007	mu-1	mu		False	True	False	False
55004022008	.-1	.		True	False	False	False
55004022009	Anugerah-1	Anugerah		False	True	False	False
55004022010	{-1	{		True	False	False	False
55004022011	kiranya-2	kiranya		False	True	False	False
55004022012	}-2	}		True	False	False	False
55004022013	bersama-2	bersama		False	True	False	False
55004022014	kalian-1	kalian		False	True	False	False
55004022015	.-2	.		True	False	False	False
56001001001	Paulus-1	Paulus		False	True	False	False
56001001002	,-1	,		True	False	False	False
56001001003	pelayan-1	pelayan		False	True	False	False
56001001004	Allah-1	Allah		False	True	False	False
56001001005	dan-1	dan		False	True	False	False
56001001006	rasul-1	rasul		False	True	False	False
56001001007	Yesus-1	Yesus		False	True	False	False
56001001008	Kristus-1	Kristus		False	True	False	False
56001001009	,-2	,		True	False	False	False
56001001010	untuk-1	untuk		False	True	False	False
56001001011	iman-1	iman		False	True	False	False
56001001012	orang-1	orang		False	True	False	False
56001001013	pilihan-1	pilihan		False	True	False	False
56001001014	Allah-2	Allah		False	True	False	False
56001001015	dan-2	dan		False	True	False	False
56001001016	untuk-2	untuk		False	True	False	False
56001001017	pengetahuan-1	pengetahuan		False	True	False	False
56001001018	akan-1	akan		False	True	False	False
56001001019	kebenaran-1	kebenaran		False	True	False	False
56001001020	yang-1	yang		False	True	False	False
56001001021	sesuai-1	sesuai		False	True	False	False
56001001022	dengan-1	dengan		False	True	False	False
56001001023	kesalehan-1	kesalehan		False	True	False	False
56001001024	,-3	,		True	False	False	False
56001002001	dengan-1	dengan		False	True	False	False
56001002002	pengharapan-1	pengharapan		False	True	False	False
56001002003	akan-1	akan		False	True	False	False
56001002004	hidup-1	hidup		False	True	False	False
56001002005	kekal-1	kekal		False	True	False	False
56001002006	yang-1	yang		False	True	False	False
56001002007	Allah-1	Allah		False	True	False	False
56001002008	,-1	,		True	False	False	False
56001002009	yang-2	yang		False	True	False	False
56001002010	tidak-1	tidak		False	True	False	False
56001002011	berdusta-1	berdusta		False	True	False	False
56001002012	,-2	,		True	False	False	False
56001002013	telah-1	telah		False	True	False	False
56001002014	menjanjikan-1	menjanjikan		False	True	False	False
56001002015	sebelum-1	sebelum		False	True	False	False
56001002016	segala-1	segala		False	True	False	False
56001002017	jaman-1	jaman		False	True	False	False
56001002018	.-1	.		True	False	False	False
56001003001	Namun-1	Namun		False	True	False	False
56001003002	pada-1	pada		False	True	False	False
56001003003	saat-1	saat		False	True	False	False
56001003004	yang-1	yang		False	True	False	False
56001003005	tepat-1	tepat		False	True	False	False
56001003006	,-1	,		True	False	False	False
56001003007	Ia-1	Ia		False	True	False	False
56001003008	telah-1	telah		False	True	False	False
56001003009	menyatakan-1	menyatakan		False	True	False	False
56001003010	firman-1	firman		False	True	False	False
56001003011	--1	-		True	False	False	False
56001003012	Nya-1	Nya		False	True	False	False
56001003013	dengan-1	dengan		False	True	False	False
56001003014	pemberitaan-1	pemberitaan		False	True	False	False
56001003015	bahwa-1	bahwa		False	True	False	False
56001003016	aku-1	aku		False	True	False	False
56001003017	telah-2	telah		False	True	False	False
56001003018	dipercaya-1	dipercaya		False	True	False	False
56001003019	oleh-1	oleh		False	True	False	False
56001003020	perintah-1	perintah		False	True	False	False
56001003021	Allah-1	Allah		False	True	False	False
56001003022	Juruselamat-1	Juruselamat		False	True	False	False
56001003023	kita-1	kita		False	True	False	False
56001003024	.-1	.		True	False	False	False
56001004001	Kepada-1	Kepada		False	True	False	False
56001004002	Titus-1	Titus		False	True	False	False
56001004003	,-1	,		True	False	False	False
56001004004	anak-1	anak		False	True	False	False
56001004005	yang-1	yang		False	True	False	False
56001004006	sejati-1	sejati		False	True	False	False
56001004007	di-1	di		False	True	False	False
56001004008	dalam-1	dalam		False	True	False	False
56001004009	iman-1	iman		False	True	False	False
56001004010	bersama-1	bersama		False	True	False	False
56001004011	.-1	.		True	False	False	False
56001004012	Anugerah-1	Anugerah		False	True	False	False
56001004013	dan-1	dan		False	True	False	False
56001004014	damai-1	damai		False	True	False	False
56001004015	sejahtera-1	sejahtera		False	True	False	False
56001004016	dari-1	dari		False	True	False	False
56001004017	Allah-1	Allah		False	True	False	False
56001004018	Bapa-1	Bapa		False	True	False	False
56001004019	dan-2	dan		False	True	False	False
56001004020	Kristus-1	Kristus		False	True	False	False
56001004021	Yesus-1	Yesus		False	True	False	False
56001004022	Juruselamat-1	Juruselamat		False	True	False	False
56001004023	kita-1	kita		False	True	False	False
56001004024	.-2	.		True	False	False	False
56001005001	Untuk-1	Untuk		False	True	False	False
56001005002	tujuan-1	tujuan		False	True	False	False
56001005003	ini-1	ini		False	True	False	False
56001005004	aku-1	aku		False	True	False	False
56001005005	meninggalkan-1	meninggalkan		False	True	False	False
56001005006	engkau-1	engkau		False	True	False	False
56001005007	di-1	di		False	True	False	False
56001005008	Kreta-1	Kreta		False	True	False	False
56001005009	,-1	,		True	False	False	False
56001005010	agar-1	agar		False	True	False	False
56001005011	engkau-2	engkau		False	True	False	False
56001005012	mengatur-1	mengatur		False	True	False	False
56001005013	segala-1	segala		False	True	False	False
56001005014	sesuatu-1	sesuatu		False	True	False	False
56001005015	yang-1	yang		False	True	False	False
56001005016	belum-1	belum		False	True	False	False
56001005017	lengkap-1	lengkap		False	True	False	False
56001005018	dan-1	dan		False	True	False	False
56001005019	menempatkan-1	menempatkan		False	True	False	False
56001005020	penatua-1	penatua		False	True	False	False
56001005021	--1	-		True	False	False	False
56001005022	penatua-2	penatua		False	True	False	False
56001005023	di-2	di		False	True	False	False
56001005024	setiap-1	setiap		False	True	False	False
56001005025	kota-1	kota		False	True	False	False
56001005026	seperti-1	seperti		False	True	False	False
56001005027	ku-1	ku		False	True	False	False
56001005028	perintahkan-1	perintahkan		False	True	False	False
56001005029	kepadamu-1	kepadamu		False	True	False	False
56001005030	--2	-		True	False	False	False
56001006001	jika-1	jika		False	True	False	False
56001006002	seseorang-1	seseorang		False	True	False	False
56001006003	adalah-1	adalah		False	True	False	False
56001006004	tidak-1	tidak		False	True	False	False
56001006005	bersalah-1	bersalah		False	True	False	False
56001006006	,-1	,		True	False	False	False
56001006007	seorang-1	seorang		False	True	False	False
56001006008	suami-1	suami		False	True	False	False
56001006009	dari-1	dari		False	True	False	False
56001006010	satu-1	satu		False	True	False	False
56001006011	istri-1	istri		False	True	False	False
56001006012	,-2	,		True	False	False	False
56001006013	memiliki-1	memiliki		False	True	False	False
56001006014	anak-1	anak		False	True	False	False
56001006015	--1	-		True	False	False	False
56001006016	anak-2	anak		False	True	False	False
56001006017	yang-1	yang		False	True	False	False
56001006018	setia-1	setia		False	True	False	False
56001006019	,-3	,		True	False	False	False
56001006020	tidak-2	tidak		False	True	False	False
56001006021	didalam-1	didalam		False	True	False	False
56001006022	tuduhan-1	tuduhan		False	True	False	False
56001006023	melakukan-1	melakukan		False	True	False	False
56001006024	perilaku-1	perilaku		False	True	False	False
56001006025	sembrono-1	sembrono		False	True	False	False
56001006026	atau-1	atau		False	True	False	False
56001006027	pemberontakan-1	pemberontakan		False	True	False	False
56001006028	.-1	.		True	False	False	False
56001007001	Bagi-1	Bagi		False	True	False	False
56001007002	penilik-1	penilik		False	True	False	False
56001007003	haruslah-1	haruslah		False	True	False	False
56001007004	tidak-1	tidak		False	True	False	False
56001007005	bercela-1	bercela		False	True	False	False
56001007006	,-1	,		True	False	False	False
56001007007	sebagai-1	sebagai		False	True	False	False
56001007008	pengelola-1	pengelola		False	True	False	False
56001007009	dari-1	dari		False	True	False	False
56001007010	rumah-1	rumah		False	True	False	False
56001007011	tangga-1	tangga		False	True	False	False
56001007012	Allah-1	Allah		False	True	False	False
56001007013	,-2	,		True	False	False	False
56001007014	tidak-2	tidak		False	True	False	False
56001007015	arogan-1	arogan		False	True	False	False
56001007016	,-3	,		True	False	False	False
56001007017	tidak-3	tidak		False	True	False	False
56001007018	cepat-1	cepat		False	True	False	False
56001007019	marah-1	marah		False	True	False	False
56001007020	,-4	,		True	False	False	False
56001007021	tidak-4	tidak		False	True	False	False
56001007022	mabuk-1	mabuk		False	True	False	False
56001007023	,-5	,		True	False	False	False
56001007024	bukan-1	bukan		False	True	False	False
56001007025	pembuat-1	pembuat		False	True	False	False
56001007026	onar-1	onar		False	True	False	False
56001007027	,-6	,		True	False	False	False
56001007028	dan-1	dan		False	True	False	False
56001007029	bukan-2	bukan		False	True	False	False
56001007030	seorang-1	seorang		False	True	False	False
56001007031	yang-1	yang		False	True	False	False
56001007032	tamak-1	tamak		False	True	False	False
56001007033	.-1	.		True	False	False	False
56001008001	Sebaliknya-1	Sebaliknya		False	True	False	False
56001008002	,-1	,		True	False	False	False
56001008003	ia-1	ia		False	True	False	False
56001008004	harus-1	harus		False	True	False	False
56001008005	bermurah-1	bermurah		False	True	False	False
56001008006	hati-1	hati		False	True	False	False
56001008007	,-2	,		True	False	False	False
56001008008	seorang-1	seorang		False	True	False	False
56001008009	teman-1	teman		False	True	False	False
56001008010	dari-1	dari		False	True	False	False
56001008011	semua-1	semua		False	True	False	False
56001008012	yang-1	yang		False	True	False	False
56001008013	baik-1	baik		False	True	False	False
56001008014	.-1	.		True	False	False	False
56001008015	Ia-1	Ia		False	True	False	False
56001008016	harus-2	harus		False	True	False	False
56001008017	bijaksana-1	bijaksana		False	True	False	False
56001008018	,-3	,		True	False	False	False
56001008019	benar-1	benar		False	True	False	False
56001008020	,-4	,		True	False	False	False
56001008021	kudus-1	kudus		False	True	False	False
56001008022	,-5	,		True	False	False	False
56001008023	dan-1	dan		False	True	False	False
56001008024	mengendalikan-1	mengendalikan		False	True	False	False
56001008025	diri-1	diri		False	True	False	False
56001008026	.-2	.		True	False	False	False
56001009001	Ia-1	Ia		False	True	False	False
56001009002	harus-1	harus		False	True	False	False
56001009003	memegang-1	memegang		False	True	False	False
56001009004	erat-1	erat		False	True	False	False
56001009005	berita-1	berita		False	True	False	False
56001009006	yang-1	yang		False	True	False	False
56001009007	dapat-1	dapat		False	True	False	False
56001009008	dipercaya-1	dipercaya		False	True	False	False
56001009009	yang-2	yang		False	True	False	False
56001009010	sesuai-1	sesuai		False	True	False	False
56001009011	dengan-1	dengan		False	True	False	False
56001009012	pengajaran-1	pengajaran		False	True	False	False
56001009013	,-1	,		True	False	False	False
56001009014	supaya-1	supaya		False	True	False	False
56001009015	ia-1	ia		False	True	False	False
56001009016	mampu-1	mampu		False	True	False	False
56001009017	membesarkan-1	membesarkan		False	True	False	False
56001009018	hati-1	hati		False	True	False	False
56001009019	orang-1	orang		False	True	False	False
56001009020	lain-1	lain		False	True	False	False
56001009021	dengan-2	dengan		False	True	False	False
56001009022	ajaran-1	ajaran		False	True	False	False
56001009023	yang-3	yang		False	True	False	False
56001009024	sehat-1	sehat		False	True	False	False
56001009025	dan-1	dan		False	True	False	False
56001009026	juga-1	juga		False	True	False	False
56001009027	menegur-1	menegur		False	True	False	False
56001009028	mereka-1	mereka		False	True	False	False
56001009029	yang-4	yang		False	True	False	False
56001009030	menentangnya-1	menentangnya		False	True	False	False
56001009031	.-1	.		True	False	False	False
56001010001	Karena-1	Karena		False	True	False	False
56001010002	ada-1	ada		False	True	False	False
56001010003	juga-1	juga		False	True	False	False
56001010004	banyak-1	banyak		False	True	False	False
56001010005	orang-1	orang		False	True	False	False
56001010006	,-1	,		True	False	False	False
56001010007	para-1	para		False	True	False	False
56001010008	pemberontak-1	pemberontak		False	True	False	False
56001010009	,-2	,		True	False	False	False
56001010010	para-2	para		False	True	False	False
56001010011	pembual-1	pembual		False	True	False	False
56001010012	,-3	,		True	False	False	False
56001010013	dan-1	dan		False	True	False	False
56001010014	para-3	para		False	True	False	False
56001010015	penipu-1	penipu		False	True	False	False
56001010016	,-4	,		True	False	False	False
56001010017	secara-1	secara		False	True	False	False
56001010018	khusus-1	khusus		False	True	False	False
56001010019	mereka-1	mereka		False	True	False	False
56001010020	yang-1	yang		False	True	False	False
56001010021	berasal-1	berasal		False	True	False	False
56001010022	dari-1	dari		False	True	False	False
56001010023	orang-2	orang		False	True	False	False
56001010024	--1	-		True	False	False	False
56001010025	orang-3	orang		False	True	False	False
56001010026	bersunat-1	bersunat		False	True	False	False
56001010027	.-1	.		True	False	False	False
56001011001	Perlu-1	Perlu		False	True	False	False
56001011002	untuk-1	untuk		False	True	False	False
56001011003	menghentikan-1	menghentikan		False	True	False	False
56001011004	mereka-1	mereka		False	True	False	False
56001011005	.-1	.		True	False	False	False
56001011006	Mereka-1	Mereka		False	True	False	False
56001011007	mengacaukan-1	mengacaukan		False	True	False	False
56001011008	seluruh-1	seluruh		False	True	False	False
56001011009	keluarga-1	keluarga		False	True	False	False
56001011010	,-1	,		True	False	False	False
56001011011	mengajarkan-1	mengajarkan		False	True	False	False
56001011012	apa-1	apa		False	True	False	False
56001011013	yang-1	yang		False	True	False	False
56001011014	seharusnya-1	seharusnya		False	True	False	False
56001011015	tidak-1	tidak		False	True	False	False
56001011016	mereka-2	mereka		False	True	False	False
56001011017	lakukan-1	lakukan		False	True	False	False
56001011018	demi-1	demi		False	True	False	False
56001011019	keuntungan-1	keuntungan		False	True	False	False
56001011020	yang-2	yang		False	True	False	False
56001011021	memalukan-1	memalukan		False	True	False	False
56001011022	.-2	.		True	False	False	False
56001012001	Seorang-1	Seorang		False	True	False	False
56001012002	dari-1	dari		False	True	False	False
56001012003	mereka-1	mereka		False	True	False	False
56001012004	,-1	,		True	False	False	False
56001012005	dari-2	dari		False	True	False	False
56001012006	nabi-1	nabi		False	True	False	False
56001012007	--1	-		True	False	False	False
56001012008	nabi-2	nabi		False	True	False	False
56001012009	mereka-2	mereka		False	True	False	False
56001012010	sendiri-1	sendiri		False	True	False	False
56001012011	berkata-1	berkata		False	True	False	False
56001012012	,-2	,		True	False	False	False
56001012013	"-1	"		True	False	False	False
56001012014	Orang-1	Orang		False	True	False	False
56001012015	--2	-		True	False	False	False
56001012016	orang-1	orang		False	True	False	False
56001012017	Kreta-1	Kreta		False	True	False	False
56001012018	selalu-1	selalu		False	True	False	False
56001012019	adalah-1	adalah		False	True	False	False
56001012020	pembohong-1	pembohong		False	True	False	False
56001012021	--3	-		True	False	False	False
56001012022	pembohong-2	pembohong		False	True	False	False
56001012023	,-3	,		True	False	False	False
56001012024	binatang-1	binatang		False	True	False	False
56001012025	--4	-		True	False	False	False
56001012026	binatang-2	binatang		False	True	False	False
56001012027	buas-1	buas		False	True	False	False
56001012028	yang-1	yang		False	True	False	False
56001012029	jahat-1	jahat		False	True	False	False
56001012030	,-4	,		True	False	False	False
56001012031	pelahap-1	pelahap		False	True	False	False
56001012032	--5	-		True	False	False	False
56001012033	pelahap-2	pelahap		False	True	False	False
56001012034	yang-2	yang		False	True	False	False
56001012035	malas-1	malas		False	True	False	False
56001012036	.-1	.		True	False	False	False
56001012037	"-2	"		True	False	False	False
56001013001	Kesaksian-1	Kesaksian		False	True	False	False
56001013002	ini-1	ini		False	True	False	False
56001013003	adalah-1	adalah		False	True	False	False
56001013004	benar-1	benar		False	True	False	False
56001013005	.-1	.		True	False	False	False
56001013006	Oleh-1	Oleh		False	True	False	False
56001013007	karena-1	karena		False	True	False	False
56001013008	itu-1	itu		False	True	False	False
56001013009	,-1	,		True	False	False	False
56001013010	tegurlah-1	tegurlah		False	True	False	False
56001013011	mereka-1	mereka		False	True	False	False
56001013012	dengan-1	dengan		False	True	False	False
56001013013	keras-1	keras		False	True	False	False
56001013014	,-2	,		True	False	False	False
56001013015	supaya-1	supaya		False	True	False	False
56001013016	mereka-2	mereka		False	True	False	False
56001013017	sehat-1	sehat		False	True	False	False
56001013018	di-1	di		False	True	False	False
56001013019	dalam-1	dalam		False	True	False	False
56001013020	iman-1	iman		False	True	False	False
56001013021	,-3	,		True	False	False	False
56001014001	dengan-1	dengan		False	True	False	False
56001014002	tidak-1	tidak		False	True	False	False
56001014003	memberikan-1	memberikan		False	True	False	False
56001014004	perhatian-1	perhatian		False	True	False	False
56001014005	kepada-1	kepada		False	True	False	False
56001014006	mitos-1	mitos		False	True	False	False
56001014007	--1	-		True	False	False	False
56001014008	mitos-2	mitos		False	True	False	False
56001014009	Yahudi-1	Yahudi		False	True	False	False
56001014010	dan-1	dan		False	True	False	False
56001014011	kepada-2	kepada		False	True	False	False
56001014012	perintah-1	perintah		False	True	False	False
56001014013	--2	-		True	False	False	False
56001014014	perintah-2	perintah		False	True	False	False
56001014015	orang-1	orang		False	True	False	False
56001014016	--3	-		True	False	False	False
56001014017	orang-2	orang		False	True	False	False
56001014018	yang-1	yang		False	True	False	False
56001014019	berbalik-1	berbalik		False	True	False	False
56001014020	dari-1	dari		False	True	False	False
56001014021	kebenaran-1	kebenaran		False	True	False	False
56001014022	.-1	.		True	False	False	False
56001015001	Semua-1	Semua		False	True	False	False
56001015002	hal-1	hal		False	True	False	False
56001015003	murni-1	murni		False	True	False	False
56001015004	bagi-1	bagi		False	True	False	False
56001015005	orang-1	orang		False	True	False	False
56001015006	--1	-		True	False	False	False
56001015007	orang-2	orang		False	True	False	False
56001015008	yang-1	yang		False	True	False	False
56001015009	murni-2	murni		False	True	False	False
56001015010	.-1	.		True	False	False	False
56001015011	Tetapi-1	Tetapi		False	True	False	False
56001015012	bagi-2	bagi		False	True	False	False
56001015013	orang-3	orang		False	True	False	False
56001015014	--2	-		True	False	False	False
56001015015	orang-4	orang		False	True	False	False
56001015016	yang-2	yang		False	True	False	False
56001015017	telah-1	telah		False	True	False	False
56001015018	dicemarkan-1	dicemarkan		False	True	False	False
56001015019	dan-1	dan		False	True	False	False
56001015020	tidak-1	tidak		False	True	False	False
56001015021	percaya-1	percaya		False	True	False	False
56001015022	,-1	,		True	False	False	False
56001015023	tidak-2	tidak		False	True	False	False
56001015024	ada-1	ada		False	True	False	False
56001015025	yang-3	yang		False	True	False	False
56001015026	murni-3	murni		False	True	False	False
56001015027	,-2	,		True	False	False	False
56001015028	tetapi-1	tetapi		False	True	False	False
56001015029	baik-1	baik		False	True	False	False
56001015030	pikiran-1	pikiran		False	True	False	False
56001015031	dan-2	dan		False	True	False	False
56001015032	kesadaran-1	kesadaran		False	True	False	False
56001015033	mereka-1	mereka		False	True	False	False
56001015034	telah-2	telah		False	True	False	False
56001015035	dicemarkan-2	dicemarkan		False	True	False	False
56001015036	.-2	.		True	False	False	False
56001016001	Mereka-1	Mereka		False	True	False	False
56001016002	mengaku-1	mengaku		False	True	False	False
56001016003	mengenal-1	mengenal		False	True	False	False
56001016004	Allah-1	Allah		False	True	False	False
56001016005	,-1	,		True	False	False	False
56001016006	tetapi-1	tetapi		False	True	False	False
56001016007	mereka-1	mereka		False	True	False	False
56001016008	menyangkal-1	menyangkal		False	True	False	False
56001016009	dengan-1	dengan		False	True	False	False
56001016010	perbuatan-1	perbuatan		False	True	False	False
56001016011	--1	-		True	False	False	False
56001016012	perbuatan-2	perbuatan		False	True	False	False
56001016013	dengan-2	dengan		False	True	False	False
56001016014	kenajisan-1	kenajisan		False	True	False	False
56001016015	,-2	,		True	False	False	False
56001016016	dan-1	dan		False	True	False	False
56001016017	ketidak-1	ketidak		False	True	False	False
56001016018	--2	-		True	False	False	False
56001016019	taatan-1	taatan		False	True	False	False
56001016020	,-3	,		True	False	False	False
56001016021	dan-2	dan		False	True	False	False
56001016022	kesia-1	kesia		False	True	False	False
56001016023	--3	-		True	False	False	False
56001016024	siaan-1	siaan		False	True	False	False
56001016025	pada-1	pada		False	True	False	False
56001016026	setiap-1	setiap		False	True	False	False
56001016027	perbuatan-3	perbuatan		False	True	False	False
56001016028	baik-1	baik		False	True	False	False
56001016029	.-1	.		True	False	False	False
56002001001	Tetapi-1	Tetapi		False	True	False	False
56002001002	engkau-1	engkau		False	True	False	False
56002001003	,-1	,		True	False	False	False
56002001004	katakan-1	katakan		False	True	False	False
56002001005	apa-1	apa		False	True	False	False
56002001006	yang-1	yang		False	True	False	False
56002001007	sesuai-1	sesuai		False	True	False	False
56002001008	dengan-1	dengan		False	True	False	False
56002001009	ajaran-1	ajaran		False	True	False	False
56002001010	yang-2	yang		False	True	False	False
56002001011	sehat-1	sehat		False	True	False	False
56002001012	.-1	.		True	False	False	False
56002002001	Kaum-1	Kaum		False	True	False	False
56002002002	pria-1	pria		False	True	False	False
56002002003	yang-1	yang		False	True	False	False
56002002004	tua-1	tua		False	True	False	False
56002002005	harus-1	harus		False	True	False	False
56002002006	berkepala-1	berkepala		False	True	False	False
56002002007	dingin-1	dingin		False	True	False	False
56002002008	,-1	,		True	False	False	False
56002002009	terhormat-1	terhormat		False	True	False	False
56002002010	,-2	,		True	False	False	False
56002002011	bijaksana-1	bijaksana		False	True	False	False
56002002012	,-3	,		True	False	False	False
56002002013	sehat-1	sehat		False	True	False	False
56002002014	dalam-1	dalam		False	True	False	False
56002002015	iman-1	iman		False	True	False	False
56002002016	,-4	,		True	False	False	False
56002002017	dalam-2	dalam		False	True	False	False
56002002018	kasih-1	kasih		False	True	False	False
56002002019	,-5	,		True	False	False	False
56002002020	dalam-3	dalam		False	True	False	False
56002002021	ketekunan-1	ketekunan		False	True	False	False
56002002022	.-1	.		True	False	False	False
56002003001	Kaum-1	Kaum		False	True	False	False
56002003002	wanita-1	wanita		False	True	False	False
56002003003	yang-1	yang		False	True	False	False
56002003004	tua-1	tua		False	True	False	False
56002003005	dengan-1	dengan		False	True	False	False
56002003006	cara-1	cara		False	True	False	False
56002003007	yang-2	yang		False	True	False	False
56002003008	sama-1	sama		False	True	False	False
56002003009	{-1	{		True	False	False	False
56002003010	harus-1	harus		False	True	False	False
56002003011	}-1	}		True	False	False	False
56002003012	berperilaku-1	berperilaku		False	True	False	False
56002003013	saleh-1	saleh		False	True	False	False
56002003014	,-1	,		True	False	False	False
56002003015	bukan-1	bukan		False	True	False	False
56002003016	pemfitnah-1	pemfitnah		False	True	False	False
56002003017	,-2	,		True	False	False	False
56002003018	tidak-1	tidak		False	True	False	False
56002003019	diperbudak-1	diperbudak		False	True	False	False
56002003020	oleh-1	oleh		False	True	False	False
56002003021	banyak-1	banyak		False	True	False	False
56002003022	anggur-1	anggur		False	True	False	False
56002003023	,-3	,		True	False	False	False
56002003024	{-2	{		True	False	False	False
56002003025	melainkan-1	melainkan		False	True	False	False
56002003026	}-2	}		True	False	False	False
56002003027	menjadi-1	menjadi		False	True	False	False
56002003028	guru-1	guru		False	True	False	False
56002003029	--1	-		True	False	False	False
56002003030	guru-2	guru		False	True	False	False
56002003031	dari-1	dari		False	True	False	False
56002003032	apa-1	apa		False	True	False	False
56002003033	yang-3	yang		False	True	False	False
56002003034	baik-1	baik		False	True	False	False
56002003035	.-1	.		True	False	False	False
56002004001	Sehingga-1	Sehingga		False	True	False	False
56002004002	bisa-1	bisa		False	True	False	False
56002004003	melatih-1	melatih		False	True	False	False
56002004004	kaum-1	kaum		False	True	False	False
56002004005	wanita-1	wanita		False	True	False	False
56002004006	muda-1	muda		False	True	False	False
56002004007	untuk-1	untuk		False	True	False	False
56002004008	mengasihi-1	mengasihi		False	True	False	False
56002004009	suami-1	suami		False	True	False	False
56002004010	dan-1	dan		False	True	False	False
56002004011	mengasihi-2	mengasihi		False	True	False	False
56002004012	anak-1	anak		False	True	False	False
56002004013	--1	-		True	False	False	False
56002004014	anaknya-1	anaknya		False	True	False	False
56002004015	,-1	,		True	False	False	False
56002005001	menjadi-1	menjadi		False	True	False	False
56002005002	pengurus-1	pengurus		False	True	False	False
56002005003	rumah-1	rumah		False	True	False	False
56002005004	tangga-1	tangga		False	True	False	False
56002005005	yang-1	yang		False	True	False	False
56002005006	bijaksana-1	bijaksana		False	True	False	False
56002005007	,-1	,		True	False	False	False
56002005008	murni-1	murni		False	True	False	False
56002005009	,-2	,		True	False	False	False
56002005010	baik-1	baik		False	True	False	False
56002005011	,-3	,		True	False	False	False
56002005012	{-1	{		True	False	False	False
56002005013	dan-1	dan		False	True	False	False
56002005014	}-1	}		True	False	False	False
56002005015	tunduk-1	tunduk		False	True	False	False
56002005016	kepada-1	kepada		False	True	False	False
56002005017	suami-1	suami		False	True	False	False
56002005018	{-2	{		True	False	False	False
56002005019	mereka-1	mereka		False	True	False	False
56002005020	}-2	}		True	False	False	False
56002005021	sendiri-1	sendiri		False	True	False	False
56002005022	,-4	,		True	False	False	False
56002005023	agar-1	agar		False	True	False	False
56002005024	firman-1	firman		False	True	False	False
56002005025	Allah-1	Allah		False	True	False	False
56002005026	tidak-1	tidak		False	True	False	False
56002005027	dihina-1	dihina		False	True	False	False
56002005028	.-1	.		True	False	False	False
56002006001	Dengan-1	Dengan		False	True	False	False
56002006002	cara-1	cara		False	True	False	False
56002006003	yang-1	yang		False	True	False	False
56002006004	sama-1	sama		False	True	False	False
56002006005	,-1	,		True	False	False	False
56002006006	nasihatilah-1	nasihatilah		False	True	False	False
56002006007	pria-1	pria		False	True	False	False
56002006008	yang-2	yang		False	True	False	False
56002006009	lebih-1	lebih		False	True	False	False
56002006010	muda-1	muda		False	True	False	False
56002006011	untuk-1	untuk		False	True	False	False
56002006012	menjadi-1	menjadi		False	True	False	False
56002006013	bijaksana-1	bijaksana		False	True	False	False
56002006014	.-1	.		True	False	False	False
56002007001	Dalam-1	Dalam		False	True	False	False
56002007002	segala-1	segala		False	True	False	False
56002007003	hal-1	hal		False	True	False	False
56002007004	tunjukkanlah-1	tunjukkanlah		False	True	False	False
56002007005	dirimu-1	dirimu		False	True	False	False
56002007006	sebagai-1	sebagai		False	True	False	False
56002007007	teladan-1	teladan		False	True	False	False
56002007008	dari-1	dari		False	True	False	False
56002007009	pekerjaan-1	pekerjaan		False	True	False	False
56002007010	--1	-		True	False	False	False
56002007011	pekerjaan-2	pekerjaan		False	True	False	False
56002007012	baik-1	baik		False	True	False	False
56002007013	.-1	.		True	False	False	False
56002007014	Dalam-2	Dalam		False	True	False	False
56002007015	pengajaran-1	pengajaran		False	True	False	False
56002007016	,-1	,		True	False	False	False
56002007017	tunjukkan-1	tunjukkan		False	True	False	False
56002007018	integritas-1	integritas		False	True	False	False
56002007019	dan-1	dan		False	True	False	False
56002007020	harga-1	harga		False	True	False	False
56002007021	diri-1	diri		False	True	False	False
56002007022	,-2	,		True	False	False	False
56002008001	perkataan-1	perkataan		False	True	False	False
56002008002	sehat-1	sehat		False	True	False	False
56002008003	dan-1	dan		False	True	False	False
56002008004	tidak-1	tidak		False	True	False	False
56002008005	tercela-1	tercela		False	True	False	False
56002008006	,-1	,		True	False	False	False
56002008007	sehingga-1	sehingga		False	True	False	False
56002008008	siapapun-1	siapapun		False	True	False	False
56002008009	yang-1	yang		False	True	False	False
56002008010	menentang-1	menentang		False	True	False	False
56002008011	menjadi-1	menjadi		False	True	False	False
56002008012	malu-1	malu		False	True	False	False
56002008013	,-2	,		True	False	False	False
56002008014	karena-1	karena		False	True	False	False
56002008015	tidak-2	tidak		False	True	False	False
56002008016	ada-1	ada		False	True	False	False
56002008017	sesuatu-1	sesuatu		False	True	False	False
56002008018	pun-1	pun		False	True	False	False
56002008019	yang-2	yang		False	True	False	False
56002008020	buruk-1	buruk		False	True	False	False
56002008021	untuk-1	untuk		False	True	False	False
56002008022	dikatakan-1	dikatakan		False	True	False	False
56002008023	tentang-1	tentang		False	True	False	False
56002008024	kita-1	kita		False	True	False	False
56002008025	.-1	.		True	False	False	False
56002009001	Budak-1	Budak		False	True	False	False
56002009002	--1	-		True	False	False	False
56002009003	budak-1	budak		False	True	False	False
56002009004	harus-1	harus		False	True	False	False
56002009005	tunduk-1	tunduk		False	True	False	False
56002009006	kepada-1	kepada		False	True	False	False
56002009007	tuan-1	tuan		False	True	False	False
56002009008	--2	-		True	False	False	False
56002009009	tuan-2	tuan		False	True	False	False
56002009010	mereka-1	mereka		False	True	False	False
56002009011	sendiri-1	sendiri		False	True	False	False
56002009012	dalam-1	dalam		False	True	False	False
56002009013	segala-1	segala		False	True	False	False
56002009014	hal-1	hal		False	True	False	False
56002009015	,-1	,		True	False	False	False
56002009016	menjadi-1	menjadi		False	True	False	False
56002009017	berkenan-1	berkenan		False	True	False	False
56002009018	,-2	,		True	False	False	False
56002009019	tidak-1	tidak		False	True	False	False
56002009020	membantah-1	membantah		False	True	False	False
56002009021	,-3	,		True	False	False	False
56002010001	tidak-1	tidak		False	True	False	False
56002010002	mencuri-1	mencuri		False	True	False	False
56002010003	,-1	,		True	False	False	False
56002010004	tetapi-1	tetapi		False	True	False	False
56002010005	sebaliknya-1	sebaliknya		False	True	False	False
56002010006	menunjukkan-1	menunjukkan		False	True	False	False
56002010007	kesetiaan-1	kesetiaan		False	True	False	False
56002010008	yang-1	yang		False	True	False	False
56002010009	baik-1	baik		False	True	False	False
56002010010	dan-1	dan		False	True	False	False
56002010011	penuh-1	penuh		False	True	False	False
56002010012	,-2	,		True	False	False	False
56002010013	sehingga-1	sehingga		False	True	False	False
56002010014	dalam-1	dalam		False	True	False	False
56002010015	segala-1	segala		False	True	False	False
56002010016	hal-1	hal		False	True	False	False
56002010017	mereka-1	mereka		False	True	False	False
56002010018	dapat-1	dapat		False	True	False	False
56002010019	memuji-1	memuji		False	True	False	False
56002010020	pengajaran-1	pengajaran		False	True	False	False
56002010021	tentang-1	tentang		False	True	False	False
56002010022	Allah-1	Allah		False	True	False	False
56002010023	Juruselamat-1	Juruselamat		False	True	False	False
56002010024	kita-1	kita		False	True	False	False
56002010025	.-1	.		True	False	False	False
56002011001	Karena-1	Karena		False	True	False	False
56002011002	anugerah-1	anugerah		False	True	False	False
56002011003	Allah-1	Allah		False	True	False	False
56002011004	telah-1	telah		False	True	False	False
56002011005	nyata-1	nyata		False	True	False	False
56002011006	bagi-1	bagi		False	True	False	False
56002011007	keselamatan-1	keselamatan		False	True	False	False
56002011008	semua-1	semua		False	True	False	False
56002011009	orang-1	orang		False	True	False	False
56002011010	,-1	,		True	False	False	False
56002012001	yang-1	yang		False	True	False	False
56002012002	melatih-1	melatih		False	True	False	False
56002012003	kita-1	kita		False	True	False	False
56002012004	,-1	,		True	False	False	False
56002012005	supaya-1	supaya		False	True	False	False
56002012006	,-2	,		True	False	False	False
56002012007	dengan-1	dengan		False	True	False	False
56002012008	menolak-1	menolak		False	True	False	False
56002012009	kefasikan-1	kefasikan		False	True	False	False
56002012010	dan-1	dan		False	True	False	False
56002012011	keinginan-1	keinginan		False	True	False	False
56002012012	--1	-		True	False	False	False
56002012013	keinginan-2	keinginan		False	True	False	False
56002012014	duniawi-1	duniawi		False	True	False	False
56002012015	,-3	,		True	False	False	False
56002012016	kita-2	kita		False	True	False	False
56002012017	dapat-1	dapat		False	True	False	False
56002012018	hidup-1	hidup		False	True	False	False
56002012019	dengan-2	dengan		False	True	False	False
56002012020	bijak-1	bijak		False	True	False	False
56002012021	dan-2	dan		False	True	False	False
56002012022	benar-1	benar		False	True	False	False
56002012023	,-4	,		True	False	False	False
56002012024	dan-3	dan		False	True	False	False
56002012025	dengan-3	dengan		False	True	False	False
56002012026	saleh-1	saleh		False	True	False	False
56002012027	di-1	di		False	True	False	False
56002012028	zaman-1	zaman		False	True	False	False
56002012029	sekarang-1	sekarang		False	True	False	False
56002012030	,-5	,		True	False	False	False
56002013001	melihat-1	melihat		False	True	False	False
56002013002	ke-1	ke		False	True	False	False
56002013003	depan-1	depan		False	True	False	False
56002013004	pengharapan-1	pengharapan		False	True	False	False
56002013005	yang-1	yang		False	True	False	False
56002013006	memberkati-1	memberkati		False	True	False	False
56002013007	dan-1	dan		False	True	False	False
56002013008	penyataan-1	penyataan		False	True	False	False
56002013009	kemuliaan-1	kemuliaan		False	True	False	False
56002013010	Allah-1	Allah		False	True	False	False
56002013011	yang-2	yang		False	True	False	False
56002013012	besar-1	besar		False	True	False	False
56002013013	dan-2	dan		False	True	False	False
56002013014	Juruselamat-1	Juruselamat		False	True	False	False
56002013015	kita-1	kita		False	True	False	False
56002013016	,-1	,		True	False	False	False
56002013017	Yesus-1	Yesus		False	True	False	False
56002013018	Kristus-1	Kristus		False	True	False	False
56002013019	.-1	.		True	False	False	False
56002014001	Yang-1	Yang		False	True	False	False
56002014002	telah-1	telah		False	True	False	False
56002014003	memberikan-1	memberikan		False	True	False	False
56002014004	diriNya-1	diriNya		False	True	False	False
56002014005	bagi-1	bagi		False	True	False	False
56002014006	kita-1	kita		False	True	False	False
56002014007	untuk-1	untuk		False	True	False	False
56002014008	membebaskan-1	membebaskan		False	True	False	False
56002014009	kita-2	kita		False	True	False	False
56002014010	dari-1	dari		False	True	False	False
56002014011	segala-1	segala		False	True	False	False
56002014012	pelanggaran-1	pelanggaran		False	True	False	False
56002014013	dan-1	dan		False	True	False	False
56002014014	menyucikan-1	menyucikan		False	True	False	False
56002014015	,-1	,		True	False	False	False
56002014016	bagi-2	bagi		False	True	False	False
56002014017	diriNya-2	diriNya		False	True	False	False
56002014018	,-2	,		True	False	False	False
56002014019	umat-1	umat		False	True	False	False
56002014020	yang-1	yang		False	True	False	False
56002014021	terpilih-1	terpilih		False	True	False	False
56002014022	,-3	,		True	False	False	False
56002014023	bersungguh-1	bersungguh		False	True	False	False
56002014024	--1	-		True	False	False	False
56002014025	sungguh-1	sungguh		False	True	False	False
56002014026	akan-1	akan		False	True	False	False
56002014027	pekerjaan-1	pekerjaan		False	True	False	False
56002014028	--2	-		True	False	False	False
56002014029	pekerjaan-2	pekerjaan		False	True	False	False
56002014030	yang-2	yang		False	True	False	False
56002014031	baik-1	baik		False	True	False	False
56002014032	.-1	.		True	False	False	False
56002015001	Katakanlah-1	Katakanlah		False	True	False	False
56002015002	hal-1	hal		False	True	False	False
56002015003	--1	-		True	False	False	False
56002015004	hal-2	hal		False	True	False	False
56002015005	ini-1	ini		False	True	False	False
56002015006	dan-1	dan		False	True	False	False
56002015007	nasihatilah-1	nasihatilah		False	True	False	False
56002015008	.-1	.		True	False	False	False
56002015009	Dan-1	Dan		False	True	False	False
56002015010	tegurlah-1	tegurlah		False	True	False	False
56002015011	dengan-1	dengan		False	True	False	False
56002015012	segala-1	segala		False	True	False	False
56002015013	otoritas-1	otoritas		False	True	False	False
56002015014	.-2	.		True	False	False	False
56002015015	Jangan-1	Jangan		False	True	False	False
56002015016	satu-1	satu		False	True	False	False
56002015017	orang-1	orang		False	True	False	False
56002015018	pun-1	pun		False	True	False	False
56002015019	merendahkan-1	merendahkan		False	True	False	False
56002015020	engkau-1	engkau		False	True	False	False
56002015021	.-3	.		True	False	False	False
56003001001	Ingatkanlah-1	Ingatkanlah		False	True	False	False
56003001002	mereka-1	mereka		False	True	False	False
56003001003	untuk-1	untuk		False	True	False	False
56003001004	tunduk-1	tunduk		False	True	False	False
56003001005	kepada-1	kepada		False	True	False	False
56003001006	para-1	para		False	True	False	False
56003001007	penguasa-1	penguasa		False	True	False	False
56003001008	(-1	(		True	False	True	False
56003001009	dan-1	dan		False	True	False	False
56003001010	)-1	)		True	False	False	False
56003001011	pemerintah-1	pemerintah		False	True	False	False
56003001012	,-1	,		True	False	False	False
56003001013	menaati-1	menaati		False	True	False	False
56003001014	{-1	{		True	False	False	False
56003001015	mereka-2	mereka		False	True	False	False
56003001016	}-1	}		True	False	False	False
56003001017	,-2	,		True	False	False	False
56003001018	bersiap-1	bersiap		False	True	False	False
56003001019	--1	-		True	False	False	False
56003001020	sedia-1	sedia		False	True	False	False
56003001021	untuk-2	untuk		False	True	False	False
56003001022	setiap-1	setiap		False	True	False	False
56003001023	pekerjaan-1	pekerjaan		False	True	False	False
56003001024	yang-1	yang		False	True	False	False
56003001025	baik-1	baik		False	True	False	False
56003001026	,-3	,		True	False	False	False
56003002001	tidak-1	tidak		False	True	False	False
56003002002	menghina-1	menghina		False	True	False	False
56003002003	siapa-1	siapa		False	True	False	False
56003002004	pun-1	pun		False	True	False	False
56003002005	,-1	,		True	False	False	False
56003002006	menjadi-1	menjadi		False	True	False	False
56003002007	cinta-1	cinta		False	True	False	False
56003002008	damai-1	damai		False	True	False	False
56003002009	,-2	,		True	False	False	False
56003002010	lemah-1	lemah		False	True	False	False
56003002011	lembut-1	lembut		False	True	False	False
56003002012	,-3	,		True	False	False	False
56003002013	menunjukkan-1	menunjukkan		False	True	False	False
56003002014	semua-1	semua		False	True	False	False
56003002015	kerendahan-1	kerendahan		False	True	False	False
56003002016	hati-1	hati		False	True	False	False
56003002017	kepada-1	kepada		False	True	False	False
56003002018	semua-2	semua		False	True	False	False
56003002019	orang-1	orang		False	True	False	False
56003002020	.-1	.		True	False	False	False
56003003001	Karena-1	Karena		False	True	False	False
56003003002	kita-1	kita		False	True	False	False
56003003003	dulu-1	dulu		False	True	False	False
56003003004	adalah-1	adalah		False	True	False	False
56003003005	bodoh-1	bodoh		False	True	False	False
56003003006	dan-1	dan		False	True	False	False
56003003007	tidak-1	tidak		False	True	False	False
56003003008	taat-1	taat		False	True	False	False
56003003009	.-1	.		True	False	False	False
56003003010	Tersesat-1	Tersesat		False	True	False	False
56003003011	(-1	(		True	False	True	False
56003003012	dan-2	dan		False	True	False	False
56003003013	)-1	)		True	False	False	False
56003003014	diperbudak-1	diperbudak		False	True	False	False
56003003015	berbagai-1	berbagai		False	True	False	False
56003003016	nafsu-1	nafsu		False	True	False	False
56003003017	dan-3	dan		False	True	False	False
56003003018	kesenangan-1	kesenangan		False	True	False	False
56003003019	.-2	.		True	False	False	False
56003003020	Hidup-1	Hidup		False	True	False	False
56003003021	dalam-1	dalam		False	True	False	False
56003003022	kejahatan-1	kejahatan		False	True	False	False
56003003023	dan-4	dan		False	True	False	False
56003003024	iri-1	iri		False	True	False	False
56003003025	hati-1	hati		False	True	False	False
56003003026	,-1	,		True	False	False	False
56003003027	kejijikan-1	kejijikan		False	True	False	False
56003003028	dan-5	dan		False	True	False	False
56003003029	saling-1	saling		False	True	False	False
56003003030	membenci-1	membenci		False	True	False	False
56003003031	.-3	.		True	False	False	False
56003004001	Tetapi-1	Tetapi		False	True	False	False
56003004002	ketika-1	ketika		False	True	False	False
56003004003	kebaikan-1	kebaikan		False	True	False	False
56003004004	hati-1	hati		False	True	False	False
56003004005	dan-1	dan		False	True	False	False
56003004006	kasih-1	kasih		False	True	False	False
56003004007	kepada-1	kepada		False	True	False	False
56003004008	umat-1	umat		False	True	False	False
56003004009	manusia-1	manusia		False	True	False	False
56003004010	dari-1	dari		False	True	False	False
56003004011	Allah-1	Allah		False	True	False	False
56003004012	Juruselamat-1	Juruselamat		False	True	False	False
56003004013	kita-1	kita		False	True	False	False
56003004014	telah-1	telah		False	True	False	False
56003004015	dinyatakan-1	dinyatakan		False	True	False	False
56003004016	,-1	,		True	False	False	False
56003005001	itu-1	itu		False	True	False	False
56003005002	bukan-1	bukan		False	True	False	False
56003005003	karena-1	karena		False	True	False	False
56003005004	pekerjaan-1	pekerjaan		False	True	False	False
56003005005	kebenaran-1	kebenaran		False	True	False	False
56003005006	yang-1	yang		False	True	False	False
56003005007	kita-1	kita		False	True	False	False
56003005008	lakukan-1	lakukan		False	True	False	False
56003005009	,-1	,		True	False	False	False
56003005010	melainkan-1	melainkan		False	True	False	False
56003005011	oleh-1	oleh		False	True	False	False
56003005012	belas-1	belas		False	True	False	False
56003005013	kasihanNya-1	kasihanNya		False	True	False	False
56003005014	Ia-1	Ia		False	True	False	False
56003005015	menyelamatkan-1	menyelamatkan		False	True	False	False
56003005016	kita-2	kita		False	True	False	False
56003005017	,-2	,		True	False	False	False
56003005018	melalui-1	melalui		False	True	False	False
56003005019	permandian-1	permandian		False	True	False	False
56003005020	kelahiran-1	kelahiran		False	True	False	False
56003005021	baru-1	baru		False	True	False	False
56003005022	dan-1	dan		False	True	False	False
56003005023	pembaharuan-1	pembaharuan		False	True	False	False
56003005024	oleh-2	oleh		False	True	False	False
56003005025	Roh-1	Roh		False	True	False	False
56003005026	Kudus-1	Kudus		False	True	False	False
56003005027	.-1	.		True	False	False	False
56003006001	yang-1	yang		False	True	False	False
56003006002	mencurahkan-1	mencurahkan		False	True	False	False
56003006003	dengan-1	dengan		False	True	False	False
56003006004	limpah-1	limpah		False	True	False	False
56003006005	kepada-1	kepada		False	True	False	False
56003006006	kita-1	kita		False	True	False	False
56003006007	melalui-1	melalui		False	True	False	False
56003006008	Juruselamat-1	Juruselamat		False	True	False	False
56003006009	kita-2	kita		False	True	False	False
56003006010	Yesus-1	Yesus		False	True	False	False
56003006011	Kristus-1	Kristus		False	True	False	False
56003006012	,-1	,		True	False	False	False
56003007001	supaya-1	supaya		False	True	False	False
56003007002	kita-1	kita		False	True	False	False
56003007003	yang-1	yang		False	True	False	False
56003007004	dibenarkan-1	dibenarkan		False	True	False	False
56003007005	oleh-1	oleh		False	True	False	False
56003007006	anugerah-1	anugerah		False	True	False	False
56003007007	itu-1	itu		False	True	False	False
56003007008	,-1	,		True	False	False	False
56003007009	kita-2	kita		False	True	False	False
56003007010	dapat-1	dapat		False	True	False	False
56003007011	menjadi-1	menjadi		False	True	False	False
56003007012	ahli-1	ahli		False	True	False	False
56003007013	waris-1	waris		False	True	False	False
56003007014	menurut-1	menurut		False	True	False	False
56003007015	pengharapan-1	pengharapan		False	True	False	False
56003007016	yang-2	yang		False	True	False	False
56003007017	pasti-1	pasti		False	True	False	False
56003007018	akan-1	akan		False	True	False	False
56003007019	kehidupan-1	kehidupan		False	True	False	False
56003007020	kekal-1	kekal		False	True	False	False
56003007021	.-1	.		True	False	False	False
56003008001	Berita-1	Berita		False	True	False	False
56003008002	ini-1	ini		False	True	False	False
56003008003	dapat-1	dapat		False	True	False	False
56003008004	dipercaya-1	dipercaya		False	True	False	False
56003008005	,-1	,		True	False	False	False
56003008006	dan-1	dan		False	True	False	False
56003008007	tentang-1	tentang		False	True	False	False
56003008008	hal-1	hal		False	True	False	False
56003008009	itu-1	itu		False	True	False	False
56003008010	.-1	.		True	False	False	False
56003008011	Aku-1	Aku		False	True	False	False
56003008012	ingin-1	ingin		False	True	False	False
56003008013	engkau-1	engkau		False	True	False	False
56003008014	menegaskannya-1	menegaskannya		False	True	False	False
56003008015	,-2	,		True	False	False	False
56003008016	supaya-1	supaya		False	True	False	False
56003008017	mereka-1	mereka		False	True	False	False
56003008018	yang-1	yang		False	True	False	False
56003008019	percaya-1	percaya		False	True	False	False
56003008020	kepada-1	kepada		False	True	False	False
56003008021	Allah-1	Allah		False	True	False	False
56003008022	berhati-1	berhati		False	True	False	False
56003008023	--1	-		True	False	False	False
56003008024	hati-1	hati		False	True	False	False
56003008025	dalam-1	dalam		False	True	False	False
56003008026	melakukan-1	melakukan		False	True	False	False
56003008027	perbuatan-1	perbuatan		False	True	False	False
56003008028	--2	-		True	False	False	False
56003008029	perbuatan-2	perbuatan		False	True	False	False
56003008030	yang-2	yang		False	True	False	False
56003008031	baik-1	baik		False	True	False	False
56003008032	.-2	.		True	False	False	False
56003008033	Semua-1	Semua		False	True	False	False
56003008034	ini-2	ini		False	True	False	False
56003008035	adalah-1	adalah		False	True	False	False
56003008036	baik-2	baik		False	True	False	False
56003008037	dan-2	dan		False	True	False	False
56003008038	berguna-1	berguna		False	True	False	False
56003008039	bagi-1	bagi		False	True	False	False
56003008040	manusia-1	manusia		False	True	False	False
56003008041	.-3	.		True	False	False	False
56003009001	Tetapi-1	Tetapi		False	True	False	False
56003009002	hindarilah-1	hindarilah		False	True	False	False
56003009003	perdebatan-1	perdebatan		False	True	False	False
56003009004	--1	-		True	False	False	False
56003009005	perdebatan-2	perdebatan		False	True	False	False
56003009006	yang-1	yang		False	True	False	False
56003009007	bodoh-1	bodoh		False	True	False	False
56003009008	dan-1	dan		False	True	False	False
56003009009	silsilah-1	silsilah		False	True	False	False
56003009010	--2	-		True	False	False	False
56003009011	silsilah-2	silsilah		False	True	False	False
56003009012	serta-1	serta		False	True	False	False
56003009013	perselisihan-1	perselisihan		False	True	False	False
56003009014	dan-2	dan		False	True	False	False
56003009015	pertentangan-1	pertentangan		False	True	False	False
56003009016	mengenai-1	mengenai		False	True	False	False
56003009017	hukum-1	hukum		False	True	False	False
56003009018	karena-1	karena		False	True	False	False
56003009019	semuanya-1	semuanya		False	True	False	False
56003009020	itu-1	itu		False	True	False	False
56003009021	tidak-1	tidak		False	True	False	False
56003009022	berharga-1	berharga		False	True	False	False
56003009023	dan-3	dan		False	True	False	False
56003009024	tidak-2	tidak		False	True	False	False
56003009025	menguntungkan-1	menguntungkan		False	True	False	False
56003009026	.-1	.		True	False	False	False
56003010001	Tolaklah-1	Tolaklah		False	True	False	False
56003010002	setiap-1	setiap		False	True	False	False
56003010003	orang-1	orang		False	True	False	False
56003010004	yang-1	yang		False	True	False	False
56003010005	menyebabkan-1	menyebabkan		False	True	False	False
56003010006	perpecahan-1	perpecahan		False	True	False	False
56003010007	setelah-1	setelah		False	True	False	False
56003010008	satu-1	satu		False	True	False	False
56003010009	atau-1	atau		False	True	False	False
56003010010	dua-1	dua		False	True	False	False
56003010011	kali-1	kali		False	True	False	False
56003010012	peringatan-1	peringatan		False	True	False	False
56003010013	,-1	,		True	False	False	False
56003011001	karena-1	karena		False	True	False	False
56003011002	engkau-1	engkau		False	True	False	False
56003011003	tahu-1	tahu		False	True	False	False
56003011004	bahwa-1	bahwa		False	True	False	False
56003011005	orang-1	orang		False	True	False	False
56003011006	seperti-1	seperti		False	True	False	False
56003011007	itu-1	itu		False	True	False	False
56003011008	telah-1	telah		False	True	False	False
56003011009	berpaling-1	berpaling		False	True	False	False
56003011010	dari-1	dari		False	True	False	False
56003011011	jalan-1	jalan		False	True	False	False
56003011012	yang-1	yang		False	True	False	False
56003011013	benar-1	benar		False	True	False	False
56003011014	dan-1	dan		False	True	False	False
56003011015	melakukan-1	melakukan		False	True	False	False
56003011016	dosa-1	dosa		False	True	False	False
56003011017	,-1	,		True	False	False	False
56003011018	serta-1	serta		False	True	False	False
56003011019	menghukum-1	menghukum		False	True	False	False
56003011020	diri-1	diri		False	True	False	False
56003011021	sendiri-1	sendiri		False	True	False	False
56003011022	.-1	.		True	False	False	False
56003012001	Setelah-1	Setelah		False	True	False	False
56003012002	aku-1	aku		False	True	False	False
56003012003	mengutus-1	mengutus		False	True	False	False
56003012004	Artemas-1	Artemas		False	True	False	False
56003012005	atau-1	atau		False	True	False	False
56003012006	Tikhikus-1	Tikhikus		False	True	False	False
56003012007	kepadamu-1	kepadamu		False	True	False	False
56003012008	,-1	,		True	False	False	False
56003012009	segeralah-1	segeralah		False	True	False	False
56003012010	datang-1	datang		False	True	False	False
56003012011	kepadaku-1	kepadaku		False	True	False	False
56003012012	di-1	di		False	True	False	False
56003012013	Nikopolis-1	Nikopolis		False	True	False	False
56003012014	,-2	,		True	False	False	False
56003012015	karena-1	karena		False	True	False	False
56003012016	aku-2	aku		False	True	False	False
56003012017	telah-1	telah		False	True	False	False
56003012018	memutuskan-1	memutuskan		False	True	False	False
56003012019	untuk-1	untuk		False	True	False	False
56003012020	tinggal-1	tinggal		False	True	False	False
56003012021	di-2	di		False	True	False	False
56003012022	sana-1	sana		False	True	False	False
56003012023	selama-1	selama		False	True	False	False
56003012024	musim-1	musim		False	True	False	False
56003012025	dingin-1	dingin		False	True	False	False
56003012026	.-1	.		True	False	False	False
56003013001	Zenas-1	Zenas		False	True	False	False
56003013002	,-1	,		True	False	False	False
56003013003	ahli-1	ahli		False	True	False	False
56003013004	hukum-1	hukum		False	True	False	False
56003013005	,-2	,		True	False	False	False
56003013006	dan-1	dan		False	True	False	False
56003013007	Apolos-1	Apolos		False	True	False	False
56003013008	,-3	,		True	False	False	False
56003013009	bantulah-1	bantulah		False	True	False	False
56003013010	dengan-1	dengan		False	True	False	False
56003013011	seksama-1	seksama		False	True	False	False
56003013012	supaya-1	supaya		False	True	False	False
56003013013	tidak-1	tidak		False	True	False	False
56003013014	ada-1	ada		False	True	False	False
56003013015	yang-1	yang		False	True	False	False
56003013016	kurang-1	kurang		False	True	False	False
56003013017	dengan-2	dengan		False	True	False	False
56003013018	mereka-1	mereka		False	True	False	False
56003013019	.-1	.		True	False	False	False
56003014001	Dan-1	Dan		False	True	False	False
56003014002	kita-1	kita		False	True	False	False
56003014003	juga-1	juga		False	True	False	False
56003014004	harus-1	harus		False	True	False	False
56003014005	belajar-1	belajar		False	True	False	False
56003014006	untuk-1	untuk		False	True	False	False
56003014007	terlibat-1	terlibat		False	True	False	False
56003014008	dalam-1	dalam		False	True	False	False
56003014009	pekerjaan-1	pekerjaan		False	True	False	False
56003014010	--1	-		True	False	False	False
56003014011	pekerjaan-2	pekerjaan		False	True	False	False
56003014012	baik-1	baik		False	True	False	False
56003014013	untuk-2	untuk		False	True	False	False
56003014014	kebutuhan-1	kebutuhan		False	True	False	False
56003014015	--2	-		True	False	False	False
56003014016	kebutuhan-2	kebutuhan		False	True	False	False
56003014017	utama-1	utama		False	True	False	False
56003014018	,-1	,		True	False	False	False
56003014019	supaya-1	supaya		False	True	False	False
56003014020	jangan-1	jangan		False	True	False	False
56003014021	mereka-1	mereka		False	True	False	False
56003014022	tidak-1	tidak		False	True	False	False
56003014023	berbuah-1	berbuah		False	True	False	False
56003014024	.-1	.		True	False	False	False
56003015001	Semua-1	Semua		False	True	False	False
56003015002	orang-1	orang		False	True	False	False
56003015003	yang-1	yang		False	True	False	False
56003015004	bersamaku-1	bersamaku		False	True	False	False
56003015005	menyampaikan-1	menyampaikan		False	True	False	False
56003015006	salam-1	salam		False	True	False	False
56003015007	kepadamu-1	kepadamu		False	True	False	False
56003015008	.-1	.		True	False	False	False
56003015009	Salam-1	Salam		False	True	False	False
56003015010	kepada-1	kepada		False	True	False	False
56003015011	orang-2	orang		False	True	False	False
56003015012	--1	-		True	False	False	False
56003015013	orang-3	orang		False	True	False	False
56003015014	yang-2	yang		False	True	False	False
56003015015	mengasihi-1	mengasihi		False	True	False	False
56003015016	kita-1	kita		False	True	False	False
56003015017	di-1	di		False	True	False	False
56003015018	dalam-1	dalam		False	True	False	False
56003015019	iman-1	iman		False	True	False	False
56003015020	.-2	.		True	False	False	False
56003015021	Anugerah-1	Anugerah		False	True	False	False
56003015022	bersama-1	bersama		False	True	False	False
56003015023	kamu-1	kamu		False	True	False	False
56003015024	sekalian-1	sekalian		False	True	False	False
56003015025	.-3	.		True	False	False	False
57001001001	Dari-1	Dari		False	True	False	False
57001001002	Paulus-1	Paulus		False	True	False	False
57001001003	,-1	,		True	False	False	False
57001001004	seorang-1	seorang		False	True	False	False
57001001005	tawanan-1	tawanan		False	True	False	False
57001001006	karena-1	karena		False	True	False	False
57001001007	Kristus-1	Kristus		False	True	False	False
57001001008	Yesus-1	Yesus		False	True	False	False
57001001009	dan-1	dan		False	True	False	False
57001001010	dari-1	dari		False	True	False	False
57001001011	Timotius-1	Timotius		False	True	False	False
57001001012	saudara-1	saudara		False	True	False	False
57001001013	{-1	{		True	False	False	False
57001001014	kita-1	kita		False	True	False	False
57001001015	}-1	}		True	False	False	False
57001001016	,-2	,		True	False	False	False
57001001017	kepada-1	kepada		False	True	False	False
57001001018	Filemon-1	Filemon		False	True	False	False
57001001019	yang-1	yang		False	True	False	False
57001001020	kekasih-1	kekasih		False	True	False	False
57001001021	dan-2	dan		False	True	False	False
57001001022	rekan-1	rekan		False	True	False	False
57001001023	sekerja-1	sekerja		False	True	False	False
57001001024	kami-1	kami		False	True	False	False
57001002001	dan-1	dan		False	True	False	False
57001002002	kepada-1	kepada		False	True	False	False
57001002003	Apfia-1	Apfia		False	True	False	False
57001002004	saudari-1	saudari		False	True	False	False
57001002005	{-1	{		True	False	False	False
57001002006	kita-1	kita		False	True	False	False
57001002007	}-1	}		True	False	False	False
57001002008	dan-2	dan		False	True	False	False
57001002009	kepada-2	kepada		False	True	False	False
57001002010	Arkhipus-1	Arkhipus		False	True	False	False
57001002011	,-1	,		True	False	False	False
57001002012	rekan-1	rekan		False	True	False	False
57001002013	seperjuangan-1	seperjuangan		False	True	False	False
57001002014	kita-2	kita		False	True	False	False
57001002015	dan-3	dan		False	True	False	False
57001002016	kepada-3	kepada		False	True	False	False
57001002017	jemaat-1	jemaat		False	True	False	False
57001002018	di-1	di		False	True	False	False
57001002019	rumah-1	rumah		False	True	False	False
57001002020	mu-1	mu		False	True	False	False
57001002021	:-1	:		True	False	False	False
57001003001	Anugerah-1	Anugerah		False	True	False	False
57001003002	dan-1	dan		False	True	False	False
57001003003	damai-1	damai		False	True	False	False
57001003004	dari-1	dari		False	True	False	False
57001003005	Allah-1	Allah		False	True	False	False
57001003006	Bapa-1	Bapa		False	True	False	False
57001003007	kita-1	kita		False	True	False	False
57001003008	dan-2	dan		False	True	False	False
57001003009	dari-2	dari		False	True	False	False
57001003010	Tuhan-1	Tuhan		False	True	False	False
57001003011	kita-2	kita		False	True	False	False
57001003012	Yesus-1	Yesus		False	True	False	False
57001003013	Kristus-1	Kristus		False	True	False	False
57001003014	bagimu-1	bagimu		False	True	False	False
57001003015	.-1	.		True	False	False	False
57001004001	Aku-1	Aku		False	True	False	False
57001004002	selalu-1	selalu		False	True	False	False
57001004003	berterima-1	berterima		False	True	False	False
57001004004	kasih-1	kasih		False	True	False	False
57001004005	kepada-1	kepada		False	True	False	False
57001004006	Allah-1	Allah		False	True	False	False
57001004007	ku-1	ku		False	True	False	False
57001004008	,-1	,		True	False	False	False
57001004009	ketika-1	ketika		False	True	False	False
57001004010	mengingat-1	mengingat		False	True	False	False
57001004011	engkau-1	engkau		False	True	False	False
57001004012	dalam-1	dalam		False	True	False	False
57001004013	doa-1	doa		False	True	False	False
57001004014	--1	-		True	False	False	False
57001004015	doa-2	doa		False	True	False	False
57001004016	ku-2	ku		False	True	False	False
57001004017	,-2	,		True	False	False	False
57001005001	ketika-1	ketika		False	True	False	False
57001005002	mendengar-1	mendengar		False	True	False	False
57001005003	tentang-1	tentang		False	True	False	False
57001005004	kasih-1	kasih		False	True	False	False
57001005005	mu-1	mu		False	True	False	False
57001005006	dan-1	dan		False	True	False	False
57001005007	iman-1	iman		False	True	False	False
57001005008	yang-1	yang		False	True	False	False
57001005009	engkau-1	engkau		False	True	False	False
57001005010	miliki-1	miliki		False	True	False	False
57001005011	kepada-1	kepada		False	True	False	False
57001005012	Tuhan-1	Tuhan		False	True	False	False
57001005013	Yesus-1	Yesus		False	True	False	False
57001005014	dan-2	dan		False	True	False	False
57001005015	bagi-1	bagi		False	True	False	False
57001005016	semua-1	semua		False	True	False	False
57001005017	orang-1	orang		False	True	False	False
57001005018	kudus-1	kudus		False	True	False	False
57001005019	,-1	,		True	False	False	False
57001006001	supaya-1	supaya		False	True	False	False
57001006002	persekutuan-1	persekutuan		False	True	False	False
57001006003	iman-1	iman		False	True	False	False
57001006004	mu-1	mu		False	True	False	False
57001006005	kiranya-1	kiranya		False	True	False	False
57001006006	menjadi-1	menjadi		False	True	False	False
57001006007	berhasil-1	berhasil		False	True	False	False
57001006008	melalui-1	melalui		False	True	False	False
57001006009	pengetahuan-1	pengetahuan		False	True	False	False
57001006010	tentang-1	tentang		False	True	False	False
57001006011	semua-1	semua		False	True	False	False
57001006012	hal-1	hal		False	True	False	False
57001006013	yang-1	yang		False	True	False	False
57001006014	baik-1	baik		False	True	False	False
57001006015	{-1	{		True	False	False	False
57001006016	yang-2	yang		False	True	False	False
57001006017	ada-1	ada		False	True	False	False
57001006018	}-1	}		True	False	False	False
57001006019	di-1	di		False	True	False	False
57001006020	antara-1	antara		False	True	False	False
57001006021	kita-1	kita		False	True	False	False
57001006022	untuk-1	untuk		False	True	False	False
57001006023	Kristus-1	Kristus		False	True	False	False
57001006024	.-1	.		True	False	False	False
57001007001	Sebab-1	Sebab		False	True	False	False
57001007002	aku-1	aku		False	True	False	False
57001007003	telah-1	telah		False	True	False	False
57001007004	memiliki-1	memiliki		False	True	False	False
57001007005	sukacita-1	sukacita		False	True	False	False
57001007006	dan-1	dan		False	True	False	False
57001007007	penghiburan-1	penghiburan		False	True	False	False
57001007008	yang-1	yang		False	True	False	False
57001007009	besar-1	besar		False	True	False	False
57001007010	karena-1	karena		False	True	False	False
57001007011	kasih-1	kasih		False	True	False	False
57001007012	mu-1	mu		False	True	False	False
57001007013	,-1	,		True	False	False	False
57001007014	sebab-1	sebab		False	True	False	False
57001007015	batin-1	batin		False	True	False	False
57001007016	dari-1	dari		False	True	False	False
57001007017	orang-1	orang		False	True	False	False
57001007018	--1	-		True	False	False	False
57001007019	orang-2	orang		False	True	False	False
57001007020	kudus-1	kudus		False	True	False	False
57001007021	telah-2	telah		False	True	False	False
57001007022	disegarkan-1	disegarkan		False	True	False	False
57001007023	oleh-1	oleh		False	True	False	False
57001007024	mu-2	mu		False	True	False	False
57001007025	,-2	,		True	False	False	False
57001007026	saudaraku-1	saudaraku		False	True	False	False
57001007027	.-1	.		True	False	False	False
57001008001	Karena-1	Karena		False	True	False	False
57001008002	itu-1	itu		False	True	False	False
57001008003	,-1	,		True	False	False	False
57001008004	sekalipun-1	sekalipun		False	True	False	False
57001008005	dalam-1	dalam		False	True	False	False
57001008006	Kristus-1	Kristus		False	True	False	False
57001008007	aku-1	aku		False	True	False	False
57001008008	mempunyai-1	mempunyai		False	True	False	False
57001008009	kebebasan-1	kebebasan		False	True	False	False
57001008010	penuh-1	penuh		False	True	False	False
57001008011	untuk-1	untuk		False	True	False	False
57001008012	memerintahkan-1	memerintahkan		False	True	False	False
57001008013	engkau-1	engkau		False	True	False	False
57001008014	{-1	{		True	False	False	False
57001008015	apa-1	apa		False	True	False	False
57001008016	yang-1	yang		False	True	False	False
57001008017	}-1	}		True	False	False	False
57001008018	sepatutnya-1	sepatutnya		False	True	False	False
57001008019	{-2	{		True	False	False	False
57001008020	dilakukan-1	dilakukan		False	True	False	False
57001008021	}-2	}		True	False	False	False
57001008022	,-2	,		True	False	False	False
57001009001	tetapi-1	tetapi		False	True	False	False
57001009002	oleh-1	oleh		False	True	False	False
57001009003	karena-1	karena		False	True	False	False
57001009004	kasih-1	kasih		False	True	False	False
57001009005	,-1	,		True	False	False	False
57001009006	lebih-1	lebih		False	True	False	False
57001009007	baik-1	baik		False	True	False	False
57001009008	aku-1	aku		False	True	False	False
57001009009	meminta-1	meminta		False	True	False	False
57001009010	kepadamu-1	kepadamu		False	True	False	False
57001009011	—-1	—		True	False	False	False
57001009012	aku-2	aku		False	True	False	False
57001009013	,-2	,		True	False	False	False
57001009014	sebagai-1	sebagai		False	True	False	False
57001009015	Paulus-1	Paulus		False	True	False	False
57001009016	yang-1	yang		False	True	False	False
57001009017	sudah-1	sudah		False	True	False	False
57001009018	tua-1	tua		False	True	False	False
57001009019	,-3	,		True	False	False	False
57001009020	dan-1	dan		False	True	False	False
57001009021	sekarang-1	sekarang		False	True	False	False
57001009022	juga-1	juga		False	True	False	False
57001009023	menjadi-1	menjadi		False	True	False	False
57001009024	seorang-1	seorang		False	True	False	False
57001009025	tawanan-1	tawanan		False	True	False	False
57001009026	karena-2	karena		False	True	False	False
57001009027	Kristus-1	Kristus		False	True	False	False
57001009028	Yesus-1	Yesus		False	True	False	False
57001009029	,-4	,		True	False	False	False
57001010001	Aku-1	Aku		False	True	False	False
57001010002	memohon-1	memohon		False	True	False	False
57001010003	kepada-1	kepada		False	True	False	False
57001010004	mu-1	mu		False	True	False	False
57001010005	atas-1	atas		False	True	False	False
57001010006	nama-1	nama		False	True	False	False
57001010007	anakku-1	anakku		False	True	False	False
57001010008	Onesimus-1	Onesimus		False	True	False	False
57001010009	,-1	,		True	False	False	False
57001010010	yang-1	yang		False	True	False	False
57001010011	telah-1	telah		False	True	False	False
57001010012	kuperanakkan-1	kuperanakkan		False	True	False	False
57001010013	dalam-1	dalam		False	True	False	False
57001010014	pemenjaraanku-1	pemenjaraanku		False	True	False	False
57001010015	.-1	.		True	False	False	False
57001011001	seorang-1	seorang		False	True	False	False
57001011002	yang-1	yang		False	True	False	False
57001011003	sebelumnya-1	sebelumnya		False	True	False	False
57001011004	tidak-1	tidak		False	True	False	False
57001011005	berguna-1	berguna		False	True	False	False
57001011006	bagimu-1	bagimu		False	True	False	False
57001011007	,-1	,		True	False	False	False
57001011008	tetapi-1	tetapi		False	True	False	False
57001011009	sekarang-1	sekarang		False	True	False	False
57001011010	berguna-2	berguna		False	True	False	False
57001011011	baik-1	baik		False	True	False	False
57001011012	bagimu-2	bagimu		False	True	False	False
57001011013	maupun-1	maupun		False	True	False	False
57001011014	bagiku-1	bagiku		False	True	False	False
57001011015	.-1	.		True	False	False	False
57001012001	yang-1	yang		False	True	False	False
57001012002	telah-1	telah		False	True	False	False
57001012003	kuutus-1	kuutus		False	True	False	False
57001012004	kembali-1	kembali		False	True	False	False
57001012005	kepadamu-1	kepadamu		False	True	False	False
57001012006	---1	--		True	False	False	False
57001012007	dia-1	dia		False	True	False	False
57001012008	,-1	,		True	False	False	False
57001012009	yang-2	yang		False	True	False	False
57001012010	adalah-1	adalah		False	True	False	False
57001012011	buah-1	buah		False	True	False	False
57001012012	hatiku-1	hatiku		False	True	False	False
57001012013	---2	--		True	False	False	False
57001012014	.-1	.		True	False	False	False
57001013001	yang-1	yang		False	True	False	False
57001013002	aku-1	aku		False	True	False	False
57001013003	kehendaki-1	kehendaki		False	True	False	False
57001013004	untuk-1	untuk		False	True	False	False
57001013005	tetap-1	tetap		False	True	False	False
57001013006	bersamaku-1	bersamaku		False	True	False	False
57001013007	,-1	,		True	False	False	False
57001013008	supaya-1	supaya		False	True	False	False
57001013009	ia-1	ia		False	True	False	False
57001013010	dapat-1	dapat		False	True	False	False
57001013011	melayani-1	melayani		False	True	False	False
57001013012	aku-2	aku		False	True	False	False
57001013013	atas-1	atas		False	True	False	False
57001013014	namamu-1	namamu		False	True	False	False
57001013015	dalam-1	dalam		False	True	False	False
57001013016	belenggu-1	belenggu		False	True	False	False
57001013017	karena-1	karena		False	True	False	False
57001013018	Injil-1	Injil		False	True	False	False
57001013019	.-1	.		True	False	False	False
57001014001	Tetapi-1	Tetapi		False	True	False	False
57001014002	aku-1	aku		False	True	False	False
57001014003	tidak-1	tidak		False	True	False	False
57001014004	ingin-1	ingin		False	True	False	False
57001014005	melakukan-1	melakukan		False	True	False	False
57001014006	apa-1	apa		False	True	False	False
57001014007	pun-1	pun		False	True	False	False
57001014008	tanpa-1	tanpa		False	True	False	False
57001014009	persetujuan-1	persetujuan		False	True	False	False
57001014010	mu-1	mu		False	True	False	False
57001014011	,-1	,		True	False	False	False
57001014012	agar-1	agar		False	True	False	False
57001014013	{-1	{		True	False	False	False
57001014014	perbuatan-1	perbuatan		False	True	False	False
57001014015	}-1	}		True	False	False	False
57001014016	mu-2	mu		False	True	False	False
57001014017	yang-1	yang		False	True	False	False
57001014018	baik-1	baik		False	True	False	False
57001014019	tidak-2	tidak		False	True	False	False
57001014020	dilakukan-1	dilakukan		False	True	False	False
57001014021	karena-1	karena		False	True	False	False
57001014022	paksaan-1	paksaan		False	True	False	False
57001014023	,-2	,		True	False	False	False
57001014024	melainkan-1	melainkan		False	True	False	False
57001014025	karena-2	karena		False	True	False	False
57001014026	niat-1	niat		False	True	False	False
57001014027	baik-2	baik		False	True	False	False
57001014028	.-1	.		True	False	False	False
57001015001	Sebab-1	Sebab		False	True	False	False
57001015002	mungkin-1	mungkin		False	True	False	False
57001015003	karena-1	karena		False	True	False	False
57001015004	inilah-1	inilah		False	True	False	False
57001015005	dia-1	dia		False	True	False	False
57001015006	telah-1	telah		False	True	False	False
57001015007	dipisahkan-1	dipisahkan		False	True	False	False
57001015008	dari-1	dari		False	True	False	False
57001015009	{-1	{		True	False	False	False
57001015010	engkau-1	engkau		False	True	False	False
57001015011	}-1	}		True	False	False	False
57001015012	untuk-1	untuk		False	True	False	False
57001015013	sesaat-1	sesaat		False	True	False	False
57001015014	,-1	,		True	False	False	False
57001015015	agar-1	agar		False	True	False	False
57001015016	engkau-2	engkau		False	True	False	False
57001015017	dapat-1	dapat		False	True	False	False
57001015018	memperoleh-1	memperoleh		False	True	False	False
57001015019	dia-2	dia		False	True	False	False
57001015020	kembali-1	kembali		False	True	False	False
57001015021	untuk-2	untuk		False	True	False	False
57001015022	selama-1	selama		False	True	False	False
57001015023	--1	-		True	False	False	False
57001015024	lamanya-1	lamanya		False	True	False	False
57001015025	,-2	,		True	False	False	False
57001016001	bukan-1	bukan		False	True	False	False
57001016002	lagi-1	lagi		False	True	False	False
57001016003	sebagai-1	sebagai		False	True	False	False
57001016004	seorang-1	seorang		False	True	False	False
57001016005	budak-1	budak		False	True	False	False
57001016006	,-1	,		True	False	False	False
57001016007	tetapi-1	tetapi		False	True	False	False
57001016008	lebih-1	lebih		False	True	False	False
57001016009	baik-1	baik		False	True	False	False
57001016010	dari-1	dari		False	True	False	False
57001016011	seorang-2	seorang		False	True	False	False
57001016012	budak-2	budak		False	True	False	False
57001016013	—-1	—		True	False	False	False
57001016014	seorang-3	seorang		False	True	False	False
57001016015	saudara-1	saudara		False	True	False	False
57001016016	yang-1	yang		False	True	False	False
57001016017	terkasih-1	terkasih		False	True	False	False
57001016018	,-2	,		True	False	False	False
57001016019	khususnya-1	khususnya		False	True	False	False
57001016020	bagiku-1	bagiku		False	True	False	False
57001016021	,-3	,		True	False	False	False
57001016022	tetapi-2	tetapi		False	True	False	False
57001016023	terlebih-1	terlebih		False	True	False	False
57001016024	lagi-2	lagi		False	True	False	False
57001016025	bagimu-1	bagimu		False	True	False	False
57001016026	,-4	,		True	False	False	False
57001016027	baik-2	baik		False	True	False	False
57001016028	secara-1	secara		False	True	False	False
57001016029	manusia-1	manusia		False	True	False	False
57001016030	maupun-1	maupun		False	True	False	False
57001016031	dalam-1	dalam		False	True	False	False
57001016032	Tuhan-1	Tuhan		False	True	False	False
57001016033	.-1	.		True	False	False	False
57001017001	Karena-1	Karena		False	True	False	False
57001017002	itu-1	itu		False	True	False	False
57001017003	,-1	,		True	False	False	False
57001017004	jika-1	jika		False	True	False	False
57001017005	engkau-1	engkau		False	True	False	False
57001017006	memiliki-1	memiliki		False	True	False	False
57001017007	aku-1	aku		False	True	False	False
57001017008	{-1	{		True	False	False	False
57001017009	sebagai-1	sebagai		False	True	False	False
57001017010	}-1	}		True	False	False	False
57001017011	seorang-1	seorang		False	True	False	False
57001017012	sahabat-1	sahabat		False	True	False	False
57001017013	,-2	,		True	False	False	False
57001017014	terimalah-1	terimalah		False	True	False	False
57001017015	dia-1	dia		False	True	False	False
57001017016	sebagai-2	sebagai		False	True	False	False
57001017017	aku-2	aku		False	True	False	False
57001017018	sendiri-1	sendiri		False	True	False	False
57001017019	.-1	.		True	False	False	False
57001018001	Tetapi-1	Tetapi		False	True	False	False
57001018002	jika-1	jika		False	True	False	False
57001018003	dia-1	dia		False	True	False	False
57001018004	telah-1	telah		False	True	False	False
57001018005	berbuat-1	berbuat		False	True	False	False
57001018006	salah-1	salah		False	True	False	False
57001018007	kepadamu-1	kepadamu		False	True	False	False
57001018008	atau-1	atau		False	True	False	False
57001018009	berhutang-1	berhutang		False	True	False	False
57001018010	apa-1	apa		False	True	False	False
57001018011	pun-1	pun		False	True	False	False
57001018012	{-1	{		True	False	False	False
57001018013	padamu-1	padamu		False	True	False	False
57001018014	}-1	}		True	False	False	False
57001018015	,-1	,		True	False	False	False
57001018016	tanggungkanlah-1	tanggungkanlah		False	True	False	False
57001018017	itu-1	itu		False	True	False	False
57001018018	padaku-1	padaku		False	True	False	False
57001018019	.-1	.		True	False	False	False
57001019001	Aku-1	Aku		False	True	False	False
57001019002	,-1	,		True	False	False	False
57001019003	Paulus-1	Paulus		False	True	False	False
57001019004	,-2	,		True	False	False	False
57001019005	telah-1	telah		False	True	False	False
57001019006	menulis-1	menulis		False	True	False	False
57001019007	ini-1	ini		False	True	False	False
57001019008	dengan-1	dengan		False	True	False	False
57001019009	tangan-1	tangan		False	True	False	False
57001019010	ku-1	ku		False	True	False	False
57001019011	sendiri-1	sendiri		False	True	False	False
57001019012	.-1	.		True	False	False	False
57001019013	Aku-2	Aku		False	True	False	False
57001019014	sendiri-2	sendiri		False	True	False	False
57001019015	akan-1	akan		False	True	False	False
57001019016	membayarnya-1	membayarnya		False	True	False	False
57001019017	kembali-1	kembali		False	True	False	False
57001019018	—-1	—		True	False	False	False
57001019019	agar-1	agar		False	True	False	False
57001019020	tidak-1	tidak		False	True	False	False
57001019021	mengatakan-1	mengatakan		False	True	False	False
57001019022	kepadamu-1	kepadamu		False	True	False	False
57001019023	bahwa-1	bahwa		False	True	False	False
57001019024	engkau-1	engkau		False	True	False	False
57001019025	juga-1	juga		False	True	False	False
57001019026	berhutang-1	berhutang		False	True	False	False
57001019027	padaku-1	padaku		False	True	False	False
57001019028	bahkan-1	bahkan		False	True	False	False
57001019029	dirimu-1	dirimu		False	True	False	False
57001019030	sendiri-3	sendiri		False	True	False	False
57001019031	!-1	!		True	False	False	False
57001020001	Ya-1	Ya		False	True	False	False
57001020002	,-1	,		True	False	False	False
57001020003	saudaraku-1	saudaraku		False	True	False	False
57001020004	,-2	,		True	False	False	False
57001020005	semoga-1	semoga		False	True	False	False
57001020006	aku-1	aku		False	True	False	False
57001020007	mendapat-1	mendapat		False	True	False	False
57001020008	manfaat-1	manfaat		False	True	False	False
57001020009	dari-1	dari		False	True	False	False
57001020010	mu-1	mu		False	True	False	False
57001020011	dalam-1	dalam		False	True	False	False
57001020012	Tuhan-1	Tuhan		False	True	False	False
57001020013	;-1	;		True	False	False	False
57001020014	segarkanlah-1	segarkanlah		False	True	False	False
57001020015	batin-1	batin		False	True	False	False
57001020016	ku-1	ku		False	True	False	False
57001020017	dalam-2	dalam		False	True	False	False
57001020018	Kristus-1	Kristus		False	True	False	False
57001020019	.-1	.		True	False	False	False
57001021001	Setelah-1	Setelah		False	True	False	False
57001021002	menjadi-1	menjadi		False	True	False	False
57001021003	yakin-1	yakin		False	True	False	False
57001021004	akan-1	akan		False	True	False	False
57001021005	ketaatan-1	ketaatan		False	True	False	False
57001021006	mu-1	mu		False	True	False	False
57001021007	,-1	,		True	False	False	False
57001021008	aku-1	aku		False	True	False	False
57001021009	telah-1	telah		False	True	False	False
57001021010	menulis-1	menulis		False	True	False	False
57001021011	kepadamu-1	kepadamu		False	True	False	False
57001021012	,-2	,		True	False	False	False
57001021013	karena-1	karena		False	True	False	False
57001021014	aku-2	aku		False	True	False	False
57001021015	telah-2	telah		False	True	False	False
57001021016	mengetahui-1	mengetahui		False	True	False	False
57001021017	bahwa-1	bahwa		False	True	False	False
57001021018	kamu-1	kamu		False	True	False	False
57001021019	bahkan-1	bahkan		False	True	False	False
57001021020	akan-2	akan		False	True	False	False
57001021021	melakukan-1	melakukan		False	True	False	False
57001021022	lebih-1	lebih		False	True	False	False
57001021023	dari-1	dari		False	True	False	False
57001021024	apa-1	apa		False	True	False	False
57001021025	yang-1	yang		False	True	False	False
57001021026	aku-3	aku		False	True	False	False
57001021027	katakan-1	katakan		False	True	False	False
57001021028	.-1	.		True	False	False	False
57001022001	Tetapi-1	Tetapi		False	True	False	False
57001022002	pada-1	pada		False	True	False	False
57001022003	saat-1	saat		False	True	False	False
57001022004	yang-1	yang		False	True	False	False
57001022005	sama-1	sama		False	True	False	False
57001022006	,-1	,		True	False	False	False
57001022007	siapkanlah-1	siapkanlah		False	True	False	False
57001022008	juga-1	juga		False	True	False	False
57001022009	satu-1	satu		False	True	False	False
57001022010	kamar-1	kamar		False	True	False	False
57001022011	tamu-1	tamu		False	True	False	False
57001022012	untukku-1	untukku		False	True	False	False
57001022013	,-2	,		True	False	False	False
57001022014	karena-1	karena		False	True	False	False
57001022015	aku-1	aku		False	True	False	False
57001022016	berharap-1	berharap		False	True	False	False
57001022017	bahwa-1	bahwa		False	True	False	False
57001022018	melalui-1	melalui		False	True	False	False
57001022019	doa-1	doa		False	True	False	False
57001022020	--1	-		True	False	False	False
57001022021	doa-2	doa		False	True	False	False
57001022022	kalian-1	kalian		False	True	False	False
57001022023	,-3	,		True	False	False	False
57001022024	aku-2	aku		False	True	False	False
57001022025	akan-1	akan		False	True	False	False
57001022026	dikembalikan-1	dikembalikan		False	True	False	False
57001022027	kepada-1	kepada		False	True	False	False
57001022028	kalian-2	kalian		False	True	False	False
57001022029	.-1	.		True	False	False	False
57001023001	Epafras-1	Epafras		False	True	False	False
57001023002	,-1	,		True	False	False	False
57001023003	rekan-1	rekan		False	True	False	False
57001023004	sesama-1	sesama		False	True	False	False
57001023005	tawanan-1	tawanan		False	True	False	False
57001023006	dalam-1	dalam		False	True	False	False
57001023007	Kristus-1	Kristus		False	True	False	False
57001023008	Yesus-1	Yesus		False	True	False	False
57001023009	,-2	,		True	False	False	False
57001023010	menyampaikan-1	menyampaikan		False	True	False	False
57001023011	salam-1	salam		False	True	False	False
57001023012	kepadamu-1	kepadamu		False	True	False	False
57001023013	,-3	,		True	False	False	False
57001024001	Markus-1	Markus		False	True	False	False
57001024002	,-1	,		True	False	False	False
57001024003	Aristarkkhus-1	Aristarkkhus		False	True	False	False
57001024004	,-2	,		True	False	False	False
57001024005	Demas-1	Demas		False	True	False	False
57001024006	,-3	,		True	False	False	False
57001024007	{-1	{		True	False	False	False
57001024008	dan-1	dan		False	True	False	False
57001024009	}-1	}		True	False	False	False
57001024010	Lukas-1	Lukas		False	True	False	False
57001024011	,-4	,		True	False	False	False
57001024012	rekan-1	rekan		False	True	False	False
57001024013	--1	-		True	False	False	False
57001024014	rekan-2	rekan		False	True	False	False
57001024015	sekerja-1	sekerja		False	True	False	False
57001024016	ku-1	ku		False	True	False	False
57001024017	.-1	.		True	False	False	False
57001025001	Anugerah-1	Anugerah		False	True	False	False
57001025002	Tuhan-1	Tuhan		False	True	False	False
57001025003	kita-1	kita		False	True	False	False
57001025004	Yesus-1	Yesus		False	True	False	False
57001025005	Kristus-1	Kristus		False	True	False	False
57001025006	menyertai-1	menyertai		False	True	False	False
57001025007	roh-1	roh		False	True	False	False
57001025008	kalian-1	kalian		False	True	False	False
57001025009	.-1	.		True	False	False	False
57001025010	Amin-1	Amin		False	True	False	False
57001025011	.-2	.		True	False	False	False
61001001001	Dari-1	Dari		False	True	False	False
61001001002	Simon-1	Simon		False	True	False	False
61001001003	Petrus-1	Petrus		False	True	False	False
61001001004	,-1	,		True	False	False	False
61001001005	hamba-1	hamba		False	True	False	False
61001001006	dan-1	dan		False	True	False	False
61001001007	rasul-1	rasul		False	True	False	False
61001001008	Yesus-1	Yesus		False	True	False	False
61001001009	Kristus-1	Kristus		False	True	False	False
61001001010	,-2	,		True	False	False	False
61001001011	kepada-1	kepada		False	True	False	False
61001001012	mereka-1	mereka		False	True	False	False
61001001013	yang-1	yang		False	True	False	False
61001001014	bersama-1	bersama		False	True	False	False
61001001015	--1	-		True	False	False	False
61001001016	sama-1	sama		False	True	False	False
61001001017	dengan-1	dengan		False	True	False	False
61001001018	kami-1	kami		False	True	False	False
61001001019	memperoleh-1	memperoleh		False	True	False	False
61001001020	iman-1	iman		False	True	False	False
61001001021	oleh-1	oleh		False	True	False	False
61001001022	karena-1	karena		False	True	False	False
61001001023	keadilan-1	keadilan		False	True	False	False
61001001024	Allah-1	Allah		False	True	False	False
61001001025	dan-2	dan		False	True	False	False
61001001026	Juruselamat-1	Juruselamat		False	True	False	False
61001001027	kita-1	kita		False	True	False	False
61001001028	,-3	,		True	False	False	False
61001001029	Yesus-2	Yesus		False	True	False	False
61001001030	Kristus-2	Kristus		False	True	False	False
61001001031	.-1	.		True	False	False	False
61001002001	Anugerah-1	Anugerah		False	True	False	False
61001002002	dan-1	dan		False	True	False	False
61001002003	damai-1	damai		False	True	False	False
61001002004	sejahtera-1	sejahtera		False	True	False	False
61001002005	melimpahi-1	melimpahi		False	True	False	False
61001002006	kamu-1	kamu		False	True	False	False
61001002007	oleh-1	oleh		False	True	False	False
61001002008	pengenalan-1	pengenalan		False	True	False	False
61001002009	akan-1	akan		False	True	False	False
61001002010	Allah-1	Allah		False	True	False	False
61001002011	dan-2	dan		False	True	False	False
61001002012	akan-2	akan		False	True	False	False
61001002013	Yesus-1	Yesus		False	True	False	False
61001002014	,-1	,		True	False	False	False
61001002015	Tuhan-1	Tuhan		False	True	False	False
61001002016	kita-1	kita		False	True	False	False
61001002017	.-1	.		True	False	False	False
61001003001	Sebagaimana-1	Sebagaimana		False	True	False	False
61001003002	kuasa-1	kuasa		False	True	False	False
61001003003	ilahi-1	ilahi		False	True	False	False
61001003004	--1	-		True	False	False	False
61001003005	Nya-1	Nya		False	True	False	False
61001003006	telah-1	telah		False	True	False	False
61001003007	menganugerahkan-1	menganugerahkan		False	True	False	False
61001003008	kepada-1	kepada		False	True	False	False
61001003009	kita-1	kita		False	True	False	False
61001003010	segala-1	segala		False	True	False	False
61001003011	sesuatu-1	sesuatu		False	True	False	False
61001003012	yang-1	yang		False	True	False	False
61001003013	berguna-1	berguna		False	True	False	False
61001003014	untuk-1	untuk		False	True	False	False
61001003015	hidup-1	hidup		False	True	False	False
61001003016	yang-2	yang		False	True	False	False
61001003017	saleh-1	saleh		False	True	False	False
61001003018	oleh-1	oleh		False	True	False	False
61001003019	pengenalan-1	pengenalan		False	True	False	False
61001003020	kita-2	kita		False	True	False	False
61001003021	akan-1	akan		False	True	False	False
61001003022	Dia-1	Dia		False	True	False	False
61001003023	,-1	,		True	False	False	False
61001003024	yang-3	yang		False	True	False	False
61001003025	telah-2	telah		False	True	False	False
61001003026	memanggil-1	memanggil		False	True	False	False
61001003027	kita-3	kita		False	True	False	False
61001003028	oleh-2	oleh		False	True	False	False
61001003029	kemuliaan-1	kemuliaan		False	True	False	False
61001003030	dan-1	dan		False	True	False	False
61001003031	kebaikan-1	kebaikan		False	True	False	False
61001003032	--2	-		True	False	False	False
61001003033	Nya-2	Nya		False	True	False	False
61001003034	.-1	.		True	False	False	False
61001004001	Dengan-1	Dengan		False	True	False	False
61001004002	jalan-1	jalan		False	True	False	False
61001004003	itu-1	itu		False	True	False	False
61001004004	Ia-1	Ia		False	True	False	False
61001004005	telah-1	telah		False	True	False	False
61001004006	menganugerahkan-1	menganugerahkan		False	True	False	False
61001004007	kepada-1	kepada		False	True	False	False
61001004008	kita-1	kita		False	True	False	False
61001004009	janji-1	janji		False	True	False	False
61001004010	--1	-		True	False	False	False
61001004011	janji-2	janji		False	True	False	False
61001004012	yang-1	yang		False	True	False	False
61001004013	berharga-1	berharga		False	True	False	False
61001004014	dan-1	dan		False	True	False	False
61001004015	yang-2	yang		False	True	False	False
61001004016	sangat-1	sangat		False	True	False	False
61001004017	besar-1	besar		False	True	False	False
61001004018	,-1	,		True	False	False	False
61001004019	supaya-1	supaya		False	True	False	False
61001004020	olehnya-1	olehnya		False	True	False	False
61001004021	kamu-1	kamu		False	True	False	False
61001004022	boleh-1	boleh		False	True	False	False
61001004023	mengambil-1	mengambil		False	True	False	False
61001004024	bagian-1	bagian		False	True	False	False
61001004025	dalam-1	dalam		False	True	False	False
61001004026	kodrat-1	kodrat		False	True	False	False
61001004027	ilahi-1	ilahi		False	True	False	False
61001004028	,-2	,		True	False	False	False
61001004029	dan-2	dan		False	True	False	False
61001004030	luput-1	luput		False	True	False	False
61001004031	dari-1	dari		False	True	False	False
61001004032	kebinasaan-1	kebinasaan		False	True	False	False
61001004033	dunia-1	dunia		False	True	False	False
61001004034	oleh-1	oleh		False	True	False	False
61001004035	hawa-1	hawa		False	True	False	False
61001004036	nafsu-1	nafsu		False	True	False	False
61001004037	.-1	.		True	False	False	False
61001005001	Justru-1	Justru		False	True	False	False
61001005002	karena-1	karena		False	True	False	False
61001005003	itu-1	itu		False	True	False	False
61001005004	kamu-1	kamu		False	True	False	False
61001005005	harus-1	harus		False	True	False	False
61001005006	dengan-1	dengan		False	True	False	False
61001005007	segala-1	segala		False	True	False	False
61001005008	kesungguhan-1	kesungguhan		False	True	False	False
61001005009	berusaha-1	berusaha		False	True	False	False
61001005010	untuk-1	untuk		False	True	False	False
61001005011	menambahkan-1	menambahkan		False	True	False	False
61001005012	kepada-1	kepada		False	True	False	False
61001005013	imanmu-1	imanmu		False	True	False	False
61001005014	kebajikan-1	kebajikan		False	True	False	False
61001005015	,-1	,		True	False	False	False
61001005016	dan-1	dan		False	True	False	False
61001005017	kepada-2	kepada		False	True	False	False
61001005018	kebajikan-2	kebajikan		False	True	False	False
61001005019	pengetahuan-1	pengetahuan		False	True	False	False
61001005020	,-2	,		True	False	False	False
61001006001	dan-1	dan		False	True	False	False
61001006002	kepada-1	kepada		False	True	False	False
61001006003	pengetahuan-1	pengetahuan		False	True	False	False
61001006004	penguasaan-1	penguasaan		False	True	False	False
61001006005	diri-1	diri		False	True	False	False
61001006006	,-1	,		True	False	False	False
61001006007	kepada-2	kepada		False	True	False	False
61001006008	penguasaan-2	penguasaan		False	True	False	False
61001006009	diri-2	diri		False	True	False	False
61001006010	ketekunan-1	ketekunan		False	True	False	False
61001006011	,-2	,		True	False	False	False
61001006012	dan-2	dan		False	True	False	False
61001006013	kepada-3	kepada		False	True	False	False
61001006014	ketekunan-2	ketekunan		False	True	False	False
61001006015	kesalehan-1	kesalehan		False	True	False	False
61001006016	,-3	,		True	False	False	False
61001007001	dan-1	dan		False	True	False	False
61001007002	kepada-1	kepada		False	True	False	False
61001007003	kesalehan-1	kesalehan		False	True	False	False
61001007004	kasih-1	kasih		False	True	False	False
61001007005	akan-1	akan		False	True	False	False
61001007006	saudara-1	saudara		False	True	False	False
61001007007	--1	-		True	False	False	False
61001007008	saudara-2	saudara		False	True	False	False
61001007009	,-1	,		True	False	False	False
61001007010	dan-2	dan		False	True	False	False
61001007011	kepada-2	kepada		False	True	False	False
61001007012	kasih-2	kasih		False	True	False	False
61001007013	akan-2	akan		False	True	False	False
61001007014	saudara-3	saudara		False	True	False	False
61001007015	--2	-		True	False	False	False
61001007016	saudara-4	saudara		False	True	False	False
61001007017	kasih-3	kasih		False	True	False	False
61001007018	akan-3	akan		False	True	False	False
61001007019	semua-1	semua		False	True	False	False
61001007020	orang-1	orang		False	True	False	False
61001007021	.-1	.		True	False	False	False
61001008001	Sebab-1	Sebab		False	True	False	False
61001008002	apabila-1	apabila		False	True	False	False
61001008003	semuanya-1	semuanya		False	True	False	False
61001008004	itu-1	itu		False	True	False	False
61001008005	ada-1	ada		False	True	False	False
61001008006	padamu-1	padamu		False	True	False	False
61001008007	dengan-1	dengan		False	True	False	False
61001008008	berlimpah-1	berlimpah		False	True	False	False
61001008009	--1	-		True	False	False	False
61001008010	limpah-1	limpah		False	True	False	False
61001008011	,-1	,		True	False	False	False
61001008012	kamu-1	kamu		False	True	False	False
61001008013	tidak-1	tidak		False	True	False	False
61001008014	akan-1	akan		False	True	False	False
61001008015	dibuatnya-1	dibuatnya		False	True	False	False
61001008016	menjadi-1	menjadi		False	True	False	False
61001008017	tidak-2	tidak		False	True	False	False
61001008018	berhasil-1	berhasil		False	True	False	False
61001008019	dan-1	dan		False	True	False	False
61001008020	tidak-3	tidak		False	True	False	False
61001008021	berbuah-1	berbuah		False	True	False	False
61001008022	dalam-1	dalam		False	True	False	False
61001008023	pengenalan-1	pengenalan		False	True	False	False
61001008024	akan-2	akan		False	True	False	False
61001008025	Tuhan-1	Tuhan		False	True	False	False
61001008026	kita-1	kita		False	True	False	False
61001008027	Yesus-1	Yesus		False	True	False	False
61001008028	Kristus-1	Kristus		False	True	False	False
61001008029	.-1	.		True	False	False	False
61001009001	Tetapi-1	Tetapi		False	True	False	False
61001009002	barangsiapa-1	barangsiapa		False	True	False	False
61001009003	tidak-1	tidak		False	True	False	False
61001009004	memiliki-1	memiliki		False	True	False	False
61001009005	semuanya-1	semuanya		False	True	False	False
61001009006	itu-1	itu		False	True	False	False
61001009007	,-1	,		True	False	False	False
61001009008	ia-1	ia		False	True	False	False
61001009009	menjadi-1	menjadi		False	True	False	False
61001009010	buta-1	buta		False	True	False	False
61001009011	dan-1	dan		False	True	False	False
61001009012	picik-1	picik		False	True	False	False
61001009013	,-2	,		True	False	False	False
61001009014	karena-1	karena		False	True	False	False
61001009015	ia-2	ia		False	True	False	False
61001009016	lupa-1	lupa		False	True	False	False
61001009017	,-3	,		True	False	False	False
61001009018	bahwa-1	bahwa		False	True	False	False
61001009019	ia-3	ia		False	True	False	False
61001009020	telah-1	telah		False	True	False	False
61001009021	menerima-1	menerima		False	True	False	False
61001009022	penyucian-1	penyucian		False	True	False	False
61001009023	dari-1	dari		False	True	False	False
61001009024	dosa-1	dosa		False	True	False	False
61001009025	--1	-		True	False	False	False
61001009026	dosa-2	dosa		False	True	False	False
61001009027	nya-1	nya		False	True	False	False
61001009028	yang-1	yang		False	True	False	False
61001009029	dahulu-1	dahulu		False	True	False	False
61001009030	.-1	.		True	False	False	False
61001010001	Karena-1	Karena		False	True	False	False
61001010002	itu-1	itu		False	True	False	False
61001010003	,-1	,		True	False	False	False
61001010004	saudara-1	saudara		False	True	False	False
61001010005	--1	-		True	False	False	False
61001010006	saudaraku-1	saudaraku		False	True	False	False
61001010007	,-2	,		True	False	False	False
61001010008	berusahalah-1	berusahalah		False	True	False	False
61001010009	sungguh-1	sungguh		False	True	False	False
61001010010	--2	-		True	False	False	False
61001010011	sungguh-2	sungguh		False	True	False	False
61001010012	,-3	,		True	False	False	False
61001010013	supaya-1	supaya		False	True	False	False
61001010014	panggilan-1	panggilan		False	True	False	False
61001010015	dan-1	dan		False	True	False	False
61001010016	pilihanmu-1	pilihanmu		False	True	False	False
61001010017	makin-1	makin		False	True	False	False
61001010018	teguh-1	teguh		False	True	False	False
61001010019	.-1	.		True	False	False	False
61001010020	Sebab-1	Sebab		False	True	False	False
61001010021	jikalau-1	jikalau		False	True	False	False
61001010022	kamu-1	kamu		False	True	False	False
61001010023	melakukannya-1	melakukannya		False	True	False	False
61001010024	,-4	,		True	False	False	False
61001010025	kamu-2	kamu		False	True	False	False
61001010026	tidak-1	tidak		False	True	False	False
61001010027	akan-1	akan		False	True	False	False
61001010028	pernah-1	pernah		False	True	False	False
61001010029	tersandung-1	tersandung		False	True	False	False
61001010030	.-2	.		True	False	False	False
61001011001	Dengan-1	Dengan		False	True	False	False
61001011002	demikian-1	demikian		False	True	False	False
61001011003	kepada-1	kepada		False	True	False	False
61001011004	kamu-1	kamu		False	True	False	False
61001011005	akan-1	akan		False	True	False	False
61001011006	dikaruniakan-1	dikaruniakan		False	True	False	False
61001011007	seluas-1	seluas		False	True	False	False
61001011008	--1	-		True	False	False	False
61001011009	luasnya-1	luasnya		False	True	False	False
61001011010	jalan-1	jalan		False	True	False	False
61001011011	untuk-1	untuk		False	True	False	False
61001011012	memasuki-1	memasuki		False	True	False	False
61001011013	Kerajaan-1	Kerajaan		False	True	False	False
61001011014	kekal-1	kekal		False	True	False	False
61001011015	,-1	,		True	False	False	False
61001011016	yaitu-1	yaitu		False	True	False	False
61001011017	Kerajaan-2	Kerajaan		False	True	False	False
61001011018	Tuhan-1	Tuhan		False	True	False	False
61001011019	dan-1	dan		False	True	False	False
61001011020	Juruselamat-1	Juruselamat		False	True	False	False
61001011021	kita-1	kita		False	True	False	False
61001011022	,-2	,		True	False	False	False
61001011023	Yesus-1	Yesus		False	True	False	False
61001011024	Kristus-1	Kristus		False	True	False	False
61001011025	.-1	.		True	False	False	False
61001012001	Karena-1	Karena		False	True	False	False
61001012002	itu-1	itu		False	True	False	False
61001012003	aku-1	aku		False	True	False	False
61001012004	senantiasa-1	senantiasa		False	True	False	False
61001012005	bermaksud-1	bermaksud		False	True	False	False
61001012006	mengingatkan-1	mengingatkan		False	True	False	False
61001012007	kamu-1	kamu		False	True	False	False
61001012008	akan-1	akan		False	True	False	False
61001012009	semuanya-1	semuanya		False	True	False	False
61001012010	itu-2	itu		False	True	False	False
61001012011	,-1	,		True	False	False	False
61001012012	sekalipun-1	sekalipun		False	True	False	False
61001012013	kamu-2	kamu		False	True	False	False
61001012014	telah-1	telah		False	True	False	False
61001012015	mengetahuinya-1	mengetahuinya		False	True	False	False
61001012016	dan-1	dan		False	True	False	False
61001012017	telah-2	telah		False	True	False	False
61001012018	teguh-1	teguh		False	True	False	False
61001012019	dalam-1	dalam		False	True	False	False
61001012020	kebenaran-1	kebenaran		False	True	False	False
61001012021	yang-1	yang		False	True	False	False
61001012022	telah-3	telah		False	True	False	False
61001012023	kamu-3	kamu		False	True	False	False
61001012024	terima-1	terima		False	True	False	False
61001012025	.-1	.		True	False	False	False
61001013001	Aku-1	Aku		False	True	False	False
61001013002	menganggap-1	menganggap		False	True	False	False
61001013003	sebagai-1	sebagai		False	True	False	False
61001013004	sesuatu-1	sesuatu		False	True	False	False
61001013005	yang-1	yang		False	True	False	False
61001013006	benar-1	benar		False	True	False	False
61001013007	untuk-1	untuk		False	True	False	False
61001013008	tetap-1	tetap		False	True	False	False
61001013009	mengingatkan-1	mengingatkan		False	True	False	False
61001013010	kamu-1	kamu		False	True	False	False
61001013011	akan-1	akan		False	True	False	False
61001013012	semuanya-1	semuanya		False	True	False	False
61001013013	itu-1	itu		False	True	False	False
61001013014	selama-1	selama		False	True	False	False
61001013015	aku-1	aku		False	True	False	False
61001013016	belum-1	belum		False	True	False	False
61001013017	menanggalkan-1	menanggalkan		False	True	False	False
61001013018	kemah-1	kemah		False	True	False	False
61001013019	tubuhku-1	tubuhku		False	True	False	False
61001013020	ini-1	ini		False	True	False	False
61001013021	.-1	.		True	False	False	False
61001014001	Sebab-1	Sebab		False	True	False	False
61001014002	aku-1	aku		False	True	False	False
61001014003	tahu-1	tahu		False	True	False	False
61001014004	,-1	,		True	False	False	False
61001014005	bahwa-1	bahwa		False	True	False	False
61001014006	aku-2	aku		False	True	False	False
61001014007	akan-1	akan		False	True	False	False
61001014008	segera-1	segera		False	True	False	False
61001014009	menanggalkan-1	menanggalkan		False	True	False	False
61001014010	kemah-1	kemah		False	True	False	False
61001014011	tubuhku-1	tubuhku		False	True	False	False
61001014012	ini-1	ini		False	True	False	False
61001014013	,-2	,		True	False	False	False
61001014014	sebagaimana-1	sebagaimana		False	True	False	False
61001014015	yang-1	yang		False	True	False	False
61001014016	telah-1	telah		False	True	False	False
61001014017	diberitahukan-1	diberitahukan		False	True	False	False
61001014018	kepadaku-1	kepadaku		False	True	False	False
61001014019	oleh-1	oleh		False	True	False	False
61001014020	Yesus-1	Yesus		False	True	False	False
61001014021	Kristus-1	Kristus		False	True	False	False
61001014022	,-3	,		True	False	False	False
61001014023	Tuhan-1	Tuhan		False	True	False	False
61001014024	kita-1	kita		False	True	False	False
61001014025	.-1	.		True	False	False	False
61001015001	Tetapi-1	Tetapi		False	True	False	False
61001015002	aku-1	aku		False	True	False	False
61001015003	akan-1	akan		False	True	False	False
61001015004	berusaha-1	berusaha		False	True	False	False
61001015005	,-1	,		True	False	False	False
61001015006	supaya-1	supaya		False	True	False	False
61001015007	juga-1	juga		False	True	False	False
61001015008	sesudah-1	sesudah		False	True	False	False
61001015009	kepergianku-1	kepergianku		False	True	False	False
61001015010	itu-1	itu		False	True	False	False
61001015011	kamu-1	kamu		False	True	False	False
61001015012	selalu-1	selalu		False	True	False	False
61001015013	mengingat-1	mengingat		False	True	False	False
61001015014	semuanya-1	semuanya		False	True	False	False
61001015015	itu-2	itu		False	True	False	False
61001015016	.-1	.		True	False	False	False
61001016001	Sebab-1	Sebab		False	True	False	False
61001016002	kami-1	kami		False	True	False	False
61001016003	tidak-1	tidak		False	True	False	False
61001016004	mengikuti-1	mengikuti		False	True	False	False
61001016005	dongeng-1	dongeng		False	True	False	False
61001016006	--1	-		True	False	False	False
61001016007	dongeng-2	dongeng		False	True	False	False
61001016008	isapan-1	isapan		False	True	False	False
61001016009	jempol-1	jempol		False	True	False	False
61001016010	manusia-1	manusia		False	True	False	False
61001016011	,-1	,		True	False	False	False
61001016012	ketika-1	ketika		False	True	False	False
61001016013	kami-2	kami		False	True	False	False
61001016014	memberitahukan-1	memberitahukan		False	True	False	False
61001016015	kepadamu-1	kepadamu		False	True	False	False
61001016016	kuasa-1	kuasa		False	True	False	False
61001016017	dan-1	dan		False	True	False	False
61001016018	kedatangan-1	kedatangan		False	True	False	False
61001016019	Tuhan-1	Tuhan		False	True	False	False
61001016020	kita-1	kita		False	True	False	False
61001016021	,-2	,		True	False	False	False
61001016022	Yesus-1	Yesus		False	True	False	False
61001016023	Kristus-1	Kristus		False	True	False	False
61001016024	,-3	,		True	False	False	False
61001016025	tetapi-1	tetapi		False	True	False	False
61001016026	kami-3	kami		False	True	False	False
61001016027	adalah-1	adalah		False	True	False	False
61001016028	saksi-1	saksi		False	True	False	False
61001016029	mata-1	mata		False	True	False	False
61001016030	dari-1	dari		False	True	False	False
61001016031	kebesaran-1	kebesaran		False	True	False	False
61001016032	--2	-		True	False	False	False
61001016033	Nya-1	Nya		False	True	False	False
61001016034	.-1	.		True	False	False	False
61001017001	Sebab-1	Sebab		False	True	False	False
61001017002	Ia-1	Ia		False	True	False	False
61001017003	telah-1	telah		False	True	False	False
61001017004	menerima-1	menerima		False	True	False	False
61001017005	kehormatan-1	kehormatan		False	True	False	False
61001017006	dan-1	dan		False	True	False	False
61001017007	kemuliaan-1	kemuliaan		False	True	False	False
61001017008	dari-1	dari		False	True	False	False
61001017009	Allah-1	Allah		False	True	False	False
61001017010	Bapa-1	Bapa		False	True	False	False
61001017011	,-1	,		True	False	False	False
61001017012	ketika-1	ketika		False	True	False	False
61001017013	datang-1	datang		False	True	False	False
61001017014	kepada-1	kepada		False	True	False	False
61001017015	--1	-		True	False	False	False
61001017016	Nya-1	Nya		False	True	False	False
61001017017	suara-1	suara		False	True	False	False
61001017018	dari-2	dari		False	True	False	False
61001017019	Yang-1	Yang		False	True	False	False
61001017020	Mahamulia-1	Mahamulia		False	True	False	False
61001017021	,-2	,		True	False	False	False
61001017022	yang-1	yang		False	True	False	False
61001017023	mengatakan-1	mengatakan		False	True	False	False
61001017024	:-1	:		True	False	False	False
61001017025	"-1	"		True	False	False	False
61001017026	Inilah-1	Inilah		False	True	False	False
61001017027	Anak-1	Anak		False	True	False	False
61001017028	--2	-		True	False	False	False
61001017029	Ku-1	Ku		False	True	False	False
61001017030	yang-2	yang		False	True	False	False
61001017031	Kukasihi-1	Kukasihi		False	True	False	False
61001017032	,-3	,		True	False	False	False
61001017033	kepada-2	kepada		False	True	False	False
61001017034	--3	-		True	False	False	False
61001017035	Nyalah-1	Nyalah		False	True	False	False
61001017036	Aku-1	Aku		False	True	False	False
61001017037	berkenan-1	berkenan		False	True	False	False
61001017038	.-1	.		True	False	False	False
61001017039	"-2	"		True	False	False	False
61001018001	Suara-1	Suara		False	True	False	False
61001018002	itu-1	itu		False	True	False	False
61001018003	kami-1	kami		False	True	False	False
61001018004	sendiri-1	sendiri		False	True	False	False
61001018005	mendengar-1	mendengar		False	True	False	False
61001018006	datang-1	datang		False	True	False	False
61001018007	dari-1	dari		False	True	False	False
61001018008	surga-1	surga		False	True	False	False
61001018009	,-1	,		True	False	False	False
61001018010	ketika-1	ketika		False	True	False	False
61001018011	kami-2	kami		False	True	False	False
61001018012	sedang-1	sedang		False	True	False	False
61001018013	bersama-1	bersama		False	True	False	False
61001018014	--1	-		True	False	False	False
61001018015	sama-1	sama		False	True	False	False
61001018016	dengan-1	dengan		False	True	False	False
61001018017	Dia-1	Dia		False	True	False	False
61001018018	di-1	di		False	True	False	False
61001018019	atas-1	atas		False	True	False	False
61001018020	gunung-1	gunung		False	True	False	False
61001018021	yang-1	yang		False	True	False	False
61001018022	kudus-1	kudus		False	True	False	False
61001018023	.-1	.		True	False	False	False
61001019001	Dan-1	Dan		False	True	False	False
61001019002	kami-1	kami		False	True	False	False
61001019003	makin-1	makin		False	True	False	False
61001019004	diteguhkan-1	diteguhkan		False	True	False	False
61001019005	oleh-1	oleh		False	True	False	False
61001019006	firman-1	firman		False	True	False	False
61001019007	yang-1	yang		False	True	False	False
61001019008	telah-1	telah		False	True	False	False
61001019009	disampaikan-1	disampaikan		False	True	False	False
61001019010	oleh-2	oleh		False	True	False	False
61001019011	para-1	para		False	True	False	False
61001019012	nabi-1	nabi		False	True	False	False
61001019013	.-1	.		True	False	False	False
61001019014	Alangkah-1	Alangkah		False	True	False	False
61001019015	baiknya-1	baiknya		False	True	False	False
61001019016	kalau-1	kalau		False	True	False	False
61001019017	kamu-1	kamu		False	True	False	False
61001019018	memperhatikannya-1	memperhatikannya		False	True	False	False
61001019019	sama-1	sama		False	True	False	False
61001019020	seperti-1	seperti		False	True	False	False
61001019021	memperhatikan-1	memperhatikan		False	True	False	False
61001019022	pelita-1	pelita		False	True	False	False
61001019023	yang-2	yang		False	True	False	False
61001019024	bercahaya-1	bercahaya		False	True	False	False
61001019025	di-1	di		False	True	False	False
61001019026	tempat-1	tempat		False	True	False	False
61001019027	yang-3	yang		False	True	False	False
61001019028	gelap-1	gelap		False	True	False	False
61001019029	sampai-1	sampai		False	True	False	False
61001019030	fajar-1	fajar		False	True	False	False
61001019031	menyingsing-1	menyingsing		False	True	False	False
61001019032	dan-1	dan		False	True	False	False
61001019033	bintang-1	bintang		False	True	False	False
61001019034	timur-1	timur		False	True	False	False
61001019035	terbit-1	terbit		False	True	False	False
61001019036	bersinar-1	bersinar		False	True	False	False
61001019037	di-2	di		False	True	False	False
61001019038	dalam-1	dalam		False	True	False	False
61001019039	hatimu-1	hatimu		False	True	False	False
61001019040	.-2	.		True	False	False	False
61001020001	Yang-1	Yang		False	True	False	False
61001020002	terutama-1	terutama		False	True	False	False
61001020003	harus-1	harus		False	True	False	False
61001020004	kamu-1	kamu		False	True	False	False
61001020005	ketahui-1	ketahui		False	True	False	False
61001020006	,-1	,		True	False	False	False
61001020007	ialah-1	ialah		False	True	False	False
61001020008	bahwa-1	bahwa		False	True	False	False
61001020009	nubuat-1	nubuat		False	True	False	False
61001020010	--1	-		True	False	False	False
61001020011	nubuat-2	nubuat		False	True	False	False
61001020012	dalam-1	dalam		False	True	False	False
61001020013	Kitab-1	Kitab		False	True	False	False
61001020014	Suci-1	Suci		False	True	False	False
61001020015	tidak-1	tidak		False	True	False	False
61001020016	boleh-1	boleh		False	True	False	False
61001020017	ditafsirkan-1	ditafsirkan		False	True	False	False
61001020018	menurut-1	menurut		False	True	False	False
61001020019	kehendak-1	kehendak		False	True	False	False
61001020020	sendiri-1	sendiri		False	True	False	False
61001020021	,-2	,		True	False	False	False
61001021001	sebab-1	sebab		False	True	False	False
61001021002	tidak-1	tidak		False	True	False	False
61001021003	pernah-1	pernah		False	True	False	False
61001021004	nubuat-1	nubuat		False	True	False	False
61001021005	dihasilkan-1	dihasilkan		False	True	False	False
61001021006	oleh-1	oleh		False	True	False	False
61001021007	kehendak-1	kehendak		False	True	False	False
61001021008	manusia-1	manusia		False	True	False	False
61001021009	,-1	,		True	False	False	False
61001021010	tetapi-1	tetapi		False	True	False	False
61001021011	oleh-2	oleh		False	True	False	False
61001021012	dorongan-1	dorongan		False	True	False	False
61001021013	Roh-1	Roh		False	True	False	False
61001021014	Kudus-1	Kudus		False	True	False	False
61001021015	orang-1	orang		False	True	False	False
61001021016	--1	-		True	False	False	False
61001021017	orang-2	orang		False	True	False	False
61001021018	berbicara-1	berbicara		False	True	False	False
61001021019	atas-1	atas		False	True	False	False
61001021020	nama-1	nama		False	True	False	False
61001021021	Allah-1	Allah		False	True	False	False
61001021022	.-1	.		True	False	False	False
61002001001	Sebagaimana-1	Sebagaimana		False	True	False	False
61002001002	nabi-1	nabi		False	True	False	False
61002001003	--1	-		True	False	False	False
61002001004	nabi-2	nabi		False	True	False	False
61002001005	palsu-1	palsu		False	True	False	False
61002001006	dahulu-1	dahulu		False	True	False	False
61002001007	tampil-1	tampil		False	True	False	False
61002001008	di-1	di		False	True	False	False
61002001009	tengah-1	tengah		False	True	False	False
61002001010	--2	-		True	False	False	False
61002001011	tengah-2	tengah		False	True	False	False
61002001012	umat-1	umat		False	True	False	False
61002001013	Allah-1	Allah		False	True	False	False
61002001014	,-1	,		True	False	False	False
61002001015	demikian-1	demikian		False	True	False	False
61002001016	pula-1	pula		False	True	False	False
61002001017	di-2	di		False	True	False	False
61002001018	antara-1	antara		False	True	False	False
61002001019	kamu-1	kamu		False	True	False	False
61002001020	akan-1	akan		False	True	False	False
61002001021	ada-1	ada		False	True	False	False
61002001022	guru-1	guru		False	True	False	False
61002001023	--3	-		True	False	False	False
61002001024	guru-2	guru		False	True	False	False
61002001025	palsu-2	palsu		False	True	False	False
61002001026	.-1	.		True	False	False	False
61002001027	Mereka-1	Mereka		False	True	False	False
61002001028	akan-2	akan		False	True	False	False
61002001029	memasukkan-1	memasukkan		False	True	False	False
61002001030	pengajaran-1	pengajaran		False	True	False	False
61002001031	--4	-		True	False	False	False
61002001032	pengajaran-2	pengajaran		False	True	False	False
61002001033	sesat-1	sesat		False	True	False	False
61002001034	yang-1	yang		False	True	False	False
61002001035	membinasakan-1	membinasakan		False	True	False	False
61002001036	,-2	,		True	False	False	False
61002001037	bahkan-1	bahkan		False	True	False	False
61002001038	mereka-1	mereka		False	True	False	False
61002001039	akan-3	akan		False	True	False	False
61002001040	menyangkal-1	menyangkal		False	True	False	False
61002001041	Penguasa-1	Penguasa		False	True	False	False
61002001042	yang-2	yang		False	True	False	False
61002001043	telah-1	telah		False	True	False	False
61002001044	menebus-1	menebus		False	True	False	False
61002001045	mereka-2	mereka		False	True	False	False
61002001046	dan-1	dan		False	True	False	False
61002001047	segera-1	segera		False	True	False	False
61002001048	mendatangkan-1	mendatangkan		False	True	False	False
61002001049	kebinasaan-1	kebinasaan		False	True	False	False
61002001050	atas-1	atas		False	True	False	False
61002001051	diri-1	diri		False	True	False	False
61002001052	mereka-3	mereka		False	True	False	False
61002001053	.-2	.		True	False	False	False
61002002001	Banyak-1	Banyak		False	True	False	False
61002002002	orang-1	orang		False	True	False	False
61002002003	akan-1	akan		False	True	False	False
61002002004	mengikuti-1	mengikuti		False	True	False	False
61002002005	cara-1	cara		False	True	False	False
61002002006	hidup-1	hidup		False	True	False	False
61002002007	mereka-1	mereka		False	True	False	False
61002002008	yang-1	yang		False	True	False	False
61002002009	dikuasai-1	dikuasai		False	True	False	False
61002002010	hawa-1	hawa		False	True	False	False
61002002011	nafsu-1	nafsu		False	True	False	False
61002002012	,-1	,		True	False	False	False
61002002013	dan-1	dan		False	True	False	False
61002002014	karena-1	karena		False	True	False	False
61002002015	mereka-2	mereka		False	True	False	False
61002002016	Jalan-1	Jalan		False	True	False	False
61002002017	Kebenaran-1	Kebenaran		False	True	False	False
61002002018	akan-2	akan		False	True	False	False
61002002019	dihujat-1	dihujat		False	True	False	False
61002002020	.-1	.		True	False	False	False
61002003001	Dan-1	Dan		False	True	False	False
61002003002	dalam-1	dalam		False	True	False	False
61002003003	keserakahan-1	keserakahan		False	True	False	False
61002003004	guru-1	guru		False	True	False	False
61002003005	--1	-		True	False	False	False
61002003006	guru-2	guru		False	True	False	False
61002003007	palsu-1	palsu		False	True	False	False
61002003008	itu-1	itu		False	True	False	False
61002003009	akan-1	akan		False	True	False	False
61002003010	berusaha-1	berusaha		False	True	False	False
61002003011	mencari-1	mencari		False	True	False	False
61002003012	untung-1	untung		False	True	False	False
61002003013	dari-1	dari		False	True	False	False
61002003014	kamu-1	kamu		False	True	False	False
61002003015	dengan-1	dengan		False	True	False	False
61002003016	cerita-1	cerita		False	True	False	False
61002003017	--2	-		True	False	False	False
61002003018	cerita-2	cerita		False	True	False	False
61002003019	palsu-2	palsu		False	True	False	False
61002003020	mereka-1	mereka		False	True	False	False
61002003021	.-1	.		True	False	False	False
61002003022	Tetapi-1	Tetapi		False	True	False	False
61002003023	untuk-1	untuk		False	True	False	False
61002003024	perbuatan-1	perbuatan		False	True	False	False
61002003025	mereka-2	mereka		False	True	False	False
61002003026	itu-2	itu		False	True	False	False
61002003027	hukuman-1	hukuman		False	True	False	False
61002003028	telah-1	telah		False	True	False	False
61002003029	lama-1	lama		False	True	False	False
61002003030	tersedia-1	tersedia		False	True	False	False
61002003031	dan-1	dan		False	True	False	False
61002003032	kebinasaan-1	kebinasaan		False	True	False	False
61002003033	mereka-3	mereka		False	True	False	False
61002003034	tidak-1	tidak		False	True	False	False
61002003035	akan-2	akan		False	True	False	False
61002003036	tertunda-1	tertunda		False	True	False	False
61002003037	.-2	.		True	False	False	False
61002004001	Sebab-1	Sebab		False	True	False	False
61002004002	jikalau-1	jikalau		False	True	False	False
61002004003	Allah-1	Allah		False	True	False	False
61002004004	tidak-1	tidak		False	True	False	False
61002004005	menyayangkan-1	menyayangkan		False	True	False	False
61002004006	malaikat-1	malaikat		False	True	False	False
61002004007	--1	-		True	False	False	False
61002004008	malaikat-2	malaikat		False	True	False	False
61002004009	yang-1	yang		False	True	False	False
61002004010	telah-1	telah		False	True	False	False
61002004011	berbuat-1	berbuat		False	True	False	False
61002004012	dosa-1	dosa		False	True	False	False
61002004013	tetapi-1	tetapi		False	True	False	False
61002004014	menyerahkannya-1	menyerahkannya		False	True	False	False
61002004015	ke-1	ke		False	True	False	False
61002004016	dalam-1	dalam		False	True	False	False
61002004017	belenggu-1	belenggu		False	True	False	False
61002004018	kegelapan-1	kegelapan		False	True	False	False
61002004019	dan-1	dan		False	True	False	False
61002004020	melemparkan-1	melemparkan		False	True	False	False
61002004021	mereka-1	mereka		False	True	False	False
61002004022	ke-2	ke		False	True	False	False
61002004023	dalam-2	dalam		False	True	False	False
61002004024	neraka-1	neraka		False	True	False	False
61002004025	untuk-1	untuk		False	True	False	False
61002004026	disimpan-1	disimpan		False	True	False	False
61002004027	sampai-1	sampai		False	True	False	False
61002004028	hari-1	hari		False	True	False	False
61002004029	penghakiman-1	penghakiman		False	True	False	False
61002004030	;-1	;		True	False	False	False
61002005001	Allah-1	Allah		False	True	False	False
61002005002	juga-1	juga		False	True	False	False
61002005003	tidak-1	tidak		False	True	False	False
61002005004	menyayangkan-1	menyayangkan		False	True	False	False
61002005005	dunia-1	dunia		False	True	False	False
61002005006	purba-1	purba		False	True	False	False
61002005007	,-1	,		True	False	False	False
61002005008	tetapi-1	tetapi		False	True	False	False
61002005009	hanya-1	hanya		False	True	False	False
61002005010	menyelamatkan-1	menyelamatkan		False	True	False	False
61002005011	Nuh-1	Nuh		False	True	False	False
61002005012	,-2	,		True	False	False	False
61002005013	pemberita-1	pemberita		False	True	False	False
61002005014	kebenaran-1	kebenaran		False	True	False	False
61002005015	itu-1	itu		False	True	False	False
61002005016	,-3	,		True	False	False	False
61002005017	dengan-1	dengan		False	True	False	False
61002005018	tujuh-1	tujuh		False	True	False	False
61002005019	orang-1	orang		False	True	False	False
61002005020	lain-1	lain		False	True	False	False
61002005021	,-4	,		True	False	False	False
61002005022	ketika-1	ketika		False	True	False	False
61002005023	Ia-1	Ia		False	True	False	False
61002005024	mendatangkan-1	mendatangkan		False	True	False	False
61002005025	air-1	air		False	True	False	False
61002005026	bah-1	bah		False	True	False	False
61002005027	atas-1	atas		False	True	False	False
61002005028	dunia-2	dunia		False	True	False	False
61002005029	orang-2	orang		False	True	False	False
61002005030	--1	-		True	False	False	False
61002005031	orang-3	orang		False	True	False	False
61002005032	yang-1	yang		False	True	False	False
61002005033	fasik-1	fasik		False	True	False	False
61002005034	;-1	;		True	False	False	False
61002006001	Allah-1	Allah		False	True	False	False
61002006002	juga-1	juga		False	True	False	False
61002006003	membinasakan-1	membinasakan		False	True	False	False
61002006004	kota-1	kota		False	True	False	False
61002006005	Sodom-1	Sodom		False	True	False	False
61002006006	dan-1	dan		False	True	False	False
61002006007	Gomora-1	Gomora		False	True	False	False
61002006008	dengan-1	dengan		False	True	False	False
61002006009	api-1	api		False	True	False	False
61002006010	,-1	,		True	False	False	False
61002006011	memusnahkannya-1	memusnahkannya		False	True	False	False
61002006012	dan-2	dan		False	True	False	False
61002006013	menjadikannya-1	menjadikannya		False	True	False	False
61002006014	suatu-1	suatu		False	True	False	False
61002006015	peringatan-1	peringatan		False	True	False	False
61002006016	yang-1	yang		False	True	False	False
61002006017	akan-1	akan		False	True	False	False
61002006018	terjadi-1	terjadi		False	True	False	False
61002006019	kepada-1	kepada		False	True	False	False
61002006020	mereka-1	mereka		False	True	False	False
61002006021	yang-2	yang		False	True	False	False
61002006022	hidup-1	hidup		False	True	False	False
61002006023	fasik-1	fasik		False	True	False	False
61002006024	,-2	,		True	False	False	False
61002007001	tetapi-1	tetapi		False	True	False	False
61002007002	Ia-1	Ia		False	True	False	False
61002007003	menyelamatkan-1	menyelamatkan		False	True	False	False
61002007004	Lot-1	Lot		False	True	False	False
61002007005	,-1	,		True	False	False	False
61002007006	orang-1	orang		False	True	False	False
61002007007	yang-1	yang		False	True	False	False
61002007008	benar-1	benar		False	True	False	False
61002007009	,-2	,		True	False	False	False
61002007010	yang-2	yang		False	True	False	False
61002007011	terus-1	terus		False	True	False	False
61002007012	--1	-		True	False	False	False
61002007013	menerus-1	menerus		False	True	False	False
61002007014	menderita-1	menderita		False	True	False	False
61002007015	oleh-1	oleh		False	True	False	False
61002007016	cara-1	cara		False	True	False	False
61002007017	hidup-1	hidup		False	True	False	False
61002007018	orang-2	orang		False	True	False	False
61002007019	--2	-		True	False	False	False
61002007020	orang-3	orang		False	True	False	False
61002007021	yang-3	yang		False	True	False	False
61002007022	tak-1	tak		False	True	False	False
61002007023	mengenal-1	mengenal		False	True	False	False
61002007024	hukum-1	hukum		False	True	False	False
61002007025	dalam-1	dalam		False	True	False	False
61002007026	hawa-1	hawa		False	True	False	False
61002007027	nafsu-1	nafsu		False	True	False	False
61002007028	mereka-1	mereka		False	True	False	False
61002007029	.-1	.		True	False	False	False
61002008001	sebab-1	sebab		False	True	False	False
61002008002	orang-1	orang		False	True	False	False
61002008003	benar-1	benar		False	True	False	False
61002008004	ini-1	ini		False	True	False	False
61002008005	tinggal-1	tinggal		False	True	False	False
61002008006	di-1	di		False	True	False	False
61002008007	tengah-1	tengah		False	True	False	False
61002008008	--1	-		True	False	False	False
61002008009	tengah-2	tengah		False	True	False	False
61002008010	mereka-1	mereka		False	True	False	False
61002008011	dari-1	dari		False	True	False	False
61002008012	hari-1	hari		False	True	False	False
61002008013	ke-1	ke		False	True	False	False
61002008014	hari-2	hari		False	True	False	False
61002008015	,-1	,		True	False	False	False
61002008016	melihat-1	melihat		False	True	False	False
61002008017	dan-1	dan		False	True	False	False
61002008018	mendengar-1	mendengar		False	True	False	False
61002008019	perbuatan-1	perbuatan		False	True	False	False
61002008020	--2	-		True	False	False	False
61002008021	perbuatan-2	perbuatan		False	True	False	False
61002008022	mereka-2	mereka		False	True	False	False
61002008023	yang-1	yang		False	True	False	False
61002008024	jahat-1	jahat		False	True	False	False
61002008025	itu-1	itu		False	True	False	False
61002008026	,-2	,		True	False	False	False
61002008027	sehingga-1	sehingga		False	True	False	False
61002008028	jiwanya-1	jiwanya		False	True	False	False
61002008029	yang-2	yang		False	True	False	False
61002008030	benar-2	benar		False	True	False	False
61002008031	itu-2	itu		False	True	False	False
61002008032	tersiksa-1	tersiksa		False	True	False	False
61002009001	Jadi-1	Jadi		False	True	False	False
61002009002	,-1	,		True	False	False	False
61002009003	nyatalah-1	nyatalah		False	True	False	False
61002009004	bahwa-1	bahwa		False	True	False	False
61002009005	Tuhan-1	Tuhan		False	True	False	False
61002009006	tahu-1	tahu		False	True	False	False
61002009007	menyelamatkan-1	menyelamatkan		False	True	False	False
61002009008	orang-1	orang		False	True	False	False
61002009009	--1	-		True	False	False	False
61002009010	orang-2	orang		False	True	False	False
61002009011	saleh-1	saleh		False	True	False	False
61002009012	dari-1	dari		False	True	False	False
61002009013	pencobaan-1	pencobaan		False	True	False	False
61002009014	dan-1	dan		False	True	False	False
61002009015	menyimpan-1	menyimpan		False	True	False	False
61002009016	orang-3	orang		False	True	False	False
61002009017	--2	-		True	False	False	False
61002009018	orang-4	orang		False	True	False	False
61002009019	jahat-1	jahat		False	True	False	False
61002009020	untuk-1	untuk		False	True	False	False
61002009021	disiksa-1	disiksa		False	True	False	False
61002009022	pada-1	pada		False	True	False	False
61002009023	hari-1	hari		False	True	False	False
61002009024	penghakiman-1	penghakiman		False	True	False	False
61002009025	,-2	,		True	False	False	False
61002010001	tetapi-1	tetapi		False	True	False	False
61002010002	terutama-1	terutama		False	True	False	False
61002010003	mereka-1	mereka		False	True	False	False
61002010004	yang-1	yang		False	True	False	False
61002010005	menuruti-1	menuruti		False	True	False	False
61002010006	hawa-1	hawa		False	True	False	False
61002010007	nafsu-1	nafsu		False	True	False	False
61002010008	dagingnya-1	dagingnya		False	True	False	False
61002010009	yang-2	yang		False	True	False	False
61002010010	mencemarkan-1	mencemarkan		False	True	False	False
61002010011	diri-1	diri		False	True	False	False
61002010012	dan-1	dan		False	True	False	False
61002010013	yang-3	yang		False	True	False	False
61002010014	menghina-1	menghina		False	True	False	False
61002010015	kekuasaan-1	kekuasaan		False	True	False	False
61002010016	Allah-1	Allah		False	True	False	False
61002010017	.-1	.		True	False	False	False
61002010018	Mereka-1	Mereka		False	True	False	False
61002010019	begitu-1	begitu		False	True	False	False
61002010020	berani-1	berani		False	True	False	False
61002010021	dan-2	dan		False	True	False	False
61002010022	angkuh-1	angkuh		False	True	False	False
61002010023	,-1	,		True	False	False	False
61002010024	sehingga-1	sehingga		False	True	False	False
61002010025	tidak-1	tidak		False	True	False	False
61002010026	takut-1	takut		False	True	False	False
61002010027	untuk-1	untuk		False	True	False	False
61002010028	menghujat-1	menghujat		False	True	False	False
61002010029	mahluk-1	mahluk		False	True	False	False
61002010030	--1	-		True	False	False	False
61002010031	mahluk-2	mahluk		False	True	False	False
61002010032	yang-4	yang		False	True	False	False
61002010033	mulia-1	mulia		False	True	False	False
61002011001	sedangkan-1	sedangkan		False	True	False	False
61002011002	para-1	para		False	True	False	False
61002011003	malaikat-1	malaikat		False	True	False	False
61002011004	,-1	,		True	False	False	False
61002011005	sekalipun-1	sekalipun		False	True	False	False
61002011006	lebih-1	lebih		False	True	False	False
61002011007	besar-1	besar		False	True	False	False
61002011008	kekuatan-1	kekuatan		False	True	False	False
61002011009	dan-1	dan		False	True	False	False
61002011010	kuasanya-1	kuasanya		False	True	False	False
61002011011	,-2	,		True	False	False	False
61002011012	tidak-1	tidak		False	True	False	False
61002011013	membawa-1	membawa		False	True	False	False
61002011014	penghakiman-1	penghakiman		False	True	False	False
61002011015	yang-1	yang		False	True	False	False
61002011016	bersifat-1	bersifat		False	True	False	False
61002011017	hujatan-1	hujatan		False	True	False	False
61002011018	terhadap-1	terhadap		False	True	False	False
61002011019	mereka-1	mereka		False	True	False	False
61002011020	di-1	di		False	True	False	False
61002011021	hadapan-1	hadapan		False	True	False	False
61002011022	Tuhan-1	Tuhan		False	True	False	False
61002011023	.-1	.		True	False	False	False
61002012001	Tetapi-1	Tetapi		False	True	False	False
61002012002	orang-1	orang		False	True	False	False
61002012003	--1	-		True	False	False	False
61002012004	orang-2	orang		False	True	False	False
61002012005	ini-1	ini		False	True	False	False
61002012006	sama-1	sama		False	True	False	False
61002012007	dengan-1	dengan		False	True	False	False
61002012008	hewan-1	hewan		False	True	False	False
61002012009	yang-1	yang		False	True	False	False
61002012010	tidak-1	tidak		False	True	False	False
61002012011	berakal-1	berakal		False	True	False	False
61002012012	,-1	,		True	False	False	False
61002012013	yang-2	yang		False	True	False	False
61002012014	secara-1	secara		False	True	False	False
61002012015	alami-1	alami		False	True	False	False
61002012016	dilahirkan-1	dilahirkan		False	True	False	False
61002012017	untuk-1	untuk		False	True	False	False
61002012018	ditangkap-1	ditangkap		False	True	False	False
61002012019	dan-1	dan		False	True	False	False
61002012020	dimusnahkan-1	dimusnahkan		False	True	False	False
61002012021	.-1	.		True	False	False	False
61002012022	Mereka-1	Mereka		False	True	False	False
61002012023	memfitnah-1	memfitnah		False	True	False	False
61002012024	hal-1	hal		False	True	False	False
61002012025	--2	-		True	False	False	False
61002012026	hal-2	hal		False	True	False	False
61002012027	yang-3	yang		False	True	False	False
61002012028	tidak-2	tidak		False	True	False	False
61002012029	mereka-1	mereka		False	True	False	False
61002012030	ketahui-1	ketahui		False	True	False	False
61002012031	,-2	,		True	False	False	False
61002012032	mereka-2	mereka		False	True	False	False
61002012033	juga-1	juga		False	True	False	False
61002012034	akan-1	akan		False	True	False	False
61002012035	dihancurkan-1	dihancurkan		False	True	False	False
61002012036	dalam-1	dalam		False	True	False	False
61002012037	kebinasaan-1	kebinasaan		False	True	False	False
61002012038	mereka-3	mereka		False	True	False	False
61002012039	,-3	,		True	False	False	False
61002013001	dan-1	dan		False	True	False	False
61002013002	mengalami-1	mengalami		False	True	False	False
61002013003	nasib-1	nasib		False	True	False	False
61002013004	yang-1	yang		False	True	False	False
61002013005	buruk-1	buruk		False	True	False	False
61002013006	sebagai-1	sebagai		False	True	False	False
61002013007	upah-1	upah		False	True	False	False
61002013008	kejahatan-1	kejahatan		False	True	False	False
61002013009	mereka-1	mereka		False	True	False	False
61002013010	.-1	.		True	False	False	False
61002013011	Berfoya-1	Berfoya		False	True	False	False
61002013012	--1	-		True	False	False	False
61002013013	foya-1	foya		False	True	False	False
61002013014	pada-1	pada		False	True	False	False
61002013015	siang-1	siang		False	True	False	False
61002013016	hari-1	hari		False	True	False	False
61002013017	dianggap-1	dianggap		False	True	False	False
61002013018	sebagai-2	sebagai		False	True	False	False
61002013019	kenikmatan-1	kenikmatan		False	True	False	False
61002013020	.-2	.		True	False	False	False
61002013021	Mereka-1	Mereka		False	True	False	False
61002013022	adalah-1	adalah		False	True	False	False
61002013023	kotoran-1	kotoran		False	True	False	False
61002013024	dan-2	dan		False	True	False	False
61002013025	noda-1	noda		False	True	False	False
61002013026	,-1	,		True	False	False	False
61002013027	yang-2	yang		False	True	False	False
61002013028	bersuka-1	bersuka		False	True	False	False
61002013029	ria-1	ria		False	True	False	False
61002013030	dalam-1	dalam		False	True	False	False
61002013031	tipu-1	tipu		False	True	False	False
61002013032	daya-1	daya		False	True	False	False
61002013033	mereka-2	mereka		False	True	False	False
61002013034	ketika-1	ketika		False	True	False	False
61002013035	mereka-3	mereka		False	True	False	False
61002013036	makan-1	makan		False	True	False	False
61002013037	dan-3	dan		False	True	False	False
61002013038	minum-1	minum		False	True	False	False
61002013039	bersama-1	bersama		False	True	False	False
61002013040	kamu-1	kamu		False	True	False	False
61002013041	.-3	.		True	False	False	False
61002014001	Mereka-1	Mereka		False	True	False	False
61002014002	memiliki-1	memiliki		False	True	False	False
61002014003	mata-1	mata		False	True	False	False
61002014004	yang-1	yang		False	True	False	False
61002014005	penuh-1	penuh		False	True	False	False
61002014006	nafsu-1	nafsu		False	True	False	False
61002014007	zina-1	zina		False	True	False	False
61002014008	dan-1	dan		False	True	False	False
61002014009	tidak-1	tidak		False	True	False	False
61002014010	pernah-1	pernah		False	True	False	False
61002014011	jemu-1	jemu		False	True	False	False
61002014012	berbuat-1	berbuat		False	True	False	False
61002014013	dosa-1	dosa		False	True	False	False
61002014014	.-1	.		True	False	False	False
61002014015	Mereka-2	Mereka		False	True	False	False
61002014016	memikat-1	memikat		False	True	False	False
61002014017	jiwa-1	jiwa		False	True	False	False
61002014018	--1	-		True	False	False	False
61002014019	jiwa-2	jiwa		False	True	False	False
61002014020	yang-2	yang		False	True	False	False
61002014021	lemah-1	lemah		False	True	False	False
61002014022	.-2	.		True	False	False	False
61002014023	Mereka-3	Mereka		False	True	False	False
61002014024	memiliki-2	memiliki		False	True	False	False
61002014025	hati-1	hati		False	True	False	False
61002014026	yang-3	yang		False	True	False	False
61002014027	terlatih-1	terlatih		False	True	False	False
61002014028	dalam-1	dalam		False	True	False	False
61002014029	keserakahan-1	keserakahan		False	True	False	False
61002014030	.-3	.		True	False	False	False
61002014031	Anak-1	Anak		False	True	False	False
61002014032	--2	-		True	False	False	False
61002014033	anak-1	anak		False	True	False	False
61002014034	terkutuk-1	terkutuk		False	True	False	False
61002014035	!-1	!		True	False	False	False
61002015001	Karena-1	Karena		False	True	False	False
61002015002	meninggalkan-1	meninggalkan		False	True	False	False
61002015003	jalan-1	jalan		False	True	False	False
61002015004	yang-1	yang		False	True	False	False
61002015005	lurus-1	lurus		False	True	False	False
61002015006	,-1	,		True	False	False	False
61002015007	maka-1	maka		False	True	False	False
61002015008	tersesatlah-1	tersesatlah		False	True	False	False
61002015009	mereka-1	mereka		False	True	False	False
61002015010	,-2	,		True	False	False	False
61002015011	lalu-1	lalu		False	True	False	False
61002015012	mengikuti-1	mengikuti		False	True	False	False
61002015013	jalan-2	jalan		False	True	False	False
61002015014	Bileam-1	Bileam		False	True	False	False
61002015015	,-3	,		True	False	False	False
61002015016	anak-1	anak		False	True	False	False
61002015017	Beor-1	Beor		False	True	False	False
61002015018	,-4	,		True	False	False	False
61002015019	yang-2	yang		False	True	False	False
61002015020	suka-1	suka		False	True	False	False
61002015021	menerima-1	menerima		False	True	False	False
61002015022	upah-1	upah		False	True	False	False
61002015023	untuk-1	untuk		False	True	False	False
61002015024	perbuatan-1	perbuatan		False	True	False	False
61002015025	yang-3	yang		False	True	False	False
61002015026	jahat-1	jahat		False	True	False	False
61002015027	.-1	.		True	False	False	False
61002016001	Tetapi-1	Tetapi		False	True	False	False
61002016002	ia-1	ia		False	True	False	False
61002016003	beroleh-1	beroleh		False	True	False	False
61002016004	peringatan-1	peringatan		False	True	False	False
61002016005	keras-1	keras		False	True	False	False
61002016006	untuk-1	untuk		False	True	False	False
61002016007	kejahatannya-1	kejahatannya		False	True	False	False
61002016008	sendiri-1	sendiri		False	True	False	False
61002016009	,-1	,		True	False	False	False
61002016010	sebab-1	sebab		False	True	False	False
61002016011	seekor-1	seekor		False	True	False	False
61002016012	keledai-1	keledai		False	True	False	False
61002016013	yang-1	yang		False	True	False	False
61002016014	bisu-1	bisu		False	True	False	False
61002016015	berbicara-1	berbicara		False	True	False	False
61002016016	dengan-1	dengan		False	True	False	False
61002016017	suara-1	suara		False	True	False	False
61002016018	manusia-1	manusia		False	True	False	False
61002016019	dan-1	dan		False	True	False	False
61002016020	mencegah-1	mencegah		False	True	False	False
61002016021	kebebalan-1	kebebalan		False	True	False	False
61002016022	nabi-1	nabi		False	True	False	False
61002016023	itu-1	itu		False	True	False	False
61002016024	.-1	.		True	False	False	False
61002017001	Orang-1	Orang		False	True	False	False
61002017002	--1	-		True	False	False	False
61002017003	orang-1	orang		False	True	False	False
61002017004	ini-1	ini		False	True	False	False
61002017005	adalah-1	adalah		False	True	False	False
61002017006	seperti-1	seperti		False	True	False	False
61002017007	mata-1	mata		False	True	False	False
61002017008	air-1	air		False	True	False	False
61002017009	yang-1	yang		False	True	False	False
61002017010	kering-1	kering		False	True	False	False
61002017011	dan-1	dan		False	True	False	False
61002017012	seperti-2	seperti		False	True	False	False
61002017013	kabut-1	kabut		False	True	False	False
61002017014	yang-2	yang		False	True	False	False
61002017015	dihalaukan-1	dihalaukan		False	True	False	False
61002017016	oleh-1	oleh		False	True	False	False
61002017017	topan-1	topan		False	True	False	False
61002017018	.-1	.		True	False	False	False
61002017019	Bagi-1	Bagi		False	True	False	False
61002017020	mereka-1	mereka		False	True	False	False
61002017021	telah-1	telah		False	True	False	False
61002017022	tersedia-1	tersedia		False	True	False	False
61002017023	kegelapan-1	kegelapan		False	True	False	False
61002017024	yang-3	yang		False	True	False	False
61002017025	dahsyat-1	dahsyat		False	True	False	False
61002017026	.-2	.		True	False	False	False
61002018001	Sebab-1	Sebab		False	True	False	False
61002018002	dengan-1	dengan		False	True	False	False
61002018003	mengucapkan-1	mengucapkan		False	True	False	False
61002018004	kata-1	kata		False	True	False	False
61002018005	--1	-		True	False	False	False
61002018006	kata-2	kata		False	True	False	False
61002018007	yang-1	yang		False	True	False	False
61002018008	congkak-1	congkak		False	True	False	False
61002018009	dan-1	dan		False	True	False	False
61002018010	hampa-1	hampa		False	True	False	False
61002018011	dalam-1	dalam		False	True	False	False
61002018012	hawa-1	hawa		False	True	False	False
61002018013	nafsu-1	nafsu		False	True	False	False
61002018014	daging-1	daging		False	True	False	False
61002018015	dan-2	dan		False	True	False	False
61002018016	perbuatan-1	perbuatan		False	True	False	False
61002018017	yang-2	yang		False	True	False	False
61002018018	tidak-1	tidak		False	True	False	False
61002018019	senonoh-1	senonoh		False	True	False	False
61002018020	,-1	,		True	False	False	False
61002018021	mereka-1	mereka		False	True	False	False
61002018022	memikat-1	memikat		False	True	False	False
61002018023	orang-1	orang		False	True	False	False
61002018024	--2	-		True	False	False	False
61002018025	orang-2	orang		False	True	False	False
61002018026	yang-3	yang		False	True	False	False
61002018027	baru-1	baru		False	True	False	False
61002018028	saja-1	saja		False	True	False	False
61002018029	melepaskan-1	melepaskan		False	True	False	False
61002018030	diri-1	diri		False	True	False	False
61002018031	dari-1	dari		False	True	False	False
61002018032	mereka-2	mereka		False	True	False	False
61002018033	yang-4	yang		False	True	False	False
61002018034	hidup-1	hidup		False	True	False	False
61002018035	dalam-2	dalam		False	True	False	False
61002018036	kesesatan-1	kesesatan		False	True	False	False
61002018037	.-1	.		True	False	False	False
61002019001	Mereka-1	Mereka		False	True	False	False
61002019002	menjanjikan-1	menjanjikan		False	True	False	False
61002019003	kemerdekaan-1	kemerdekaan		False	True	False	False
61002019004	kepada-1	kepada		False	True	False	False
61002019005	orang-1	orang		False	True	False	False
61002019006	lain-1	lain		False	True	False	False
61002019007	,-1	,		True	False	False	False
61002019008	padahal-1	padahal		False	True	False	False
61002019009	mereka-1	mereka		False	True	False	False
61002019010	sendiri-1	sendiri		False	True	False	False
61002019011	adalah-1	adalah		False	True	False	False
61002019012	hamba-1	hamba		False	True	False	False
61002019013	--1	-		True	False	False	False
61002019014	hamba-2	hamba		False	True	False	False
61002019015	kebinasaan-1	kebinasaan		False	True	False	False
61002019016	,-2	,		True	False	False	False
61002019017	karena-1	karena		False	True	False	False
61002019018	siapa-1	siapa		False	True	False	False
61002019019	pun-1	pun		False	True	False	False
61002019020	yang-1	yang		False	True	False	False
61002019021	mengalahkan-1	mengalahkan		False	True	False	False
61002019022	seseorang-1	seseorang		False	True	False	False
61002019023	maka-1	maka		False	True	False	False
61002019024	ia-1	ia		False	True	False	False
61002019025	diperhamba-1	diperhamba		False	True	False	False
61002019026	oleh-1	oleh		False	True	False	False
61002019027	orang-2	orang		False	True	False	False
61002019028	tersebut-1	tersebut		False	True	False	False
61002019029	.-1	.		True	False	False	False
61002020001	Sebab-1	Sebab		False	True	False	False
61002020002	jika-1	jika		False	True	False	False
61002020003	mereka-1	mereka		False	True	False	False
61002020004	,-1	,		True	False	False	False
61002020005	oleh-1	oleh		False	True	False	False
61002020006	pengenalan-1	pengenalan		False	True	False	False
61002020007	akan-1	akan		False	True	False	False
61002020008	Tuhan-1	Tuhan		False	True	False	False
61002020009	dan-1	dan		False	True	False	False
61002020010	Juruselamat-1	Juruselamat		False	True	False	False
61002020011	kita-1	kita		False	True	False	False
61002020012	,-2	,		True	False	False	False
61002020013	Yesus-1	Yesus		False	True	False	False
61002020014	Kristus-1	Kristus		False	True	False	False
61002020015	,-3	,		True	False	False	False
61002020016	telah-1	telah		False	True	False	False
61002020017	melepaskan-1	melepaskan		False	True	False	False
61002020018	diri-1	diri		False	True	False	False
61002020019	dari-1	dari		False	True	False	False
61002020020	kecemaran-1	kecemaran		False	True	False	False
61002020021	--1	-		True	False	False	False
61002020022	kecemaran-2	kecemaran		False	True	False	False
61002020023	dunia-1	dunia		False	True	False	False
61002020024	,-4	,		True	False	False	False
61002020025	tetapi-1	tetapi		False	True	False	False
61002020026	terlibat-1	terlibat		False	True	False	False
61002020027	lagi-1	lagi		False	True	False	False
61002020028	dalam-1	dalam		False	True	False	False
61002020029	hal-1	hal		False	True	False	False
61002020030	--2	-		True	False	False	False
61002020031	hal-2	hal		False	True	False	False
61002020032	ini-1	ini		False	True	False	False
61002020033	dan-2	dan		False	True	False	False
61002020034	dikalahkan-1	dikalahkan		False	True	False	False
61002020035	,-5	,		True	False	False	False
61002020036	maka-1	maka		False	True	False	False
61002020037	bagi-1	bagi		False	True	False	False
61002020038	mereka-2	mereka		False	True	False	False
61002020039	keadaan-1	keadaan		False	True	False	False
61002020040	yang-1	yang		False	True	False	False
61002020041	terakhir-1	terakhir		False	True	False	False
61002020042	telah-2	telah		False	True	False	False
61002020043	menjadi-1	menjadi		False	True	False	False
61002020044	lebih-1	lebih		False	True	False	False
61002020045	buruk-1	buruk		False	True	False	False
61002020046	daripada-1	daripada		False	True	False	False
61002020047	yang-2	yang		False	True	False	False
61002020048	semula-1	semula		False	True	False	False
61002020049	.-1	.		True	False	False	False
61002021001	Karena-1	Karena		False	True	False	False
61002021002	lebih-1	lebih		False	True	False	False
61002021003	baik-1	baik		False	True	False	False
61002021004	bagi-1	bagi		False	True	False	False
61002021005	mereka-1	mereka		False	True	False	False
61002021006	jika-1	jika		False	True	False	False
61002021007	mereka-2	mereka		False	True	False	False
61002021008	tidak-1	tidak		False	True	False	False
61002021009	pernah-1	pernah		False	True	False	False
61002021010	mengenal-1	mengenal		False	True	False	False
61002021011	jalan-1	jalan		False	True	False	False
61002021012	kebenaran-1	kebenaran		False	True	False	False
61002021013	daripada-1	daripada		False	True	False	False
61002021014	setelah-1	setelah		False	True	False	False
61002021015	mengenalnya-1	mengenalnya		False	True	False	False
61002021016	,-1	,		True	False	False	False
61002021017	lalu-1	lalu		False	True	False	False
61002021018	dari-1	dari		False	True	False	False
61002021019	berbalik-1	berbalik		False	True	False	False
61002021020	perintah-1	perintah		False	True	False	False
61002021021	kudus-1	kudus		False	True	False	False
61002021022	yang-1	yang		False	True	False	False
61002021023	telah-1	telah		False	True	False	False
61002021024	disampaikan-1	disampaikan		False	True	False	False
61002021025	kepada-1	kepada		False	True	False	False
61002021026	mereka-3	mereka		False	True	False	False
61002021027	.-1	.		True	False	False	False
61002022001	Bagi-1	Bagi		False	True	False	False
61002022002	mereka-1	mereka		False	True	False	False
61002022003	telah-1	telah		False	True	False	False
61002022004	terjadi-1	terjadi		False	True	False	False
61002022005	apa-1	apa		False	True	False	False
61002022006	yang-1	yang		False	True	False	False
61002022007	dikatakan-1	dikatakan		False	True	False	False
61002022008	oleh-1	oleh		False	True	False	False
61002022009	peribahasa-1	peribahasa		False	True	False	False
61002022010	yang-2	yang		False	True	False	False
61002022011	benar-1	benar		False	True	False	False
61002022012	ini-1	ini		False	True	False	False
61002022013	:-1	:		True	False	False	False
61002022014	"-1	"		True	False	False	False
61002022015	Anjing-1	Anjing		False	True	False	False
61002022016	kembali-1	kembali		False	True	False	False
61002022017	lagi-1	lagi		False	True	False	False
61002022018	ke-1	ke		False	True	False	False
61002022019	muntahannya-1	muntahannya		False	True	False	False
61002022020	sendiri-1	sendiri		False	True	False	False
61002022021	,-1	,		True	False	False	False
61002022022	dan-1	dan		False	True	False	False
61002022023	babi-1	babi		False	True	False	False
61002022024	yang-3	yang		False	True	False	False
61002022025	telah-2	telah		False	True	False	False
61002022026	dimandikan-1	dimandikan		False	True	False	False
61002022027	ke-2	ke		False	True	False	False
61002022028	lumpur-1	lumpur		False	True	False	False
61002022029	kubangannya-1	kubangannya		False	True	False	False
61002022030	.-1	.		True	False	False	False
61002022031	"-2	"		True	False	False	False
61003001001	Saudara-1	Saudara		False	True	False	False
61003001002	--1	-		True	False	False	False
61003001003	saudara-1	saudara		False	True	False	False
61003001004	yang-1	yang		False	True	False	False
61003001005	terkasih-1	terkasih		False	True	False	False
61003001006	,-1	,		True	False	False	False
61003001007	ini-1	ini		False	True	False	False
61003001008	sudah-1	sudah		False	True	False	False
61003001009	surat-1	surat		False	True	False	False
61003001010	yang-2	yang		False	True	False	False
61003001011	kedua-1	kedua		False	True	False	False
61003001012	,-2	,		True	False	False	False
61003001013	yang-3	yang		False	True	False	False
61003001014	kutulis-1	kutulis		False	True	False	False
61003001015	kepadamu-1	kepadamu		False	True	False	False
61003001016	.-1	.		True	False	False	False
61003001017	Di-1	Di		False	True	False	False
61003001018	dalam-1	dalam		False	True	False	False
61003001019	kedua-2	kedua		False	True	False	False
61003001020	surat-2	surat		False	True	False	False
61003001021	itu-1	itu		False	True	False	False
61003001022	aku-1	aku		False	True	False	False
61003001023	berusaha-1	berusaha		False	True	False	False
61003001024	menghidupkan-1	menghidupkan		False	True	False	False
61003001025	pengertian-1	pengertian		False	True	False	False
61003001026	mu-1	mu		False	True	False	False
61003001027	yang-4	yang		False	True	False	False
61003001028	murni-1	murni		False	True	False	False
61003001029	dengan-1	dengan		False	True	False	False
61003001030	mengingatkan-1	mengingatkan		False	True	False	False
61003001031	kamu-1	kamu		False	True	False	False
61003001032	,-3	,		True	False	False	False
61003002001	supaya-1	supaya		False	True	False	False
61003002002	kamu-1	kamu		False	True	False	False
61003002003	mengingat-1	mengingat		False	True	False	False
61003002004	perkataan-1	perkataan		False	True	False	False
61003002005	yang-1	yang		False	True	False	False
61003002006	dahulu-1	dahulu		False	True	False	False
61003002007	telah-1	telah		False	True	False	False
61003002008	diucapkan-1	diucapkan		False	True	False	False
61003002009	oleh-1	oleh		False	True	False	False
61003002010	nabi-1	nabi		False	True	False	False
61003002011	--1	-		True	False	False	False
61003002012	nabi-2	nabi		False	True	False	False
61003002013	kudus-1	kudus		False	True	False	False
61003002014	dan-1	dan		False	True	False	False
61003002015	perintah-1	perintah		False	True	False	False
61003002016	Tuhan-1	Tuhan		False	True	False	False
61003002017	dan-2	dan		False	True	False	False
61003002018	Juruselamat-1	Juruselamat		False	True	False	False
61003002019	melalui-1	melalui		False	True	False	False
61003002020	rasul-1	rasul		False	True	False	False
61003002021	--2	-		True	False	False	False
61003002022	rasul-2	rasul		False	True	False	False
61003002023	mu-1	mu		False	True	False	False
61003002024	.-1	.		True	False	False	False
61003003001	Pertama-1	Pertama		False	True	False	False
61003003002	--1	-		True	False	False	False
61003003003	tama-1	tama		False	True	False	False
61003003004	kamu-1	kamu		False	True	False	False
61003003005	harus-1	harus		False	True	False	False
61003003006	mengetahui-1	mengetahui		False	True	False	False
61003003007	ini-1	ini		False	True	False	False
61003003008	,-1	,		True	False	False	False
61003003009	bahwa-1	bahwa		False	True	False	False
61003003010	pada-1	pada		False	True	False	False
61003003011	hari-1	hari		False	True	False	False
61003003012	--2	-		True	False	False	False
61003003013	hari-2	hari		False	True	False	False
61003003014	terakhir-1	terakhir		False	True	False	False
61003003015	pengejek-1	pengejek		False	True	False	False
61003003016	--3	-		True	False	False	False
61003003017	pengejek-2	pengejek		False	True	False	False
61003003018	akan-1	akan		False	True	False	False
61003003019	datang-1	datang		False	True	False	False
61003003020	dengan-1	dengan		False	True	False	False
61003003021	ejekan-1	ejekan		False	True	False	False
61003003022	--4	-		True	False	False	False
61003003023	ejekannya-1	ejekannya		False	True	False	False
61003003024	,-2	,		True	False	False	False
61003003025	yang-1	yang		False	True	False	False
61003003026	hidup-1	hidup		False	True	False	False
61003003027	menuruti-1	menuruti		False	True	False	False
61003003028	hawa-1	hawa		False	True	False	False
61003003029	nafsu-1	nafsu		False	True	False	False
61003003030	mereka-1	mereka		False	True	False	False
61003003031	sendiri-1	sendiri		False	True	False	False
61003003032	,-3	,		True	False	False	False
61003004001	dan-1	dan		False	True	False	False
61003004002	berkata-1	berkata		False	True	False	False
61003004003	,-1	,		True	False	False	False
61003004004	"-1	"		True	False	False	False
61003004005	Di-1	Di		False	True	False	False
61003004006	manakah-1	manakah		False	True	False	False
61003004007	janji-1	janji		False	True	False	False
61003004008	tentang-1	tentang		False	True	False	False
61003004009	kedatangan-1	kedatangan		False	True	False	False
61003004010	--1	-		True	False	False	False
61003004011	Nya-1	Nya		False	True	False	False
61003004012	?-1	?		True	False	False	False
61003004013	Sebab-1	Sebab		False	True	False	False
61003004014	sejak-1	sejak		False	True	False	False
61003004015	bapa-1	bapa		False	True	False	False
61003004016	--2	-		True	False	False	False
61003004017	bapa-2	bapa		False	True	False	False
61003004018	leluhur-1	leluhur		False	True	False	False
61003004019	meninggal-1	meninggal		False	True	False	False
61003004020	,-2	,		True	False	False	False
61003004021	segala-1	segala		False	True	False	False
61003004022	sesuatu-1	sesuatu		False	True	False	False
61003004023	terus-1	terus		False	True	False	False
61003004024	berlanjut-1	berlanjut		False	True	False	False
61003004025	sama-1	sama		False	True	False	False
61003004026	seperti-1	seperti		False	True	False	False
61003004027	sejak-2	sejak		False	True	False	False
61003004028	awal-1	awal		False	True	False	False
61003004029	penciptaan-1	penciptaan		False	True	False	False
61003004030	.-1	.		True	False	False	False
61003004031	"-2	"		True	False	False	False
61003005001	Karena-1	Karena		False	True	False	False
61003005002	mereka-1	mereka		False	True	False	False
61003005003	dengan-1	dengan		False	True	False	False
61003005004	sengaja-1	sengaja		False	True	False	False
61003005005	mengabaikan-1	mengabaikan		False	True	False	False
61003005006	fakta-1	fakta		False	True	False	False
61003005007	ini-1	ini		False	True	False	False
61003005008	,-1	,		True	False	False	False
61003005009	bahwa-1	bahwa		False	True	False	False
61003005010	oleh-1	oleh		False	True	False	False
61003005011	firman-1	firman		False	True	False	False
61003005012	Allah-1	Allah		False	True	False	False
61003005013	langit-1	langit		False	True	False	False
61003005014	telah-1	telah		False	True	False	False
61003005015	ada-1	ada		False	True	False	False
61003005016	sejak-1	sejak		False	True	False	False
61003005017	dahulu-1	dahulu		False	True	False	False
61003005018	,-2	,		True	False	False	False
61003005019	dan-1	dan		False	True	False	False
61003005020	bumi-1	bumi		False	True	False	False
61003005021	telah-2	telah		False	True	False	False
61003005022	dibentuk-1	dibentuk		False	True	False	False
61003005023	dari-1	dari		False	True	False	False
61003005024	air-1	air		False	True	False	False
61003005025	dan-2	dan		False	True	False	False
61003005026	oleh-2	oleh		False	True	False	False
61003005027	air-2	air		False	True	False	False
61003005028	,-3	,		True	False	False	False
61003006001	yang-1	yang		False	True	False	False
61003006002	melalui-1	melalui		False	True	False	False
61003006003	air-1	air		False	True	False	False
61003006004	itu-1	itu		False	True	False	False
61003006005	bumi-1	bumi		False	True	False	False
61003006006	waktu-1	waktu		False	True	False	False
61003006007	itu-2	itu		False	True	False	False
61003006008	telah-1	telah		False	True	False	False
61003006009	binasa-1	binasa		False	True	False	False
61003006010	,-1	,		True	False	False	False
61003006011	dimusnahkan-1	dimusnahkan		False	True	False	False
61003006012	oleh-1	oleh		False	True	False	False
61003006013	air-2	air		False	True	False	False
61003006014	bah-1	bah		False	True	False	False
61003006015	.-1	.		True	False	False	False
61003007001	Tetapi-1	Tetapi		False	True	False	False
61003007002	oleh-1	oleh		False	True	False	False
61003007003	firman-1	firman		False	True	False	False
61003007004	yang-1	yang		False	True	False	False
61003007005	sama-1	sama		False	True	False	False
61003007006	langit-1	langit		False	True	False	False
61003007007	dan-1	dan		False	True	False	False
61003007008	bumi-1	bumi		False	True	False	False
61003007009	yang-2	yang		False	True	False	False
61003007010	sekarang-1	sekarang		False	True	False	False
61003007011	ini-1	ini		False	True	False	False
61003007012	telah-1	telah		False	True	False	False
61003007013	disediakan-1	disediakan		False	True	False	False
61003007014	untuk-1	untuk		False	True	False	False
61003007015	api-1	api		False	True	False	False
61003007016	,-1	,		True	False	False	False
61003007017	disimpan-1	disimpan		False	True	False	False
61003007018	untuk-2	untuk		False	True	False	False
61003007019	hari-1	hari		False	True	False	False
61003007020	penghakiman-1	penghakiman		False	True	False	False
61003007021	dan-2	dan		False	True	False	False
61003007022	kebinasaan-1	kebinasaan		False	True	False	False
61003007023	orang-1	orang		False	True	False	False
61003007024	--1	-		True	False	False	False
61003007025	orang-2	orang		False	True	False	False
61003007026	fasik-1	fasik		False	True	False	False
61003007027	.-1	.		True	False	False	False
61003008001	Tetapi-1	Tetapi		False	True	False	False
61003008002	,-1	,		True	False	False	False
61003008003	saudara-1	saudara		False	True	False	False
61003008004	--1	-		True	False	False	False
61003008005	saudara-2	saudara		False	True	False	False
61003008006	yang-1	yang		False	True	False	False
61003008007	terkasih-1	terkasih		False	True	False	False
61003008008	,-2	,		True	False	False	False
61003008009	yang-2	yang		False	True	False	False
61003008010	satu-1	satu		False	True	False	False
61003008011	ini-1	ini		False	True	False	False
61003008012	tidak-1	tidak		False	True	False	False
61003008013	boleh-1	boleh		False	True	False	False
61003008014	kamu-1	kamu		False	True	False	False
61003008015	lupakan-1	lupakan		False	True	False	False
61003008016	,-3	,		True	False	False	False
61003008017	yaitu-1	yaitu		False	True	False	False
61003008018	bahwa-1	bahwa		False	True	False	False
61003008019	satu-2	satu		False	True	False	False
61003008020	hari-1	hari		False	True	False	False
61003008021	di-1	di		False	True	False	False
61003008022	hadapan-1	hadapan		False	True	False	False
61003008023	Tuhan-1	Tuhan		False	True	False	False
61003008024	sama-1	sama		False	True	False	False
61003008025	seperti-1	seperti		False	True	False	False
61003008026	seribu-1	seribu		False	True	False	False
61003008027	tahun-1	tahun		False	True	False	False
61003008028	dan-1	dan		False	True	False	False
61003008029	seribu-2	seribu		False	True	False	False
61003008030	tahun-2	tahun		False	True	False	False
61003008031	sama-2	sama		False	True	False	False
61003008032	seperti-2	seperti		False	True	False	False
61003008033	satu-3	satu		False	True	False	False
61003008034	hari-2	hari		False	True	False	False
61003008035	.-1	.		True	False	False	False
61003009001	Tuhan-1	Tuhan		False	True	False	False
61003009002	tidak-1	tidak		False	True	False	False
61003009003	lambat-1	lambat		False	True	False	False
61003009004	menepati-1	menepati		False	True	False	False
61003009005	janji-1	janji		False	True	False	False
61003009006	--1	-		True	False	False	False
61003009007	Nya-1	Nya		False	True	False	False
61003009008	,-1	,		True	False	False	False
61003009009	sekalipun-1	sekalipun		False	True	False	False
61003009010	ada-1	ada		False	True	False	False
61003009011	orang-1	orang		False	True	False	False
61003009012	yang-1	yang		False	True	False	False
61003009013	menganggapnya-1	menganggapnya		False	True	False	False
61003009014	sebagai-1	sebagai		False	True	False	False
61003009015	kelambatan-1	kelambatan		False	True	False	False
61003009016	,-2	,		True	False	False	False
61003009017	tetapi-1	tetapi		False	True	False	False
61003009018	Ia-1	Ia		False	True	False	False
61003009019	sabar-1	sabar		False	True	False	False
61003009020	terhadap-1	terhadap		False	True	False	False
61003009021	kamu-1	kamu		False	True	False	False
61003009022	,-3	,		True	False	False	False
61003009023	karena-1	karena		False	True	False	False
61003009024	Ia-2	Ia		False	True	False	False
61003009025	tidak-2	tidak		False	True	False	False
61003009026	ingin-1	ingin		False	True	False	False
61003009027	ada-2	ada		False	True	False	False
61003009028	yang-2	yang		False	True	False	False
61003009029	binasa-1	binasa		False	True	False	False
61003009030	,-4	,		True	False	False	False
61003009031	melainkan-1	melainkan		False	True	False	False
61003009032	supaya-1	supaya		False	True	False	False
61003009033	semua-1	semua		False	True	False	False
61003009034	orang-2	orang		False	True	False	False
61003009035	datang-1	datang		False	True	False	False
61003009036	kepada-1	kepada		False	True	False	False
61003009037	pertobatan-1	pertobatan		False	True	False	False
61003009038	.-1	.		True	False	False	False
61003010001	Tetapi-1	Tetapi		False	True	False	False
61003010002	hari-1	hari		False	True	False	False
61003010003	Tuhan-1	Tuhan		False	True	False	False
61003010004	akan-1	akan		False	True	False	False
61003010005	tiba-1	tiba		False	True	False	False
61003010006	seperti-1	seperti		False	True	False	False
61003010007	seorang-1	seorang		False	True	False	False
61003010008	pencuri-1	pencuri		False	True	False	False
61003010009	.-1	.		True	False	False	False
61003010010	Pada-1	Pada		False	True	False	False
61003010011	hari-2	hari		False	True	False	False
61003010012	itu-1	itu		False	True	False	False
61003010013	langit-1	langit		False	True	False	False
61003010014	akan-2	akan		False	True	False	False
61003010015	lenyap-1	lenyap		False	True	False	False
61003010016	dengan-1	dengan		False	True	False	False
61003010017	satu-1	satu		False	True	False	False
61003010018	gemuruh-1	gemuruh		False	True	False	False
61003010019	yang-1	yang		False	True	False	False
61003010020	dahsyat-1	dahsyat		False	True	False	False
61003010021	dan-1	dan		False	True	False	False
61003010022	unsur-1	unsur		False	True	False	False
61003010023	--1	-		True	False	False	False
61003010024	unsur-2	unsur		False	True	False	False
61003010025	alam-1	alam		False	True	False	False
61003010026	akan-3	akan		False	True	False	False
61003010027	dimusnahkan-1	dimusnahkan		False	True	False	False
61003010028	dalam-1	dalam		False	True	False	False
61003010029	nyala-1	nyala		False	True	False	False
61003010030	api-1	api		False	True	False	False
61003010031	,-1	,		True	False	False	False
61003010032	dan-2	dan		False	True	False	False
61003010033	bumi-1	bumi		False	True	False	False
61003010034	dan-3	dan		False	True	False	False
61003010035	segala-1	segala		False	True	False	False
61003010036	yang-2	yang		False	True	False	False
61003010037	ada-1	ada		False	True	False	False
61003010038	di-1	di		False	True	False	False
61003010039	dalamnya-1	dalamnya		False	True	False	False
61003010040	akan-4	akan		False	True	False	False
61003010041	hilang-1	hilang		False	True	False	False
61003010042	lenyap-2	lenyap		False	True	False	False
61003010043	.-2	.		True	False	False	False
61003011001	Jadi-1	Jadi		False	True	False	False
61003011002	,-1	,		True	False	False	False
61003011003	jika-1	jika		False	True	False	False
61003011004	segala-1	segala		False	True	False	False
61003011005	sesuatu-1	sesuatu		False	True	False	False
61003011006	ini-1	ini		False	True	False	False
61003011007	akan-1	akan		False	True	False	False
61003011008	musnah-1	musnah		False	True	False	False
61003011009	secara-1	secara		False	True	False	False
61003011010	demikian-1	demikian		False	True	False	False
61003011011	,-2	,		True	False	False	False
61003011012	betapa-1	betapa		False	True	False	False
61003011013	penting-1	penting		False	True	False	False
61003011014	bahwa-1	bahwa		False	True	False	False
61003011015	kamu-1	kamu		False	True	False	False
61003011016	harus-1	harus		False	True	False	False
61003011017	berperilaku-1	berperilaku		False	True	False	False
61003011018	suci-1	suci		False	True	False	False
61003011019	dan-1	dan		False	True	False	False
61003011020	saleh-1	saleh		False	True	False	False
61003011021	,-3	,		True	False	False	False
61003012001	sementara-1	sementara		False	True	False	False
61003012002	kamu-1	kamu		False	True	False	False
61003012003	menantikan-1	menantikan		False	True	False	False
61003012004	dan-1	dan		False	True	False	False
61003012005	mempercepat-1	mempercepat		False	True	False	False
61003012006	kedatangan-1	kedatangan		False	True	False	False
61003012007	hari-1	hari		False	True	False	False
61003012008	Allah-1	Allah		False	True	False	False
61003012009	.-1	.		True	False	False	False
61003012010	Pada-1	Pada		False	True	False	False
61003012011	hari-2	hari		False	True	False	False
61003012012	itu-1	itu		False	True	False	False
61003012013	langit-1	langit		False	True	False	False
61003012014	akan-1	akan		False	True	False	False
61003012015	musnah-1	musnah		False	True	False	False
61003012016	dalam-1	dalam		False	True	False	False
61003012017	api-1	api		False	True	False	False
61003012018	dan-2	dan		False	True	False	False
61003012019	unsur-1	unsur		False	True	False	False
61003012020	--1	-		True	False	False	False
61003012021	unsur-2	unsur		False	True	False	False
61003012022	alam-1	alam		False	True	False	False
61003012023	akan-2	akan		False	True	False	False
61003012024	meleleh-1	meleleh		False	True	False	False
61003012025	karena-1	karena		False	True	False	False
61003012026	nyalanya-1	nyalanya		False	True	False	False
61003012027	.-2	.		True	False	False	False
61003013001	Tetapi-1	Tetapi		False	True	False	False
61003013002	sesuai-1	sesuai		False	True	False	False
61003013003	dengan-1	dengan		False	True	False	False
61003013004	janji-1	janji		False	True	False	False
61003013005	--1	-		True	False	False	False
61003013006	Nya-1	Nya		False	True	False	False
61003013007	,-1	,		True	False	False	False
61003013008	kita-1	kita		False	True	False	False
61003013009	menantikan-1	menantikan		False	True	False	False
61003013010	langit-1	langit		False	True	False	False
61003013011	yang-1	yang		False	True	False	False
61003013012	baru-1	baru		False	True	False	False
61003013013	dan-1	dan		False	True	False	False
61003013014	bumi-1	bumi		False	True	False	False
61003013015	yang-2	yang		False	True	False	False
61003013016	baru-2	baru		False	True	False	False
61003013017	,-2	,		True	False	False	False
61003013018	yang-3	yang		False	True	False	False
61003013019	di-1	di		False	True	False	False
61003013020	dalamnya-1	dalamnya		False	True	False	False
61003013021	berdiam-1	berdiam		False	True	False	False
61003013022	kebenaran-1	kebenaran		False	True	False	False
61003013023	.-1	.		True	False	False	False
61003014001	Sebab-1	Sebab		False	True	False	False
61003014002	itu-1	itu		False	True	False	False
61003014003	,-1	,		True	False	False	False
61003014004	saudara-1	saudara		False	True	False	False
61003014005	--1	-		True	False	False	False
61003014006	saudara-2	saudara		False	True	False	False
61003014007	yang-1	yang		False	True	False	False
61003014008	terkasih-1	terkasih		False	True	False	False
61003014009	,-2	,		True	False	False	False
61003014010	sambil-1	sambil		False	True	False	False
61003014011	menantikan-1	menantikan		False	True	False	False
61003014012	semuanya-1	semuanya		False	True	False	False
61003014013	ini-1	ini		False	True	False	False
61003014014	,-3	,		True	False	False	False
61003014015	berusahalah-1	berusahalah		False	True	False	False
61003014016	dengan-1	dengan		False	True	False	False
61003014017	sungguh-1	sungguh		False	True	False	False
61003014018	--2	-		True	False	False	False
61003014019	sungguh-2	sungguh		False	True	False	False
61003014020	supaya-1	supaya		False	True	False	False
61003014021	kamu-1	kamu		False	True	False	False
61003014022	didapati-1	didapati		False	True	False	False
61003014023	tak-1	tak		False	True	False	False
61003014024	bercacat-1	bercacat		False	True	False	False
61003014025	dan-1	dan		False	True	False	False
61003014026	tak-2	tak		False	True	False	False
61003014027	bernoda-1	bernoda		False	True	False	False
61003014028	oleh-1	oleh		False	True	False	False
61003014029	--3	-		True	False	False	False
61003014030	Nya-1	Nya		False	True	False	False
61003014031	,-4	,		True	False	False	False
61003014032	dalam-1	dalam		False	True	False	False
61003014033	damai-1	damai		False	True	False	False
61003014034	dengan-2	dengan		False	True	False	False
61003014035	--4	-		True	False	False	False
61003014036	Nya-2	Nya		False	True	False	False
61003014037	.-1	.		True	False	False	False
61003015001	Anggaplah-1	Anggaplah		False	True	False	False
61003015002	kesabaran-1	kesabaran		False	True	False	False
61003015003	Tuhan-1	Tuhan		False	True	False	False
61003015004	kita-1	kita		False	True	False	False
61003015005	sebagai-1	sebagai		False	True	False	False
61003015006	kesempatan-1	kesempatan		False	True	False	False
61003015007	untuk-1	untuk		False	True	False	False
61003015008	beroleh-1	beroleh		False	True	False	False
61003015009	keselamatan-1	keselamatan		False	True	False	False
61003015010	,-1	,		True	False	False	False
61003015011	seperti-1	seperti		False	True	False	False
61003015012	juga-1	juga		False	True	False	False
61003015013	Paulus-1	Paulus		False	True	False	False
61003015014	,-2	,		True	False	False	False
61003015015	saudara-1	saudara		False	True	False	False
61003015016	kita-2	kita		False	True	False	False
61003015017	yang-1	yang		False	True	False	False
61003015018	terkasih-1	terkasih		False	True	False	False
61003015019	,-3	,		True	False	False	False
61003015020	telah-1	telah		False	True	False	False
61003015021	menulis-1	menulis		False	True	False	False
61003015022	kepadamu-1	kepadamu		False	True	False	False
61003015023	menurut-1	menurut		False	True	False	False
61003015024	hikmat-1	hikmat		False	True	False	False
61003015025	yang-2	yang		False	True	False	False
61003015026	telah-2	telah		False	True	False	False
61003015027	dikaruniakan-1	dikaruniakan		False	True	False	False
61003015028	kepadanya-1	kepadanya		False	True	False	False
61003015029	.-1	.		True	False	False	False
61003016001	Hal-1	Hal		False	True	False	False
61003016002	itu-1	itu		False	True	False	False
61003016003	dilakukannya-1	dilakukannya		False	True	False	False
61003016004	dalam-1	dalam		False	True	False	False
61003016005	semua-1	semua		False	True	False	False
61003016006	suratnya-1	suratnya		False	True	False	False
61003016007	,-1	,		True	False	False	False
61003016008	apabila-1	apabila		False	True	False	False
61003016009	ia-1	ia		False	True	False	False
61003016010	berbicara-1	berbicara		False	True	False	False
61003016011	di-1	di		False	True	False	False
61003016012	dalamnya-1	dalamnya		False	True	False	False
61003016013	tentang-1	tentang		False	True	False	False
61003016014	hal-1	hal		False	True	False	False
61003016015	--1	-		True	False	False	False
61003016016	hal-2	hal		False	True	False	False
61003016017	ini-1	ini		False	True	False	False
61003016018	.-1	.		True	False	False	False
61003016019	Dalam-1	Dalam		False	True	False	False
61003016020	surat-1	surat		False	True	False	False
61003016021	--2	-		True	False	False	False
61003016022	suratnya-2	suratnya		False	True	False	False
61003016023	itu-2	itu		False	True	False	False
61003016024	ada-1	ada		False	True	False	False
61003016025	hal-3	hal		False	True	False	False
61003016026	--3	-		True	False	False	False
61003016027	hal-4	hal		False	True	False	False
61003016028	yang-1	yang		False	True	False	False
61003016029	sukar-1	sukar		False	True	False	False
61003016030	dipahami-1	dipahami		False	True	False	False
61003016031	,-2	,		True	False	False	False
61003016032	sehingga-1	sehingga		False	True	False	False
61003016033	orang-1	orang		False	True	False	False
61003016034	--4	-		True	False	False	False
61003016035	orang-2	orang		False	True	False	False
61003016036	yang-2	yang		False	True	False	False
61003016037	tidak-1	tidak		False	True	False	False
61003016038	memahaminya-1	memahaminya		False	True	False	False
61003016039	dan-1	dan		False	True	False	False
61003016040	yang-3	yang		False	True	False	False
61003016041	tidak-2	tidak		False	True	False	False
61003016042	stabil-1	stabil		False	True	False	False
61003016043	memutarbalikkannya-1	memutarbalikkannya		False	True	False	False
61003016044	menuju-1	menuju		False	True	False	False
61003016045	kebinasaan-1	kebinasaan		False	True	False	False
61003016046	mereka-1	mereka		False	True	False	False
61003016047	sendiri-1	sendiri		False	True	False	False
61003016048	,-3	,		True	False	False	False
61003016049	sama-1	sama		False	True	False	False
61003016050	seperti-1	seperti		False	True	False	False
61003016051	yang-4	yang		False	True	False	False
61003016052	juga-1	juga		False	True	False	False
61003016053	mereka-2	mereka		False	True	False	False
61003016054	lakukan-1	lakukan		False	True	False	False
61003016055	dengan-1	dengan		False	True	False	False
61003016056	tulisan-1	tulisan		False	True	False	False
61003016057	--5	-		True	False	False	False
61003016058	tulisan-2	tulisan		False	True	False	False
61003016059	yang-5	yang		False	True	False	False
61003016060	lain-1	lain		False	True	False	False
61003016061	.-2	.		True	False	False	False
61003017001	Karena-1	Karena		False	True	False	False
61003017002	itu-1	itu		False	True	False	False
61003017003	kamu-1	kamu		False	True	False	False
61003017004	,-1	,		True	False	False	False
61003017005	saudara-1	saudara		False	True	False	False
61003017006	--1	-		True	False	False	False
61003017007	saudara-2	saudara		False	True	False	False
61003017008	yang-1	yang		False	True	False	False
61003017009	terkasih-1	terkasih		False	True	False	False
61003017010	,-2	,		True	False	False	False
61003017011	karena-1	karena		False	True	False	False
61003017012	kamu-2	kamu		False	True	False	False
61003017013	telah-1	telah		False	True	False	False
61003017014	mengetahui-1	mengetahui		False	True	False	False
61003017015	hal-1	hal		False	True	False	False
61003017016	ini-1	ini		False	True	False	False
61003017017	sebelumnya-1	sebelumnya		False	True	False	False
61003017018	,-3	,		True	False	False	False
61003017019	waspadalah-1	waspadalah		False	True	False	False
61003017020	supaya-1	supaya		False	True	False	False
61003017021	kamu-3	kamu		False	True	False	False
61003017022	jangan-1	jangan		False	True	False	False
61003017023	kehilangan-1	kehilangan		False	True	False	False
61003017024	keteguhan-1	keteguhan		False	True	False	False
61003017025	hatimu-1	hatimu		False	True	False	False
61003017026	karena-2	karena		False	True	False	False
61003017027	terseret-1	terseret		False	True	False	False
61003017028	ke-1	ke		False	True	False	False
61003017029	dalam-1	dalam		False	True	False	False
61003017030	kesesatan-1	kesesatan		False	True	False	False
61003017031	orang-1	orang		False	True	False	False
61003017032	--2	-		True	False	False	False
61003017033	orang-2	orang		False	True	False	False
61003017034	yang-2	yang		False	True	False	False
61003017035	tak-1	tak		False	True	False	False
61003017036	mengenal-1	mengenal		False	True	False	False
61003017037	hukum-1	hukum		False	True	False	False
61003017038	.-1	.		True	False	False	False
61003018001	Tetapi-1	Tetapi		False	True	False	False
61003018002	bertumbuhlah-1	bertumbuhlah		False	True	False	False
61003018003	dalam-1	dalam		False	True	False	False
61003018004	anugerah-1	anugerah		False	True	False	False
61003018005	dan-1	dan		False	True	False	False
61003018006	pengenalan-1	pengenalan		False	True	False	False
61003018007	akan-1	akan		False	True	False	False
61003018008	Tuhan-1	Tuhan		False	True	False	False
61003018009	dan-2	dan		False	True	False	False
61003018010	Juruselamat-1	Juruselamat		False	True	False	False
61003018011	kita-1	kita		False	True	False	False
61003018012	Yesus-1	Yesus		False	True	False	False
61003018013	Kristus-1	Kristus		False	True	False	False
61003018014	.-1	.		True	False	False	False
61003018015	Bagi-1	Bagi		False	True	False	False
61003018016	--1	-		True	False	False	False
61003018017	Nya-1	Nya		False	True	False	False
61003018018	kemuliaan-1	kemuliaan		False	True	False	False
61003018019	,-1	,		True	False	False	False
61003018020	sekarang-1	sekarang		False	True	False	False
61003018021	dan-3	dan		False	True	False	False
61003018022	sampai-1	sampai		False	True	False	False
61003018023	selama-1	selama		False	True	False	False
61003018024	--2	-		True	False	False	False
61003018025	lamanya-1	lamanya		False	True	False	False
61003018026	.-2	.		True	False	False	False
61003018027	Amin-1	Amin		False	True	False	False
61003018028	!-1	!		True	False	False	False
64001001001	Dari-1	Dari		False	True	False	False
64001001002	penatua-1	penatua		False	True	False	False
64001001003	kepada-1	kepada		False	True	False	False
64001001004	Gayus-1	Gayus		False	True	False	False
64001001005	yang-1	yang		False	True	False	False
64001001006	terkasih-1	terkasih		False	True	False	False
64001001007	,-1	,		True	False	False	False
64001001008	yang-2	yang		False	True	False	False
64001001009	kukasihi-1	kukasihi		False	True	False	False
64001001010	dalam-1	dalam		False	True	False	False
64001001011	kebenaran-1	kebenaran		False	True	False	False
64001001012	.-1	.		True	False	False	False
64001002001	Saudaraku-1	Saudaraku		False	True	False	False
64001002002	yang-1	yang		False	True	False	False
64001002003	terkasih-1	terkasih		False	True	False	False
64001002004	,-1	,		True	False	False	False
64001002005	aku-1	aku		False	True	False	False
64001002006	berdoa-1	berdoa		False	True	False	False
64001002007	supaya-1	supaya		False	True	False	False
64001002008	engkau-1	engkau		False	True	False	False
64001002009	menjadi-1	menjadi		False	True	False	False
64001002010	baik-1	baik		False	True	False	False
64001002011	--1	-		True	False	False	False
64001002012	baik-2	baik		False	True	False	False
64001002013	saja-1	saja		False	True	False	False
64001002014	dalam-1	dalam		False	True	False	False
64001002015	segala-1	segala		False	True	False	False
64001002016	hal-1	hal		False	True	False	False
64001002017	dan-1	dan		False	True	False	False
64001002018	sehat-1	sehat		False	True	False	False
64001002019	,-2	,		True	False	False	False
64001002020	sebagaimana-1	sebagaimana		False	True	False	False
64001002021	jiwa-1	jiwa		False	True	False	False
64001002022	--2	-		True	False	False	False
64001002023	mu-1	mu		False	True	False	False
64001002024	dalam-2	dalam		False	True	False	False
64001002025	keadaan-1	keadaan		False	True	False	False
64001002026	baik-3	baik		False	True	False	False
64001002027	.-1	.		True	False	False	False
64001003001	Karena-1	Karena		False	True	False	False
64001003002	aku-1	aku		False	True	False	False
64001003003	sangat-1	sangat		False	True	False	False
64001003004	bersukacita-1	bersukacita		False	True	False	False
64001003005	ketika-1	ketika		False	True	False	False
64001003006	saudara-1	saudara		False	True	False	False
64001003007	--1	-		True	False	False	False
64001003008	saudara-2	saudara		False	True	False	False
64001003009	datang-1	datang		False	True	False	False
64001003010	dan-1	dan		False	True	False	False
64001003011	memberi-1	memberi		False	True	False	False
64001003012	kesaksian-1	kesaksian		False	True	False	False
64001003013	tentang-1	tentang		False	True	False	False
64001003014	kebenaranmu-1	kebenaranmu		False	True	False	False
64001003015	,-1	,		True	False	False	False
64001003016	sebagaimana-1	sebagaimana		False	True	False	False
64001003017	engkau-1	engkau		False	True	False	False
64001003018	berjalan-1	berjalan		False	True	False	False
64001003019	dalam-1	dalam		False	True	False	False
64001003020	kebenaran-1	kebenaran		False	True	False	False
64001003021	.-1	.		True	False	False	False
64001004001	Aku-1	Aku		False	True	False	False
64001004002	tidak-1	tidak		False	True	False	False
64001004003	memiliki-1	memiliki		False	True	False	False
64001004004	sukacita-1	sukacita		False	True	False	False
64001004005	yang-1	yang		False	True	False	False
64001004006	lebih-1	lebih		False	True	False	False
64001004007	besar-1	besar		False	True	False	False
64001004008	dari-1	dari		False	True	False	False
64001004009	hal-1	hal		False	True	False	False
64001004010	--1	-		True	False	False	False
64001004011	hal-2	hal		False	True	False	False
64001004012	ini-1	ini		False	True	False	False
64001004013	,-1	,		True	False	False	False
64001004014	bahwa-1	bahwa		False	True	False	False
64001004015	aku-1	aku		False	True	False	False
64001004016	mendengar-1	mendengar		False	True	False	False
64001004017	anak-1	anak		False	True	False	False
64001004018	--2	-		True	False	False	False
64001004019	anak-2	anak		False	True	False	False
64001004020	ku-1	ku		False	True	False	False
64001004021	berjalan-1	berjalan		False	True	False	False
64001004022	dalam-1	dalam		False	True	False	False
64001004023	kebenaran-1	kebenaran		False	True	False	False
64001004024	.-1	.		True	False	False	False
64001005001	Saudaraku-1	Saudaraku		False	True	False	False
64001005002	yang-1	yang		False	True	False	False
64001005003	terkasih-1	terkasih		False	True	False	False
64001005004	,-1	,		True	False	False	False
64001005005	engkau-1	engkau		False	True	False	False
64001005006	berlaku-1	berlaku		False	True	False	False
64001005007	setia-1	setia		False	True	False	False
64001005008	,-2	,		True	False	False	False
64001005009	setiap-1	setiap		False	True	False	False
64001005010	kali-1	kali		False	True	False	False
64001005011	engkau-2	engkau		False	True	False	False
64001005012	bekerja-1	bekerja		False	True	False	False
64001005013	untuk-1	untuk		False	True	False	False
64001005014	saudara-1	saudara		False	True	False	False
64001005015	--1	-		True	False	False	False
64001005016	saudara-2	saudara		False	True	False	False
64001005017	dan-1	dan		False	True	False	False
64001005018	untuk-2	untuk		False	True	False	False
64001005019	orang-1	orang		False	True	False	False
64001005020	--2	-		True	False	False	False
64001005021	orang-2	orang		False	True	False	False
64001005022	asing-1	asing		False	True	False	False
64001005023	ini-1	ini		False	True	False	False
64001005024	,-3	,		True	False	False	False
64001006001	mereka-1	mereka		False	True	False	False
64001006002	telah-1	telah		False	True	False	False
64001006003	bersaksi-1	bersaksi		False	True	False	False
64001006004	tentang-1	tentang		False	True	False	False
64001006005	kasih-1	kasih		False	True	False	False
64001006006	mu-1	mu		False	True	False	False
64001006007	di-1	di		False	True	False	False
64001006008	hadapan-1	hadapan		False	True	False	False
64001006009	jemaat-1	jemaat		False	True	False	False
64001006010	.-1	.		True	False	False	False
64001006011	Engkau-1	Engkau		False	True	False	False
64001006012	akan-1	akan		False	True	False	False
64001006013	berbuat-1	berbuat		False	True	False	False
64001006014	baik-1	baik		False	True	False	False
64001006015	dengan-1	dengan		False	True	False	False
64001006016	mengutus-1	mengutus		False	True	False	False
64001006017	mereka-2	mereka		False	True	False	False
64001006018	{-1	{		True	False	False	False
64001006019	dalam-1	dalam		False	True	False	False
64001006020	perjalanan-1	perjalanan		False	True	False	False
64001006021	mereka-3	mereka		False	True	False	False
64001006022	}-1	}		True	False	False	False
64001006023	dengan-2	dengan		False	True	False	False
64001006024	cara-1	cara		False	True	False	False
64001006025	yang-1	yang		False	True	False	False
64001006026	berkenan-1	berkenan		False	True	False	False
64001006027	kepada-1	kepada		False	True	False	False
64001006028	Allah-1	Allah		False	True	False	False
64001006029	,-1	,		True	False	False	False
64001007001	karena-1	karena		False	True	False	False
64001007002	demi-1	demi		False	True	False	False
64001007003	Nama-1	Nama		False	True	False	False
64001007004	itu-1	itu		False	True	False	False
64001007005	mereka-1	mereka		False	True	False	False
64001007006	telah-1	telah		False	True	False	False
64001007007	pergi-1	pergi		False	True	False	False
64001007008	,-1	,		True	False	False	False
64001007009	dengan-1	dengan		False	True	False	False
64001007010	tidak-1	tidak		False	True	False	False
64001007011	menerima-1	menerima		False	True	False	False
64001007012	sesuatu-1	sesuatu		False	True	False	False
64001007013	dari-1	dari		False	True	False	False
64001007014	orang-1	orang		False	True	False	False
64001007015	--1	-		True	False	False	False
64001007016	orang-2	orang		False	True	False	False
64001007017	bukan-1	bukan		False	True	False	False
64001007018	Yahudi-1	Yahudi		False	True	False	False
64001007019	.-1	.		True	False	False	False
64001008001	Dengan-1	Dengan		False	True	False	False
64001008002	demikian-1	demikian		False	True	False	False
64001008003	kita-1	kita		False	True	False	False
64001008004	wajib-1	wajib		False	True	False	False
64001008005	menerima-1	menerima		False	True	False	False
64001008006	orang-1	orang		False	True	False	False
64001008007	--1	-		True	False	False	False
64001008008	orang-2	orang		False	True	False	False
64001008009	seperti-1	seperti		False	True	False	False
64001008010	ini-1	ini		False	True	False	False
64001008011	,-1	,		True	False	False	False
64001008012	sehingga-1	sehingga		False	True	False	False
64001008013	kita-2	kita		False	True	False	False
64001008014	dapat-1	dapat		False	True	False	False
64001008015	menjadi-1	menjadi		False	True	False	False
64001008016	rekan-1	rekan		False	True	False	False
64001008017	--2	-		True	False	False	False
64001008018	rekan-2	rekan		False	True	False	False
64001008019	sekerja-1	sekerja		False	True	False	False
64001008020	bagi-1	bagi		False	True	False	False
64001008021	kebenaran-1	kebenaran		False	True	False	False
64001008022	.-1	.		True	False	False	False
64001009001	Aku-1	Aku		False	True	False	False
64001009002	telah-1	telah		False	True	False	False
64001009003	menulis-1	menulis		False	True	False	False
64001009004	sesuatu-1	sesuatu		False	True	False	False
64001009005	kepada-1	kepada		False	True	False	False
64001009006	jemaat-1	jemaat		False	True	False	False
64001009007	,-1	,		True	False	False	False
64001009008	tetapi-1	tetapi		False	True	False	False
64001009009	Diotrefes-1	Diotrefes		False	True	False	False
64001009010	,-2	,		True	False	False	False
64001009011	yang-1	yang		False	True	False	False
64001009012	suka-1	suka		False	True	False	False
64001009013	menganggap-1	menganggap		False	True	False	False
64001009014	dirinya-1	dirinya		False	True	False	False
64001009015	sebagai-1	sebagai		False	True	False	False
64001009016	yang-2	yang		False	True	False	False
64001009017	utama-1	utama		False	True	False	False
64001009018	diantara-1	diantara		False	True	False	False
64001009019	mereka-1	mereka		False	True	False	False
64001009020	,-3	,		True	False	False	False
64001009021	tidak-1	tidak		False	True	False	False
64001009022	menerima-1	menerima		False	True	False	False
64001009023	kami-1	kami		False	True	False	False
64001009024	.-1	.		True	False	False	False
64001010001	Dengan-1	Dengan		False	True	False	False
64001010002	demikian-1	demikian		False	True	False	False
64001010003	,-1	,		True	False	False	False
64001010004	jika-1	jika		False	True	False	False
64001010005	aku-1	aku		False	True	False	False
64001010006	datang-1	datang		False	True	False	False
64001010007	,-2	,		True	False	False	False
64001010008	aku-2	aku		False	True	False	False
64001010009	akan-1	akan		False	True	False	False
64001010010	ingat-1	ingat		False	True	False	False
64001010011	perbuatan-1	perbuatan		False	True	False	False
64001010012	--1	-		True	False	False	False
64001010013	perbuatan-2	perbuatan		False	True	False	False
64001010014	nya-1	nya		False	True	False	False
64001010015	yang-1	yang		False	True	False	False
64001010016	dia-1	dia		False	True	False	False
64001010017	lakukan-1	lakukan		False	True	False	False
64001010018	,-3	,		True	False	False	False
64001010019	bagaimana-1	bagaimana		False	True	False	False
64001010020	ia-1	ia		False	True	False	False
64001010021	menuduh-1	menuduh		False	True	False	False
64001010022	kami-1	kami		False	True	False	False
64001010023	dengan-1	dengan		False	True	False	False
64001010024	kata-1	kata		False	True	False	False
64001010025	--2	-		True	False	False	False
64001010026	kata-2	kata		False	True	False	False
64001010027	yang-2	yang		False	True	False	False
64001010028	jahat-1	jahat		False	True	False	False
64001010029	.-1	.		True	False	False	False
64001010030	Dan-1	Dan		False	True	False	False
64001010031	tidak-1	tidak		False	True	False	False
64001010032	puas-1	puas		False	True	False	False
64001010033	dengan-2	dengan		False	True	False	False
64001010034	perbuatan-3	perbuatan		False	True	False	False
64001010035	--3	-		True	False	False	False
64001010036	perbuatan-4	perbuatan		False	True	False	False
64001010037	ini-1	ini		False	True	False	False
64001010038	,-4	,		True	False	False	False
64001010039	ia-2	ia		False	True	False	False
64001010040	sendiri-1	sendiri		False	True	False	False
64001010041	tidak-2	tidak		False	True	False	False
64001010042	mau-1	mau		False	True	False	False
64001010043	menerima-1	menerima		False	True	False	False
64001010044	saudara-1	saudara		False	True	False	False
64001010045	--4	-		True	False	False	False
64001010046	saudara-2	saudara		False	True	False	False
64001010047	,-5	,		True	False	False	False
64001010048	dan-1	dan		False	True	False	False
64001010049	melarang-1	melarang		False	True	False	False
64001010050	mereka-1	mereka		False	True	False	False
64001010051	yang-3	yang		False	True	False	False
64001010052	mempunyai-1	mempunyai		False	True	False	False
64001010053	kerinduan-1	kerinduan		False	True	False	False
64001010054	serta-1	serta		False	True	False	False
64001010055	mengucilkan-1	mengucilkan		False	True	False	False
64001010056	{-1	{		True	False	False	False
64001010057	mereka-2	mereka		False	True	False	False
64001010058	}-1	}		True	False	False	False
64001010059	dari-1	dari		False	True	False	False
64001010060	jemaat-1	jemaat		False	True	False	False
64001010061	.-2	.		True	False	False	False
64001011001	Saudara-1	Saudara		False	True	False	False
64001011002	--1	-		True	False	False	False
64001011003	saudara-1	saudara		False	True	False	False
64001011004	yang-1	yang		False	True	False	False
64001011005	terkasih-1	terkasih		False	True	False	False
64001011006	,-1	,		True	False	False	False
64001011007	janganlah-1	janganlah		False	True	False	False
64001011008	meniru-1	meniru		False	True	False	False
64001011009	apa-1	apa		False	True	False	False
64001011010	yang-2	yang		False	True	False	False
64001011011	jahat-1	jahat		False	True	False	False
64001011012	tetapi-1	tetapi		False	True	False	False
64001011013	apa-2	apa		False	True	False	False
64001011014	yang-3	yang		False	True	False	False
64001011015	baik-1	baik		False	True	False	False
64001011016	.-1	.		True	False	False	False
64001011017	Siapa-1	Siapa		False	True	False	False
64001011018	yang-4	yang		False	True	False	False
64001011019	melakukan-1	melakukan		False	True	False	False
64001011020	kebaikan-1	kebaikan		False	True	False	False
64001011021	adalah-1	adalah		False	True	False	False
64001011022	berasal-1	berasal		False	True	False	False
64001011023	dari-1	dari		False	True	False	False
64001011024	Allah-1	Allah		False	True	False	False
64001011025	;-1	;		True	False	False	False
64001011026	dia-1	dia		False	True	False	False
64001011027	yang-5	yang		False	True	False	False
64001011028	berbuat-1	berbuat		False	True	False	False
64001011029	jahat-2	jahat		False	True	False	False
64001011030	tidak-1	tidak		False	True	False	False
64001011031	melihat-1	melihat		False	True	False	False
64001011032	Allah-2	Allah		False	True	False	False
64001011033	.-2	.		True	False	False	False
64001012001	Demetrius-1	Demetrius		False	True	False	False
64001012002	telah-1	telah		False	True	False	False
64001012003	diberi-1	diberi		False	True	False	False
64001012004	kesaksian-1	kesaksian		False	True	False	False
64001012005	oleh-1	oleh		False	True	False	False
64001012006	semua-1	semua		False	True	False	False
64001012007	orang-1	orang		False	True	False	False
64001012008	dan-1	dan		False	True	False	False
64001012009	oleh-2	oleh		False	True	False	False
64001012010	kebenaran-1	kebenaran		False	True	False	False
64001012011	itu-1	itu		False	True	False	False
64001012012	sendiri-1	sendiri		False	True	False	False
64001012013	.-1	.		True	False	False	False
64001012014	Dan-1	Dan		False	True	False	False
64001012015	kami-1	kami		False	True	False	False
64001012016	juga-1	juga		False	True	False	False
64001012017	memberi-1	memberi		False	True	False	False
64001012018	kesaksian-2	kesaksian		False	True	False	False
64001012019	,-1	,		True	False	False	False
64001012020	dan-2	dan		False	True	False	False
64001012021	engkau-1	engkau		False	True	False	False
64001012022	tahu-1	tahu		False	True	False	False
64001012023	bahwa-1	bahwa		False	True	False	False
64001012024	kesaksian-3	kesaksian		False	True	False	False
64001012025	kami-2	kami		False	True	False	False
64001012026	itu-2	itu		False	True	False	False
64001012027	adalah-1	adalah		False	True	False	False
64001012028	benar-1	benar		False	True	False	False
64001012029	.-2	.		True	False	False	False
64001013001	Aku-1	Aku		False	True	False	False
64001013002	mempunyai-1	mempunyai		False	True	False	False
64001013003	banyak-1	banyak		False	True	False	False
64001013004	hal-1	hal		False	True	False	False
64001013005	untuk-1	untuk		False	True	False	False
64001013006	menulis-1	menulis		False	True	False	False
64001013007	kepada-1	kepada		False	True	False	False
64001013008	engkau-1	engkau		False	True	False	False
64001013009	,-1	,		True	False	False	False
64001013010	tetapi-1	tetapi		False	True	False	False
64001013011	aku-1	aku		False	True	False	False
64001013012	tidak-1	tidak		False	True	False	False
64001013013	mau-1	mau		False	True	False	False
64001013014	menulis-2	menulis		False	True	False	False
64001013015	kepada-2	kepada		False	True	False	False
64001013016	engkau-2	engkau		False	True	False	False
64001013017	dengan-1	dengan		False	True	False	False
64001013018	tinta-1	tinta		False	True	False	False
64001013019	dan-1	dan		False	True	False	False
64001013020	pena-1	pena		False	True	False	False
64001013021	.-1	.		True	False	False	False
64001014001	Tetapi-1	Tetapi		False	True	False	False
64001014002	aku-1	aku		False	True	False	False
64001014003	berharap-1	berharap		False	True	False	False
64001014004	untuk-1	untuk		False	True	False	False
64001014005	segera-1	segera		False	True	False	False
64001014006	melihat-1	melihat		False	True	False	False
64001014007	engkau-1	engkau		False	True	False	False
64001014008	,-1	,		True	False	False	False
64001014009	dan-1	dan		False	True	False	False
64001014010	kita-1	kita		False	True	False	False
64001014011	akan-1	akan		False	True	False	False
64001014012	berbicara-1	berbicara		False	True	False	False
64001014013	mulut-1	mulut		False	True	False	False
64001014014	ke-1	ke		False	True	False	False
64001014015	mulut-2	mulut		False	True	False	False
64001014016	.-1	.		True	False	False	False
64001015001	Damai-1	Damai		False	True	False	False
64001015002	sejahtera-1	sejahtera		False	True	False	False
64001015003	bagi-1	bagi		False	True	False	False
64001015004	engkau-1	engkau		False	True	False	False
64001015005	.-1	.		True	False	False	False
64001015006	Rekan-1	Rekan		False	True	False	False
64001015007	--1	-		True	False	False	False
64001015008	rekan-1	rekan		False	True	False	False
64001015009	mengirim-1	mengirim		False	True	False	False
64001015010	salam-1	salam		False	True	False	False
64001015011	kepadamu-1	kepadamu		False	True	False	False
64001015012	.-2	.		True	False	False	False
64001015013	Sampaikan-1	Sampaikan		False	True	False	False
64001015014	salam-2	salam		False	True	False	False
64001015015	untuk-1	untuk		False	True	False	False
64001015016	rekan-2	rekan		False	True	False	False
64001015017	--2	-		True	False	False	False
64001015018	rekan-3	rekan		False	True	False	False
64001015019	dengan-1	dengan		False	True	False	False
64001015020	nama-1	nama		False	True	False	False
64001015021	.-3	.		True	False	False	False
